Timestamp,User Count,Type,Name,Requests/s,Failures/s,50%,66%,75%,80%,90%,95%,98%,99%,99.9%,99.99%,100%,Total Request Count,Total Failure Count,Total Median Response Time,Total Average Response Time,Total Min Response Time,Total Max Response Time,Total Average Content Size
1790299071,0,,Aggregated,0.000000,0.000000,N/A,N/A,N/A,N/A,N/A,N/A,N/A,N/A,N/A,N/A,N/A,0,0,0,0.0,0,0,0
1790299072,20,,Aggregated,0.000000,0.000000,N/A,N/A,N/A,N/A,N/A,N/A,N/A,N/A,N/A,N/A,N/A,0,0,0,0.0,0,0,0
1790299073,40,,Aggregated,0.000000,0.000000,N/A,N/A,N/A,N/A,N/A,N/A,N/A,N/A,N/A,N/A,N/A,0,0,0,0.0,0,0,0
1790299074,40,,Aggregated,0.000000,0.000000,N/A,N/A,N/A,N/A,N/A,N/A,N/A,N/A,N/A,N/A,N/A,0,0,0,0.0,0,0,0
1790299075,40,,Aggregated,0.000000,0.000000,N/A,N/A,N/A,N/A,N/A,N/A,N/A,N/A,N/A,N/A,N/A,0,0,0,0.0,0,0,0
1790299076,40,,Aggregated,0.000000,0.000000,N/A,N/A,N/A,N/A,N/A,N/A,N/A,N/A,N/A,N/A,N/A,0,0,0,0.0,0,0,0
1790299077,40,,Aggregated,0.000000,0.000000,N/A,N/A,N/A,N/A,N/A,N/A,N/A,N/A,N/A,N/A,N/A,0,0,0,0.0,0,0,0
1790299078,40,,Aggregated,0.000000,0.000000,N/A,N/A,N/A,N/A,N/A,N/A,N/A,N/A,N/A,N/A,N/A,0,0,0,0.0,0,0,0
1790299079,40,,Aggregated,0.000000,0.000000,N/A,N/A,N/A,N/A,N/A,N/A,N/A,N/A,N/A,N/A,N/A,0,0,0,0.0,0,0,0
1790299080,40,,Aggregated,0.000000,0.000000,N/A,N/A,N/A,N/A,N/A,N/A,N/A,N/A,N/A,N/A,N/A,0,0,0,0.0,0,0,0
1790299081,40,,Aggregated,0.000000,0.000000,N/A,N/A,N/A,N/A,N/A,N/A,N/A,N/A,N/A,N/A,N/A,0,0,0,0.0,0,0,0
1790299082,40,,Aggregated,0.000000,0.000000,N/A,N/A,N/A,N/A,N/A,N/A,N/A,N/A,N/A,N/A,N/A,0,0,0,0.0,0,0,0
1790299083,40,,Aggregated,0.000000,0.000000,N/A,N/A,N/A,N/A,N/A,N/A,N/A,N/A,N/A,N/A,N/A,0,0,0,0.0,0,0,0
1790299084,40,,Aggregated,0.000000,0.000000,N/A,N/A,N/A,N/A,N/A,N/A,N/A,N/A,N/A,N/A,N/A,0,0,0,0.0,0,0,0
1790299085,40,,Aggregated,0.000000,0.000000,N/A,N/A,N/A,N/A,N/A,N/A,N/A,N/A,N/A,N/A,N/A,0,0,0,0.0,0,0,0
1790299086,40,,Aggregated,0.000000,0.000000,N/A,N/A,N/A,N/A,N/A,N/A,N/A,N/A,N/A,N/A,N/A,0,0,0,0.0,0,0,0
1790299087,40,,Aggregated,0.000000,0.000000,N/A,N/A,N/A,N/A,N/A,N/A,N/A,N/A,N/A,N/A,N/A,0,0,0,0.0,0,0,0
1790299088,40,,Aggregated,0.000000,0.000000,N/A,N/A,N/A,N/A,N/A,N/A,N/A,N/A,N/A,N/A,N/A,0,0,0,0.0,0,0,0
1790299089,40,,Aggregated,0.000000,0.000000,N/A,N/A,N/A,N/A,N/A,N/A,N/A,N/A,N/A,N/A,N/A,0,0,0,0.0,0,0,0
1790299090,40,,Aggregated,0.000000,0.000000,N/A,N/A,N/A,N/A,N/A,N/A,N/A,N/A,N/A,N/A,N/A,0,0,0,0.0,0,0,0
1790299091,40,,Aggregated,0.000000,0.000000,N/A,N/A,N/A,N/A,N/A,N/A,N/A,N/A,N/A,N/A,N/A,0,0,0,0.0,0,0,0
1790299092,40,,Aggregated,0.000000,0.000000,N/A,N/A,N/A,N/A,N/A,N/A,N/A,N/A,N/A,N/A,N/A,0,0,0,0.0,0,0,0
1790299093,40,,Aggregated,0.000000,0.000000,N/A,N/A,N/A,N/A,N/A,N/A,N/A,N/A,N/A,N/A,N/A,0,0,0,0.0,0,0,0
1790299094,40,,Aggregated,0.000000,0.000000,N/A,N/A,N/A,N/A,N/A,N/A,N/A,N/A,N/A,N/A,N/A,0,0,0,0.0,0,0,0
1790299095,40,,Aggregated,0.000000,0.000000,N/A,N/A,N/A,N/A,N/A,N/A,N/A,N/A,N/A,N/A,N/A,0,0,0,0.0,0,0,0
1790299096,40,,Aggregated,0.000000,0.000000,N/A,N/A,N/A,N/A,N/A,N/A,N/A,N/A,N/A,N/A,N/A,0,0,0,0.0,0,0,0
1790299097,40,,Aggregated,0.000000,0.000000,N/A,N/A,N/A,N/A,N/A,N/A,N/A,N/A,N/A,N/A,N/A,0,0,0,0.0,0,0,0
1790299098,40,,Aggregated,0.000000,0.000000,N/A,N/A,N/A,N/A,N/A,N/A,N/A,N/A,N/A,N/A,N/A,0,0,0,0.0,0,0,0
1790299099,40,,Aggregated,0.000000,0.000000,28000,28000,28000,28000,28000,28000,28000,28000,28000,28000,28000,1,0,27966.192926000076,27966.192926000076,27966.192926000076,27966.192926000076,10326.0
1790299100,40,,Aggregated,0.000000,0.000000,28000,28000,28000,28000,28000,28000,28000,28000,28000,28000,28000,1,0,27966.192926000076,27966.192926000076,27966.192926000076,27966.192926000076,10326.0
1790299101,40,,Aggregated,0.000000,0.000000,28000,28000,28000,28000,28000,28000,28000,28000,28000,28000,28000,1,0,27966.192926000076,27966.192926000076,27966.192926000076,27966.192926000076,10326.0
1790299102,40,,Aggregated,0.100000,0.000000,30000,30000,31000,31000,31000,31000,31000,31000,31000,31000,31000,3,0,30000,29445.174953667447,27966.192926000076,30644.252555001003,11437.333333333334
1790299103,40,,Aggregated,0.100000,0.000000,30000,30000,31000,31000,31000,31000,31000,31000,31000,31000,31000,3,0,30000,29445.174953667447,27966.192926000076,30644.252555001003,11437.333333333334
1790299104,40,,Aggregated,0.100000,0.000000,30000,30000,31000,31000,31000,31000,31000,31000,31000,31000,31000,3,0,30000,29445.174953667447,27966.192926000076,30644.252555001003,11437.333333333334
1790299105,40,,Aggregated,0.100000,0.000000,30000,30000,31000,31000,31000,31000,31000,31000,31000,31000,31000,3,0,30000,29445.174953667447,27966.192926000076,30644.252555001003,11437.333333333334
1790299106,40,,Aggregated,0.100000,0.000000,30000,30000,31000,31000,31000,31000,31000,31000,31000,31000,31000,3,0,30000,29445.174953667447,27966.192926000076,30644.252555001003,11437.333333333334
1790299107,40,,Aggregated,0.100000,0.000000,30000,30000,31000,31000,31000,31000,31000,31000,31000,31000,31000,3,0,30000,29445.174953667447,27966.192926000076,30644.252555001003,11437.333333333334
1790299108,40,,Aggregated,0.100000,0.000000,30000,30000,31000,31000,31000,31000,31000,31000,31000,31000,31000,3,0,30000,29445.174953667447,27966.192926000076,30644.252555001003,11437.333333333334
1790299109,40,,Aggregated,0.100000,0.000000,30000,30000,31000,31000,31000,31000,31000,31000,31000,31000,31000,3,0,30000,29445.174953667447,27966.192926000076,30644.252555001003,11437.333333333334
1790299110,40,,Aggregated,0.100000,0.000000,30000,30000,31000,31000,31000,31000,31000,31000,31000,31000,31000,3,0,30000,29445.174953667447,27966.192926000076,30644.252555001003,11437.333333333334
1790299111,40,,Aggregated,0.300000,0.000000,31000,31000,40000,40000,40000,40000,40000,40000,40000,40000,40000,4,0,31000,32006.55292600004,27966.192926000076,39690.68684299782,12083.25
1790299112,40,,Aggregated,0.300000,0.000000,31000,31000,40000,40000,40000,40000,40000,40000,40000,40000,40000,4,0,31000,32006.55292600004,27966.192926000076,39690.68684299782,12083.25
1790299113,40,,Aggregated,0.300000,0.000000,31000,31000,40000,40000,40000,40000,40000,40000,40000,40000,40000,4,0,31000,32006.55292600004,27966.192926000076,39690.68684299782,12083.25
1790299114,40,,Aggregated,0.200000,0.000000,31000,40000,40000,42000,42000,42000,42000,42000,42000,42000,42000,5,0,31000,33962.5795533997,27966.192926000076,41786.68606299834,12770.0
1790299115,40,,Aggregated,0.200000,0.000000,40000,42000,43000,43000,43000,43000,43000,43000,43000,43000,43000,7,0,40000,36657.692419714294,27966.192926000076,43404.98981500059,13663.857142857143
1790299116,40,,Aggregated,0.100000,0.000000,42000,43000,43000,43000,44000,44000,44000,44000,44000,44000,44000,8,0,42000,37553.21198812498,27966.192926000076,43821.84896699982,13931.875
1790299117,40,,Aggregated,0.100000,0.000000,43000,44000,45000,45000,45000,46000,46000,46000,46000,46000,46000,13,0,43000,40504.672506692325,27966.192926000076,45582.38568199886,14890.307692307691
1790299118,40,,Aggregated,0.400000,0.000000,44000,45000,46000,46000,46000,46000,46000,46000,46000,46000,46000,16,0,44000,41567.51769518723,27966.192926000076,46427.88848899727,15109.4375
1790299119,40,,Aggregated,1.000000,0.000000,45000,45000,46000,46000,47000,48000,48000,48000,48000,48000,48000,18,0,45000,42211.408931166356,27966.192926000076,48089.662301001226,15389.777777777777
1790299120,40,,Aggregated,1.100000,0.000000,45000,46000,47000,48000,48000,48000,49000,49000,49000,49000,49000,23,0,45000,43499.39581660842,27966.192926000076,48553.454988999874,15766.304347826086
1790299121,40,,Aggregated,1.400000,0.000000,46000,46000,48000,48000,48000,49000,50000,50000,50000,50000,50000,24,0,46000,43757.9622433747,27966.192926000076,49704.9900589991,15819.875
1790299122,40,,Aggregated,1.800000,0.000000,46000,47000,48000,48000,50000,50000,51000,51000,51000,51000,51000,27,0,46000,44472.84175303678,27966.192926000076,50562.3628300018,16068.444444444445
1790299123,40,,Aggregated,2.000000,0.000000,46000,48000,49000,50000,51000,51000,52000,52000,52000,52000,52000,30,0,46000,45130.68592513301,27966.192926000076,51807.079969999904,16295.866666666667
1790299124,40,,Aggregated,2.100000,0.000000,47000,48000,50000,50000,51000,52000,53000,53000,53000,53000,53000,32,0,47000,45580.097438749595,27966.192926000076,53188.46049599961,16406.375
1790299125,40,,Aggregated,2.100000,0.000000,47000,48000,50000,50000,51000,53000,53000,53000,53000,53000,53000,33,0,47000,45817.89931739354,27966.192926000076,53427.559433999704,16471.484848484848
1790299126,40,,Aggregated,2.400000,0.000000,47000,49000,50000,51000,52000,53000,54000,54000,54000,54000,54000,34,0,47000,46047.927118558466,27966.192926000076,53638.84455700099,16505.58823529412
1790299127,40,,Aggregated,2.400000,0.000000,47000,49000,50000,51000,52000,53000,54000,54000,54000,54000,54000,34,0,47000,46047.927118558466,27966.192926000076,53638.84455700099,16505.58823529412
1790299128,40,,Aggregated,2.700000,0.000000,48000,50000,51000,51000,53000,56000,56000,56000,56000,56000,56000,36,0,48000,46600.00763716643,27966.192926000076,56286.985424001614,16676.666666666668
1790299129,40,,Aggregated,2.700000,0.000000,48000,50000,51000,51000,53000,56000,56000,56000,56000,56000,56000,36,0,48000,46600.00763716643,27966.192926000076,56286.985424001614,16676.666666666668
1790299130,40,,Aggregated,2.100000,0.000000,48000,50000,51000,51000,54000,56000,59000,59000,59000,59000,59000,37,0,48000,46924.79490110782,27966.192926000076,58617.13640299786,16750.567567567567
1790299131,40,,Aggregated,1.900000,0.000000,48000,50000,51000,52000,56000,59000,59000,59000,59000,59000,59000,38,0,48000,47236.146452078654,27966.192926000076,58756.15383799959,16873.815789473683
1790299132,40,,Aggregated,1.600000,0.000000,48000,50000,52000,53000,59000,60000,61000,61000,61000,61000,61000,40,0,48000,47913.30343737473,27966.192926000076,61358.82557400328,17034.675
1790299133,40,,Aggregated,1.600000,0.000000,48000,50000,52000,53000,59000,60000,61000,61000,61000,61000,61000,40,0,48000,47913.30343737473,27966.192926000076,61358.82557400328,17034.675
1790299134,40,,Aggregated,1.600000,0.000000,48000,50000,52000,53000,59000,60000,61000,61000,61000,61000,61000,40,0,48000,47913.30343737473,27966.192926000076,61358.82557400328,17034.675
1790299135,40,,Aggregated,1.600000,0.000000,48000,50000,52000,53000,59000,60000,61000,61000,61000,61000,61000,40,0,48000,47913.30343737473,27966.192926000076,61358.82557400328,17034.675
1790299136,40,,Aggregated,1.600000,0.000000,48000,50000,52000,53000,59000,60000,61000,61000,61000,61000,61000,40,0,48000,47913.30343737473,27966.192926000076,61358.82557400328,17034.675
1790299137,40,,Aggregated,1.600000,0.000000,48000,50000,52000,53000,59000,60000,61000,61000,61000,61000,61000,40,0,48000,47913.30343737473,27966.192926000076,61358.82557400328,17034.675
1790299138,40,,Aggregated,1.600000,0.000000,48000,50000,52000,53000,59000,60000,61000,61000,61000,61000,61000,40,0,48000,47913.30343737473,27966.192926000076,61358.82557400328,17034.675
1790299139,40,,Aggregated,1.600000,0.000000,48000,50000,52000,53000,59000,60000,61000,61000,61000,61000,61000,40,0,48000,47913.30343737473,27966.192926000076,61358.82557400328,17034.675
1790299140,40,,Aggregated,1.600000,0.000000,48000,50000,52000,53000,59000,60000,61000,61000,61000,61000,61000,40,0,48000,47913.30343737473,27966.192926000076,61358.82557400328,17034.675
1790299141,40,,Aggregated,1.600000,0.000000,48000,50000,52000,53000,59000,60000,61000,61000,61000,61000,61000,40,0,48000,47913.30343737473,27966.192926000076,61358.82557400328,17034.675
1790299142,40,,Aggregated,1.600000,0.000000,48000,50000,52000,53000,59000,60000,61000,61000,61000,61000,61000,40,0,48000,47913.30343737473,27966.192926000076,61358.82557400328,17034.675
1790299143,40,,Aggregated,1.600000,0.000000,48000,50000,52000,53000,59000,60000,61000,61000,61000,61000,61000,40,0,48000,47913.30343737473,27966.192926000076,61358.82557400328,17034.675
1790299144,40,,Aggregated,1.600000,0.000000,48000,50000,52000,53000,59000,60000,61000,61000,61000,61000,61000,40,0,48000,47913.30343737473,27966.192926000076,61358.82557400328,17034.675
1790299145,40,,Aggregated,1.600000,0.000000,48000,50000,52000,53000,59000,60000,61000,61000,61000,61000,61000,40,0,48000,47913.30343737473,27966.192926000076,61358.82557400328,17034.675
1790299146,40,,Aggregated,0.000000,0.000000,48000,50000,51000,53000,56000,59000,61000,61000,61000,61000,61000,41,0,48000,47433.61419926797,27966.192926000076,61358.82557400328,16888.48780487805
1790299147,40,,Aggregated,0.000000,0.000000,48000,50000,51000,53000,56000,59000,61000,61000,61000,61000,61000,42,0,48000,47345.360696475844,27966.192926000076,61358.82557400328,16848.833333333332
1790299148,40,,Aggregated,0.000000,0.000000,48000,50000,51000,53000,56000,59000,61000,61000,61000,61000,61000,42,0,48000,47345.360696475844,27966.192926000076,61358.82557400328,16848.833333333332
1790299149,40,,Aggregated,0.000000,0.000000,48000,50000,51000,53000,56000,59000,61000,61000,61000,61000,61000,42,0,48000,47345.360696475844,27966.192926000076,61358.82557400328,16848.833333333332
1790299150,40,,Aggregated,0.000000,0.000000,48000,50000,51000,53000,56000,59000,61000,61000,61000,61000,61000,42,0,48000,47345.360696475844,27966.192926000076,61358.82557400328,16848.833333333332
1790299151,40,,Aggregated,0.000000,0.000000,48000,50000,51000,53000,56000,59000,61000,61000,61000,61000,61000,42,0,48000,47345.360696475844,27966.192926000076,61358.82557400328,16848.833333333332
1790299152,40,,Aggregated,0.200000,0.000000,48000,50000,52000,53000,56000,59000,61000,61000,61000,61000,61000,43,0,48000,47449.64962513921,27966.192926000076,61358.82557400328,16906.279069767443
1790299153,40,,Aggregated,0.200000,0.000000,48000,50000,52000,53000,56000,59000,61000,61000,61000,61000,61000,44,0,48000,47097.01696645425,27966.192926000076,61358.82557400328,16762.295454545456
1790299154,40,,Aggregated,0.200000,0.000000,48000,50000,51000,53000,56000,59000,61000,61000,61000,61000,61000,45,0,48000,46727.400651955235,27966.192926000076,61358.82557400328,16671.4
1790299155,40,,Aggregated,0.200000,0.000000,48000,50000,51000,53000,56000,59000,61000,61000,61000,61000,61000,45,0,48000,46727.400651955235,27966.192926000076,61358.82557400328,16671.4
1790299156,40,,Aggregated,0.200000,0.000000,48000,50000,51000,53000,56000,59000,61000,61000,61000,61000,61000,45,0,48000,46727.400651955235,27966.192926000076,61358.82557400328,16671.4
1790299157,40,,Aggregated,0.400000,0.000000,47000,50000,51000,52000,56000,59000,61000,61000,61000,61000,61000,47,0,47000,46066.56803319121,26990.84383800073,61358.82557400328,16461.425531914894
1790299158,40,,Aggregated,0.400000,0.000000,47000,50000,51000,52000,56000,59000,61000,61000,61000,61000,61000,47,0,47000,46066.56803319121,26990.84383800073,61358.82557400328,16461.425531914894
1790299159,40,,Aggregated,0.600000,0.000000,47000,50000,51000,52000,56000,59000,61000,61000,61000,61000,61000,48,0,47000,46077.29511229142,26990.84383800073,61358.82557400328,16457.229166666668
1790299160,40,,Aggregated,0.600000,0.000000,47000,50000,51000,52000,56000,59000,61000,61000,61000,61000,61000,48,0,47000,46077.29511229142,26990.84383800073,61358.82557400328,16457.229166666668
1790299161,40,,Aggregated,0.500000,0.000000,47000,50000,51000,52000,56000,59000,60000,61000,61000,61000,61000,51,0,47000,45582.222265705685,26990.84383800073,61358.82557400328,16299.35294117647
1790299162,40,,Aggregated,0.600000,0.000000,47000,50000,51000,52000,56000,59000,60000,61000,61000,61000,61000,54,0,47000,45722.99145016653,26990.84383800073,61358.82557400328,16312.25925925926
1790299163,40,,Aggregated,0.600000,0.000000,46000,50000,51000,52000,56000,59000,60000,61000,61000,61000,61000,55,0,46000,45655.942581163516,26990.84383800073,61358.82557400328,16276.709090909091
1790299164,40,,Aggregated,0.900000,0.000000,46000,49000,51000,52000,56000,59000,60000,61000,61000,61000,61000,58,0,46000,45642.44780717233,26990.84383800073,61358.82557400328,16289.620689655172
1790299165,40,,Aggregated,1.100000,0.000000,46000,49000,51000,52000,56000,59000,60000,61000,61000,61000,61000,59,0,46000,45674.49531169478,26990.84383800073,61358.82557400328,16288.593220338984
1790299166,40,,Aggregated,1.100000,0.000000,46000,49000,50000,51000,56000,59000,60000,61000,61000,61000,61000,61,0,46000,45615.03939142607,26990.84383800073,61358.82557400328,16240.573770491803
1790299167,40,,Aggregated,1.300000,0.000000,47000,49000,50000,51000,56000,59000,60000,61000,61000,61000,61000,62,0,47000,45660.3152542257,26990.84383800073,61358.82557400328,16246.951612903225
1790299168,40,,Aggregated,1.300000,0.000000,47000,49000,50000,51000,56000,59000,60000,61000,61000,61000,61000,62,0,47000,45660.3152542257,26990.84383800073,61358.82557400328,16246.951612903225
1790299169,40,,Aggregated,1.400000,0.000000,47000,49000,51000,51000,56000,59000,60000,61000,61000,61000,61000,64,0,47000,45807.9450077343,26990.84383800073,61358.82557400328,16273.25
1790299170,40,,Aggregated,1.500000,0.000000,47000,49000,51000,51000,56000,59000,60000,61000,61000,61000,61000,65,0,47000,45886.33402664608,26990.84383800073,61358.82557400328,16288.23076923077
1790299171,40,,Aggregated,1.500000,0.000000,47000,49000,51000,51000,56000,59000,60000,61000,61000,61000,61000,68,0,47000,45921.54756969113,26990.84383800073,61358.82557400328,16284.176470588236
1790299173,40,,Aggregated,1.600000,0.000000,47000,49000,51000,51000,56000,59000,60000,61000,61000,61000,61000,69,0,47000,45961.93283889853,26990.84383800073,61358.82557400328,16289.565217391304
1790299174,40,,Aggregated,1.700000,0.000000,47000,50000,51000,51000,56000,59000,60000,61000,61000,61000,61000,70,0,47000,46018.39607709999,26990.84383800073,61358.82557400328,16298.628571428571
1790299175,40,,Aggregated,1.700000,0.000000,47000,49000,51000,51000,55000,59000,60000,61000,61000,61000,61000,71,0,47000,46045.798304746466,26990.84383800073,61358.82557400328,16298.647887323943
1790299176,40,,Aggregated,1.700000,0.000000,47000,49000,51000,51000,55000,59000,60000,61000,61000,61000,61000,71,0,47000,46045.798304746466,26990.84383800073,61358.82557400328,16298.647887323943
1790299177,40,,Aggregated,1.700000,0.000000,47000,49000,51000,51000,55000,59000,60000,61000,61000,61000,61000,71,0,47000,46045.798304746466,26990.84383800073,61358.82557400328,16298.647887323943
1790299178,40,,Aggregated,1.200000,0.000000,47000,49000,51000,51000,56000,59000,60000,61000,61000,61000,61000,74,0,47000,46174.982433756806,26990.84383800073,61358.82557400328,16323.72972972973
1790299179,40,,Aggregated,1.200000,0.000000,47000,49000,51000,51000,56000,59000,60000,61000,61000,61000,61000,75,0,47000,46201.4418890267,26990.84383800073,61358.82557400328,16324.173333333334
1790299180,40,,Aggregated,1.200000,0.000000,47000,49000,51000,51000,56000,59000,60000,61000,61000,61000,61000,75,0,47000,46201.4418890267,26990.84383800073,61358.82557400328,16324.173333333334
1790299181,40,,Aggregated,1.200000,0.000000,47000,49000,51000,51000,56000,59000,60000,61000,61000,61000,61000,75,0,47000,46201.4418890267,26990.84383800073,61358.82557400328,16324.173333333334
1790299182,40,,Aggregated,1.300000,0.000000,47000,49000,51000,51000,56000,59000,60000,61000,61000,61000,61000,77,0,47000,46176.47800016885,26990.84383800073,61358.82557400328,16301.272727272728
1790299183,40,,Aggregated,1.100000,0.000000,48000,50000,51000,52000,56000,60000,61000,64000,64000,64000,64000,79,0,48000,46580.785068594996,26990.84383800073,63514.052253001864,16419.21518987342
1790299184,40,,Aggregated,1.100000,0.000000,48000,50000,51000,52000,56000,60000,61000,64000,64000,64000,64000,79,0,48000,46580.785068594996,26990.84383800073,63514.052253001864,16419.21518987342
1790299185,40,,Aggregated,1.100000,0.000000,48000,50000,51000,52000,56000,60000,61000,64000,64000,64000,64000,79,0,48000,46580.785068594996,26990.84383800073,63514.052253001864,16419.21518987342
1790299186,40,,Aggregated,0.900000,0.000000,48000,50000,51000,52000,56000,60000,62000,64000,64000,64000,64000,81,0,48000,46587.81354528401,26990.84383800073,63514.052253001864,16405.728395061727
1790299187,40,,Aggregated,0.900000,0.000000,48000,50000,51000,52000,56000,60000,62000,64000,64000,64000,64000,81,0,48000,46587.81354528401,26990.84383800073,63514.052253001864,16405.728395061727
1790299188,40,,Aggregated,0.800000,0.000000,48000,50000,51000,53000,56000,60000,62000,64000,64000,64000,64000,82,0,48000,46673.20814143905,26990.84383800073,63514.052253001864,16434.170731707316
1790299189,40,,Aggregated,0.800000,0.000000,48000,50000,51000,53000,56000,60000,62000,64000,64000,64000,64000,82,0,48000,46673.20814143905,26990.84383800073,63514.052253001864,16434.170731707316
1790299190,40,,Aggregated,0.800000,0.000000,48000,50000,51000,53000,56000,60000,62000,64000,64000,64000,64000,82,0,48000,46673.20814143905,26990.84383800073,63514.052253001864,16434.170731707316
1790299191,40,,Aggregated,0.800000,0.000000,48000,50000,51000,53000,56000,60000,62000,64000,64000,64000,64000,82,0,48000,46673.20814143905,26990.84383800073,63514.052253001864,16434.170731707316
1790299192,40,,Aggregated,0.800000,0.000000,48000,50000,51000,53000,56000,60000,62000,64000,64000,64000,64000,82,0,48000,46673.20814143905,26990.84383800073,63514.052253001864,16434.170731707316
1790299193,40,,Aggregated,0.800000,0.000000,48000,50000,51000,53000,56000,60000,62000,64000,64000,64000,64000,82,0,48000,46673.20814143905,26990.84383800073,63514.052253001864,16434.170731707316
1790299194,40,,Aggregated,0.800000,0.000000,48000,50000,51000,53000,56000,60000,62000,64000,64000,64000,64000,82,0,48000,46673.20814143905,26990.84383800073,63514.052253001864,16434.170731707316
1790299195,40,,Aggregated,0.500000,0.000000,48000,50000,51000,53000,56000,60000,62000,64000,64000,64000,64000,83,0,48000,46553.22283595186,26990.84383800073,63514.052253001864,16386.204819277107
1790299196,40,,Aggregated,0.500000,0.000000,48000,50000,51000,53000,56000,60000,62000,64000,64000,64000,64000,83,0,48000,46553.22283595186,26990.84383800073,63514.052253001864,16386.204819277107
1790299197,40,,Aggregated,0.500000,0.000000,48000,50000,51000,53000,56000,60000,62000,64000,64000,64000,64000,83,0,48000,46553.22283595186,26990.84383800073,63514.052253001864,16386.204819277107
1790299198,40,,Aggregated,0.500000,0.000000,48000,50000,51000,53000,56000,60000,62000,64000,64000,64000,64000,83,0,48000,46553.22283595186,26990.84383800073,63514.052253001864,16386.204819277107
1790299199,40,,Aggregated,0.300000,0.000000,48000,50000,51000,53000,56000,60000,62000,64000,64000,64000,64000,84,0,48000,46381.425513059614,26990.84383800073,63514.052253001864,16335.833333333334
1790299200,40,,Aggregated,0.200000,0.000000,47000,50000,51000,52000,56000,60000,62000,64000,64000,64000,64000,86,0,47000,46231.73871748851,26990.84383800073,63514.052253001864,16276.313953488372
1790299201,40,,Aggregated,0.200000,0.000000,47000,50000,51000,52000,56000,60000,62000,64000,64000,64000,64000,86,0,47000,46231.73871748851,26990.84383800073,63514.052253001864,16276.313953488372
1790299202,40,,Aggregated,0.200000,0.000000,47000,50000,51000,52000,56000,60000,62000,64000,64000,64000,64000,86,0,47000,46231.73871748851,26990.84383800073,63514.052253001864,16276.313953488372
1790299203,40,,Aggregated,0.200000,0.000000,47000,50000,51000,52000,56000,60000,62000,64000,64000,64000,64000,86,0,47000,46231.73871748851,26990.84383800073,63514.052253001864,16276.313953488372
1790299204,40,,Aggregated,0.400000,0.000000,47000,50000,51000,52000,56000,60000,62000,64000,64000,64000,64000,87,0,47000,46107.511393253015,26990.84383800073,63514.052253001864,16231.87356321839
1790299205,40,,Aggregated,0.400000,0.000000,47000,50000,51000,53000,56000,60000,62000,64000,64000,64000,64000,89,0,47000,46265.12175598891,26990.84383800073,63514.052253001864,16281.640449438202
1790299206,40,,Aggregated,0.400000,0.000000,47000,50000,51000,53000,56000,60000,62000,64000,64000,64000,64000,89,0,47000,46265.12175598891,26990.84383800073,63514.052253001864,16281.640449438202
1790299207,40,,Aggregated,0.500000,0.000000,47000,50000,51000,53000,56000,60000,62000,64000,64000,64000,64000,90,0,47000,46261.371662344594,26990.84383800073,63514.052253001864,16281.711111111112
1790299208,40,,Aggregated,0.500000,0.000000,47000,50000,51000,53000,56000,60000,62000,64000,64000,64000,64000,90,0,47000,46261.371662344594,26990.84383800073,63514.052253001864,16281.711111111112
1790299209,40,,Aggregated,0.600000,0.000000,47000,50000,51000,52000,56000,60000,62000,64000,64000,64000,64000,91,0,47000,46310.558435868275,26990.84383800073,63514.052253001864,16289.032967032967
1790299210,40,,Aggregated,0.600000,0.000000,47000,50000,51000,52000,56000,60000,62000,64000,64000,64000,64000,91,0,47000,46310.558435868275,26990.84383800073,63514.052253001864,16289.032967032967
1790299211,40,,Aggregated,0.700000,0.000000,47000,50000,51000,52000,56000,60000,62000,64000,64000,64000,64000,92,0,47000,46308.98711392405,26990.84383800073,63514.052253001864,16290.282608695652
1790299212,40,,Aggregated,0.700000,0.000000,47000,50000,51000,52000,56000,60000,62000,64000,64000,64000,64000,92,0,47000,46308.98711392405,26990.84383800073,63514.052253001864,16290.282608695652
1790299213,40,,Aggregated,0.700000,0.000000,47000,50000,51000,52000,56000,60000,62000,64000,64000,64000,64000,92,0,47000,46308.98711392405,26990.84383800073,63514.052253001864,16290.282608695652
1790299214,40,,Aggregated,0.600000,0.000000,48000,50000,51000,52000,56000,60000,62000,64000,64000,64000,64000,96,0,48000,46348.48376517728,26990.84383800073,63514.052253001864,16288.145833333334
1790299215,40,,Aggregated,0.600000,0.000000,48000,50000,51000,52000,56000,60000,62000,64000,64000,64000,64000,98,0,48000,46377.68348529607,26990.84383800073,63514.052253001864,16297.07142857143
1790299216,40,,Aggregated,0.600000,0.000000,48000,50000,51000,52000,56000,60000,62000,64000,64000,64000,64000,98,0,48000,46377.68348529607,26990.84383800073,63514.052253001864,16297.07142857143
1790299217,40,,Aggregated,0.600000,0.000000,47000,50000,51000,51000,56000,59000,61000,62000,64000,64000,64000,101,0,47000,46272.1110793269,26990.84383800073,63514.052253001864,16254.118811881188
1790299218,40,,Aggregated,0.900000,0.000000,47000,50000,51000,52000,56000,59000,61000,62000,64000,64000,64000,104,0,47000,46312.30029393286,26990.84383800073,63514.052253001864,16281.211538461539
1790299219,40,,Aggregated,0.900000,0.000000,47000,50000,51000,52000,56000,59000,61000,62000,64000,64000,64000,104,0,47000,46312.30029393286,26990.84383800073,63514.052253001864,16281.211538461539
1790299220,40,,Aggregated,0.900000,0.000000,47000,50000,51000,52000,56000,59000,61000,62000,64000,64000,64000,104,0,47000,46312.30029393286,26990.84383800073,63514.052253001864,16281.211538461539
1790299221,40,,Aggregated,1.100000,0.000000,47000,50000,51000,52000,56000,59000,61000,62000,64000,64000,64000,105,0,47000,46318.186757762065,26990.84383800073,63514.052253001864,16279.752380952381
1790299222,40,,Aggregated,1.300000,0.000000,47000,50000,51000,52000,56000,59000,61000,62000,64000,64000,64000,107,0,47000,46359.938637159066,26990.84383800073,63514.052253001864,16297.29906542056
1790299223,40,,Aggregated,1.300000,0.000000,47000,50000,51000,52000,56000,59000,61000,62000,64000,64000,64000,108,0,47000,46384.405170722384,26990.84383800073,63514.052253001864,16289.972222222223
1790299224,40,,Aggregated,1.300000,0.000000,47000,50000,51000,52000,56000,59000,61000,62000,64000,64000,64000,109,0,47000,46412.97910738549,26990.84383800073,63514.052253001864,16294.97247706422
1790299225,40,,Aggregated,1.500000,0.000000,48000,50000,51000,52000,56000,59000,61000,62000,64000,64000,64000,110,0,48000,46509.641640354705,26990.84383800073,63514.052253001864,16325.718181818182
1790299226,40,,Aggregated,1.500000,0.000000,48000,50000,51000,52000,56000,59000,61000,62000,64000,64000,64000,110,0,48000,46509.641640354705,26990.84383800073,63514.052253001864,16325.718181818182
1790299227,40,,Aggregated,1.600000,0.000000,48000,50000,51000,52000,56000,60000,62000,64000,64000,64000,64000,111,0,48000,46664.81227999116,26990.84383800073,63733.58264000126,16367.738738738739
1790299228,40,,Aggregated,1.300000,0.000000,48000,50000,51000,52000,56000,61000,62000,64000,64000,64000,64000,113,0,48000,46806.58839715944,26990.84383800073,63733.58264000126,16413.300884955752
1790299229,40,,Aggregated,1.000000,0.000000,48000,50000,51000,53000,57000,61000,62000,64000,64000,64000,64000,115,0,48000,46910.499120948,26990.84383800073,63733.58264000126,16443.791304347826
1790299230,40,,Aggregated,1.000000,0.000000,48000,50000,51000,53000,57000,61000,62000,64000,64000,64000,64000,115,0,48000,46910.499120948,26990.84383800073,63733.58264000126,16443.791304347826
1790299231,40,,Aggregated,1.200000,0.000000,48000,50000,51000,52000,57000,61000,62000,64000,64000,64000,64000,116,0,48000,46908.17388091394,26990.84383800073,63733.58264000126,16441.931034482757
1790299232,40,,Aggregated,1.200000,0.000000,48000,50000,51000,52000,57000,61000,62000,64000,64000,64000,64000,116,0,48000,46908.17388091394,26990.84383800073,63733.58264000126,16441.931034482757
1790299233,40,,Aggregated,1.200000,0.000000,48000,50000,51000,52000,57000,61000,62000,64000,64000,64000,64000,116,0,48000,46908.17388091394,26990.84383800073,63733.58264000126,16441.931034482757
1790299234,40,,Aggregated,1.200000,0.000000,48000,50000,51000,52000,57000,61000,62000,64000,64000,64000,64000,116,0,48000,46908.17388091394,26990.84383800073,63733.58264000126,16441.931034482757
1790299235,40,,Aggregated,1.200000,0.000000,48000,50000,51000,52000,57000,61000,62000,64000,64000,64000,64000,116,0,48000,46908.17388091394,26990.84383800073,63733.58264000126,16441.931034482757
1790299236,40,,Aggregated,0.800000,0.000000,48000,50000,51000,53000,57000,61000,62000,64000,64000,64000,64000,117,0,48000,46990.900917606996,26990.84383800073,63733.58264000126,16470.02564102564
1790299237,40,,Aggregated,0.700000,0.000000,48000,50000,51000,53000,57000,61000,62000,64000,64000,64000,64000,118,0,48000,46998.49030411033,26990.84383800073,63733.58264000126,16471.966101694914
1790299238,40,,Aggregated,0.700000,0.000000,48000,50000,51000,53000,57000,61000,62000,64000,64000,64000,64000,118,0,48000,46998.49030411033,26990.84383800073,63733.58264000126,16471.966101694914
1790299239,40,,Aggregated,0.700000,0.000000,48000,50000,51000,53000,57000,61000,62000,64000,64000,64000,64000,118,0,48000,46998.49030411033,26990.84383800073,63733.58264000126,16471.966101694914
1790299240,40,,Aggregated,0.700000,0.000000,48000,50000,51000,53000,57000,61000,62000,64000,64000,64000,64000,118,0,48000,46998.49030411033,26990.84383800073,63733.58264000126,16471.966101694914
1790299241,40,,Aggregated,0.500000,0.000000,48000,50000,51000,53000,58000,61000,62000,64000,64000,64000,64000,120,0,48000,47074.483130350134,26990.84383800073,63733.58264000126,16507.583333333332
1790299242,40,,Aggregated,0.500000,0.000000,48000,50000,51000,53000,58000,61000,62000,64000,64000,64000,64000,120,0,48000,47074.483130350134,26990.84383800073,63733.58264000126,16507.583333333332
1790299243,40,,Aggregated,0.400000,0.000000,48000,50000,51000,53000,58000,60000,62000,64000,64000,64000,64000,121,0,48000,47178.36470468607,26990.84383800073,63733.58264000126,16545.80991735537
1790299244,40,,Aggregated,0.400000,0.000000,48000,50000,51000,53000,58000,60000,62000,64000,64000,64000,64000,121,0,48000,47178.36470468607,26990.84383800073,63733.58264000126,16545.80991735537
1790299245,40,,Aggregated,0.400000,0.000000,48000,50000,51000,53000,58000,60000,62000,64000,64000,64000,64000,121,0,48000,47178.36470468607,26990.84383800073,63733.58264000126,16545.80991735537
1790299246,40,,Aggregated,0.400000,0.000000,48000,50000,51000,54000,58000,60000,62000,64000,64000,64000,64000,122,0,48000,47270.39380246733,26990.84383800073,63733.58264000126,16571.303278688523
1790299247,40,,Aggregated,0.400000,0.000000,48000,50000,51000,54000,58000,60000,62000,64000,64000,64000,64000,122,0,48000,47270.39380246733,26990.84383800073,63733.58264000126,16571.303278688523
1790299248,40,,Aggregated,0.500000,0.000000,48000,50000,51000,54000,58000,60000,62000,64000,64000,64000,64000,123,0,48000,47148.82511733348,26990.84383800073,63733.58264000126,16528.886178861787
1790299249,40,,Aggregated,0.500000,0.000000,48000,50000,52000,54000,58000,61000,62000,64000,64000,64000,64000,124,0,48000,47262.74794245982,26990.84383800073,63733.58264000126,16563.895161290322
1790299250,40,,Aggregated,0.500000,0.000000,48000,50000,52000,54000,58000,61000,62000,64000,64000,64000,64000,124,0,48000,47262.74794245982,26990.84383800073,63733.58264000126,16563.895161290322
1790299251,40,,Aggregated,0.400000,0.000000,48000,50000,51000,54000,58000,61000,62000,64000,64000,64000,64000,125,0,48000,47210.37611200016,26990.84383800073,63733.58264000126,16550.976
1790299252,40,,Aggregated,0.600000,0.000000,48000,50000,51000,54000,58000,61000,62000,64000,64000,64000,64000,127,0,48000,47203.65064189779,26990.84383800073,63733.58264000126,16535.03937007874
1790299253,40,,Aggregated,0.600000,0.000000,48000,50000,51000,54000,58000,61000,62000,64000,64000,64000,64000,130,0,48000,46938.67511969241,26990.84383800073,63733.58264000126,16432.346153846152
1790299254,40,,Aggregated,0.500000,0.000000,48000,50000,51000,53000,58000,61000,62000,64000,64000,64000,64000,131,0,48000,46981.342149862714,26990.84383800073,63733.58264000126,16438.73282442748
1790299255,40,,Aggregated,0.500000,0.000000,48000,50000,52000,54000,58000,61000,62000,64000,64000,64000,64000,132,0,48000,47040.77830697739,26990.84383800073,63733.58264000126,16455.628787878788
1790299256,40,,Aggregated,1.000000,0.000000,48000,50000,51000,54000,58000,61000,62000,64000,64000,64000,64000,133,0,48000,47050.142487150486,26990.84383800073,63733.58264000126,16456.93984962406
1790299257,40,,Aggregated,1.000000,0.000000,48000,50000,51000,54000,58000,61000,62000,64000,64000,64000,64000,133,0,48000,47050.142487150486,26990.84383800073,63733.58264000126,16456.93984962406
1790299258,40,,Aggregated,1.100000,0.000000,48000,50000,52000,54000,58000,61000,62000,64000,64000,64000,64000,135,0,48000,47157.04846794083,26990.84383800073,63733.58264000126,16486.748148148148
1790299259,40,,Aggregated,1.100000,0.000000,48000,50000,52000,54000,58000,61000,62000,64000,64000,64000,64000,136,0,48000,47155.244217345695,26990.84383800073,63733.58264000126,16479.477941176472
1790299260,40,,Aggregated,1.100000,0.000000,48000,50000,52000,54000,58000,61000,62000,64000,64000,64000,64000,136,0,48000,47155.244217345695,26990.84383800073,63733.58264000126,16479.477941176472
1790299261,40,,Aggregated,1.100000,0.000000,48000,50000,52000,54000,58000,61000,62000,64000,64000,64000,64000,136,0,48000,47155.244217345695,26990.84383800073,63733.58264000126,16479.477941176472
1790299262,40,,Aggregated,1.100000,0.000000,48000,50000,52000,54000,58000,61000,62000,64000,64000,64000,64000,136,0,48000,47155.244217345695,26990.84383800073,63733.58264000126,16479.477941176472
1790299263,40,,Aggregated,1.100000,0.000000,48000,50000,52000,54000,58000,61000,62000,64000,64000,64000,64000,136,0,48000,47155.244217345695,26990.84383800073,63733.58264000126,16479.477941176472
1790299264,40,,Aggregated,1.100000,0.000000,48000,50000,52000,54000,58000,61000,62000,64000,64000,64000,64000,137,0,48000,47142.07409437968,26990.84383800073,63733.58264000126,16475.956204379563
1790299265,40,,Aggregated,1.100000,0.000000,48000,50000,52000,54000,58000,61000,62000,64000,64000,64000,64000,139,0,48000,47070.818361928206,26990.84383800073,63733.58264000126,16448.978417266186
1790299266,40,,Aggregated,0.600000,0.000000,48000,50000,52000,54000,58000,61000,62000,64000,64000,64000,64000,140,0,48000,47005.321371157304,26990.84383800073,63733.58264000126,16423.957142857143
1790299267,40,,Aggregated,0.600000,0.000000,48000,50000,52000,54000,58000,61000,62000,64000,64000,64000,64000,140,0,48000,47005.321371157304,26990.84383800073,63733.58264000126,16423.957142857143
1790299268,40,,Aggregated,0.700000,0.000000,48000,50000,52000,53000,58000,60000,62000,64000,64000,64000,64000,141,0,48000,47041.817091028526,26990.84383800073,63733.58264000126,16434.574468085106
1790299269,40,,Aggregated,0.700000,0.000000,48000,50000,52000,53000,58000,60000,62000,64000,64000,64000,64000,141,0,48000,47041.817091028526,26990.84383800073,63733.58264000126,16434.574468085106
1790299270,40,,Aggregated,0.700000,0.000000,48000,50000,52000,54000,58000,60000,62000,64000,64000,64000,64000,143,0,48000,47100.99305972046,26990.84383800073,63733.58264000126,16452.27972027972
1790299271,40,,Aggregated,0.600000,0.000000,48000,50000,52000,54000,58000,60000,62000,64000,64000,64000,64000,145,0,48000,47134.205797117436,26990.84383800073,63733.58264000126,16449.56551724138
1790299272,40,,Aggregated,0.700000,0.000000,48000,50000,52000,54000,58000,60000,62000,64000,64000,64000,64000,147,0,48000,47176.19097475531,26990.84383800073,63733.58264000126,16469.571428571428
1790299273,40,,Aggregated,0.700000,0.000000,48000,50000,52000,54000,58000,60000,62000,64000,64000,64000,64000,147,0,48000,47176.19097475531,26990.84383800073,63733.58264000126,16469.571428571428
1790299274,40,,Aggregated,0.700000,0.000000,48000,50000,52000,54000,58000,60000,62000,64000,64000,64000,64000,149,0,48000,47242.66561847673,26990.84383800073,63733.58264000126,16489.946308724833
1790299275,40,,Aggregated,1.100000,0.000000,48000,50000,52000,54000,58000,60000,62000,64000,64000,64000,64000,150,0,48000,47277.377514053536,26990.84383800073,63733.58264000126,16492.453333333335
1790299276,40,,Aggregated,1.100000,0.000000,48000,50000,52000,54000,58000,60000,62000,64000,64000,64000,64000,150,0,48000,47277.377514053536,26990.84383800073,63733.58264000126,16492.453333333335
1790299277,40,,Aggregated,1.100000,0.000000,48000,50000,52000,54000,58000,60000,62000,64000,64000,64000,64000,150,0,48000,47277.377514053536,26990.84383800073,63733.58264000126,16492.453333333335
1790299278,40,,Aggregated,1.000000,0.000000,48000,50000,52000,54000,57000,60000,62000,64000,64000,64000,64000,151,0,48000,47240.706296430675,26990.84383800073,63733.58264000126,16478.30463576159
1790299279,40,,Aggregated,1.000000,0.000000,48000,50000,52000,54000,57000,60000,62000,64000,64000,64000,64000,151,0,48000,47240.706296430675,26990.84383800073,63733.58264000126,16478.30463576159
1790299280,40,,Aggregated,0.900000,0.000000,48000,50000,52000,54000,57000,60000,62000,64000,64000,64000,64000,152,0,48000,47299.64658203967,26990.84383800073,63733.58264000126,16495.95394736842
1790299281,40,,Aggregated,1.000000,0.000000,48000,51000,52000,54000,58000,61000,62000,64000,64000,64000,64000,154,0,48000,47412.322881389795,26990.84383800073,63733.58264000126,16525.01948051948
1790299282,40,,Aggregated,0.800000,0.000000,48000,51000,52000,54000,58000,61000,62000,64000,64000,64000,64000,155,0,48000,47442.09592348404,26990.84383800073,63733.58264000126,16528.812903225808
1790299283,40,,Aggregated,0.900000,0.000000,48000,51000,52000,54000,58000,61000,62000,64000,64000,64000,64000,156,0,48000,47485.46868418607,26990.84383800073,63733.58264000126,16546.160256410258
1790299284,40,,Aggregated,0.900000,0.000000,48000,51000,52000,54000,58000,61000,62000,64000,64000,64000,64000,158,0,48000,47366.67120875963,24513.22007899944,63733.58264000126,16511.037974683546
1790299285,40,,Aggregated,0.900000,0.000000,48000,51000,52000,54000,58000,61000,62000,64000,64000,64000,64000,158,0,48000,47366.67120875963,24513.22007899944,63733.58264000126,16511.037974683546
1790299286,40,,Aggregated,0.900000,0.000000,48000,51000,52000,54000,58000,61000,62000,64000,64000,64000,64000,158,0,48000,47366.67120875963,24513.22007899944,63733.58264000126,16511.037974683546
1790299287,40,,Aggregated,0.900000,0.000000,48000,51000,52000,54000,58000,61000,62000,64000,64000,64000,64000,159,0,48000,47353.04412853471,24513.22007899944,63733.58264000126,16509.54716981132
1790299288,40,,Aggregated,0.800000,0.000000,48000,51000,52000,54000,57000,60000,62000,64000,64000,64000,64000,161,0,48000,47153.898552689585,24513.22007899944,63733.58264000126,16445.82608695652
1790299289,40,,Aggregated,0.800000,0.000000,48000,51000,52000,54000,57000,60000,62000,64000,64000,64000,64000,162,0,48000,47122.90186379644,24513.22007899944,63733.58264000126,16438.135802469136
1790299290,40,,Aggregated,0.800000,0.000000,48000,51000,52000,54000,57000,60000,62000,64000,64000,64000,64000,162,0,48000,47122.90186379644,24513.22007899944,63733.58264000126,16438.135802469136
1790299291,40,,Aggregated,0.800000,0.000000,48000,51000,52000,54000,57000,60000,62000,64000,64000,64000,64000,162,0,48000,47122.90186379644,24513.22007899944,63733.58264000126,16438.135802469136
1790299292,40,,Aggregated,1.100000,0.000000,48000,51000,52000,54000,57000,60000,62000,64000,64000,64000,64000,164,0,48000,47107.00662029282,24513.22007899944,63733.58264000126,16435.048780487807
1790299293,40,,Aggregated,1.100000,0.000000,48000,51000,52000,54000,57000,60000,62000,64000,64000,64000,64000,164,0,48000,47107.00662029282,24513.22007899944,63733.58264000126,16435.048780487807
1790299294,40,,Aggregated,1.100000,0.000000,48000,51000,52000,54000,57000,60000,62000,64000,64000,64000,64000,164,0,48000,47107.00662029282,24513.22007899944,63733.58264000126,16435.048780487807
1790299295,40,,Aggregated,0.900000,0.000000,48000,51000,52000,54000,57000,60000,62000,64000,64000,64000,64000,165,0,48000,47128.66620302436,24513.22007899944,63733.58264000126,16438.266666666666
1790299296,40,,Aggregated,0.900000,0.000000,48000,51000,52000,54000,57000,60000,62000,64000,64000,64000,64000,165,0,48000,47128.66620302436,24513.22007899944,63733.58264000126,16438.266666666666
1790299297,40,,Aggregated,0.900000,0.000000,48000,51000,52000,54000,57000,60000,62000,64000,64000,64000,64000,165,0,48000,47128.66620302436,24513.22007899944,63733.58264000126,16438.266666666666
1790299298,40,,Aggregated,0.700000,0.000000,48000,51000,52000,54000,58000,60000,62000,64000,64000,64000,64000,167,0,48000,47195.54787322168,24513.22007899944,63733.58264000126,16458.68263473054
1790299299,40,,Aggregated,0.700000,0.000000,48000,51000,52000,54000,58000,60000,62000,64000,64000,64000,64000,168,0,48000,47174.38960239297,24513.22007899944,63733.58264000126,16452.244047619046
1790299300,40,,Aggregated,0.600000,0.000000,48000,51000,52000,54000,58000,60000,62000,64000,64000,64000,64000,169,0,48000,47171.22101589951,24513.22007899944,63733.58264000126,16454.44970414201
1790299301,40,,Aggregated,0.600000,0.000000,48000,51000,52000,54000,58000,60000,62000,64000,64000,64000,64000,170,0,48000,47194.9473292295,24513.22007899944,63733.58264000126,16464.964705882354
1790299302,40,,Aggregated,0.600000,0.000000,48000,51000,52000,54000,57000,60000,62000,64000,64000,64000,64000,171,0,48000,47109.660927403595,24513.22007899944,63733.58264000126,16445.508771929824
1790299303,40,,Aggregated,0.600000,0.000000,48000,51000,52000,54000,57000,60000,62000,64000,64000,64000,64000,171,0,48000,47109.660927403595,24513.22007899944,63733.58264000126,16445.508771929824
1790299304,40,,Aggregated,0.600000,0.000000,48000,51000,52000,54000,57000,60000,62000,64000,64000,64000,64000,171,0,48000,47109.660927403595,24513.22007899944,63733.58264000126,16445.508771929824
1790299305,40,,Aggregated,0.700000,0.000000,48000,51000,52000,54000,57000,60000,62000,64000,64000,64000,64000,174,0,48000,47161.32029659205,24513.22007899944,63733.58264000126,16455.224137931036
1790299306,40,,Aggregated,0.700000,0.000000,48000,51000,52000,54000,57000,60000,62000,64000,64000,64000,64000,174,0,48000,47161.32029659205,24513.22007899944,63733.58264000126,16455.224137931036
1790299307,40,,Aggregated,0.700000,0.000000,48000,51000,52000,54000,57000,60000,62000,64000,64000,64000,64000,177,0,48000,47197.42411696618,24513.22007899944,63733.58264000126,16472.762711864405
1790299308,40,,Aggregated,0.700000,0.000000,48000,51000,52000,54000,57000,60000,62000,64000,64000,64000,64000,177,0,48000,47197.42411696618,24513.22007899944,63733.58264000126,16472.762711864405
1790299309,40,,Aggregated,0.700000,0.000000,48000,51000,52000,54000,57000,60000,62000,64000,64000,64000,64000,177,0,48000,47197.42411696618,24513.22007899944,63733.58264000126,16472.762711864405
1790299310,40,,Aggregated,0.700000,0.000000,48000,51000,52000,54000,57000,60000,62000,64000,64000,64000,64000,177,0,48000,47197.42411696618,24513.22007899944,63733.58264000126,16472.762711864405
1790299311,40,,Aggregated,0.700000,0.000000,48000,51000,52000,54000,57000,60000,62000,64000,64000,64000,64000,177,0,48000,47197.42411696618,24513.22007899944,63733.58264000126,16472.762711864405
1790299312,40,,Aggregated,0.900000,0.000000,48000,51000,52000,54000,57000,60000,62000,64000,64000,64000,64000,178,0,48000,47244.1985948821,24513.22007899944,63733.58264000126,16479.955056179777
1790299313,40,,Aggregated,0.800000,0.000000,48000,51000,52000,54000,57000,60000,62000,64000,64000,64000,64000,179,0,48000,47192.349284452575,24513.22007899944,63733.58264000126,16464.335195530726
1790299314,40,,Aggregated,0.700000,0.000000,48000,51000,52000,54000,57000,60000,62000,64000,64000,64000,64000,181,0,48000,47021.35188293377,24513.22007899944,63733.58264000126,16401.54143646409
1790299315,40,,Aggregated,0.700000,0.000000,48000,51000,52000,54000,57000,60000,62000,64000,64000,64000,64000,182,0,48000,47029.98270748359,24513.22007899944,63733.58264000126,16395.043956043955
1790299316,40,,Aggregated,0.800000,0.000000,48000,51000,52000,54000,57000,60000,62000,64000,64000,64000,64000,183,0,48000,47015.45677095637,24513.22007899944,63733.58264000126,16383.535519125682
1790299317,40,,Aggregated,1.000000,0.000000,48000,51000,52000,54000,57000,60000,62000,64000,64000,64000,64000,185,0,48000,47020.05607823254,24513.22007899944,63733.58264000126,16389.74054054054
1790299319,40,,Aggregated,1.000000,0.000000,48000,51000,52000,54000,57000,60000,62000,64000,64000,64000,64000,185,0,48000,47020.05607823254,24513.22007899944,63733.58264000126,16389.74054054054
1790299320,40,,Aggregated,1.000000,0.000000,48000,51000,52000,54000,57000,60000,62000,64000,64000,64000,64000,185,0,48000,47020.05607823254,24513.22007899944,63733.58264000126,16389.74054054054
1790299321,40,,Aggregated,0.800000,0.000000,48000,51000,52000,54000,57000,60000,62000,64000,64000,64000,64000,186,0,48000,47055.436270419465,24513.22007899944,63733.58264000126,16393.94623655914
1790299322,40,,Aggregated,0.800000,0.000000,48000,51000,52000,54000,57000,60000,62000,64000,64000,64000,64000,186,0,48000,47055.436270419465,24513.22007899944,63733.58264000126,16393.94623655914
1790299323,40,,Aggregated,0.800000,0.000000,48000,51000,52000,54000,57000,60000,62000,64000,64000,64000,64000,189,0,48000,47006.68109599485,24513.22007899944,63733.58264000126,16382.116402116402
1790299324,40,,Aggregated,0.800000,0.000000,48000,51000,52000,54000,57000,60000,62000,64000,64000,64000,64000,189,0,48000,47006.68109599485,24513.22007899944,63733.58264000126,16382.116402116402
1790299325,40,,Aggregated,0.900000,0.000000,48000,51000,52000,54000,57000,60000,62000,64000,64000,64000,64000,190,0,48000,47036.87744598435,24513.22007899944,63733.58264000126,16388.184210526317
1790299326,40,,Aggregated,0.900000,0.000000,48000,51000,52000,54000,57000,60000,62000,64000,64000,64000,64000,190,0,48000,47036.87744598435,24513.22007899944,63733.58264000126,16388.184210526317
1790299327,40,,Aggregated,1.000000,0.000000,48000,51000,52000,53000,57000,60000,62000,64000,64000,64000,64000,191,0,48000,47065.55049722527,24513.22007899944,63733.58264000126,16395.41884816754
1790299328,40,,Aggregated,1.000000,0.000000,48000,51000,52000,53000,57000,60000,62000,64000,64000,64000,64000,191,0,48000,47065.55049722527,24513.22007899944,63733.58264000126,16395.41884816754
1790299329,40,,Aggregated,0.800000,0.000000,48000,51000,52000,54000,57000,60000,62000,64000,64000,64000,64000,193,0,48000,47101.38869786024,24513.22007899944,63733.58264000126,16403.310880829016
1790299330,40,,Aggregated,0.800000,0.000000,48000,51000,52000,54000,57000,60000,62000,64000,64000,64000,64000,194,0,48000,47095.74066023726,24513.22007899944,63733.58264000126,16404.77319587629
1790299331,40,,Aggregated,0.800000,0.000000,48000,51000,52000,54000,57000,60000,62000,64000,64000,64000,64000,195,0,48000,47142.69977969245,24513.22007899944,63733.58264000126,16421.08205128205
1790299332,40,,Aggregated,0.800000,0.000000,48000,51000,52000,54000,57000,60000,62000,64000,64000,64000,64000,196,0,48000,47115.22211441342,24513.22007899944,63733.58264000126,16409.744897959183
1790299333,40,,Aggregated,0.900000,0.000000,48000,51000,52000,54000,57000,60000,62000,64000,64000,64000,64000,197,0,48000,47114.54786794939,24513.22007899944,63733.58264000126,16412.807106598986
1790299334,40,,Aggregated,0.900000,0.000000,48000,51000,52000,54000,57000,60000,62000,64000,64000,64000,64000,197,0,48000,47114.54786794939,24513.22007899944,63733.58264000126,16412.807106598986
1790299335,40,,Aggregated,1.000000,0.000000,48000,51000,52000,54000,57000,60000,62000,64000,64000,64000,64000,198,0,48000,47126.454026747626,24513.22007899944,63733.58264000126,16417.752525252527
1790299336,40,,Aggregated,0.800000,0.000000,48000,51000,52000,54000,57000,60000,62000,64000,64000,64000,64000,199,0,48000,47058.58645231673,24513.22007899944,63733.58264000126,16399.336683417085
1790299337,40,,Aggregated,0.800000,0.000000,48000,51000,52000,54000,57000,60000,62000,64000,64000,64000,64000,199,0,48000,47058.58645231673,24513.22007899944,63733.58264000126,16399.336683417085
1790299338,40,,Aggregated,0.800000,0.000000,48000,51000,52000,54000,57000,60000,62000,64000,64000,64000,64000,199,0,48000,47058.58645231673,24513.22007899944,63733.58264000126,16399.336683417085
1790299339,40,,Aggregated,0.900000,0.000000,48000,51000,52000,54000,57000,60000,61000,62000,64000,64000,64000,201,0,48000,47102.24487823898,24513.22007899944,63733.58264000126,16411.701492537315
1790299340,40,,Aggregated,0.900000,0.000000,48000,51000,52000,54000,57000,60000,61000,62000,64000,64000,64000,201,0,48000,47102.24487823898,24513.22007899944,63733.58264000126,16411.701492537315
1790299341,40,,Aggregated,0.800000,0.000000,48000,51000,52000,54000,57000,60000,61000,62000,64000,64000,64000,202,0,48000,47103.83830943085,24513.22007899944,63733.58264000126,16409.178217821784
1790299342,40,,Aggregated,0.800000,0.000000,48000,51000,52000,54000,57000,60000,61000,62000,64000,64000,64000,203,0,48000,47079.34283673908,24513.22007899944,63733.58264000126,16404.4039408867
1790299343,40,,Aggregated,0.800000,0.000000,48000,51000,52000,54000,57000,60000,61000,62000,64000,64000,64000,205,0,48000,47119.27105981967,24513.22007899944,63733.58264000126,16411.970731707315
1790299344,40,,Aggregated,0.800000,0.000000,48000,51000,52000,54000,57000,60000,61000,62000,64000,64000,64000,205,0,48000,47119.27105981967,24513.22007899944,63733.58264000126,16411.970731707315
1790299345,40,,Aggregated,0.800000,0.000000,48000,51000,52000,54000,57000,60000,61000,62000,64000,64000,64000,205,0,48000,47119.27105981967,24513.22007899944,63733.58264000126,16411.970731707315
1790299346,40,,Aggregated,0.800000,0.000000,48000,51000,52000,54000,57000,60000,61000,62000,64000,64000,64000,205,0,48000,47119.27105981967,24513.22007899944,63733.58264000126,16411.970731707315
1790299347,40,,Aggregated,0.700000,0.000000,48000,51000,52000,54000,57000,60000,61000,62000,64000,64000,64000,206,0,48000,47170.454340548706,24513.22007899944,63733.58264000126,16427.839805825242
1790299348,40,,Aggregated,0.700000,0.000000,48000,51000,52000,54000,57000,60000,61000,62000,64000,64000,64000,206,0,48000,47170.454340548706,24513.22007899944,63733.58264000126,16427.839805825242
1790299349,40,,Aggregated,0.700000,0.000000,48000,51000,52000,54000,57000,60000,61000,62000,64000,64000,64000,206,0,48000,47170.454340548706,24513.22007899944,63733.58264000126,16427.839805825242
1790299350,40,,Aggregated,0.700000,0.000000,48000,51000,52000,54000,57000,60000,61000,62000,64000,64000,64000,206,0,48000,47170.454340548706,24513.22007899944,63733.58264000126,16427.839805825242
1790299351,40,,Aggregated,0.500000,0.000000,48000,51000,52000,54000,57000,60000,61000,62000,64000,64000,64000,210,0,48000,47036.68386778588,24513.22007899944,63733.58264000126,16387.72380952381
1790299352,40,,Aggregated,0.500000,0.000000,48000,51000,52000,54000,57000,60000,61000,62000,64000,64000,64000,212,0,48000,47084.12349818414,24513.22007899944,63733.58264000126,16395.495283018867
1790299353,40,,Aggregated,0.700000,0.000000,48000,51000,52000,54000,57000,60000,61000,62000,64000,64000,64000,214,0,48000,47084.975745794574,24513.22007899944,63733.58264000126,16393.803738317758
1790299354,40,,Aggregated,0.700000,0.000000,48000,51000,52000,54000,57000,60000,61000,62000,64000,64000,64000,214,0,48000,47084.975745794574,24513.22007899944,63733.58264000126,16393.803738317758
1790299355,40,,Aggregated,0.800000,0.000000,48000,51000,52000,54000,57000,60000,61000,62000,64000,64000,64000,215,0,48000,47103.21173666065,24513.22007899944,63733.58264000126,16401.641860465115
1790299356,40,,Aggregated,0.800000,0.000000,48000,51000,52000,54000,57000,60000,61000,62000,64000,64000,64000,215,0,48000,47103.21173666065,24513.22007899944,63733.58264000126,16401.641860465115
1790299357,40,,Aggregated,0.900000,0.000000,48000,51000,52000,53000,57000,60000,61000,62000,64000,64000,64000,216,0,48000,47083.01162438909,24513.22007899944,63733.58264000126,16395.444444444445
1790299358,40,,Aggregated,1.000000,0.000000,48000,51000,52000,54000,57000,60000,61000,62000,64000,64000,64000,218,0,48000,47146.331506147,24513.22007899944,63733.58264000126,16414.93119266055
1790299359,40,,Aggregated,1.000000,0.000000,48000,51000,52000,54000,57000,60000,61000,62000,64000,64000,64000,219,0,48000,47088.87440510068,24513.22007899944,63733.58264000126,16398.196347031964
1790299360,40,,Aggregated,1.000000,0.000000,48000,51000,52000,54000,57000,60000,61000,62000,64000,64000,64000,219,0,48000,47088.87440510068,24513.22007899944,63733.58264000126,16398.196347031964
1790299361,40,,Aggregated,1.000000,0.000000,48000,51000,52000,54000,57000,60000,61000,62000,64000,64000,64000,219,0,48000,47088.87440510068,24513.22007899944,63733.58264000126,16398.196347031964
1790299362,40,,Aggregated,1.300000,0.000000,48000,51000,52000,54000,57000,60000,61000,62000,64000,64000,64000,220,0,48000,47084.623194872955,24513.22007899944,63733.58264000126,16394.754545454547
1790299363,40,,Aggregated,1.000000,0.000000,48000,51000,52000,54000,57000,60000,61000,62000,64000,64000,64000,222,0,48000,47110.526072937166,24513.22007899944,63733.58264000126,16393.90990990991
1790299364,40,,Aggregated,1.000000,0.000000,48000,51000,52000,54000,57000,60000,61000,62000,64000,64000,64000,222,0,48000,47110.526072937166,24513.22007899944,63733.58264000126,16393.90990990991
1790299365,40,,Aggregated,0.800000,0.000000,48000,51000,52000,54000,57000,60000,61000,62000,64000,64000,64000,224,0,48000,47008.12850800467,24513.22007899944,63733.58264000126,16368.066964285714
1790299366,40,,Aggregated,0.800000,0.000000,48000,51000,52000,54000,57000,60000,61000,62000,64000,64000,64000,224,0,48000,47008.12850800467,24513.22007899944,63733.58264000126,16368.066964285714
1790299367,40,,Aggregated,0.800000,0.000000,48000,51000,52000,54000,57000,60000,61000,62000,64000,64000,64000,224,0,48000,47008.12850800467,24513.22007899944,63733.58264000126,16368.066964285714
1790299368,40,,Aggregated,0.900000,0.000000,48000,51000,52000,54000,57000,60000,61000,62000,64000,64000,64000,225,0,48000,47019.212492377985,24513.22007899944,63733.58264000126,16370.16888888889
1790299369,40,,Aggregated,0.800000,0.000000,48000,51000,52000,53000,57000,60000,61000,62000,64000,64000,64000,226,0,48000,47043.3161104648,24513.22007899944,63733.58264000126,16378.035398230088
1790299370,40,,Aggregated,0.800000,0.000000,48000,51000,52000,53000,57000,60000,61000,62000,64000,64000,64000,226,0,48000,47043.3161104648,24513.22007899944,63733.58264000126,16378.035398230088
1790299371,40,,Aggregated,0.800000,0.000000,48000,51000,52000,53000,57000,60000,61000,62000,64000,64000,64000,226,0,48000,47043.3161104648,24513.22007899944,63733.58264000126,16378.035398230088
1790299372,40,,Aggregated,0.600000,0.000000,48000,51000,52000,54000,57000,60000,62000,62000,64000,64000,64000,228,0,48000,47148.15351138617,24513.22007899944,63733.58264000126,16413.394736842107
1790299373,40,,Aggregated,0.600000,0.000000,48000,51000,52000,54000,57000,60000,62000,62000,64000,64000,64000,228,0,48000,47148.15351138617,24513.22007899944,63733.58264000126,16413.394736842107
1790299374,40,,Aggregated,0.700000,0.000000,48000,51000,52000,54000,57000,60000,62000,62000,64000,64000,64000,229,0,48000,47132.70497370325,24513.22007899944,63733.58264000126,16409.25327510917
1790299375,40,,Aggregated,0.700000,0.000000,48000,51000,52000,54000,57000,60000,62000,62000,64000,64000,64000,230,0,48000,47119.993484917584,24513.22007899944,63733.58264000126,16404.33043478261
1790299376,40,,Aggregated,0.700000,0.000000,48000,51000,52000,54000,57000,60000,62000,62000,64000,64000,64000,230,0,48000,47119.993484917584,24513.22007899944,63733.58264000126,16404.33043478261
1790299377,40,,Aggregated,0.700000,0.000000,48000,51000,52000,54000,57000,60000,62000,62000,64000,64000,64000,231,0,48000,47039.414473238285,24513.22007899944,63733.58264000126,16381.380952380952
1790299378,40,,Aggregated,0.700000,0.000000,48000,51000,52000,54000,57000,60000,62000,62000,64000,64000,64000,232,0,48000,47074.568347418295,24513.22007899944,63733.58264000126,16391.387931034482
1790299379,40,,Aggregated,0.600000,0.000000,48000,51000,52000,54000,57000,60000,62000,62000,64000,64000,64000,233,0,48000,47110.906166489454,24513.22007899944,63733.58264000126,16401.643776824036
1790299380,40,,Aggregated,0.600000,0.000000,48000,51000,52000,54000,57000,60000,62000,62000,64000,64000,64000,233,0,48000,47110.906166489454,24513.22007899944,63733.58264000126,16401.643776824036
1790299381,40,,Aggregated,0.600000,0.000000,48000,51000,52000,54000,57000,60000,62000,62000,64000,64000,64000,233,0,48000,47110.906166489454,24513.22007899944,63733.58264000126,16401.643776824036
1790299382,40,,Aggregated,0.600000,0.000000,48000,51000,52000,54000,57000,60000,62000,62000,64000,64000,64000,233,0,48000,47110.906166489454,24513.22007899944,63733.58264000126,16401.643776824036
1790299383,40,,Aggregated,0.600000,0.000000,48000,51000,52000,54000,57000,60000,62000,62000,64000,64000,64000,233,0,48000,47110.906166489454,24513.22007899944,63733.58264000126,16401.643776824036
1790299384,40,,Aggregated,0.700000,0.000000,48000,51000,52000,54000,57000,60000,62000,62000,64000,64000,64000,236,0,48000,47096.61052694508,24513.22007899944,63733.58264000126,16397.118644067796
1790299385,40,,Aggregated,0.700000,0.000000,48000,51000,52000,54000,57000,60000,62000,62000,64000,64000,64000,236,0,48000,47096.61052694508,24513.22007899944,63733.58264000126,16397.118644067796
1790299386,40,,Aggregated,0.700000,0.000000,48000,51000,52000,54000,57000,60000,62000,62000,64000,64000,64000,237,0,48000,47125.58447638412,24513.22007899944,63733.58264000126,16409.721518987342
1790299387,40,,Aggregated,0.700000,0.000000,48000,51000,52000,54000,57000,60000,62000,62000,64000,64000,64000,240,0,48000,47083.11464873352,24513.22007899944,63733.58264000126,16390.429166666665
1790299388,40,,Aggregated,0.700000,0.000000,48000,51000,52000,54000,57000,60000,62000,62000,64000,64000,64000,240,0,48000,47083.11464873352,24513.22007899944,63733.58264000126,16390.429166666665
1790299389,40,,Aggregated,0.600000,0.000000,48000,51000,52000,54000,57000,60000,62000,62000,64000,64000,64000,241,0,48000,47072.05190983006,24513.22007899944,63733.58264000126,16385.89211618257
1790299390,40,,Aggregated,0.800000,0.000000,48000,51000,53000,54000,57000,61000,62000,64000,66000,66000,66000,243,0,48000,47219.44213141581,24513.22007899944,66469.9525649994,16426.45267489712
1790299391,40,,Aggregated,0.800000,0.000000,48000,51000,53000,54000,57000,61000,62000,64000,66000,66000,66000,243,0,48000,47219.44213141581,24513.22007899944,66469.9525649994,16426.45267489712
1790299392,40,,Aggregated,0.900000,0.000000,48000,51000,53000,54000,57000,61000,62000,64000,66000,66000,66000,245,0,48000,47269.24853702465,24513.22007899944,66469.9525649994,16446.502040816325
1790299393,40,,Aggregated,0.900000,0.000000,48000,51000,53000,54000,57000,61000,62000,64000,66000,66000,66000,246,0,48000,47284.68636489853,24513.22007899944,66469.9525649994,16451.451219512193
1790299394,40,,Aggregated,0.900000,0.000000,48000,51000,53000,54000,57000,61000,62000,64000,66000,66000,66000,246,0,48000,47284.68636489853,24513.22007899944,66469.9525649994,16451.451219512193
1790299395,40,,Aggregated,0.900000,0.000000,48000,51000,53000,54000,57000,61000,62000,64000,66000,66000,66000,246,0,48000,47284.68636489853,24513.22007899944,66469.9525649994,16451.451219512193
1790299396,40,,Aggregated,1.000000,0.000000,48000,51000,53000,54000,57000,61000,62000,64000,66000,66000,66000,247,0,48000,47272.58132023903,24513.22007899944,66469.9525649994,16447.724696356276
1790299397,40,,Aggregated,1.000000,0.000000,48000,51000,53000,54000,57000,61000,62000,64000,66000,66000,66000,248,0,48000,47295.41902019371,24513.22007899944,66469.9525649994,16453.29435483871
1790299398,40,,Aggregated,1.000000,0.000000,48000,51000,53000,54000,57000,61000,62000,64000,66000,66000,66000,248,0,48000,47295.41902019371,24513.22007899944,66469.9525649994,16453.29435483871
1790299399,40,,Aggregated,1.100000,0.000000,48000,51000,53000,54000,57000,61000,62000,64000,66000,66000,66000,249,0,48000,47264.61667931341,24513.22007899944,66469.9525649994,16444.016064257026
1790299400,40,,Aggregated,0.800000,0.000000,48000,51000,53000,54000,57000,61000,62000,64000,66000,66000,66000,250,0,48000,47269.00823053215,24513.22007899944,66469.9525649994,16446.744
1790299401,40,,Aggregated,0.800000,0.000000,48000,51000,53000,54000,57000,61000,62000,64000,66000,66000,66000,251,0,48000,47268.035269729226,24513.22007899944,66469.9525649994,16447.557768924304
1790299402,40,,Aggregated,0.800000,0.000000,48000,51000,53000,54000,57000,61000,62000,64000,66000,66000,66000,251,0,48000,47268.035269729226,24513.22007899944,66469.9525649994,16447.557768924304
1790299403,40,,Aggregated,0.700000,0.000000,48000,51000,52000,54000,57000,61000,62000,64000,66000,66000,66000,253,0,48000,47292.26058081833,24513.22007899944,66469.9525649994,16455.387351778656
1790299404,40,,Aggregated,0.700000,0.000000,48000,51000,52000,54000,57000,61000,62000,64000,66000,66000,66000,253,0,48000,47292.26058081833,24513.22007899944,66469.9525649994,16455.387351778656
1790299405,40,,Aggregated,0.700000,0.000000,48000,51000,52000,54000,57000,61000,62000,64000,66000,66000,66000,254,0,48000,47258.401385153695,24513.22007899944,66469.9525649994,16447.200787401576
1790299406,40,,Aggregated,0.700000,0.000000,48000,51000,52000,54000,57000,61000,62000,64000,66000,66000,66000,255,0,48000,47262.59865296877,24513.22007899944,66469.9525649994,16448.901960784315
1790299407,40,,Aggregated,0.700000,0.000000,48000,51000,52000,54000,57000,61000,62000,64000,66000,66000,66000,257,0,48000,47269.561109198585,24513.22007899944,66469.9525649994,16451.26459143969
1790299408,40,,Aggregated,0.800000,0.000000,48000,51000,52000,54000,57000,61000,62000,64000,66000,66000,66000,259,0,48000,47307.44822873373,24513.22007899944,66469.9525649994,16464.26640926641
1790299409,40,,Aggregated,0.800000,0.000000,48000,51000,52000,54000,57000,61000,62000,64000,66000,66000,66000,259,0,48000,47307.44822873373,24513.22007899944,66469.9525649994,16464.26640926641
1790299410,40,,Aggregated,1.000000,0.000000,48000,51000,53000,54000,57000,61000,62000,64000,66000,66000,66000,260,0,48000,47340.972339669366,24513.22007899944,66469.9525649994,16465.934615384616
1790299411,40,,Aggregated,1.000000,0.000000,48000,51000,53000,54000,57000,61000,62000,64000,66000,66000,66000,260,0,48000,47340.972339669366,24513.22007899944,66469.9525649994,16465.934615384616
1790299412,40,,Aggregated,1.000000,0.000000,48000,51000,52000,54000,57000,60000,62000,64000,66000,66000,66000,261,0,48000,47334.49315083922,24513.22007899944,66469.9525649994,16463.260536398466
1790299413,40,,Aggregated,0.900000,0.000000,48000,51000,52000,54000,57000,60000,62000,64000,66000,66000,66000,263,0,48000,47290.845676901285,24513.22007899944,66469.9525649994,16455.041825095057
1790299414,40,,Aggregated,0.900000,0.000000,48000,51000,52000,54000,57000,60000,62000,64000,66000,66000,66000,263,0,48000,47290.845676901285,24513.22007899944,66469.9525649994,16455.041825095057
1790299415,40,,Aggregated,0.900000,0.000000,48000,51000,52000,54000,57000,60000,62000,64000,66000,66000,66000,263,0,48000,47290.845676901285,24513.22007899944,66469.9525649994,16455.041825095057
1790299416,40,,Aggregated,0.900000,0.000000,48000,51000,52000,54000,57000,60000,62000,64000,66000,66000,66000,263,0,48000,47290.845676901285,24513.22007899944,66469.9525649994,16455.041825095057
1790299417,40,,Aggregated,0.900000,0.000000,48000,51000,52000,54000,57000,60000,62000,64000,66000,66000,66000,263,0,48000,47290.845676901285,24513.22007899944,66469.9525649994,16455.041825095057
1790299418,40,,Aggregated,0.900000,0.000000,48000,51000,52000,54000,57000,60000,62000,64000,66000,66000,66000,263,0,48000,47290.845676901285,24513.22007899944,66469.9525649994,16455.041825095057
1790299419,40,,Aggregated,0.900000,0.000000,48000,51000,52000,54000,57000,60000,62000,64000,66000,66000,66000,264,0,48000,47294.055614189536,24513.22007899944,66469.9525649994,16455.401515151516
1790299420,40,,Aggregated,0.500000,0.000000,48000,51000,52000,54000,57000,60000,62000,64000,66000,66000,66000,265,0,48000,47325.1256592341,24513.22007899944,66469.9525649994,16462.87924528302
1790299421,40,,Aggregated,0.500000,0.000000,48000,51000,53000,54000,57000,61000,62000,64000,66000,66000,66000,266,0,48000,47375.72371772947,24513.22007899944,66469.9525649994,16478.462406015038
1790299422,40,,Aggregated,0.500000,0.000000,48000,51000,53000,54000,57000,61000,62000,64000,66000,66000,66000,266,0,48000,47375.72371772947,24513.22007899944,66469.9525649994,16478.462406015038
1790299423,40,,Aggregated,0.500000,0.000000,48000,51000,53000,54000,57000,61000,62000,64000,66000,66000,66000,266,0,48000,47375.72371772947,24513.22007899944,66469.9525649994,16478.462406015038
1790299424,40,,Aggregated,0.600000,0.000000,48000,51000,53000,54000,57000,61000,62000,64000,66000,66000,66000,268,0,48000,47284.284653966555,24513.22007899944,66469.9525649994,16455.514925373136
1790299425,40,,Aggregated,0.600000,0.000000,48000,51000,53000,54000,57000,61000,62000,64000,66000,66000,66000,268,0,48000,47284.284653966555,24513.22007899944,66469.9525649994,16455.514925373136
1790299426,40,,Aggregated,0.600000,0.000000,48000,51000,53000,54000,57000,61000,62000,64000,66000,66000,66000,268,0,48000,47284.284653966555,24513.22007899944,66469.9525649994,16455.514925373136
1790299427,40,,Aggregated,0.500000,0.000000,48000,51000,52000,54000,57000,61000,62000,64000,66000,66000,66000,269,0,48000,47290.15987302244,24513.22007899944,66469.9525649994,16456.698884758363
1790299428,40,,Aggregated,0.500000,0.000000,48000,51000,52000,54000,57000,61000,62000,64000,66000,66000,66000,272,0,48000,47224.87725261777,24513.22007899944,66469.9525649994,16427.632352941175
1790299429,40,,Aggregated,0.500000,0.000000,48000,51000,52000,54000,57000,61000,62000,64000,66000,66000,66000,272,0,48000,47224.87725261777,24513.22007899944,66469.9525649994,16427.632352941175
1790299430,40,,Aggregated,0.800000,0.000000,48000,51000,53000,54000,57000,61000,62000,64000,66000,66000,66000,275,0,48000,47245.30336627648,24513.22007899944,66469.9525649994,16432.12
1790299431,40,,Aggregated,0.800000,0.000000,48000,51000,53000,54000,57000,61000,62000,64000,66000,66000,66000,275,0,48000,47245.30336627648,24513.22007899944,66469.9525649994,16432.12
1790299432,40,,Aggregated,1.000000,0.000000,48000,51000,53000,54000,57000,61000,62000,64000,66000,66000,66000,279,0,48000,47294.09481654853,24513.22007899944,66469.9525649994,16453.37634408602
1790299433,40,,Aggregated,0.900000,0.000000,48000,51000,53000,54000,57000,61000,62000,64000,66000,66000,66000,281,0,48000,47320.094001669175,24513.22007899944,66469.9525649994,16461.398576512456
1790299434,40,,Aggregated,0.900000,0.000000,48000,51000,53000,54000,57000,61000,62000,64000,66000,66000,66000,281,0,48000,47320.094001669175,24513.22007899944,66469.9525649994,16461.398576512456
1790299435,40,,Aggregated,1.300000,0.000000,48000,51000,53000,54000,57000,61000,62000,64000,66000,66000,66000,282,0,48000,47305.159140893746,24513.22007899944,66469.9525649994,16456.748226950356
1790299436,40,,Aggregated,1.500000,0.000000,48000,51000,53000,54000,57000,61000,62000,64000,66000,66000,66000,285,0,48000,47289.92294071241,24513.22007899944,66469.9525649994,16451.22807017544
1790299437,40,,Aggregated,1.500000,0.000000,48000,51000,53000,54000,57000,61000,62000,64000,66000,66000,66000,285,0,48000,47289.92294071241,24513.22007899944,66469.9525649994,16451.22807017544
1790299438,40,,Aggregated,1.500000,0.000000,48000,51000,53000,54000,57000,61000,62000,64000,66000,66000,66000,285,0,48000,47289.92294071241,24513.22007899944,66469.9525649994,16451.22807017544
1790299439,40,,Aggregated,1.500000,0.000000,48000,51000,53000,54000,57000,61000,62000,64000,66000,66000,66000,285,0,48000,47289.92294071241,24513.22007899944,66469.9525649994,16451.22807017544
1790299440,40,,Aggregated,1.400000,0.000000,48000,51000,53000,54000,57000,61000,62000,64000,66000,66000,66000,287,0,48000,47246.67377142522,24513.22007899944,66469.9525649994,16434.658536585364
1790299441,40,,Aggregated,1.400000,0.000000,48000,51000,53000,54000,57000,61000,62000,64000,66000,66000,66000,287,0,48000,47246.67377142522,24513.22007899944,66469.9525649994,16434.658536585364
1790299442,40,,Aggregated,1.100000,0.000000,48000,51000,53000,54000,57000,61000,62000,64000,66000,66000,66000,288,0,48000,47234.719724253606,24513.22007899944,66469.9525649994,16430.340277777777
1790299443,40,,Aggregated,1.200000,0.000000,48000,51000,52000,54000,57000,61000,62000,64000,66000,66000,66000,289,0,48000,47194.02209034962,24513.22007899944,66469.9525649994,16414.979238754324
1790299444,40,,Aggregated,1.200000,0.000000,48000,51000,52000,54000,57000,61000,62000,64000,66000,66000,66000,289,0,48000,47194.02209034962,24513.22007899944,66469.9525649994,16414.979238754324
1790299445,40,,Aggregated,1.200000,0.000000,48000,51000,53000,54000,58000,61000,62000,64000,66000,66000,66000,290,0,48000,47236.90661913807,24513.22007899944,66469.9525649994,16425.44827586207
1790299446,40,,Aggregated,1.200000,0.000000,48000,51000,53000,54000,58000,61000,62000,64000,66000,66000,66000,290,0,48000,47236.90661913807,24513.22007899944,66469.9525649994,16425.44827586207
1790299447,40,,Aggregated,1.200000,0.000000,48000,51000,53000,54000,58000,61000,62000,64000,66000,66000,66000,290,0,48000,47236.90661913807,24513.22007899944,66469.9525649994,16425.44827586207
1790299448,40,,Aggregated,0.600000,0.000000,48000,51000,53000,54000,57000,61000,62000,64000,66000,66000,66000,291,0,48000,47259.415714931405,24513.22007899944,66469.9525649994,16436.89003436426
1790299449,40,,Aggregated,0.500000,0.000000,48000,51000,53000,54000,57000,61000,62000,64000,66000,66000,66000,292,0,48000,47258.54983005493,24513.22007899944,66469.9525649994,16436.359589041094
1790299450,40,,Aggregated,0.500000,0.000000,48000,51000,53000,54000,57000,61000,62000,64000,66000,66000,66000,292,0,48000,47258.54983005493,24513.22007899944,66469.9525649994,16436.359589041094
1790299451,40,,Aggregated,0.600000,0.000000,48000,51000,53000,54000,57000,61000,62000,64000,66000,66000,66000,293,0,48000,47241.69420040285,24513.22007899944,66469.9525649994,16430.43686006826
1790299452,40,,Aggregated,0.600000,0.000000,48000,51000,53000,54000,57000,61000,62000,64000,66000,66000,66000,293,0,48000,47241.69420040285,24513.22007899944,66469.9525649994,16430.43686006826
1790299453,40,,Aggregated,0.500000,0.000000,48000,51000,53000,54000,57000,61000,62000,64000,66000,66000,66000,294,0,48000,47248.22498081645,24513.22007899944,66469.9525649994,16432.80612244898
1790299454,40,,Aggregated,0.600000,0.000000,48000,51000,53000,54000,57000,61000,62000,64000,66000,66000,66000,295,0,48000,47248.725263434026,24513.22007899944,66469.9525649994,16437.833898305085
1790299455,40,,Aggregated,0.500000,0.000000,48000,51000,52000,54000,57000,61000,62000,64000,66000,66000,66000,297,0,48000,47180.07403937386,23218.224591000762,66469.9525649994,16411.49494949495
1790299456,40,,Aggregated,0.500000,0.000000,48000,51000,52000,54000,57000,61000,62000,64000,66000,66000,66000,297,0,48000,47180.07403937386,23218.224591000762,66469.9525649994,16411.49494949495
1790299457,40,,Aggregated,0.500000,0.000000,48000,51000,52000,54000,57000,61000,62000,64000,66000,66000,66000,298,0,48000,47116.73470241959,23218.224591000762,66469.9525649994,16388.104026845638
1790299458,40,,Aggregated,0.500000,0.000000,48000,51000,52000,54000,57000,61000,62000,64000,66000,66000,66000,298,0,48000,47116.73470241959,23218.224591000762,66469.9525649994,16388.104026845638
1790299459,40,,Aggregated,0.700000,0.000000,48000,51000,52000,54000,57000,61000,62000,64000,66000,66000,66000,300,0,48000,47049.48879380011,23218.224591000762,66469.9525649994,16369.966666666667
1790299460,40,,Aggregated,0.800000,0.000000,48000,51000,52000,54000,57000,60000,62000,64000,66000,66000,66000,304,0,48000,47072.50149430601,23218.224591000762,66469.9525649994,16372.003289473685
1790299461,40,,Aggregated,0.800000,0.000000,48000,51000,52000,54000,57000,60000,62000,64000,66000,66000,66000,304,0,48000,47072.50149430601,23218.224591000762,66469.9525649994,16372.003289473685
1790299462,40,,Aggregated,0.800000,0.000000,48000,51000,52000,54000,57000,60000,62000,64000,66000,66000,66000,305,0,48000,47021.64840017386,23218.224591000762,66469.9525649994,16352.2
1790299463,40,,Aggregated,0.800000,0.000000,48000,51000,52000,54000,57000,60000,62000,64000,66000,66000,66000,305,0,48000,47021.64840017386,23218.224591000762,66469.9525649994,16352.2
1790299464,40,,Aggregated,0.800000,0.000000,48000,51000,52000,54000,57000,60000,62000,64000,66000,66000,66000,305,0,48000,47021.64840017386,23218.224591000762,66469.9525649994,16352.2
1790299465,40,,Aggregated,0.800000,0.000000,48000,51000,52000,54000,57000,60000,62000,64000,66000,66000,66000,305,0,48000,47021.64840017386,23218.224591000762,66469.9525649994,16352.2
1790299466,40,,Aggregated,0.800000,0.000000,48000,51000,52000,54000,57000,60000,62000,64000,66000,66000,66000,305,0,48000,47021.64840017386,23218.224591000762,66469.9525649994,16352.2
1790299467,40,,Aggregated,1.000000,0.000000,48000,51000,52000,54000,57000,60000,62000,64000,66000,66000,66000,306,0,48000,47062.0466850916,23218.224591000762,66469.9525649994,16363.967320261438
1790299468,40,,Aggregated,1.000000,0.000000,48000,51000,52000,54000,57000,60000,62000,64000,66000,66000,66000,306,0,48000,47062.0466850916,23218.224591000762,66469.9525649994,16363.967320261438
1790299469,40,,Aggregated,1.000000,0.000000,48000,51000,52000,54000,57000,60000,62000,64000,66000,66000,66000,306,0,48000,47062.0466850916,23218.224591000762,66469.9525649994,16363.967320261438
1790299471,40,,Aggregated,1.000000,0.000000,48000,51000,52000,54000,57000,60000,62000,64000,66000,66000,66000,306,0,48000,47062.0466850916,23218.224591000762,66469.9525649994,16363.967320261438
1790299472,40,,Aggregated,0.700000,0.000000,48000,51000,52000,54000,57000,60000,62000,64000,66000,66000,66000,308,0,48000,47040.11358923061,23218.224591000762,66469.9525649994,16362.142857142857
1790299473,40,,Aggregated,0.600000,0.000000,48000,51000,52000,54000,57000,60000,62000,64000,66000,66000,66000,311,0,48000,47097.81000013192,23218.224591000762,66469.9525649994,16379.263665594855
1790299474,40,,Aggregated,0.600000,0.000000,48000,51000,52000,54000,57000,60000,62000,64000,66000,66000,66000,311,0,48000,47097.81000013192,23218.224591000762,66469.9525649994,16379.263665594855
1790299475,40,,Aggregated,0.400000,0.000000,48000,51000,52000,54000,57000,60000,62000,64000,66000,66000,66000,312,0,48000,47105.025074897516,23218.224591000762,66469.9525649994,16377.115384615385
1790299476,40,,Aggregated,0.600000,0.000000,48000,51000,52000,54000,57000,60000,62000,64000,66000,66000,66000,313,0,48000,47129.92825598411,23218.224591000762,66469.9525649994,16379.97124600639
1790299477,40,,Aggregated,0.600000,0.000000,48000,51000,52000,54000,57000,60000,62000,64000,66000,66000,66000,316,0,48000,47104.534533364014,23218.224591000762,66469.9525649994,16374.42088607595
1790299478,40,,Aggregated,0.600000,0.000000,48000,51000,52000,54000,57000,60000,62000,64000,66000,66000,66000,316,0,48000,47104.534533364014,23218.224591000762,66469.9525649994,16374.42088607595
1790299479,40,,Aggregated,1.100000,0.000000,48000,51000,52000,54000,57000,60000,62000,64000,66000,66000,66000,318,0,48000,47086.24097570763,23218.224591000762,66469.9525649994,16374.106918238993
1790299480,40,,Aggregated,1.100000,0.000000,48000,51000,52000,54000,57000,60000,62000,64000,66000,66000,66000,318,0,48000,47086.24097570763,23218.224591000762,66469.9525649994,16374.106918238993
1790299481,40,,Aggregated,1.000000,0.000000,48000,51000,52000,54000,57000,60000,62000,64000,66000,66000,66000,319,0,48000,47072.213838937394,23218.224591000762,66469.9525649994,16371.156739811911
1790299482,40,,Aggregated,1.000000,0.000000,48000,51000,52000,54000,57000,60000,62000,64000,66000,66000,66000,319,0,48000,47072.213838937394,23218.224591000762,66469.9525649994,16371.156739811911
1790299483,40,,Aggregated,1.200000,0.000000,47000,51000,52000,54000,57000,60000,62000,64000,66000,66000,66000,321,0,47000,47030.36287240507,23218.224591000762,66469.9525649994,16355.735202492211
1790299484,40,,Aggregated,1.200000,0.000000,47000,51000,52000,54000,57000,60000,62000,64000,66000,66000,66000,321,0,47000,47030.36287240507,23218.224591000762,66469.9525649994,16355.735202492211
1790299485,40,,Aggregated,1.100000,0.000000,48000,51000,52000,54000,57000,60000,62000,64000,66000,66000,66000,323,0,48000,47047.90858026635,23218.224591000762,66469.9525649994,16359.609907120743
1790299486,40,,Aggregated,1.100000,0.000000,48000,51000,52000,54000,57000,60000,62000,64000,66000,66000,66000,323,0,48000,47047.90858026635,23218.224591000762,66469.9525649994,16359.609907120743
1790299487,40,,Aggregated,1.000000,0.000000,48000,51000,52000,54000,57000,60000,62000,64000,66000,66000,66000,324,0,48000,47034.97480240133,23218.224591000762,66469.9525649994,16355.62962962963
1790299488,40,,Aggregated,1.000000,0.000000,48000,51000,52000,54000,57000,60000,62000,64000,66000,66000,66000,325,0,48000,47057.005699344714,23218.224591000762,66469.9525649994,16362.00923076923
1790299489,40,,Aggregated,1.000000,0.000000,48000,51000,52000,54000,57000,60000,62000,64000,66000,66000,66000,325,0,48000,47057.005699344714,23218.224591000762,66469.9525649994,16362.00923076923
1790299490,40,,Aggregated,1.000000,0.000000,48000,51000,52000,54000,57000,60000,62000,64000,66000,66000,66000,325,0,48000,47057.005699344714,23218.224591000762,66469.9525649994,16362.00923076923
1790299491,40,,Aggregated,0.800000,0.000000,48000,51000,52000,54000,57000,60000,62000,64000,66000,66000,66000,326,0,48000,47051.63753978231,23218.224591000762,66469.9525649994,16358.125766871166
1790299492,40,,Aggregated,0.800000,0.000000,48000,51000,52000,54000,57000,60000,62000,64000,66000,66000,66000,326,0,48000,47051.63753978231,23218.224591000762,66469.9525649994,16358.125766871166
1790299493,40,,Aggregated,0.700000,0.000000,48000,51000,52000,54000,57000,60000,62000,64000,66000,66000,66000,328,0,48000,47100.1187097318,23218.224591000762,66469.9525649994,16377.234756097561
1790299494,40,,Aggregated,0.700000,0.000000,48000,51000,52000,54000,57000,60000,62000,64000,66000,66000,66000,328,0,48000,47100.1187097318,23218.224591000762,66469.9525649994,16377.234756097561
1790299495,40,,Aggregated,0.700000,0.000000,48000,51000,52000,54000,57000,60000,62000,64000,66000,66000,66000,328,0,48000,47100.1187097318,23218.224591000762,66469.9525649994,16377.234756097561
1790299496,40,,Aggregated,0.700000,0.000000,48000,51000,52000,54000,57000,60000,62000,64000,66000,66000,66000,330,0,48000,47057.570692784946,23218.224591000762,66469.9525649994,16361.481818181817
1790299497,40,,Aggregated,0.700000,0.000000,48000,51000,52000,54000,57000,60000,62000,64000,66000,66000,66000,330,0,48000,47057.570692784946,23218.224591000762,66469.9525649994,16361.481818181817
1790299498,40,,Aggregated,0.700000,0.000000,48000,51000,52000,54000,57000,60000,62000,64000,66000,66000,66000,330,0,48000,47057.570692784946,23218.224591000762,66469.9525649994,16361.481818181817
1790299499,40,,Aggregated,0.700000,0.000000,48000,51000,52000,54000,57000,60000,62000,64000,66000,66000,66000,330,0,48000,47057.570692784946,23218.224591000762,66469.9525649994,16361.481818181817
1790299500,40,,Aggregated,0.600000,0.000000,47000,51000,52000,54000,57000,60000,62000,64000,66000,66000,66000,332,0,47000,47032.95393617779,23218.224591000762,66469.9525649994,16351.80421686747
1790299501,40,,Aggregated,0.600000,0.000000,48000,51000,52000,54000,57000,60000,62000,64000,66000,66000,66000,334,0,48000,47097.18000514379,23218.224591000762,66469.9525649994,16365.619760479041
1790299502,40,,Aggregated,0.600000,0.000000,48000,51000,52000,54000,57000,60000,62000,64000,66000,66000,66000,336,0,48000,47079.962326571505,23218.224591000762,66469.9525649994,16357.848214285714
1790299503,40,,Aggregated,0.600000,0.000000,48000,51000,52000,54000,57000,60000,62000,64000,66000,66000,66000,336,0,48000,47079.962326571505,23218.224591000762,66469.9525649994,16357.848214285714
1790299504,40,,Aggregated,0.600000,0.000000,48000,51000,52000,54000,57000,60000,62000,64000,66000,66000,66000,336,0,48000,47079.962326571505,23218.224591000762,66469.9525649994,16357.848214285714
1790299505,40,,Aggregated,0.600000,0.000000,48000,51000,52000,54000,57000,60000,62000,64000,66000,66000,66000,336,0,48000,47079.962326571505,23218.224591000762,66469.9525649994,16357.848214285714
1790299506,40,,Aggregated,0.600000,0.000000,48000,51000,52000,54000,57000,60000,62000,64000,66000,66000,66000,336,0,48000,47079.962326571505,23218.224591000762,66469.9525649994,16357.848214285714
1790299507,40,,Aggregated,0.800000,0.000000,48000,51000,52000,54000,57000,60000,62000,64000,66000,66000,66000,338,0,48000,47053.12570871606,23218.224591000762,66469.9525649994,16349.284023668639
1790299508,40,,Aggregated,0.600000,0.000000,48000,51000,52000,54000,57000,60000,62000,64000,66000,66000,66000,341,0,48000,47055.78881561006,23218.224591000762,66469.9525649994,16351.873900293254
1790299509,40,,Aggregated,0.600000,0.000000,48000,51000,52000,54000,57000,60000,62000,64000,66000,66000,66000,341,0,48000,47055.78881561006,23218.224591000762,66469.9525649994,16351.873900293254
1790299510,40,,Aggregated,1.000000,0.000000,48000,51000,52000,54000,57000,60000,62000,64000,66000,66000,66000,344,0,48000,47075.71349705243,23218.224591000762,66469.9525649994,16361.142441860466
1790299511,40,,Aggregated,1.000000,0.000000,48000,51000,52000,54000,57000,60000,62000,64000,66000,66000,66000,344,0,48000,47075.71349705243,23218.224591000762,66469.9525649994,16361.142441860466
1790299512,40,,Aggregated,1.000000,0.000000,48000,51000,52000,54000,57000,60000,62000,64000,66000,66000,66000,344,0,48000,47075.71349705243,23218.224591000762,66469.9525649994,16361.142441860466
1790299513,40,,Aggregated,1.000000,0.000000,48000,51000,52000,54000,57000,60000,62000,64000,66000,66000,66000,344,0,48000,47075.71349705243,23218.224591000762,66469.9525649994,16361.142441860466
1790299514,40,,Aggregated,1.000000,0.000000,48000,51000,52000,54000,57000,60000,62000,64000,66000,66000,66000,344,0,48000,47075.71349705243,23218.224591000762,66469.9525649994,16361.142441860466
1790299515,40,,Aggregated,0.800000,0.000000,48000,51000,52000,54000,57000,60000,62000,64000,66000,66000,66000,347,0,48000,47061.314646124025,23218.224591000762,66469.9525649994,16357.64553314121
1790299516,40,,Aggregated,0.800000,0.000000,48000,51000,52000,54000,57000,60000,62000,64000,66000,66000,66000,347,0,48000,47061.314646124025,23218.224591000762,66469.9525649994,16357.64553314121
1790299517,40,,Aggregated,1.000000,0.000000,48000,51000,52000,54000,57000,60000,62000,64000,66000,66000,66000,348,0,48000,47048.57070453171,23218.224591000762,66469.9525649994,16351.91091954023
1790299518,40,,Aggregated,1.000000,0.000000,47000,51000,52000,54000,57000,60000,62000,64000,66000,66000,66000,349,0,47000,47039.80241622934,23218.224591000762,66469.9525649994,16350.146131805157
1790299519,40,,Aggregated,1.100000,0.000000,48000,51000,52000,54000,57000,60000,62000,64000,66000,66000,66000,351,0,48000,47098.371435581306,23218.224591000762,66469.9525649994,16369.20227920228
1790299520,40,,Aggregated,1.100000,0.000000,48000,51000,52000,54000,57000,60000,62000,64000,66000,66000,66000,352,0,48000,47099.18285835806,23218.224591000762,66469.9525649994,16366.136363636364
1790299521,40,,Aggregated,1.100000,0.000000,48000,51000,52000,54000,57000,60000,62000,64000,66000,66000,66000,352,0,48000,47099.18285835806,23218.224591000762,66469.9525649994,16366.136363636364
1790299522,40,,Aggregated,1.100000,0.000000,48000,51000,52000,54000,57000,60000,62000,64000,66000,66000,66000,352,0,48000,47099.18285835806,23218.224591000762,66469.9525649994,16366.136363636364
1790299523,40,,Aggregated,1.100000,0.000000,48000,51000,52000,54000,57000,60000,62000,64000,66000,66000,66000,352,0,48000,47099.18285835806,23218.224591000762,66469.9525649994,16366.136363636364
1790299524,40,,Aggregated,0.800000,0.000000,47000,51000,52000,54000,57000,60000,62000,64000,66000,66000,66000,353,0,47000,47056.10860996044,23218.224591000762,66469.9525649994,16354.597733711049
1790299525,40,,Aggregated,0.800000,0.000000,47000,51000,52000,54000,57000,60000,62000,64000,66000,66000,66000,357,0,47000,47025.33242569758,23218.224591000762,66469.9525649994,16346.341736694678
1790299526,40,,Aggregated,0.800000,0.000000,47000,51000,52000,54000,57000,60000,62000,64000,66000,66000,66000,357,0,47000,47025.33242569758,23218.224591000762,66469.9525649994,16346.341736694678
1790299527,40,,Aggregated,0.800000,0.000000,48000,51000,52000,54000,57000,60000,62000,64000,66000,66000,66000,358,0,48000,47044.64899885485,23218.224591000762,66469.9525649994,16352.195530726258
1790299528,40,,Aggregated,1.000000,0.000000,48000,51000,52000,54000,57000,60000,62000,64000,66000,66000,66000,360,0,48000,47038.90037843899,23218.224591000762,66469.9525649994,16353.336111111112
1790299529,40,,Aggregated,1.000000,0.000000,48000,51000,52000,54000,57000,60000,62000,64000,66000,66000,66000,360,0,48000,47038.90037843899,23218.224591000762,66469.9525649994,16353.336111111112
1790299530,40,,Aggregated,1.000000,0.000000,48000,51000,52000,54000,57000,60000,62000,64000,66000,66000,66000,360,0,48000,47038.90037843899,23218.224591000762,66469.9525649994,16353.336111111112
1790299531,40,,Aggregated,0.900000,0.000000,47000,51000,52000,54000,57000,60000,62000,64000,66000,66000,66000,361,0,47000,47033.74952764278,23218.224591000762,66469.9525649994,16351.398891966759
1790299532,40,,Aggregated,0.800000,0.000000,48000,51000,52000,54000,57000,60000,62000,64000,66000,66000,66000,362,0,48000,47037.43157547802,23218.224591000762,66469.9525649994,16353.82044198895
1790299533,40,,Aggregated,0.800000,0.000000,48000,51000,52000,54000,57000,60000,62000,64000,66000,66000,66000,363,0,48000,47048.88025848772,23218.224591000762,66469.9525649994,16357.181818181818
1790299534,40,,Aggregated,0.800000,0.000000,48000,51000,52000,54000,57000,60000,62000,64000,66000,66000,66000,363,0,48000,47048.88025848772,23218.224591000762,66469.9525649994,16357.181818181818
1790299535,40,,Aggregated,0.800000,0.000000,48000,51000,52000,54000,57000,60000,62000,64000,66000,66000,66000,363,0,48000,47048.88025848772,23218.224591000762,66469.9525649994,16357.181818181818
1790299536,40,,Aggregated,0.800000,0.000000,48000,51000,52000,54000,57000,60000,62000,64000,66000,66000,66000,363,0,48000,47048.88025848772,23218.224591000762,66469.9525649994,16357.181818181818
1790299537,40,,Aggregated,1.100000,0.000000,48000,51000,52000,54000,57000,60000,62000,64000,66000,66000,66000,364,0,48000,47081.14757342044,23218.224591000762,66469.9525649994,16366.436813186812
1790299538,40,,Aggregated,0.700000,0.000000,48000,51000,52000,54000,57000,60000,62000,64000,66000,66000,66000,365,0,48000,47095.74321578915,23218.224591000762,66469.9525649994,16369.353424657535
1790299539,40,,Aggregated,0.700000,0.000000,48000,51000,52000,54000,57000,60000,62000,64000,66000,66000,66000,365,0,48000,47095.74321578915,23218.224591000762,66469.9525649994,16369.353424657535
1790299540,40,,Aggregated,0.700000,0.000000,48000,51000,52000,54000,57000,60000,62000,64000,66000,66000,66000,365,0,48000,47095.74321578915,23218.224591000762,66469.9525649994,16369.353424657535
1790299541,40,,Aggregated,0.500000,0.000000,48000,51000,52000,54000,57000,60000,62000,64000,66000,66000,66000,366,0,48000,47073.785104696835,23218.224591000762,66469.9525649994,16364.292349726777
1790299542,40,,Aggregated,0.500000,0.000000,48000,51000,52000,54000,57000,60000,62000,64000,66000,66000,66000,367,0,48000,47074.775371332544,23218.224591000762,66469.9525649994,16365.452316076295
1790299543,40,,Aggregated,0.500000,0.000000,48000,51000,52000,54000,57000,60000,62000,64000,66000,66000,66000,367,0,48000,47074.775371332544,23218.224591000762,66469.9525649994,16365.452316076295
1790299544,40,,Aggregated,0.600000,0.000000,48000,51000,52000,54000,57000,60000,62000,64000,66000,66000,66000,368,0,48000,47101.64446405447,23218.224591000762,66469.9525649994,16376.529891304348
1790299545,40,,Aggregated,0.600000,0.000000,48000,51000,52000,54000,57000,60000,62000,64000,66000,66000,66000,369,0,48000,47091.92961799199,23218.224591000762,66469.9525649994,16375.016260162602
1790299546,40,,Aggregated,0.600000,0.000000,48000,51000,52000,54000,57000,60000,62000,64000,66000,66000,66000,369,0,48000,47091.92961799199,23218.224591000762,66469.9525649994,16375.016260162602
1790299547,40,,Aggregated,0.600000,0.000000,48000,51000,52000,54000,57000,60000,62000,64000,66000,66000,66000,369,0,48000,47091.92961799199,23218.224591000762,66469.9525649994,16375.016260162602
1790299548,40,,Aggregated,0.600000,0.000000,48000,51000,52000,54000,57000,60000,62000,64000,66000,66000,66000,369,0,48000,47091.92961799199,23218.224591000762,66469.9525649994,16375.016260162602
1790299549,40,,Aggregated,0.500000,0.000000,48000,51000,52000,54000,57000,60000,62000,64000,66000,66000,66000,371,0,48000,47068.296207417916,23218.224591000762,66469.9525649994,16366.576819407008
1790299550,40,,Aggregated,0.500000,0.000000,48000,51000,52000,54000,57000,60000,62000,64000,66000,66000,66000,371,0,48000,47068.296207417916,23218.224591000762,66469.9525649994,16366.576819407008
1790299551,40,,Aggregated,0.500000,0.000000,48000,51000,52000,54000,57000,60000,62000,64000,66000,66000,66000,371,0,48000,47068.296207417916,23218.224591000762,66469.9525649994,16366.576819407008
1790299552,40,,Aggregated,0.500000,0.000000,48000,51000,52000,54000,57000,60000,62000,64000,66000,66000,66000,372,0,48000,47074.02458706733,23218.224591000762,66469.9525649994,16366.38440860215
1790299553,40,,Aggregated,0.600000,0.000000,48000,51000,52000,54000,57000,60000,62000,64000,66000,66000,66000,373,0,48000,47087.57302409932,23218.224591000762,66469.9525649994,16364.764075067023
1790299554,40,,Aggregated,0.500000,0.000000,48000,51000,52000,54000,57000,60000,62000,64000,66000,66000,66000,374,0,48000,47121.892484425254,23218.224591000762,66469.9525649994,16375.497326203209
1790299555,40,,Aggregated,0.500000,0.000000,48000,51000,52000,54000,57000,60000,62000,64000,66000,66000,66000,377,0,48000,47123.08790364202,23218.224591000762,66469.9525649994,16376.76923076923
1790299556,40,,Aggregated,0.500000,0.000000,48000,51000,52000,54000,57000,60000,62000,64000,66000,66000,66000,377,0,48000,47123.08790364202,23218.224591000762,66469.9525649994,16376.76923076923
1790299557,40,,Aggregated,0.500000,0.000000,48000,51000,52000,54000,57000,60000,62000,64000,66000,66000,66000,378,0,48000,47143.04809914298,23218.224591000762,66469.9525649994,16382.497354497355
1790299558,40,,Aggregated,0.800000,0.000000,48000,51000,52000,54000,57000,60000,62000,64000,66000,66000,66000,380,0,48000,47145.14449656066,23218.224591000762,66469.9525649994,16379.77894736842
1790299559,40,,Aggregated,0.800000,0.000000,48000,51000,52000,54000,57000,60000,62000,64000,66000,66000,66000,381,0,48000,47152.57707617073,23218.224591000762,66469.9525649994,16381.721784776902
1790299560,40,,Aggregated,0.900000,0.000000,48000,51000,52000,54000,57000,60000,62000,64000,66000,66000,66000,382,0,48000,47136.29443926192,23218.224591000762,66469.9525649994,16374.494764397905
1790299561,40,,Aggregated,1.000000,0.000000,48000,51000,52000,54000,57000,60000,62000,64000,66000,66000,66000,385,0,48000,47120.48195482611,23218.224591000762,66469.9525649994,16372.922077922078
1790299562,40,,Aggregated,1.000000,0.000000,48000,51000,52000,54000,57000,60000,62000,64000,66000,66000,66000,386,0,48000,47165.63925479545,23218.224591000762,66469.9525649994,16387.10103626943
1790299563,40,,Aggregated,1.000000,0.000000,48000,51000,52000,54000,57000,60000,62000,64000,66000,66000,66000,388,0,48000,47158.64383939187,23218.224591000762,66469.9525649994,16379.693298969072
1790299564,40,,Aggregated,1.300000,0.000000,48000,51000,52000,54000,57000,60000,62000,64000,66000,66000,66000,390,0,48000,47117.633971741125,23218.224591000762,66469.9525649994,16367.687179487179
1790299565,40,,Aggregated,1.300000,0.000000,48000,51000,52000,54000,57000,60000,62000,64000,66000,66000,66000,390,0,48000,47117.633971741125,23218.224591000762,66469.9525649994,16367.687179487179
1790299566,40,,Aggregated,1.300000,0.000000,48000,51000,52000,54000,57000,60000,62000,64000,66000,66000,66000,390,0,48000,47117.633971741125,23218.224591000762,66469.9525649994,16367.687179487179
1790299567,40,,Aggregated,1.300000,0.000000,48000,51000,52000,54000,57000,60000,62000,64000,66000,66000,66000,390,0,48000,47117.633971741125,23218.224591000762,66469.9525649994,16367.687179487179
1790299568,40,,Aggregated,1.300000,0.000000,48000,51000,52000,54000,57000,60000,62000,64000,66000,66000,66000,390,0,48000,47117.633971741125,23218.224591000762,66469.9525649994,16367.687179487179
1790299569,40,,Aggregated,1.300000,0.000000,48000,51000,52000,54000,57000,60000,62000,64000,66000,66000,66000,390,0,48000,47117.633971741125,23218.224591000762,66469.9525649994,16367.687179487179
1790299570,40,,Aggregated,1.200000,0.000000,48000,51000,52000,54000,57000,60000,62000,64000,66000,66000,66000,392,0,48000,47115.980904857235,23218.224591000762,66469.9525649994,16370.727040816326
1790299571,40,,Aggregated,1.000000,0.000000,48000,51000,52000,54000,57000,60000,62000,64000,66000,66000,66000,394,0,48000,47129.744759718364,23218.224591000762,66469.9525649994,16374.467005076142
1790299572,40,,Aggregated,1.000000,0.000000,48000,51000,52000,54000,57000,60000,62000,64000,66000,66000,66000,395,0,48000,47150.430226432996,23218.224591000762,66469.9525649994,16382.637974683545
1790299573,40,,Aggregated,1.000000,0.000000,48000,51000,52000,54000,57000,60000,62000,64000,66000,66000,66000,396,0,48000,47167.09348816675,23218.224591000762,66469.9525649994,16387.30808080808
1790299574,40,,Aggregated,1.000000,0.000000,48000,51000,52000,54000,57000,60000,62000,64000,66000,66000,66000,396,0,48000,47167.09348816675,23218.224591000762,66469.9525649994,16387.30808080808
1790299575,40,,Aggregated,1.000000,0.000000,48000,51000,52000,54000,57000,60000,62000,64000,66000,66000,66000,396,0,48000,47167.09348816675,23218.224591000762,66469.9525649994,16387.30808080808
1790299576,40,,Aggregated,0.800000,0.000000,48000,51000,52000,54000,57000,60000,62000,64000,66000,66000,66000,397,0,48000,47169.39755203031,23218.224591000762,66469.9525649994,16389.14861460957
1790299577,40,,Aggregated,0.800000,0.000000,48000,51000,52000,54000,57000,60000,62000,64000,66000,66000,66000,397,0,48000,47169.39755203031,23218.224591000762,66469.9525649994,16389.14861460957
1790299578,40,,Aggregated,0.600000,0.000000,48000,51000,52000,54000,57000,60000,62000,64000,66000,66000,66000,399,0,48000,47156.43824548129,23218.224591000762,66469.9525649994,16384.458646616542
1790299579,40,,Aggregated,0.700000,0.000000,48000,51000,52000,54000,57000,60000,62000,64000,66000,66000,66000,400,0,48000,47154.04205848759,23218.224591000762,66469.9525649994,16384.1525
1790299580,40,,Aggregated,0.700000,0.000000,48000,51000,52000,54000,57000,60000,62000,64000,66000,66000,66000,400,0,48000,47154.04205848759,23218.224591000762,66469.9525649994,16384.1525
1790299581,40,,Aggregated,0.900000,0.000000,48000,51000,52000,54000,57000,60000,62000,64000,66000,66000,66000,401,0,48000,47114.89642054373,23218.224591000762,66469.9525649994,16370.104738154614
1790299582,40,,Aggregated,0.900000,0.000000,48000,51000,52000,54000,57000,60000,62000,64000,66000,66000,66000,401,0,48000,47114.89642054373,23218.224591000762,66469.9525649994,16370.104738154614
1790299583,40,,Aggregated,0.700000,0.000000,48000,51000,52000,54000,57000,60000,62000,64000,66000,66000,66000,402,0,48000,47152.92570822646,23218.224591000762,66469.9525649994,16382.266169154229
1790299584,40,,Aggregated,0.700000,0.000000,48000,51000,52000,54000,57000,60000,62000,64000,66000,66000,66000,402,0,48000,47152.92570822646,23218.224591000762,66469.9525649994,16382.266169154229
1790299585,40,,Aggregated,0.700000,0.000000,48000,51000,52000,54000,57000,60000,62000,64000,66000,66000,66000,402,0,48000,47152.92570822646,23218.224591000762,66469.9525649994,16382.266169154229
1790299586,40,,Aggregated,0.500000,0.000000,48000,51000,52000,54000,57000,60000,62000,64000,66000,66000,66000,403,0,48000,47123.45056647157,23218.224591000762,66469.9525649994,16372.076923076924
1790299587,40,,Aggregated,0.600000,0.000000,48000,51000,52000,54000,57000,60000,62000,64000,66000,66000,66000,404,0,48000,47115.43826472535,23218.224591000762,66469.9525649994,16370.440594059406
1790299588,40,,Aggregated,0.700000,0.000000,48000,51000,52000,54000,57000,60000,62000,64000,66000,66000,66000,406,0,48000,47148.87702557646,23218.224591000762,66469.9525649994,16383.231527093596
1790299589,40,,Aggregated,0.700000,0.000000,48000,51000,52000,54000,57000,60000,62000,64000,66000,66000,66000,406,0,48000,47148.87702557646,23218.224591000762,66469.9525649994,16383.231527093596
1790299590,40,,Aggregated,0.600000,0.000000,48000,51000,52000,54000,57000,60000,62000,64000,66000,66000,66000,408,0,48000,47188.604227022166,23218.224591000762,66469.9525649994,16397.458333333332
1790299591,40,,Aggregated,0.600000,0.000000,48000,51000,52000,54000,57000,60000,62000,64000,66000,66000,66000,408,0,48000,47188.604227022166,23218.224591000762,66469.9525649994,16397.458333333332
1790299592,40,,Aggregated,0.600000,0.000000,48000,51000,52000,54000,57000,60000,62000,64000,66000,66000,66000,408,0,48000,47188.604227022166,23218.224591000762,66469.9525649994,16397.458333333332
1790299593,40,,Aggregated,0.800000,0.000000,48000,51000,52000,54000,57000,60000,62000,64000,66000,66000,66000,409,0,48000,47148.833039850964,23218.224591000762,66469.9525649994,16383.79217603912
1790299594,40,,Aggregated,0.700000,0.000000,48000,51000,52000,54000,57000,60000,62000,64000,66000,66000,66000,410,0,48000,47172.47752472938,23218.224591000762,66469.9525649994,16389.865853658535
1790299595,40,,Aggregated,0.700000,0.000000,48000,51000,52000,54000,57000,60000,62000,64000,66000,66000,66000,410,0,48000,47172.47752472938,23218.224591000762,66469.9525649994,16389.865853658535
1790299596,40,,Aggregated,0.700000,0.000000,48000,51000,52000,54000,57000,60000,62000,64000,66000,66000,66000,410,0,48000,47172.47752472938,23218.224591000762,66469.9525649994,16389.865853658535
1790299597,40,,Aggregated,0.700000,0.000000,48000,51000,52000,54000,57000,60000,62000,64000,66000,66000,66000,410,0,48000,47172.47752472938,23218.224591000762,66469.9525649994,16389.865853658535
1790299598,40,,Aggregated,0.700000,0.000000,48000,51000,52000,54000,57000,60000,62000,64000,66000,66000,66000,410,0,48000,47172.47752472938,23218.224591000762,66469.9525649994,16389.865853658535
1790299599,40,,Aggregated,0.700000,0.000000,48000,51000,52000,54000,57000,60000,62000,64000,66000,66000,66000,411,0,48000,47190.425824272614,23218.224591000762,66469.9525649994,16395.321167883212
1790299600,40,,Aggregated,0.700000,0.000000,48000,51000,52000,54000,57000,60000,62000,64000,66000,66000,66000,411,0,48000,47190.425824272614,23218.224591000762,66469.9525649994,16395.321167883212
1790299601,40,,Aggregated,0.400000,0.000000,48000,51000,52000,54000,57000,60000,62000,64000,66000,66000,66000,413,0,48000,47196.54224399527,23218.224591000762,66469.9525649994,16398.525423728814
1790299602,40,,Aggregated,0.300000,0.000000,48000,51000,52000,54000,57000,60000,62000,64000,66000,66000,66000,414,0,48000,47200.91850618368,23218.224591000762,66469.9525649994,16398.57729468599
1790299603,40,,Aggregated,0.300000,0.000000,48000,51000,52000,54000,57000,60000,62000,64000,66000,66000,66000,414,0,48000,47200.91850618368,23218.224591000762,66469.9525649994,16398.57729468599
1790299604,40,,Aggregated,0.300000,0.000000,48000,51000,52000,54000,57000,60000,62000,64000,66000,66000,66000,415,0,48000,47202.747958896485,23218.224591000762,66469.9525649994,16398.660240963854
1790299605,40,,Aggregated,0.600000,0.000000,48000,51000,52000,54000,57000,60000,62000,64000,66000,66000,66000,416,0,48000,47164.60660280058,23218.224591000762,66469.9525649994,16388.201923076922
1790299606,40,,Aggregated,0.600000,0.000000,48000,51000,52000,54000,57000,60000,62000,64000,66000,66000,66000,418,0,48000,47174.00568574172,23218.224591000762,66469.9525649994,16393.114832535884
1790299607,40,,Aggregated,0.500000,0.000000,48000,51000,52000,54000,57000,60000,62000,64000,66000,66000,66000,421,0,48000,47147.0250357887,23218.224591000762,66469.9525649994,16386.142517814726
1790299608,40,,Aggregated,0.600000,0.000000,48000,51000,52000,54000,57000,60000,62000,64000,66000,66000,66000,424,0,48000,47163.539058592076,23218.224591000762,66469.9525649994,16393.22641509434
1790299609,40,,Aggregated,0.800000,0.000000,48000,51000,52000,54000,57000,60000,62000,64000,66000,66000,66000,425,0,48000,47163.99208540479,23218.224591000762,66469.9525649994,16393.449411764705
1790299611,40,,Aggregated,1.100000,0.000000,48000,51000,52000,54000,57000,60000,62000,64000,66000,66000,66000,426,0,48000,47164.47551954938,23218.224591000762,66469.9525649994,16394.150234741785
1790299612,40,,Aggregated,1.400000,0.000000,48000,51000,52000,54000,57000,60000,62000,64000,66000,66000,66000,428,0,48000,47189.04086228748,23218.224591000762,66469.9525649994,16404.446261682242
1790299613,40,,Aggregated,1.400000,0.000000,48000,51000,52000,54000,57000,60000,62000,64000,66000,66000,66000,428,0,48000,47189.04086228748,23218.224591000762,66469.9525649994,16404.446261682242
1790299614,40,,Aggregated,1.400000,0.000000,48000,51000,52000,54000,57000,60000,62000,64000,66000,66000,66000,428,0,48000,47189.04086228748,23218.224591000762,66469.9525649994,16404.446261682242
1790299615,40,,Aggregated,1.500000,0.000000,48000,51000,52000,54000,57000,60000,62000,64000,66000,66000,66000,429,0,48000,47146.53167395581,23218.224591000762,66469.9525649994,16394.480186480185
1790299616,40,,Aggregated,1.400000,0.000000,48000,51000,52000,54000,57000,60000,62000,64000,66000,66000,66000,431,0,48000,47163.40681523212,23218.224591000762,66469.9525649994,16398.6403712297
1790299617,40,,Aggregated,1.300000,0.000000,48000,51000,52000,54000,57000,60000,62000,64000,66000,66000,66000,432,0,48000,47178.27202995843,23218.224591000762,66469.9525649994,16404.96759259259
1790299618,40,,Aggregated,1.300000,0.000000,48000,51000,52000,54000,57000,60000,62000,64000,66000,66000,66000,432,0,48000,47178.27202995843,23218.224591000762,66469.9525649994,16404.96759259259
1790299619,40,,Aggregated,1.300000,0.000000,48000,51000,52000,54000,57000,60000,62000,64000,66000,66000,66000,432,0,48000,47178.27202995843,23218.224591000762,66469.9525649994,16404.96759259259
1790299620,40,,Aggregated,1.300000,0.000000,48000,51000,52000,54000,57000,60000,62000,64000,66000,66000,66000,432,0,48000,47178.27202995843,23218.224591000762,66469.9525649994,16404.96759259259
1790299621,40,,Aggregated,1.300000,0.000000,48000,51000,52000,54000,57000,60000,62000,64000,66000,66000,66000,432,0,48000,47178.27202995843,23218.224591000762,66469.9525649994,16404.96759259259
1790299622,40,,Aggregated,0.800000,0.000000,48000,51000,52000,54000,57000,60000,62000,64000,66000,66000,66000,433,0,48000,47186.92673255438,23218.224591000762,66469.9525649994,16407.466512702078
1790299623,40,,Aggregated,0.700000,0.000000,48000,51000,52000,54000,57000,60000,62000,64000,66000,66000,66000,434,0,48000,47209.32509142868,23218.224591000762,66469.9525649994,16412.71658986175
1790299624,40,,Aggregated,0.700000,0.000000,48000,51000,52000,54000,57000,60000,62000,64000,66000,66000,66000,434,0,48000,47209.32509142868,23218.224591000762,66469.9525649994,16412.71658986175
1790299625,40,,Aggregated,0.500000,0.000000,48000,51000,52000,54000,57000,60000,62000,64000,66000,66000,66000,436,0,48000,47175.532794098726,23218.224591000762,66469.9525649994,16400.050458715596
1790299626,40,,Aggregated,0.500000,0.000000,48000,51000,52000,54000,57000,60000,62000,64000,66000,66000,66000,436,0,48000,47175.532794098726,23218.224591000762,66469.9525649994,16400.050458715596
1790299627,40,,Aggregated,0.600000,0.000000,48000,51000,52000,54000,57000,60000,62000,64000,66000,66000,66000,437,0,48000,47190.503746677445,23218.224591000762,66469.9525649994,16403.71167048055
1790299628,40,,Aggregated,0.700000,0.000000,48000,51000,52000,54000,57000,60000,62000,64000,66000,66000,66000,439,0,48000,47205.05839554225,23218.224591000762,66469.9525649994,16406.73348519362
1790299629,40,,Aggregated,0.700000,0.000000,48000,51000,52000,54000,57000,60000,62000,64000,66000,66000,66000,439,0,48000,47205.05839554225,23218.224591000762,66469.9525649994,16406.73348519362
1790299630,40,,Aggregated,0.500000,0.000000,48000,51000,53000,54000,57000,60000,62000,64000,66000,66000,66000,440,0,48000,47227.933208356924,23218.224591000762,66469.9525649994,16414.827272727274
1790299631,40,,Aggregated,0.500000,0.000000,48000,51000,53000,54000,57000,60000,62000,64000,66000,66000,66000,440,0,48000,47227.933208356924,23218.224591000762,66469.9525649994,16414.827272727274
1790299632,40,,Aggregated,0.500000,0.000000,48000,51000,53000,54000,57000,60000,62000,64000,66000,66000,66000,440,0,48000,47227.933208356924,23218.224591000762,66469.9525649994,16414.827272727274
1790299633,40,,Aggregated,0.800000,0.000000,48000,51000,53000,54000,57000,60000,62000,64000,66000,66000,66000,442,0,48000,47234.9878273802,23218.224591000762,66469.9525649994,16416.289592760182
1790299634,40,,Aggregated,0.800000,0.000000,48000,51000,53000,54000,57000,60000,62000,64000,66000,66000,66000,443,0,48000,47243.28440586693,23218.224591000762,66469.9525649994,16419.257336343115
1790299635,40,,Aggregated,0.800000,0.000000,48000,51000,53000,54000,57000,60000,62000,64000,66000,66000,66000,443,0,48000,47243.28440586693,23218.224591000762,66469.9525649994,16419.257336343115
1790299636,40,,Aggregated,0.900000,0.000000,48000,51000,52000,54000,57000,60000,62000,64000,66000,66000,66000,445,0,48000,47207.812437970904,23218.224591000762,66469.9525649994,16405.898876404495
1790299637,40,,Aggregated,0.900000,0.000000,48000,51000,53000,54000,57000,60000,62000,64000,66000,66000,66000,447,0,48000,47186.57165664217,23218.224591000762,66469.9525649994,16398.24832214765
1790299638,40,,Aggregated,0.700000,0.000000,48000,51000,53000,54000,57000,60000,62000,64000,66000,66000,66000,448,0,48000,47188.95298339297,23218.224591000762,66469.9525649994,16398.276785714286
1790299639,40,,Aggregated,0.700000,0.000000,48000,51000,53000,54000,57000,60000,62000,64000,66000,66000,66000,448,0,48000,47188.95298339297,23218.224591000762,66469.9525649994,16398.276785714286
1790299640,40,,Aggregated,0.700000,0.000000,48000,51000,53000,54000,57000,60000,62000,64000,66000,66000,66000,448,0,48000,47188.95298339297,23218.224591000762,66469.9525649994,16398.276785714286
1790299641,40,,Aggregated,0.900000,0.000000,48000,51000,52000,54000,57000,60000,62000,64000,66000,66000,66000,449,0,48000,47193.48848250568,23218.224591000762,66469.9525649994,16400.01113585746
1790299642,40,,Aggregated,0.900000,0.000000,48000,51000,52000,54000,57000,60000,62000,64000,66000,66000,66000,449,0,48000,47193.48848250568,23218.224591000762,66469.9525649994,16400.01113585746
1790299643,40,,Aggregated,0.900000,0.000000,48000,51000,53000,54000,57000,60000,62000,64000,66000,66000,66000,450,0,48000,47206.69209503123,23218.224591000762,66469.9525649994,16404.564444444444
1790299644,40,,Aggregated,0.900000,0.000000,48000,51000,53000,54000,57000,60000,62000,64000,66000,66000,66000,452,0,48000,47209.9758254802,23218.224591000762,66469.9525649994,16402.557522123894
1790299645,40,,Aggregated,0.900000,0.000000,48000,51000,53000,54000,57000,60000,62000,64000,66000,66000,66000,452,0,48000,47209.9758254802,23218.224591000762,66469.9525649994,16402.557522123894
1790299646,40,,Aggregated,0.700000,0.000000,48000,51000,52000,54000,57000,60000,62000,64000,66000,66000,66000,453,0,48000,47187.72353088312,23218.224591000762,66469.9525649994,16393.21412803532
1790299647,40,,Aggregated,0.700000,0.000000,48000,51000,52000,54000,57000,60000,62000,64000,66000,66000,66000,453,0,48000,47187.72353088312,23218.224591000762,66469.9525649994,16393.21412803532
1790299648,40,,Aggregated,0.700000,0.000000,48000,51000,52000,54000,57000,60000,62000,64000,66000,66000,66000,453,0,48000,47187.72353088312,23218.224591000762,66469.9525649994,16393.21412803532
1790299649,40,,Aggregated,0.600000,0.000000,48000,51000,52000,54000,57000,60000,62000,64000,66000,66000,66000,454,0,48000,47157.01906224021,23218.224591000762,66469.9525649994,16384.689427312776
1790299650,40,,Aggregated,0.600000,0.000000,48000,51000,52000,54000,57000,60000,62000,64000,66000,66000,66000,455,0,48000,47143.04677967924,23218.224591000762,66469.9525649994,16381.947252747254
1790299651,40,,Aggregated,0.500000,0.000000,48000,51000,52000,54000,57000,60000,62000,64000,66000,66000,66000,457,0,48000,47122.28684092573,23218.224591000762,66469.9525649994,16376.700218818381
1790299652,40,,Aggregated,0.500000,0.000000,48000,51000,52000,54000,57000,60000,62000,64000,66000,66000,66000,457,0,48000,47122.28684092573,23218.224591000762,66469.9525649994,16376.700218818381
1790299653,40,,Aggregated,0.700000,0.000000,48000,51000,52000,54000,57000,60000,62000,64000,66000,66000,66000,458,0,48000,47122.63751698702,23218.224591000762,66469.9525649994,16376.102620087337
1790299654,40,,Aggregated,0.700000,0.000000,48000,51000,52000,54000,57000,60000,62000,64000,66000,66000,66000,458,0,48000,47122.63751698702,23218.224591000762,66469.9525649994,16376.102620087337
1790299655,40,,Aggregated,0.900000,0.000000,48000,51000,52000,54000,57000,60000,62000,64000,66000,66000,66000,462,0,48000,47151.47775716247,23218.224591000762,66469.9525649994,16385.484848484848
1790299656,40,,Aggregated,0.700000,0.000000,48000,51000,52000,54000,57000,60000,62000,64000,66000,66000,66000,463,0,48000,47151.568382736645,23218.224591000762,66469.9525649994,16385.15982721382
1790299657,40,,Aggregated,0.700000,0.000000,48000,51000,52000,54000,57000,60000,62000,64000,66000,66000,66000,463,0,48000,47151.568382736645,23218.224591000762,66469.9525649994,16385.15982721382
1790299658,40,,Aggregated,0.800000,0.000000,48000,51000,52000,54000,57000,60000,62000,64000,66000,66000,66000,464,0,48000,47154.78151326953,23218.224591000762,66469.9525649994,16388.209051724138
1790299659,40,,Aggregated,0.800000,0.000000,48000,51000,52000,54000,57000,60000,62000,64000,66000,66000,66000,464,0,48000,47154.78151326953,23218.224591000762,66469.9525649994,16388.209051724138
1790299660,40,,Aggregated,1.100000,0.000000,48000,51000,52000,54000,57000,60000,62000,64000,66000,66000,66000,465,0,48000,47159.73876160874,23218.224591000762,66469.9525649994,16389.21505376344
1790299661,40,,Aggregated,1.100000,0.000000,48000,51000,52000,54000,57000,60000,62000,64000,66000,66000,66000,466,0,48000,47166.49469057739,23218.224591000762,66469.9525649994,16392.053648068668
1790299662,40,,Aggregated,0.900000,0.000000,48000,51000,52000,54000,57000,60000,62000,64000,66000,66000,66000,467,0,48000,47135.75826841555,23218.224591000762,66469.9525649994,16384.064239828695
1790299663,40,,Aggregated,0.900000,0.000000,48000,51000,52000,54000,57000,60000,62000,64000,66000,66000,66000,468,0,48000,47141.84702380142,23218.224591000762,66469.9525649994,16386.655982905984
1790299664,40,,Aggregated,0.900000,0.000000,48000,51000,52000,54000,57000,60000,62000,64000,66000,66000,66000,468,0,48000,47141.84702380142,23218.224591000762,66469.9525649994,16386.655982905984
1790299665,40,,Aggregated,1.000000,0.000000,48000,51000,52000,54000,57000,60000,62000,64000,66000,66000,66000,469,0,48000,47142.16942524107,23218.224591000762,66469.9525649994,16386.262260127933
1790299666,40,,Aggregated,1.000000,0.000000,48000,51000,52000,54000,57000,60000,62000,64000,66000,66000,66000,471,0,48000,47150.70398765406,23218.224591000762,66469.9525649994,16390.346072186836
1790299667,40,,Aggregated,1.000000,0.000000,48000,51000,52000,54000,57000,60000,62000,64000,66000,66000,66000,471,0,48000,47150.70398765406,23218.224591000762,66469.9525649994,16390.346072186836
1790299668,40,,Aggregated,0.800000,0.000000,48000,51000,52000,54000,57000,60000,62000,64000,66000,66000,66000,472,0,48000,47117.13503927556,23218.224591000762,66469.9525649994,16383.010593220339
1790299669,40,,Aggregated,0.800000,0.000000,48000,51000,52000,54000,57000,60000,62000,64000,66000,66000,66000,472,0,48000,47117.13503927556,23218.224591000762,66469.9525649994,16383.010593220339
1790299670,40,,Aggregated,0.800000,0.000000,48000,51000,52000,54000,57000,60000,62000,64000,66000,66000,66000,472,0,48000,47117.13503927556,23218.224591000762,66469.9525649994,16383.010593220339
1790299671,40,,Aggregated,0.800000,0.000000,48000,51000,52000,54000,57000,60000,62000,64000,66000,66000,66000,472,0,48000,47117.13503927556,23218.224591000762,66469.9525649994,16383.010593220339
1790299672,40,,Aggregated,0.800000,0.000000,48000,51000,52000,54000,57000,60000,62000,64000,66000,66000,66000,472,0,48000,47117.13503927556,23218.224591000762,66469.9525649994,16383.010593220339
1790299673,40,,Aggregated,0.600000,0.000000,48000,51000,52000,54000,57000,60000,62000,64000,66000,66000,66000,473,0,48000,47077.68148240393,23218.224591000762,66469.9525649994,16369.490486257928
1790299674,40,,Aggregated,0.600000,0.000000,48000,51000,52000,54000,57000,60000,62000,64000,66000,66000,66000,474,0,48000,47076.51267437776,23218.224591000762,66469.9525649994,16368.31223628692
1790299675,40,,Aggregated,0.600000,0.000000,48000,51000,52000,54000,57000,60000,62000,64000,66000,66000,66000,476,0,48000,47109.62421222912,23218.224591000762,66469.9525649994,16376.165966386554
1790299676,40,,Aggregated,0.600000,0.000000,48000,51000,52000,54000,57000,60000,62000,64000,66000,66000,66000,476,0,48000,47109.62421222912,23218.224591000762,66469.9525649994,16376.165966386554
1790299677,40,,Aggregated,0.600000,0.000000,48000,51000,52000,54000,57000,60000,62000,64000,66000,66000,66000,476,0,48000,47109.62421222912,23218.224591000762,66469.9525649994,16376.165966386554
1790299678,40,,Aggregated,0.600000,0.000000,48000,51000,52000,54000,57000,60000,62000,64000,66000,66000,66000,476,0,48000,47109.62421222912,23218.224591000762,66469.9525649994,16376.165966386554
1790299679,40,,Aggregated,0.500000,0.000000,48000,51000,52000,54000,57000,60000,62000,64000,66000,66000,66000,479,0,48000,47106.60068390618,23218.224591000762,66469.9525649994,16374.837160751566
1790299680,40,,Aggregated,0.500000,0.000000,48000,51000,52000,54000,57000,60000,62000,64000,66000,66000,66000,480,0,48000,47125.876051202205,23218.224591000762,66469.9525649994,16380.472916666668
1790299681,40,,Aggregated,0.600000,0.000000,48000,51000,52000,54000,57000,60000,62000,64000,66000,66000,66000,482,0,48000,47123.52672336318,23218.224591000762,66469.9525649994,16380.813278008298
1790299682,40,,Aggregated,0.600000,0.000000,48000,51000,52000,54000,57000,60000,62000,64000,66000,66000,66000,482,0,48000,47123.52672336318,23218.224591000762,66469.9525649994,16380.813278008298
1790299683,40,,Aggregated,0.900000,0.000000,48000,51000,52000,54000,57000,60000,62000,64000,70000,70000,70000,483,0,48000,47171.62675650944,23218.224591000762,70355.84273300265,16391.525879917182
1790299684,40,,Aggregated,1.000000,0.000000,48000,51000,52000,54000,57000,60000,62000,64000,70000,70000,70000,486,0,48000,47188.3760920104,23218.224591000762,70355.84273300265,16395.39094650206
1790299685,40,,Aggregated,1.000000,0.000000,48000,51000,52000,54000,57000,60000,62000,64000,70000,70000,70000,487,0,48000,47195.376700423105,23218.224591000762,70355.84273300265,16397.449691991787
1790299686,40,,Aggregated,1.000000,0.000000,48000,51000,52000,54000,57000,60000,62000,64000,70000,70000,70000,487,0,48000,47195.376700423105,23218.224591000762,70355.84273300265,16397.449691991787
1790299687,40,,Aggregated,1.200000,0.000000,48000,51000,52000,54000,57000,60000,62000,64000,70000,70000,70000,488,0,48000,47146.68063758822,23218.224591000762,70355.84273300265,16383.139344262296
1790299688,40,,Aggregated,1.100000,0.000000,48000,51000,52000,54000,57000,60000,62000,64000,70000,70000,70000,490,0,48000,47111.031890255195,23218.224591000762,70355.84273300265,16373.281632653061
1790299689,40,,Aggregated,1.200000,0.000000,48000,51000,52000,54000,57000,60000,62000,64000,70000,70000,70000,491,0,48000,47126.45946245223,23218.224591000762,70355.84273300265,16378.9266802444
1790299690,40,,Aggregated,1.300000,0.000000,48000,51000,52000,54000,57000,60000,62000,64000,70000,70000,70000,493,0,48000,47129.180839511246,23218.224591000762,70355.84273300265,16376.438133874239
1790299691,40,,Aggregated,1.300000,0.000000,48000,51000,52000,54000,57000,60000,62000,64000,70000,70000,70000,493,0,48000,47129.180839511246,23218.224591000762,70355.84273300265,16376.438133874239
1790299692,40,,Aggregated,1.300000,0.000000,48000,51000,52000,54000,57000,60000,62000,64000,70000,70000,70000,493,0,48000,47129.180839511246,23218.224591000762,70355.84273300265,16376.438133874239
1790299693,40,,Aggregated,1.300000,0.000000,48000,51000,52000,54000,57000,60000,62000,64000,70000,70000,70000,493,0,48000,47129.180839511246,23218.224591000762,70355.84273300265,16376.438133874239
1790299694,40,,Aggregated,1.100000,0.000000,48000,51000,52000,54000,57000,60000,62000,64000,70000,70000,70000,495,0,48000,47097.98201127483,23218.224591000762,70355.84273300265,16368.438383838384
1790299695,40,,Aggregated,1.100000,0.000000,48000,51000,52000,54000,57000,60000,62000,64000,70000,70000,70000,496,0,48000,47115.56355616338,23218.224591000762,70355.84273300265,16371.34677419355
1790299696,40,,Aggregated,1.100000,0.000000,48000,51000,52000,54000,57000,60000,62000,64000,70000,70000,70000,496,0,48000,47115.56355616338,23218.224591000762,70355.84273300265,16371.34677419355
1790299697,40,,Aggregated,1.000000,0.000000,48000,51000,52000,54000,57000,60000,62000,64000,70000,70000,70000,497,0,48000,47114.28896155743,23218.224591000762,70355.84273300265,16371.269617706237
1790299698,40,,Aggregated,1.000000,0.000000,48000,51000,52000,54000,57000,60000,62000,64000,70000,70000,70000,497,0,48000,47114.28896155743,23218.224591000762,70355.84273300265,16371.269617706237
1790299699,40,,Aggregated,0.800000,0.000000,48000,51000,52000,54000,57000,60000,62000,64000,70000,70000,70000,498,0,48000,47117.57718778723,23218.224591000762,70355.84273300265,16373.371485943775
1790299700,40,,Aggregated,0.800000,0.000000,48000,51000,52000,54000,57000,60000,62000,64000,70000,70000,70000,498,0,48000,47117.57718778723,23218.224591000762,70355.84273300265,16373.371485943775
1790299701,40,,Aggregated,0.800000,0.000000,48000,51000,52000,54000,57000,60000,62000,64000,70000,70000,70000,499,0,48000,47136.96485086982,23218.224591000762,70355.84273300265,16378.01002004008
1790299702,40,,Aggregated,0.800000,0.000000,48000,51000,52000,54000,57000,60000,62000,64000,70000,70000,70000,499,0,48000,47136.96485086982,23218.224591000762,70355.84273300265,16378.01002004008
1790299703,40,,Aggregated,0.600000,0.000000,48000,51000,52000,54000,57000,60000,62000,64000,70000,70000,70000,501,0,48000,47135.204990896294,23218.224591000762,70355.84273300265,16381.520958083833
1790299704,40,,Aggregated,0.600000,0.000000,48000,51000,52000,54000,57000,60000,62000,64000,70000,70000,70000,501,0,48000,47135.204990896294,23218.224591000762,70355.84273300265,16381.520958083833
1790299705,40,,Aggregated,0.600000,0.000000,48000,51000,52000,54000,57000,60000,62000,64000,70000,70000,70000,503,0,48000,47134.80123390068,23218.224591000762,70355.84273300265,16382.781312127237
1790299706,40,,Aggregated,0.800000,0.000000,48000,51000,52000,54000,57000,60000,62000,64000,70000,70000,70000,504,0,48000,47101.78057030564,23218.224591000762,70355.84273300265,16373.16865079365
1790299707,40,,Aggregated,0.800000,0.000000,48000,51000,52000,54000,57000,60000,62000,64000,70000,70000,70000,504,0,48000,47101.78057030564,23218.224591000762,70355.84273300265,16373.16865079365
1790299708,40,,Aggregated,0.800000,0.000000,48000,51000,52000,54000,57000,60000,62000,64000,70000,70000,70000,504,0,48000,47101.78057030564,23218.224591000762,70355.84273300265,16373.16865079365
1790299709,40,,Aggregated,0.700000,0.000000,48000,51000,52000,54000,57000,60000,62000,64000,70000,70000,70000,505,0,48000,47112.19839263771,23218.224591000762,70355.84273300265,16375.726732673267
1790299710,40,,Aggregated,0.700000,0.000000,48000,51000,52000,54000,57000,60000,62000,64000,70000,70000,70000,505,0,48000,47112.19839263771,23218.224591000762,70355.84273300265,16375.726732673267
1790299711,40,,Aggregated,0.700000,0.000000,48000,51000,52000,54000,57000,60000,62000,64000,70000,70000,70000,505,0,48000,47112.19839263771,23218.224591000762,70355.84273300265,16375.726732673267
1790299712,40,,Aggregated,0.700000,0.000000,48000,51000,52000,54000,57000,60000,62000,64000,70000,70000,70000,507,0,48000,47103.64215680482,23218.224591000762,70355.84273300265,16373.41617357002
1790299713,40,,Aggregated,0.700000,0.000000,48000,51000,52000,54000,57000,60000,62000,64000,70000,70000,70000,508,0,48000,47100.57870003945,23218.224591000762,70355.84273300265,16373.02559055118
1790299714,40,,Aggregated,0.700000,0.000000,48000,51000,52000,54000,57000,60000,62000,64000,70000,70000,70000,509,0,48000,47116.45466038121,23218.224591000762,70355.84273300265,16379.278978388998
1790299715,40,,Aggregated,0.900000,0.000000,48000,51000,52000,54000,57000,60000,62000,64000,70000,70000,70000,511,0,48000,47102.43562748539,23218.224591000762,70355.84273300265,16373.534246575342
1790299716,40,,Aggregated,0.700000,0.000000,48000,51000,52000,54000,57000,60000,62000,64000,70000,70000,70000,513,0,48000,47070.84337022228,23218.224591000762,70355.84273300265,16363.493177387914
1790299717,40,,Aggregated,0.700000,0.000000,48000,51000,52000,54000,57000,60000,62000,64000,70000,70000,70000,513,0,48000,47070.84337022228,23218.224591000762,70355.84273300265,16363.493177387914
1790299718,40,,Aggregated,0.700000,0.000000,48000,51000,52000,54000,57000,60000,62000,64000,70000,70000,70000,513,0,48000,47070.84337022228,23218.224591000762,70355.84273300265,16363.493177387914
1790299719,40,,Aggregated,0.900000,0.000000,48000,51000,52000,54000,57000,60000,62000,64000,70000,70000,70000,514,0,48000,47046.89311460317,23218.224591000762,70355.84273300265,16356.58560311284
1790299720,40,,Aggregated,0.900000,0.000000,48000,51000,52000,54000,57000,60000,62000,64000,70000,70000,70000,514,0,48000,47046.89311460317,23218.224591000762,70355.84273300265,16356.58560311284
1790299721,40,,Aggregated,0.800000,0.000000,48000,51000,52000,54000,57000,60000,62000,64000,70000,70000,70000,517,0,48000,47080.736501748615,23218.224591000762,70355.84273300265,16366.423597678917
1790299722,40,,Aggregated,0.900000,0.000000,48000,51000,53000,54000,57000,60000,62000,64000,70000,70000,70000,518,0,48000,47105.225625552186,23218.224591000762,70355.84273300265,16373.984555984556
1790299723,40,,Aggregated,0.900000,0.000000,48000,51000,53000,54000,57000,60000,62000,64000,70000,70000,70000,518,0,48000,47105.225625552186,23218.224591000762,70355.84273300265,16373.984555984556
1790299724,40,,Aggregated,0.900000,0.000000,48000,51000,53000,54000,57000,60000,62000,64000,70000,70000,70000,518,0,48000,47105.225625552186,23218.224591000762,70355.84273300265,16373.984555984556
1790299725,40,,Aggregated,0.900000,0.000000,48000,51000,53000,54000,57000,60000,62000,64000,70000,70000,70000,518,0,48000,47105.225625552186,23218.224591000762,70355.84273300265,16373.984555984556
1790299726,40,,Aggregated,1.000000,0.000000,48000,51000,53000,54000,57000,60000,62000,64000,70000,70000,70000,519,0,48000,47123.58356531798,23218.224591000762,70355.84273300265,16377.998073217726
1790299727,40,,Aggregated,0.800000,0.000000,48000,51000,53000,54000,57000,60000,62000,64000,70000,70000,70000,520,0,48000,47119.01733858661,23218.224591000762,70355.84273300265,16376.63076923077
1790299728,40,,Aggregated,0.700000,0.000000,48000,51000,53000,54000,57000,60000,62000,64000,70000,70000,70000,521,0,48000,47111.78667114402,23218.224591000762,70355.84273300265,16370.817658349328
1790299729,40,,Aggregated,0.700000,0.000000,48000,51000,53000,54000,57000,60000,62000,64000,70000,70000,70000,521,0,48000,47111.78667114402,23218.224591000762,70355.84273300265,16370.817658349328
1790299730,40,,Aggregated,0.700000,0.000000,48000,51000,53000,54000,57000,60000,62000,64000,70000,70000,70000,522,0,48000,47070.37547660735,23218.224591000762,70355.84273300265,16356.402298850575
1790299731,40,,Aggregated,0.700000,0.000000,48000,51000,53000,54000,57000,60000,62000,64000,70000,70000,70000,522,0,48000,47070.37547660735,23218.224591000762,70355.84273300265,16356.402298850575
1790299732,40,,Aggregated,0.700000,0.000000,48000,51000,53000,54000,57000,60000,62000,64000,70000,70000,70000,524,0,48000,47059.21627644473,23218.224591000762,70355.84273300265,16348.790076335878
1790299733,40,,Aggregated,0.600000,0.000000,48000,51000,52000,54000,57000,60000,62000,64000,70000,70000,70000,526,0,48000,47064.9286815495,23218.224591000762,70355.84273300265,16350.334600760456
1790299734,40,,Aggregated,0.600000,0.000000,48000,51000,52000,54000,57000,60000,62000,64000,70000,70000,70000,526,0,48000,47064.9286815495,23218.224591000762,70355.84273300265,16350.334600760456
1790299735,40,,Aggregated,0.600000,0.000000,48000,51000,52000,54000,57000,60000,62000,64000,70000,70000,70000,526,0,48000,47064.9286815495,23218.224591000762,70355.84273300265,16350.334600760456
1790299736,40,,Aggregated,0.800000,0.000000,48000,51000,52000,54000,57000,60000,62000,64000,70000,70000,70000,527,0,48000,47070.0466078217,23218.224591000762,70355.84273300265,16352.119544592031
1790299737,40,,Aggregated,0.800000,0.000000,48000,51000,52000,54000,57000,60000,62000,64000,70000,70000,70000,528,0,48000,47054.40438775196,23218.224591000762,70355.84273300265,16345.676136363636
1790299738,40,,Aggregated,0.800000,0.000000,48000,51000,52000,54000,57000,60000,62000,64000,70000,70000,70000,529,0,48000,47075.80881005867,23218.224591000762,70355.84273300265,16349.221172022684
1790299739,40,,Aggregated,0.800000,0.000000,48000,51000,52000,54000,57000,60000,62000,64000,70000,70000,70000,529,0,48000,47075.80881005867,23218.224591000762,70355.84273300265,16349.221172022684
1790299740,40,,Aggregated,0.900000,0.000000,48000,51000,53000,54000,57000,60000,62000,64000,70000,70000,70000,530,0,48000,47097.4977660661,23218.224591000762,70355.84273300265,16356.72641509434
1790299741,40,,Aggregated,0.800000,0.000000,48000,51000,53000,54000,57000,60000,62000,64000,70000,70000,70000,531,0,48000,47102.203995485936,23218.224591000762,70355.84273300265,16355.928436911488
1790299742,40,,Aggregated,0.800000,0.000000,48000,51000,53000,54000,57000,60000,62000,64000,70000,70000,70000,533,0,48000,47091.64399338469,23218.224591000762,70355.84273300265,16354.465290806755
1790299743,40,,Aggregated,0.800000,0.000000,48000,51000,53000,54000,57000,60000,62000,64000,70000,70000,70000,533,0,48000,47091.64399338469,23218.224591000762,70355.84273300265,16354.465290806755
1790299744,40,,Aggregated,0.900000,0.000000,48000,51000,53000,54000,57000,60000,62000,64000,70000,70000,70000,535,0,48000,47120.37256260381,23218.224591000762,70355.84273300265,16362.209345794392
1790299745,40,,Aggregated,0.800000,0.000000,48000,51000,53000,54000,57000,60000,62000,64000,70000,70000,70000,537,0,48000,47131.29667389952,23218.224591000762,70355.84273300265,16363.869646182495
1790299746,40,,Aggregated,0.800000,0.000000,48000,51000,53000,54000,57000,60000,62000,64000,70000,70000,70000,537,0,48000,47131.29667389952,23218.224591000762,70355.84273300265,16363.869646182495
1790299747,40,,Aggregated,0.900000,0.000000,48000,51000,53000,54000,57000,60000,62000,64000,70000,70000,70000,539,0,48000,47158.172400679105,23218.224591000762,70355.84273300265,16373.532467532468
1790299748,40,,Aggregated,0.900000,0.000000,48000,51000,53000,54000,57000,60000,62000,64000,70000,70000,70000,539,0,48000,47158.172400679105,23218.224591000762,70355.84273300265,16373.532467532468
1790299749,40,,Aggregated,0.900000,0.000000,48000,51000,53000,54000,57000,60000,62000,64000,70000,70000,70000,539,0,48000,47158.172400679105,23218.224591000762,70355.84273300265,16373.532467532468
1790299750,40,,Aggregated,0.900000,0.000000,48000,51000,53000,54000,57000,60000,62000,64000,70000,70000,70000,539,0,48000,47158.172400679105,23218.224591000762,70355.84273300265,16373.532467532468
1790299752,40,,Aggregated,0.900000,0.000000,48000,51000,53000,54000,57000,60000,62000,64000,70000,70000,70000,539,0,48000,47158.172400679105,23218.224591000762,70355.84273300265,16373.532467532468
1790299753,40,,Aggregated,0.900000,0.000000,48000,51000,53000,54000,57000,60000,62000,64000,70000,70000,70000,539,0,48000,47158.172400679105,23218.224591000762,70355.84273300265,16373.532467532468
1790299754,40,,Aggregated,0.900000,0.000000,48000,51000,53000,54000,57000,60000,62000,64000,70000,70000,70000,539,0,48000,47158.172400679105,23218.224591000762,70355.84273300265,16373.532467532468
1790299755,40,,Aggregated,0.800000,0.000000,48000,51000,53000,54000,57000,60000,62000,64000,70000,70000,70000,540,0,48000,47144.07804020378,23218.224591000762,70355.84273300265,16367.612962962963
1790299756,40,,Aggregated,0.600000,0.000000,48000,51000,53000,54000,57000,60000,62000,64000,70000,70000,70000,542,0,48000,47128.17352855358,23218.224591000762,70355.84273300265,16359.18634686347
1790299757,40,,Aggregated,0.600000,0.000000,48000,51000,53000,54000,57000,60000,62000,64000,70000,70000,70000,544,0,48000,47120.682449961474,23218.224591000762,70355.84273300265,16356.454044117647
1790299758,40,,Aggregated,0.500000,0.000000,48000,51000,53000,54000,57000,60000,62000,64000,70000,70000,70000,546,0,48000,47153.99593956235,23218.224591000762,70355.84273300265,16365.908424908424
1790299759,40,,Aggregated,0.500000,0.000000,48000,51000,53000,54000,57000,60000,62000,64000,70000,70000,70000,546,0,48000,47153.99593956235,23218.224591000762,70355.84273300265,16365.908424908424
1790299760,40,,Aggregated,0.500000,0.000000,48000,51000,53000,54000,57000,60000,62000,64000,70000,70000,70000,546,0,48000,47153.99593956235,23218.224591000762,70355.84273300265,16365.908424908424
1790299761,40,,Aggregated,0.500000,0.000000,48000,51000,53000,54000,57000,60000,62000,64000,70000,70000,70000,546,0,48000,47153.99593956235,23218.224591000762,70355.84273300265,16365.908424908424
1790299762,40,,Aggregated,0.700000,0.000000,48000,51000,53000,54000,57000,60000,62000,64000,70000,70000,70000,548,0,48000,47161.62003668256,23218.224591000762,70355.84273300265,16368.328467153284
1790299763,40,,Aggregated,0.700000,0.000000,48000,51000,53000,54000,57000,60000,62000,64000,70000,70000,70000,549,0,48000,47165.32933125508,23218.224591000762,70355.84273300265,16368.054644808743
1790299764,40,,Aggregated,0.700000,0.000000,48000,51000,53000,54000,57000,60000,62000,64000,70000,70000,70000,550,0,48000,47185.09225900553,23218.224591000762,70355.84273300265,16373.90909090909
1790299765,40,,Aggregated,0.700000,0.000000,48000,51000,53000,54000,57000,60000,62000,64000,70000,70000,70000,550,0,48000,47185.09225900553,23218.224591000762,70355.84273300265,16373.90909090909
1790299766,40,,Aggregated,1.000000,0.000000,48000,51000,53000,54000,57000,60000,62000,64000,70000,70000,70000,551,0,48000,47160.16004568792,23218.224591000762,70355.84273300265,16366.546279491833
1790299767,40,,Aggregated,1.000000,0.000000,48000,51000,53000,54000,57000,60000,62000,64000,70000,70000,70000,551,0,48000,47160.16004568792,23218.224591000762,70355.84273300265,16366.546279491833
1790299768,40,,Aggregated,1.000000,0.000000,48000,51000,53000,54000,57000,60000,62000,64000,70000,70000,70000,551,0,48000,47160.16004568792,23218.224591000762,70355.84273300265,16366.546279491833
1790299769,40,,Aggregated,0.900000,0.000000,48000,51000,53000,54000,57000,60000,62000,64000,70000,70000,70000,553,0,48000,47178.5714254865,23218.224591000762,70355.84273300265,16368.833634719711
1790299770,40,,Aggregated,0.600000,0.000000,48000,51000,53000,54000,57000,60000,62000,64000,70000,70000,70000,555,0,48000,47135.013339153214,23065.15717399816,70355.84273300265,16353.93153153153
1790299771,40,,Aggregated,0.600000,0.000000,48000,51000,53000,54000,57000,60000,62000,64000,70000,70000,70000,555,0,48000,47135.013339153214,23065.15717399816,70355.84273300265,16353.93153153153
1790299772,40,,Aggregated,0.800000,0.000000,48000,51000,53000,54000,57000,60000,62000,64000,70000,70000,70000,557,0,48000,47150.0010169857,23065.15717399816,70355.84273300265,16358.655296229803
1790299773,40,,Aggregated,0.800000,0.000000,48000,51000,53000,54000,57000,60000,62000,64000,70000,70000,70000,557,0,48000,47150.0010169857,23065.15717399816,70355.84273300265,16358.655296229803
1790299774,40,,Aggregated,0.900000,0.000000,48000,51000,53000,54000,57000,60000,62000,64000,70000,70000,70000,558,0,48000,47143.028596922995,23065.15717399816,70355.84273300265,16356.34229390681
1790299775,40,,Aggregated,0.800000,0.000000,48000,51000,53000,54000,57000,60000,62000,64000,70000,70000,70000,559,0,48000,47123.53783040435,23065.15717399816,70355.84273300265,16350.763864042934
1790299776,40,,Aggregated,0.800000,0.000000,48000,51000,53000,54000,57000,60000,62000,64000,70000,70000,70000,561,0,48000,47111.45001056155,23065.15717399816,70355.84273300265,16348.288770053476
1790299777,40,,Aggregated,0.800000,0.000000,48000,51000,53000,54000,57000,60000,62000,64000,70000,70000,70000,562,0,48000,47123.795915322116,23065.15717399816,70355.84273300265,16352.245551601423
1790299778,40,,Aggregated,0.900000,0.000000,48000,51000,53000,54000,57000,60000,62000,64000,70000,70000,70000,563,0,48000,47136.7969632878,23065.15717399816,70355.84273300265,16355.341030195383
1790299779,40,,Aggregated,0.900000,0.000000,48000,51000,53000,54000,57000,60000,62000,64000,70000,70000,70000,563,0,48000,47136.7969632878,23065.15717399816,70355.84273300265,16355.341030195383
1790299780,40,,Aggregated,1.100000,0.000000,48000,51000,53000,54000,57000,60000,62000,64000,70000,70000,70000,565,0,48000,47140.10751089387,23065.15717399816,70355.84273300265,16354.334513274336
1790299781,40,,Aggregated,1.100000,0.000000,48000,51000,53000,54000,57000,60000,62000,64000,70000,70000,70000,565,0,48000,47140.10751089387,23065.15717399816,70355.84273300265,16354.334513274336
1790299782,40,,Aggregated,1.100000,0.000000,48000,51000,53000,54000,57000,60000,62000,64000,70000,70000,70000,565,0,48000,47140.10751089387,23065.15717399816,70355.84273300265,16354.334513274336
1790299783,40,,Aggregated,1.100000,0.000000,48000,51000,53000,54000,57000,60000,62000,64000,70000,70000,70000,566,0,48000,47153.90921955659,23065.15717399816,70355.84273300265,16358.296819787985
1790299784,40,,Aggregated,1.000000,0.000000,48000,51000,53000,54000,57000,60000,62000,64000,70000,70000,70000,567,0,48000,47157.024194065314,23065.15717399816,70355.84273300265,16358.082892416225
1790299785,40,,Aggregated,1.000000,0.000000,48000,51000,53000,54000,57000,60000,62000,64000,70000,70000,70000,567,0,48000,47157.024194065314,23065.15717399816,70355.84273300265,16358.082892416225
1790299786,40,,Aggregated,1.000000,0.000000,48000,51000,53000,54000,57000,60000,62000,64000,70000,70000,70000,567,0,48000,47157.024194065314,23065.15717399816,70355.84273300265,16358.082892416225
1790299787,40,,Aggregated,0.900000,0.000000,48000,51000,53000,54000,57000,60000,62000,64000,70000,70000,70000,569,0,48000,47152.43190494207,23065.15717399816,70355.84273300265,16359.304042179261
1790299788,40,,Aggregated,0.800000,0.000000,48000,51000,53000,54000,57000,60000,62000,64000,70000,70000,70000,570,0,48000,47156.98736528953,23065.15717399816,70355.84273300265,16361.192982456141
1790299789,40,,Aggregated,0.700000,0.000000,48000,51000,53000,54000,57000,60000,62000,64000,70000,70000,70000,571,0,48000,47168.843158928255,23065.15717399816,70355.84273300265,16364.821366024518
