Timestamp,User Count,Type,Name,Requests/s,Failures/s,50%,66%,75%,80%,90%,95%,98%,99%,99.9%,99.99%,100%,Total Request Count,Total Failure Count,Total Median Response Time,Total Average Response Time,Total Min Response Time,Total Max Response Time,Total Average Content Size
1790299912,0,,Aggregated,0.000000,0.000000,N/A,N/A,N/A,N/A,N/A,N/A,N/A,N/A,N/A,N/A,N/A,0,0,0,0.0,0,0,0
1790299913,20,,Aggregated,0.000000,0.000000,N/A,N/A,N/A,N/A,N/A,N/A,N/A,N/A,N/A,N/A,N/A,0,0,0,0.0,0,0,0
1790299914,40,,Aggregated,0.000000,0.000000,N/A,N/A,N/A,N/A,N/A,N/A,N/A,N/A,N/A,N/A,N/A,0,0,0,0.0,0,0,0
1790299915,40,,Aggregated,0.000000,0.000000,N/A,N/A,N/A,N/A,N/A,N/A,N/A,N/A,N/A,N/A,N/A,0,0,0,0.0,0,0,0
1790299916,40,,Aggregated,0.000000,0.000000,N/A,N/A,N/A,N/A,N/A,N/A,N/A,N/A,N/A,N/A,N/A,0,0,0,0.0,0,0,0
1790299917,40,,Aggregated,0.000000,0.000000,N/A,N/A,N/A,N/A,N/A,N/A,N/A,N/A,N/A,N/A,N/A,0,0,0,0.0,0,0,0
1790299918,40,,Aggregated,0.000000,0.000000,N/A,N/A,N/A,N/A,N/A,N/A,N/A,N/A,N/A,N/A,N/A,0,0,0,0.0,0,0,0
1790299919,40,,Aggregated,0.000000,0.000000,N/A,N/A,N/A,N/A,N/A,N/A,N/A,N/A,N/A,N/A,N/A,0,0,0,0.0,0,0,0
1790299920,40,,Aggregated,0.000000,0.000000,N/A,N/A,N/A,N/A,N/A,N/A,N/A,N/A,N/A,N/A,N/A,0,0,0,0.0,0,0,0
1790299921,40,,Aggregated,0.000000,0.000000,N/A,N/A,N/A,N/A,N/A,N/A,N/A,N/A,N/A,N/A,N/A,0,0,0,0.0,0,0,0
1790299922,40,,Aggregated,0.000000,0.000000,N/A,N/A,N/A,N/A,N/A,N/A,N/A,N/A,N/A,N/A,N/A,0,0,0,0.0,0,0,0
1790299923,40,,Aggregated,0.000000,0.000000,N/A,N/A,N/A,N/A,N/A,N/A,N/A,N/A,N/A,N/A,N/A,0,0,0,0.0,0,0,0
1790299924,40,,Aggregated,0.000000,0.000000,N/A,N/A,N/A,N/A,N/A,N/A,N/A,N/A,N/A,N/A,N/A,0,0,0,0.0,0,0,0
1790299925,40,,Aggregated,0.000000,0.000000,N/A,N/A,N/A,N/A,N/A,N/A,N/A,N/A,N/A,N/A,N/A,0,0,0,0.0,0,0,0
1790299926,40,,Aggregated,0.000000,0.000000,N/A,N/A,N/A,N/A,N/A,N/A,N/A,N/A,N/A,N/A,N/A,0,0,0,0.0,0,0,0
1790299927,40,,Aggregated,0.000000,0.000000,N/A,N/A,N/A,N/A,N/A,N/A,N/A,N/A,N/A,N/A,N/A,0,0,0,0.0,0,0,0
1790299928,40,,Aggregated,0.000000,0.000000,15000,15000,15000,15000,15000,15000,15000,15000,15000,15000,15000,1,0,15045.482632998755,15045.482632998755,15045.482632998755,15045.482632998755,4709.0
1790299929,40,,Aggregated,0.000000,0.000000,15000,15000,15000,15000,15000,15000,15000,15000,15000,15000,15000,1,0,15045.482632998755,15045.482632998755,15045.482632998755,15045.482632998755,4709.0
1790299930,40,,Aggregated,0.000000,0.000000,15000,15000,15000,15000,15000,15000,15000,15000,15000,15000,15000,1,0,15045.482632998755,15045.482632998755,15045.482632998755,15045.482632998755,4709.0
1790299931,40,,Aggregated,0.000000,0.000000,15000,15000,15000,15000,15000,15000,15000,15000,15000,15000,15000,1,0,15045.482632998755,15045.482632998755,15045.482632998755,15045.482632998755,4709.0
1790299932,40,,Aggregated,0.100000,0.000000,20000,20000,20000,20000,20000,20000,20000,20000,20000,20000,20000,2,0,19924.981959000434,17485.232295999594,15045.482632998755,19924.981959000434,4996.5
1790299933,40,,Aggregated,0.100000,0.000000,20000,20000,20000,20000,20000,20000,20000,20000,20000,20000,20000,2,0,19924.981959000434,17485.232295999594,15045.482632998755,19924.981959000434,4996.5
1790299934,40,,Aggregated,0.100000,0.000000,20000,20000,20000,20000,20000,20000,20000,20000,20000,20000,20000,2,0,19924.981959000434,17485.232295999594,15045.482632998755,19924.981959000434,4996.5
1790299935,40,,Aggregated,0.100000,0.000000,20000,20000,20000,20000,20000,20000,20000,20000,20000,20000,20000,2,0,19924.981959000434,17485.232295999594,15045.482632998755,19924.981959000434,4996.5
1790299936,40,,Aggregated,0.100000,0.000000,20000,20000,20000,20000,20000,20000,20000,20000,20000,20000,20000,2,0,19924.981959000434,17485.232295999594,15045.482632998755,19924.981959000434,4996.5
1790299937,40,,Aggregated,0.100000,0.000000,20000,20000,20000,20000,20000,20000,20000,20000,20000,20000,20000,2,0,19924.981959000434,17485.232295999594,15045.482632998755,19924.981959000434,4996.5
1790299938,40,,Aggregated,0.100000,0.000000,20000,20000,20000,20000,20000,20000,20000,20000,20000,20000,20000,2,0,19924.981959000434,17485.232295999594,15045.482632998755,19924.981959000434,4996.5
1790299939,40,,Aggregated,0.100000,0.000000,20000,20000,20000,20000,20000,20000,20000,20000,20000,20000,20000,2,0,19924.981959000434,17485.232295999594,15045.482632998755,19924.981959000434,4996.5
1790299940,40,,Aggregated,0.100000,0.000000,20000,20000,20000,20000,20000,20000,20000,20000,20000,20000,20000,2,0,19924.981959000434,17485.232295999594,15045.482632998755,19924.981959000434,4996.5
1790299941,40,,Aggregated,0.100000,0.000000,20000,20000,20000,20000,20000,20000,20000,20000,20000,20000,20000,2,0,19924.981959000434,17485.232295999594,15045.482632998755,19924.981959000434,4996.5
1790299942,40,,Aggregated,0.100000,0.000000,20000,20000,20000,20000,20000,20000,20000,20000,20000,20000,20000,2,0,19924.981959000434,17485.232295999594,15045.482632998755,19924.981959000434,4996.5
1790299943,40,,Aggregated,0.100000,0.000000,20000,20000,20000,20000,20000,20000,20000,20000,20000,20000,20000,2,0,19924.981959000434,17485.232295999594,15045.482632998755,19924.981959000434,4996.5
1790299944,40,,Aggregated,0.100000,0.000000,20000,20000,20000,20000,20000,20000,20000,20000,20000,20000,20000,2,0,19924.981959000434,17485.232295999594,15045.482632998755,19924.981959000434,4996.5
1790299945,40,,Aggregated,0.100000,0.000000,20000,20000,20000,20000,20000,20000,20000,20000,20000,20000,20000,2,0,19924.981959000434,17485.232295999594,15045.482632998755,19924.981959000434,4996.5
1790299946,40,,Aggregated,0.100000,0.000000,20000,20000,20000,20000,20000,20000,20000,20000,20000,20000,20000,2,0,19924.981959000434,17485.232295999594,15045.482632998755,19924.981959000434,4996.5
1790299947,40,,Aggregated,0.100000,0.000000,20000,20000,20000,20000,20000,20000,20000,20000,20000,20000,20000,2,0,19924.981959000434,17485.232295999594,15045.482632998755,19924.981959000434,4996.5
1790299948,40,,Aggregated,0.100000,0.000000,20000,20000,20000,20000,20000,20000,20000,20000,20000,20000,20000,2,0,19924.981959000434,17485.232295999594,15045.482632998755,19924.981959000434,4996.5
1790299949,40,,Aggregated,0.100000,0.000000,20000,20000,20000,20000,20000,20000,20000,20000,20000,20000,20000,2,0,19924.981959000434,17485.232295999594,15045.482632998755,19924.981959000434,4996.5
1790299950,40,,Aggregated,0.100000,0.000000,20000,20000,20000,20000,20000,20000,20000,20000,20000,20000,20000,2,0,19924.981959000434,17485.232295999594,15045.482632998755,19924.981959000434,4996.5
1790299952,40,,Aggregated,0.100000,0.000000,20000,20000,20000,20000,20000,20000,20000,20000,20000,20000,20000,2,0,19924.981959000434,17485.232295999594,15045.482632998755,19924.981959000434,4996.5
1790299953,40,,Aggregated,0.100000,0.000000,20000,20000,20000,20000,20000,20000,20000,20000,20000,20000,20000,2,0,19924.981959000434,17485.232295999594,15045.482632998755,19924.981959000434,4996.5
1790299954,40,,Aggregated,0.100000,0.000000,20000,20000,20000,20000,20000,20000,20000,20000,20000,20000,20000,2,0,19924.981959000434,17485.232295999594,15045.482632998755,19924.981959000434,4996.5
1790299955,40,,Aggregated,0.100000,0.000000,20000,20000,20000,20000,20000,20000,20000,20000,20000,20000,20000,2,0,19924.981959000434,17485.232295999594,15045.482632998755,19924.981959000434,4996.5
1790299956,40,,Aggregated,0.100000,0.000000,20000,20000,20000,20000,20000,20000,20000,20000,20000,20000,20000,2,0,19924.981959000434,17485.232295999594,15045.482632998755,19924.981959000434,4996.5
1790299957,40,,Aggregated,0.100000,0.000000,20000,20000,20000,20000,20000,20000,20000,20000,20000,20000,20000,2,0,19924.981959000434,17485.232295999594,15045.482632998755,19924.981959000434,4996.5
1790299958,40,,Aggregated,0.100000,0.000000,20000,20000,20000,20000,20000,20000,20000,20000,20000,20000,20000,2,0,19924.981959000434,17485.232295999594,15045.482632998755,19924.981959000434,4996.5
1790299959,40,,Aggregated,0.100000,0.000000,20000,20000,20000,20000,20000,20000,20000,20000,20000,20000,20000,2,0,19924.981959000434,17485.232295999594,15045.482632998755,19924.981959000434,4996.5
1790299960,40,,Aggregated,0.100000,0.000000,20000,20000,20000,20000,20000,20000,20000,20000,20000,20000,20000,2,0,19924.981959000434,17485.232295999594,15045.482632998755,19924.981959000434,4996.5
1790299961,40,,Aggregated,0.100000,0.000000,20000,20000,20000,20000,20000,20000,20000,20000,20000,20000,20000,2,0,19924.981959000434,17485.232295999594,15045.482632998755,19924.981959000434,4996.5
1790299962,40,,Aggregated,0.100000,0.000000,20000,20000,20000,20000,20000,20000,20000,20000,20000,20000,20000,2,0,19924.981959000434,17485.232295999594,15045.482632998755,19924.981959000434,4996.5
1790299963,40,,Aggregated,0.100000,0.000000,20000,20000,20000,20000,20000,20000,20000,20000,20000,20000,20000,2,0,19924.981959000434,17485.232295999594,15045.482632998755,19924.981959000434,4996.5
1790299964,40,,Aggregated,0.100000,0.000000,20000,20000,20000,20000,20000,20000,20000,20000,20000,20000,20000,2,0,19924.981959000434,17485.232295999594,15045.482632998755,19924.981959000434,4996.5
1790299965,40,,Aggregated,0.100000,0.000000,20000,20000,20000,20000,20000,20000,20000,20000,20000,20000,20000,2,0,19924.981959000434,17485.232295999594,15045.482632998755,19924.981959000434,4996.5
1790299966,40,,Aggregated,0.100000,0.000000,20000,20000,20000,20000,20000,20000,20000,20000,20000,20000,20000,2,0,19924.981959000434,17485.232295999594,15045.482632998755,19924.981959000434,4996.5
1790299967,40,,Aggregated,0.100000,0.000000,20000,20000,20000,20000,20000,20000,20000,20000,20000,20000,20000,2,0,19924.981959000434,17485.232295999594,15045.482632998755,19924.981959000434,4996.5
1790299968,40,,Aggregated,0.100000,0.000000,20000,20000,20000,20000,20000,20000,20000,20000,20000,20000,20000,2,0,19924.981959000434,17485.232295999594,15045.482632998755,19924.981959000434,4996.5
1790299969,40,,Aggregated,0.100000,0.000000,20000,20000,20000,20000,20000,20000,20000,20000,20000,20000,20000,2,0,19924.981959000434,17485.232295999594,15045.482632998755,19924.981959000434,4996.5
1790299970,40,,Aggregated,0.100000,0.000000,20000,20000,20000,20000,20000,20000,20000,20000,20000,20000,20000,2,0,19924.981959000434,17485.232295999594,15045.482632998755,19924.981959000434,4996.5
1790299971,40,,Aggregated,0.100000,0.000000,20000,20000,20000,20000,20000,20000,20000,20000,20000,20000,20000,2,0,19924.981959000434,17485.232295999594,15045.482632998755,19924.981959000434,4996.5
1790299972,40,,Aggregated,0.100000,0.000000,20000,20000,20000,20000,20000,20000,20000,20000,20000,20000,20000,2,0,19924.981959000434,17485.232295999594,15045.482632998755,19924.981959000434,4996.5
1790299973,40,,Aggregated,0.100000,0.000000,20000,20000,20000,20000,20000,20000,20000,20000,20000,20000,20000,2,0,19924.981959000434,17485.232295999594,15045.482632998755,19924.981959000434,4996.5
1790299974,40,,Aggregated,0.100000,0.000000,20000,20000,20000,20000,20000,20000,20000,20000,20000,20000,20000,2,0,19924.981959000434,17485.232295999594,15045.482632998755,19924.981959000434,4996.5
1790299975,40,,Aggregated,0.100000,0.000000,20000,20000,20000,20000,20000,20000,20000,20000,20000,20000,20000,2,0,19924.981959000434,17485.232295999594,15045.482632998755,19924.981959000434,4996.5
1790299976,40,,Aggregated,0.100000,0.000000,20000,20000,20000,20000,20000,20000,20000,20000,20000,20000,20000,2,0,19924.981959000434,17485.232295999594,15045.482632998755,19924.981959000434,4996.5
1790299977,40,,Aggregated,0.100000,0.000000,20000,20000,20000,20000,20000,20000,20000,20000,20000,20000,20000,2,0,19924.981959000434,17485.232295999594,15045.482632998755,19924.981959000434,4996.5
1790299978,40,,Aggregated,0.100000,0.000000,20000,20000,20000,20000,20000,20000,20000,20000,20000,20000,20000,2,0,19924.981959000434,17485.232295999594,15045.482632998755,19924.981959000434,4996.5
1790299979,40,,Aggregated,0.100000,0.000000,20000,20000,20000,20000,20000,20000,20000,20000,20000,20000,20000,2,0,19924.981959000434,17485.232295999594,15045.482632998755,19924.981959000434,4996.5
1790299980,40,,Aggregated,0.100000,0.000000,20000,20000,20000,20000,20000,20000,20000,20000,20000,20000,20000,2,0,19924.981959000434,17485.232295999594,15045.482632998755,19924.981959000434,4996.5
1790299981,40,,Aggregated,0.100000,0.000000,20000,20000,20000,20000,20000,20000,20000,20000,20000,20000,20000,2,0,19924.981959000434,17485.232295999594,15045.482632998755,19924.981959000434,4996.5
1790299982,40,,Aggregated,0.100000,0.000000,20000,20000,20000,20000,20000,20000,20000,20000,20000,20000,20000,2,0,19924.981959000434,17485.232295999594,15045.482632998755,19924.981959000434,4996.5
1790299983,40,,Aggregated,0.100000,0.000000,20000,20000,20000,20000,20000,20000,20000,20000,20000,20000,20000,2,0,19924.981959000434,17485.232295999594,15045.482632998755,19924.981959000434,4996.5
1790299984,40,,Aggregated,0.100000,0.000000,20000,20000,20000,20000,20000,20000,20000,20000,20000,20000,20000,2,0,19924.981959000434,17485.232295999594,15045.482632998755,19924.981959000434,4996.5
1790299985,40,,Aggregated,0.100000,0.000000,20000,20000,20000,20000,20000,20000,20000,20000,20000,20000,20000,2,0,19924.981959000434,17485.232295999594,15045.482632998755,19924.981959000434,4996.5
1790299986,40,,Aggregated,0.100000,0.000000,20000,20000,20000,20000,20000,20000,20000,20000,20000,20000,20000,2,0,19924.981959000434,17485.232295999594,15045.482632998755,19924.981959000434,4996.5
1790299987,40,,Aggregated,0.100000,0.000000,20000,20000,20000,20000,20000,20000,20000,20000,20000,20000,20000,2,0,19924.981959000434,17485.232295999594,15045.482632998755,19924.981959000434,4996.5
1790299988,40,,Aggregated,0.100000,0.000000,20000,20000,20000,20000,20000,20000,20000,20000,20000,20000,20000,2,0,19924.981959000434,17485.232295999594,15045.482632998755,19924.981959000434,4996.5
1790299989,40,,Aggregated,0.100000,0.000000,20000,20000,20000,20000,20000,20000,20000,20000,20000,20000,20000,2,0,19924.981959000434,17485.232295999594,15045.482632998755,19924.981959000434,4996.5
1790299990,40,,Aggregated,0.100000,0.000000,20000,20000,20000,20000,20000,20000,20000,20000,20000,20000,20000,2,0,19924.981959000434,17485.232295999594,15045.482632998755,19924.981959000434,4996.5
1790299991,40,,Aggregated,0.000000,0.000000,20000,20000,78000,78000,78000,78000,78000,78000,78000,78000,78000,3,0,20000,37692.50560100045,15045.482632998755,78107.05221100216,9942.0
1790299992,40,,Aggregated,0.000000,0.000000,20000,20000,78000,78000,78000,78000,78000,78000,78000,78000,78000,3,0,20000,37692.50560100045,15045.482632998755,78107.05221100216,9942.0
1790299993,40,,Aggregated,0.000000,0.000000,78000,78000,80000,80000,80000,80000,80000,80000,80000,80000,80000,4,0,78000,48312.310503000845,15045.482632998755,80171.72520900203,11850.75
1790299994,40,,Aggregated,0.000000,0.000000,78000,78000,80000,80000,80000,80000,80000,80000,80000,80000,80000,4,0,78000,48312.310503000845,15045.482632998755,80171.72520900203,11850.75
1790299995,40,,Aggregated,0.000000,0.000000,78000,78000,80000,80000,80000,80000,80000,80000,80000,80000,80000,4,0,78000,48312.310503000845,15045.482632998755,80171.72520900203,11850.75
1790299996,40,,Aggregated,0.000000,0.000000,78000,78000,80000,80000,80000,80000,80000,80000,80000,80000,80000,4,0,78000,48312.310503000845,15045.482632998755,80171.72520900203,11850.75
1790299997,40,,Aggregated,0.000000,0.000000,78000,78000,80000,80000,80000,80000,80000,80000,80000,80000,80000,4,0,78000,48312.310503000845,15045.482632998755,80171.72520900203,11850.75
1790299998,40,,Aggregated,0.000000,0.000000,78000,78000,80000,80000,80000,80000,80000,80000,80000,80000,80000,4,0,78000,48312.310503000845,15045.482632998755,80171.72520900203,11850.75
1790299999,40,,Aggregated,0.000000,0.000000,78000,78000,80000,80000,80000,80000,80000,80000,80000,80000,80000,4,0,78000,48312.310503000845,15045.482632998755,80171.72520900203,11850.75
1790300000,40,,Aggregated,0.000000,0.000000,78000,78000,80000,80000,80000,80000,80000,80000,80000,80000,80000,4,0,78000,48312.310503000845,15045.482632998755,80171.72520900203,11850.75
1790300001,40,,Aggregated,0.000000,0.000000,78000,78000,80000,80000,80000,80000,80000,80000,80000,80000,80000,4,0,78000,48312.310503000845,15045.482632998755,80171.72520900203,11850.75
1790300002,40,,Aggregated,0.200000,0.000000,78000,80000,80000,88000,88000,88000,88000,88000,88000,88000,88000,5,0,78000,56196.3598568007,15045.482632998755,87732.55727200012,12965.2
1790300003,40,,Aggregated,0.200000,0.000000,78000,80000,80000,88000,88000,88000,88000,88000,88000,88000,88000,5,0,78000,56196.3598568007,15045.482632998755,87732.55727200012,12965.2
1790300004,40,,Aggregated,0.200000,0.000000,78000,80000,80000,88000,88000,88000,88000,88000,88000,88000,88000,5,0,78000,56196.3598568007,15045.482632998755,87732.55727200012,12965.2
1790300005,40,,Aggregated,0.200000,0.000000,78000,80000,80000,88000,88000,88000,88000,88000,88000,88000,88000,5,0,78000,56196.3598568007,15045.482632998755,87732.55727200012,12965.2
1790300006,40,,Aggregated,0.200000,0.000000,78000,80000,80000,88000,88000,88000,88000,88000,88000,88000,88000,5,0,78000,56196.3598568007,15045.482632998755,87732.55727200012,12965.2
1790300007,40,,Aggregated,0.100000,0.000000,88000,93000,93000,93000,94000,94000,94000,94000,94000,94000,94000,8,0,88000,70211.72139850023,15045.482632998755,94203.90095199764,15263.25
1790300008,40,,Aggregated,0.100000,0.000000,88000,93000,93000,93000,94000,94000,94000,94000,94000,94000,94000,8,0,88000,70211.72139850023,15045.482632998755,94203.90095199764,15263.25
1790300009,40,,Aggregated,0.300000,0.000000,93000,94000,96000,96000,96000,97000,97000,97000,97000,97000,97000,12,0,93000,78766.69703166651,15045.482632998755,96545.22126099982,16846.916666666668
1790300010,40,,Aggregated,0.400000,0.000000,94000,96000,96000,97000,97000,97000,97000,97000,97000,97000,97000,14,0,94000,81395.34395057126,15045.482632998755,97376.88065199836,17487.0
1790300011,40,,Aggregated,0.400000,0.000000,94000,96000,96000,97000,97000,97000,97000,97000,97000,97000,97000,14,0,94000,81395.34395057126,15045.482632998755,97376.88065199836,17487.0
1790300012,40,,Aggregated,0.400000,0.000000,94000,96000,96000,97000,97000,97000,97000,97000,97000,97000,97000,14,0,94000,81395.34395057126,15045.482632998755,97376.88065199836,17487.0
1790300013,40,,Aggregated,0.900000,0.000000,95000,96000,97000,97000,99000,100000,100000,100000,100000,100000,100000,16,0,95000,83648.5179113124,15045.482632998755,99980.92506099783,18065.9375
1790300014,40,,Aggregated,0.900000,0.000000,96000,97000,97000,99000,100000,101000,101000,101000,101000,101000,101000,18,0,96000,85550.92957911115,15045.482632998755,101272.08435400098,18537.277777777777
1790300015,40,,Aggregated,1.100000,0.000000,96000,97000,100000,100000,101000,101000,103000,103000,103000,103000,103000,21,0,96000,87816.7784865237,15045.482632998755,102633.68250799977,19039.428571428572
1790300016,40,,Aggregated,1.100000,0.000000,97000,100000,101000,101000,102000,103000,104000,104000,104000,104000,104000,23,0,97000,89133.6678239998,15045.482632998755,103622.77690199699,19348.869565217392
1790300017,40,,Aggregated,1.100000,0.000000,97000,100000,101000,101000,103000,104000,104000,104000,104000,104000,104000,24,0,97000,89746.45283808302,15045.482632998755,103840.5081619967,19462.083333333332
1790300018,40,,Aggregated,1.600000,0.000000,97000,101000,101000,102000,104000,105000,105000,105000,105000,105000,105000,26,0,97000,90937.75475946117,15045.482632998755,105371.00817999817,19799.076923076922
1790300019,40,,Aggregated,1.600000,0.000000,97000,101000,101000,102000,104000,105000,105000,105000,105000,105000,105000,26,0,97000,90937.75475946117,15045.482632998755,105371.00817999817,19799.076923076922
1790300020,40,,Aggregated,1.700000,0.000000,99000,101000,103000,104000,105000,106000,107000,107000,107000,107000,107000,28,0,99000,92049.93840099969,15045.482632998755,106955.17607900183,19971.214285714286
1790300021,40,,Aggregated,1.700000,0.000000,99000,101000,103000,104000,106000,107000,107000,107000,107000,107000,107000,29,0,99000,92573.02835296524,15045.482632998755,107219.54700800052,20110.310344827587
1790300022,40,,Aggregated,1.500000,0.000000,100000,102000,104000,105000,107000,108000,108000,108000,108000,108000,108000,31,0,100000,93589.9066333545,15045.482632998755,108400.38818299945,20319.451612903227
1790300023,40,,Aggregated,1.500000,0.000000,100000,103000,105000,106000,108000,110000,111000,111000,111000,111000,111000,33,0,100000,94599.78165239368,15045.482632998755,110689.13219000024,20414.636363636364
1790300024,40,,Aggregated,1.500000,0.000000,101000,104000,107000,107000,110000,110000,111000,111000,111000,111000,111000,36,0,101000,95875.90494322202,15045.482632998755,110689.13219000024,20568.444444444445
1790300025,40,,Aggregated,1.600000,0.000000,101000,105000,107000,108000,110000,111000,112000,112000,112000,112000,112000,37,0,101000,96304.16025935109,15045.482632998755,111721.35163999701,20607.324324324323
1790300026,40,,Aggregated,2.000000,0.000000,101000,105000,107000,108000,110000,112000,112000,112000,112000,112000,112000,38,0,101000,96726.00616794711,15045.482632998755,112334.30478599985,20677.57894736842
1790300027,40,,Aggregated,1.600000,0.000000,102000,106000,108000,110000,112000,113000,114000,114000,114000,114000,114000,40,0,102000,97568.0444763998,15045.482632998755,113748.66093300079,20824.975
1790300028,40,,Aggregated,1.600000,0.000000,101000,106000,108000,110000,111000,112000,114000,114000,114000,114000,114000,41,0,101000,97581.26864214617,15045.482632998755,113748.66093300079,20861.878048780487
1790300029,40,,Aggregated,1.600000,0.000000,101000,106000,108000,110000,111000,112000,114000,114000,114000,114000,114000,41,0,101000,97581.26864214617,15045.482632998755,113748.66093300079,20861.878048780487
1790300030,40,,Aggregated,1.600000,0.000000,101000,106000,108000,110000,111000,112000,114000,114000,114000,114000,114000,41,0,101000,97581.26864214617,15045.482632998755,113748.66093300079,20861.878048780487
1790300031,40,,Aggregated,1.600000,0.000000,101000,106000,108000,110000,111000,112000,114000,114000,114000,114000,114000,41,0,101000,97581.26864214617,15045.482632998755,113748.66093300079,20861.878048780487
1790300032,40,,Aggregated,1.600000,0.000000,101000,106000,108000,110000,111000,112000,114000,114000,114000,114000,114000,41,0,101000,97581.26864214617,15045.482632998755,113748.66093300079,20861.878048780487
1790300033,40,,Aggregated,1.600000,0.000000,101000,106000,108000,110000,111000,112000,114000,114000,114000,114000,114000,41,0,101000,97581.26864214617,15045.482632998755,113748.66093300079,20861.878048780487
1790300034,40,,Aggregated,1.600000,0.000000,101000,106000,108000,110000,111000,112000,114000,114000,114000,114000,114000,41,0,101000,97581.26864214617,15045.482632998755,113748.66093300079,20861.878048780487
1790300035,40,,Aggregated,0.900000,0.000000,101000,105000,108000,110000,111000,112000,114000,114000,114000,114000,114000,42,0,101000,97664.46572688074,15045.482632998755,113748.66093300079,20879.809523809523
1790300036,40,,Aggregated,0.500000,0.000000,101000,105000,108000,110000,111000,112000,114000,114000,114000,114000,114000,43,0,101000,95787.91380309282,15045.482632998755,113748.66093300079,20511.04651162791
1790300037,40,,Aggregated,0.500000,0.000000,101000,105000,108000,110000,111000,112000,114000,114000,114000,114000,114000,43,0,101000,95787.91380309282,15045.482632998755,113748.66093300079,20511.04651162791
1790300038,40,,Aggregated,0.500000,0.000000,101000,105000,108000,110000,111000,112000,114000,114000,114000,114000,114000,43,0,101000,95787.91380309282,15045.482632998755,113748.66093300079,20511.04651162791
1790300039,40,,Aggregated,0.500000,0.000000,101000,105000,108000,110000,111000,112000,114000,114000,114000,114000,114000,43,0,101000,95787.91380309282,15045.482632998755,113748.66093300079,20511.04651162791
1790300040,40,,Aggregated,0.500000,0.000000,101000,105000,108000,110000,111000,112000,114000,114000,114000,114000,114000,43,0,101000,95787.91380309282,15045.482632998755,113748.66093300079,20511.04651162791
1790300041,40,,Aggregated,0.500000,0.000000,101000,105000,108000,110000,111000,112000,114000,114000,114000,114000,114000,43,0,101000,95787.91380309282,15045.482632998755,113748.66093300079,20511.04651162791
1790300042,40,,Aggregated,0.500000,0.000000,101000,105000,108000,110000,111000,112000,114000,114000,114000,114000,114000,43,0,101000,95787.91380309282,15045.482632998755,113748.66093300079,20511.04651162791
1790300043,40,,Aggregated,0.500000,0.000000,101000,105000,108000,110000,111000,112000,114000,114000,114000,114000,114000,43,0,101000,95787.91380309282,15045.482632998755,113748.66093300079,20511.04651162791
1790300044,40,,Aggregated,0.200000,0.000000,101000,105000,108000,110000,111000,112000,114000,114000,114000,114000,114000,44,0,101000,94254.06254313615,15045.482632998755,113748.66093300079,20217.772727272728
1790300045,40,,Aggregated,0.200000,0.000000,101000,105000,108000,110000,111000,112000,114000,114000,114000,114000,114000,44,0,101000,94254.06254313615,15045.482632998755,113748.66093300079,20217.772727272728
1790300046,40,,Aggregated,0.200000,0.000000,101000,105000,107000,110000,111000,112000,114000,114000,114000,114000,114000,45,0,101000,92559.3477586665,15045.482632998755,113748.66093300079,19885.666666666668
1790300047,40,,Aggregated,0.200000,0.000000,101000,105000,107000,110000,111000,112000,114000,114000,114000,114000,114000,45,0,101000,92559.3477586665,15045.482632998755,113748.66093300079,19885.666666666668
1790300048,40,,Aggregated,0.200000,0.000000,101000,105000,107000,110000,111000,112000,114000,114000,114000,114000,114000,45,0,101000,92559.3477586665,15045.482632998755,113748.66093300079,19885.666666666668
1790300049,40,,Aggregated,0.200000,0.000000,101000,105000,107000,110000,111000,112000,114000,114000,114000,114000,114000,45,0,101000,92559.3477586665,15045.482632998755,113748.66093300079,19885.666666666668
1790300050,40,,Aggregated,0.200000,0.000000,101000,105000,107000,110000,111000,112000,114000,114000,114000,114000,114000,45,0,101000,92559.3477586665,15045.482632998755,113748.66093300079,19885.666666666668
1790300051,40,,Aggregated,0.200000,0.000000,101000,105000,107000,110000,111000,112000,114000,114000,114000,114000,114000,45,0,101000,92559.3477586665,15045.482632998755,113748.66093300079,19885.666666666668
1790300052,40,,Aggregated,0.200000,0.000000,101000,105000,107000,110000,111000,112000,114000,114000,114000,114000,114000,45,0,101000,92559.3477586665,15045.482632998755,113748.66093300079,19885.666666666668
1790300053,40,,Aggregated,0.200000,0.000000,101000,105000,107000,110000,111000,112000,114000,114000,114000,114000,114000,45,0,101000,92559.3477586665,15045.482632998755,113748.66093300079,19885.666666666668
1790300054,40,,Aggregated,0.200000,0.000000,101000,105000,107000,110000,111000,112000,114000,114000,114000,114000,114000,45,0,101000,92559.3477586665,15045.482632998755,113748.66093300079,19885.666666666668
1790300055,40,,Aggregated,0.200000,0.000000,101000,105000,107000,110000,111000,112000,114000,114000,114000,114000,114000,45,0,101000,92559.3477586665,15045.482632998755,113748.66093300079,19885.666666666668
1790300056,40,,Aggregated,0.200000,0.000000,101000,105000,107000,108000,111000,112000,114000,114000,114000,114000,114000,46,0,101000,90954.98215408674,15045.482632998755,113748.66093300079,19569.021739130436
1790300057,40,,Aggregated,0.200000,0.000000,101000,105000,107000,108000,111000,112000,114000,114000,114000,114000,114000,46,0,101000,90954.98215408674,15045.482632998755,113748.66093300079,19569.021739130436
1790300058,40,,Aggregated,0.200000,0.000000,101000,105000,107000,108000,111000,112000,114000,114000,114000,114000,114000,46,0,101000,90954.98215408674,15045.482632998755,113748.66093300079,19569.021739130436
1790300059,40,,Aggregated,0.200000,0.000000,101000,105000,107000,108000,111000,112000,114000,114000,114000,114000,114000,46,0,101000,90954.98215408674,15045.482632998755,113748.66093300079,19569.021739130436
1790300060,40,,Aggregated,0.200000,0.000000,101000,105000,107000,108000,111000,112000,114000,114000,114000,114000,114000,46,0,101000,90954.98215408674,15045.482632998755,113748.66093300079,19569.021739130436
1790300061,40,,Aggregated,0.200000,0.000000,101000,105000,107000,108000,111000,112000,114000,114000,114000,114000,114000,46,0,101000,90954.98215408674,15045.482632998755,113748.66093300079,19569.021739130436
1790300062,40,,Aggregated,0.200000,0.000000,101000,105000,107000,108000,111000,112000,114000,114000,114000,114000,114000,46,0,101000,90954.98215408674,15045.482632998755,113748.66093300079,19569.021739130436
1790300063,40,,Aggregated,0.200000,0.000000,101000,105000,107000,108000,111000,112000,114000,114000,114000,114000,114000,46,0,101000,90954.98215408674,15045.482632998755,113748.66093300079,19569.021739130436
1790300064,40,,Aggregated,0.200000,0.000000,101000,105000,107000,108000,111000,112000,114000,114000,114000,114000,114000,46,0,101000,90954.98215408674,15045.482632998755,113748.66093300079,19569.021739130436
1790300065,40,,Aggregated,0.200000,0.000000,101000,105000,107000,108000,111000,112000,114000,114000,114000,114000,114000,46,0,101000,90954.98215408674,15045.482632998755,113748.66093300079,19569.021739130436
1790300066,40,,Aggregated,0.200000,0.000000,101000,105000,107000,108000,111000,112000,114000,114000,114000,114000,114000,46,0,101000,90954.98215408674,15045.482632998755,113748.66093300079,19569.021739130436
1790300067,40,,Aggregated,0.200000,0.000000,101000,105000,107000,108000,111000,112000,114000,114000,114000,114000,114000,46,0,101000,90954.98215408674,15045.482632998755,113748.66093300079,19569.021739130436
1790300068,40,,Aggregated,0.200000,0.000000,101000,105000,107000,108000,111000,112000,114000,114000,114000,114000,114000,46,0,101000,90954.98215408674,15045.482632998755,113748.66093300079,19569.021739130436
1790300069,40,,Aggregated,0.200000,0.000000,101000,105000,107000,108000,111000,112000,114000,114000,114000,114000,114000,46,0,101000,90954.98215408674,15045.482632998755,113748.66093300079,19569.021739130436
1790300070,40,,Aggregated,0.200000,0.000000,101000,105000,107000,108000,111000,112000,114000,114000,114000,114000,114000,46,0,101000,90954.98215408674,15045.482632998755,113748.66093300079,19569.021739130436
1790300071,40,,Aggregated,0.200000,0.000000,101000,105000,107000,108000,111000,112000,114000,114000,114000,114000,114000,46,0,101000,90954.98215408674,15045.482632998755,113748.66093300079,19569.021739130436
1790300072,40,,Aggregated,0.200000,0.000000,101000,105000,107000,108000,111000,112000,114000,114000,114000,114000,114000,46,0,101000,90954.98215408674,15045.482632998755,113748.66093300079,19569.021739130436
1790300073,40,,Aggregated,0.200000,0.000000,101000,105000,107000,108000,111000,112000,114000,114000,114000,114000,114000,46,0,101000,90954.98215408674,15045.482632998755,113748.66093300079,19569.021739130436
1790300074,40,,Aggregated,0.200000,0.000000,101000,105000,107000,108000,111000,112000,114000,114000,114000,114000,114000,46,0,101000,90954.98215408674,15045.482632998755,113748.66093300079,19569.021739130436
1790300075,40,,Aggregated,0.200000,0.000000,101000,105000,107000,108000,111000,112000,114000,114000,114000,114000,114000,46,0,101000,90954.98215408674,15045.482632998755,113748.66093300079,19569.021739130436
1790300076,40,,Aggregated,0.200000,0.000000,101000,105000,107000,108000,111000,112000,114000,114000,114000,114000,114000,46,0,101000,90954.98215408674,15045.482632998755,113748.66093300079,19569.021739130436
1790300077,40,,Aggregated,0.200000,0.000000,101000,105000,107000,108000,111000,112000,114000,114000,114000,114000,114000,46,0,101000,90954.98215408674,15045.482632998755,113748.66093300079,19569.021739130436
1790300078,40,,Aggregated,0.200000,0.000000,101000,105000,107000,108000,111000,112000,114000,114000,114000,114000,114000,46,0,101000,90954.98215408674,15045.482632998755,113748.66093300079,19569.021739130436
1790300079,40,,Aggregated,0.200000,0.000000,101000,105000,107000,108000,111000,112000,114000,114000,114000,114000,114000,46,0,101000,90954.98215408674,15045.482632998755,113748.66093300079,19569.021739130436
1790300080,40,,Aggregated,0.200000,0.000000,101000,105000,107000,108000,111000,112000,114000,114000,114000,114000,114000,46,0,101000,90954.98215408674,15045.482632998755,113748.66093300079,19569.021739130436
1790300081,40,,Aggregated,0.200000,0.000000,101000,105000,107000,108000,111000,112000,114000,114000,114000,114000,114000,46,0,101000,90954.98215408674,15045.482632998755,113748.66093300079,19569.021739130436
1790300082,40,,Aggregated,0.200000,0.000000,101000,105000,107000,108000,111000,112000,114000,114000,114000,114000,114000,46,0,101000,90954.98215408674,15045.482632998755,113748.66093300079,19569.021739130436
1790300083,40,,Aggregated,0.200000,0.000000,101000,105000,107000,108000,111000,112000,114000,114000,114000,114000,114000,46,0,101000,90954.98215408674,15045.482632998755,113748.66093300079,19569.021739130436
1790300084,40,,Aggregated,0.200000,0.000000,101000,105000,107000,108000,111000,112000,114000,114000,114000,114000,114000,46,0,101000,90954.98215408674,15045.482632998755,113748.66093300079,19569.021739130436
1790300085,40,,Aggregated,0.200000,0.000000,101000,105000,107000,108000,111000,112000,114000,114000,114000,114000,114000,46,0,101000,90954.98215408674,15045.482632998755,113748.66093300079,19569.021739130436
1790300086,40,,Aggregated,0.200000,0.000000,101000,105000,107000,108000,111000,112000,114000,114000,114000,114000,114000,46,0,101000,90954.98215408674,15045.482632998755,113748.66093300079,19569.021739130436
1790300087,40,,Aggregated,0.200000,0.000000,101000,105000,107000,108000,111000,112000,114000,114000,114000,114000,114000,46,0,101000,90954.98215408674,15045.482632998755,113748.66093300079,19569.021739130436
1790300088,40,,Aggregated,0.200000,0.000000,101000,105000,107000,108000,111000,112000,114000,114000,114000,114000,114000,46,0,101000,90954.98215408674,15045.482632998755,113748.66093300079,19569.021739130436
1790300089,40,,Aggregated,0.200000,0.000000,101000,105000,107000,108000,111000,112000,114000,114000,114000,114000,114000,46,0,101000,90954.98215408674,15045.482632998755,113748.66093300079,19569.021739130436
1790300090,40,,Aggregated,0.000000,0.000000,101000,105000,107000,108000,111000,112000,114000,114000,114000,114000,114000,47,0,101000,90442.00208189338,15045.482632998755,113748.66093300079,19464.08510638298
1790300092,40,,Aggregated,0.000000,0.000000,101000,105000,107000,108000,111000,112000,114000,114000,114000,114000,114000,47,0,101000,90442.00208189338,15045.482632998755,113748.66093300079,19464.08510638298
1790300093,40,,Aggregated,0.000000,0.000000,101000,105000,107000,108000,111000,112000,114000,114000,114000,114000,114000,47,0,101000,90442.00208189338,15045.482632998755,113748.66093300079,19464.08510638298
1790300094,40,,Aggregated,0.000000,0.000000,101000,105000,107000,108000,111000,112000,114000,114000,114000,114000,114000,47,0,101000,90442.00208189338,15045.482632998755,113748.66093300079,19464.08510638298
1790300095,40,,Aggregated,0.100000,0.000000,101000,104000,107000,108000,111000,112000,114000,114000,114000,114000,114000,48,0,101000,90638.47570716644,15045.482632998755,113748.66093300079,19508.083333333332
1790300096,40,,Aggregated,0.100000,0.000000,101000,104000,107000,108000,111000,112000,114000,114000,114000,114000,114000,48,0,101000,90638.47570716644,15045.482632998755,113748.66093300079,19508.083333333332
1790300097,40,,Aggregated,0.100000,0.000000,101000,104000,107000,108000,111000,112000,114000,114000,114000,114000,114000,48,0,101000,90638.47570716644,15045.482632998755,113748.66093300079,19508.083333333332
1790300098,40,,Aggregated,0.200000,0.000000,101000,105000,107000,108000,111000,112000,114000,114000,114000,114000,114000,49,0,101000,90940.61762236712,15045.482632998755,113748.66093300079,19649.897959183672
1790300099,40,,Aggregated,0.200000,0.000000,101000,105000,107000,108000,111000,112000,114000,114000,114000,114000,114000,49,0,101000,90940.61762236712,15045.482632998755,113748.66093300079,19649.897959183672
1790300100,40,,Aggregated,0.200000,0.000000,101000,105000,107000,108000,111000,112000,114000,114000,114000,114000,114000,49,0,101000,90940.61762236712,15045.482632998755,113748.66093300079,19649.897959183672
1790300101,40,,Aggregated,0.200000,0.000000,101000,105000,107000,108000,111000,112000,114000,114000,114000,114000,114000,49,0,101000,90940.61762236712,15045.482632998755,113748.66093300079,19649.897959183672
1790300102,40,,Aggregated,0.200000,0.000000,101000,105000,107000,108000,111000,112000,114000,114000,114000,114000,114000,49,0,101000,90940.61762236712,15045.482632998755,113748.66093300079,19649.897959183672
1790300103,40,,Aggregated,0.200000,0.000000,101000,105000,107000,108000,111000,112000,114000,114000,114000,114000,114000,49,0,101000,90940.61762236712,15045.482632998755,113748.66093300079,19649.897959183672
1790300104,40,,Aggregated,0.200000,0.000000,101000,105000,107000,108000,111000,112000,114000,114000,114000,114000,114000,50,0,101000,90990.9935505798,15045.482632998755,113748.66093300079,19657.8
1790300105,40,,Aggregated,0.200000,0.000000,100000,104000,107000,108000,110000,112000,113000,114000,114000,114000,114000,51,0,100000,91094.8479094704,15045.482632998755,113748.66093300079,19679.235294117647
1790300106,40,,Aggregated,0.200000,0.000000,100000,104000,107000,108000,110000,112000,113000,114000,114000,114000,114000,51,0,100000,91094.8479094704,15045.482632998755,113748.66093300079,19679.235294117647
1790300107,40,,Aggregated,0.200000,0.000000,100000,104000,107000,108000,110000,112000,113000,114000,114000,114000,114000,51,0,100000,91094.8479094704,15045.482632998755,113748.66093300079,19679.235294117647
1790300108,40,,Aggregated,0.300000,0.000000,100000,104000,106000,108000,110000,112000,113000,114000,114000,114000,114000,54,0,100000,91459.72632325908,15045.482632998755,113748.66093300079,19711.814814814814
1790300109,40,,Aggregated,0.300000,0.000000,100000,104000,106000,108000,110000,112000,113000,114000,114000,114000,114000,55,0,100000,91588.92666145434,15045.482632998755,113748.66093300079,19724.909090909092
1790300110,40,,Aggregated,0.300000,0.000000,100000,104000,106000,108000,110000,112000,113000,114000,114000,114000,114000,55,0,100000,91588.92666145434,15045.482632998755,113748.66093300079,19724.909090909092
1790300111,40,,Aggregated,0.500000,0.000000,100000,104000,106000,107000,110000,112000,113000,114000,114000,114000,114000,56,0,100000,91635.02091476765,15045.482632998755,113748.66093300079,19718.553571428572
1790300112,40,,Aggregated,0.500000,0.000000,100000,104000,106000,107000,110000,112000,113000,114000,114000,114000,114000,56,0,100000,91635.02091476765,15045.482632998755,113748.66093300079,19718.553571428572
1790300113,40,,Aggregated,0.600000,0.000000,100000,104000,105000,107000,110000,112000,113000,114000,114000,114000,114000,57,0,100000,91790.86664166645,15045.482632998755,113748.66093300079,19761.859649122805
1790300114,40,,Aggregated,0.700000,0.000000,100000,103000,105000,107000,110000,112000,113000,114000,114000,114000,114000,59,0,100000,92097.81292833878,15045.482632998755,113748.66093300079,19874.949152542373
1790300115,40,,Aggregated,0.700000,0.000000,100000,103000,105000,107000,110000,112000,113000,114000,114000,114000,114000,59,0,100000,92097.81292833878,15045.482632998755,113748.66093300079,19874.949152542373
1790300116,40,,Aggregated,0.700000,0.000000,100000,103000,105000,107000,110000,112000,113000,114000,114000,114000,114000,59,0,100000,92097.81292833878,15045.482632998755,113748.66093300079,19874.949152542373
1790300117,40,,Aggregated,0.700000,0.000000,100000,103000,105000,107000,110000,112000,113000,114000,114000,114000,114000,59,0,100000,92097.81292833878,15045.482632998755,113748.66093300079,19874.949152542373
1790300118,40,,Aggregated,0.800000,0.000000,100000,103000,105000,107000,110000,112000,113000,114000,114000,114000,114000,61,0,100000,92397.27982085229,15045.482632998755,113748.66093300079,19918.32786885246
1790300119,40,,Aggregated,0.800000,0.000000,101000,103000,105000,107000,110000,112000,113000,114000,114000,114000,114000,62,0,101000,92691.12538322563,15045.482632998755,113748.66093300079,19975.064516129034
1790300120,40,,Aggregated,0.800000,0.000000,101000,103000,105000,107000,110000,112000,113000,114000,114000,114000,114000,62,0,101000,92691.12538322563,15045.482632998755,113748.66093300079,19975.064516129034
1790300121,40,,Aggregated,0.700000,0.000000,101000,104000,106000,108000,111000,112000,113000,114000,114000,114000,114000,63,0,101000,92978.93639519026,15045.482632998755,113748.66093300079,20036.603174603173
1790300122,40,,Aggregated,0.700000,0.000000,101000,104000,106000,108000,111000,112000,113000,114000,114000,114000,114000,63,0,101000,92978.93639519026,15045.482632998755,113748.66093300079,20036.603174603173
1790300123,40,,Aggregated,0.600000,0.000000,101000,104000,106000,108000,111000,112000,114000,114000,114000,114000,114000,65,0,101000,93383.43730072283,15045.482632998755,114391.06385600098,20116.36923076923
1790300124,40,,Aggregated,0.700000,0.000000,101000,104000,106000,108000,111000,112000,114000,114000,114000,114000,114000,67,0,101000,92382.30403925349,13493.02401499881,114391.06385600098,19914.223880597016
1790300125,40,,Aggregated,0.700000,0.000000,101000,104000,106000,108000,111000,112000,114000,114000,114000,114000,114000,70,0,101000,92760.5626427712,13493.02401499881,114391.06385600098,19986.014285714286
1790300126,40,,Aggregated,0.700000,0.000000,101000,104000,106000,108000,111000,112000,114000,114000,114000,114000,114000,71,0,101000,92974.97236499978,13493.02401499881,114391.06385600098,19955.028169014084
1790300127,40,,Aggregated,0.700000,0.000000,101000,104000,106000,108000,111000,112000,114000,114000,114000,114000,114000,73,0,101000,93161.14703338331,13493.02401499881,114391.06385600098,20032.698630136987
1790300128,40,,Aggregated,1.000000,0.000000,101000,104000,106000,108000,111000,112000,114000,114000,114000,114000,114000,75,0,101000,93502.56246499975,13493.02401499881,114391.06385600098,20093.88
1790300129,40,,Aggregated,1.400000,0.000000,101000,104000,107000,108000,111000,113000,114000,115000,115000,115000,115000,76,0,101000,93782.35127369715,13493.02401499881,114766.51192600184,20131.434210526317
1790300130,40,,Aggregated,1.400000,0.000000,101000,104000,107000,108000,111000,113000,114000,115000,115000,115000,115000,77,0,101000,93970.03215341536,13493.02401499881,114766.51192600184,20189.25974025974
1790300131,40,,Aggregated,1.300000,0.000000,101000,104000,107000,108000,111000,113000,114000,115000,115000,115000,115000,78,0,101000,93049.39034775615,13493.02401499881,114766.51192600184,20005.44871794872
1790300132,40,,Aggregated,1.500000,0.000000,101000,104000,107000,108000,111000,113000,114000,115000,115000,115000,115000,81,0,101000,93620.33264208614,13493.02401499881,114766.51192600184,20134.11111111111
1790300133,40,,Aggregated,1.500000,0.000000,101000,104000,107000,108000,111000,113000,114000,115000,115000,115000,115000,81,0,101000,93620.33264208614,13493.02401499881,114766.51192600184,20134.11111111111
1790300134,40,,Aggregated,1.500000,0.000000,101000,104000,107000,108000,111000,113000,114000,115000,115000,115000,115000,81,0,101000,93620.33264208614,13493.02401499881,114766.51192600184,20134.11111111111
1790300135,40,,Aggregated,1.700000,0.000000,101000,105000,108000,108000,111000,113000,114000,115000,115000,115000,115000,82,0,101000,93836.32629410944,13493.02401499881,114766.51192600184,20173.878048780487
1790300136,40,,Aggregated,1.700000,0.000000,101000,105000,108000,108000,111000,113000,114000,115000,115000,115000,115000,82,0,101000,93836.32629410944,13493.02401499881,114766.51192600184,20173.878048780487
1790300137,40,,Aggregated,1.700000,0.000000,101000,105000,108000,108000,111000,113000,114000,115000,115000,115000,115000,82,0,101000,93836.32629410944,13493.02401499881,114766.51192600184,20173.878048780487
1790300138,40,,Aggregated,1.700000,0.000000,101000,105000,108000,108000,111000,113000,114000,115000,115000,115000,115000,82,0,101000,93836.32629410944,13493.02401499881,114766.51192600184,20173.878048780487
1790300139,40,,Aggregated,1.700000,0.000000,101000,105000,108000,108000,111000,113000,114000,115000,115000,115000,115000,82,0,101000,93836.32629410944,13493.02401499881,114766.51192600184,20173.878048780487
1790300140,40,,Aggregated,0.900000,0.000000,101000,105000,108000,110000,111000,113000,114000,115000,115000,115000,115000,83,0,101000,94084.81087386716,13493.02401499881,114766.51192600184,20228.024096385543
1790300141,40,,Aggregated,0.700000,0.000000,101000,105000,108000,110000,111000,113000,114000,115000,115000,115000,115000,84,0,101000,94291.63793366638,13493.02401499881,114766.51192600184,20273.54761904762
1790300142,40,,Aggregated,0.700000,0.000000,101000,105000,108000,110000,111000,113000,114000,115000,115000,115000,115000,84,0,101000,94291.63793366638,13493.02401499881,114766.51192600184,20273.54761904762
1790300143,40,,Aggregated,0.700000,0.000000,101000,105000,108000,110000,111000,113000,114000,115000,115000,115000,115000,84,0,101000,94291.63793366638,13493.02401499881,114766.51192600184,20273.54761904762
1790300144,40,,Aggregated,0.600000,0.000000,101000,105000,108000,110000,111000,113000,114000,115000,115000,115000,115000,85,0,101000,94319.94257556442,13493.02401499881,114766.51192600184,20267.141176470588
1790300145,40,,Aggregated,0.600000,0.000000,101000,105000,108000,110000,111000,113000,114000,115000,115000,115000,115000,85,0,101000,94319.94257556442,13493.02401499881,114766.51192600184,20267.141176470588
1790300146,40,,Aggregated,0.600000,0.000000,101000,105000,108000,110000,111000,113000,114000,115000,115000,115000,115000,85,0,101000,94319.94257556442,13493.02401499881,114766.51192600184,20267.141176470588
1790300147,40,,Aggregated,0.600000,0.000000,101000,105000,108000,110000,111000,113000,114000,115000,115000,115000,115000,85,0,101000,94319.94257556442,13493.02401499881,114766.51192600184,20267.141176470588
1790300148,40,,Aggregated,0.600000,0.000000,101000,105000,108000,110000,111000,113000,114000,115000,115000,115000,115000,85,0,101000,94319.94257556442,13493.02401499881,114766.51192600184,20267.141176470588
1790300149,40,,Aggregated,0.600000,0.000000,101000,105000,108000,110000,111000,113000,114000,115000,115000,115000,115000,85,0,101000,94319.94257556442,13493.02401499881,114766.51192600184,20267.141176470588
1790300150,40,,Aggregated,0.600000,0.000000,101000,105000,108000,110000,111000,113000,114000,115000,115000,115000,115000,85,0,101000,94319.94257556442,13493.02401499881,114766.51192600184,20267.141176470588
1790300151,40,,Aggregated,0.600000,0.000000,101000,105000,108000,110000,111000,113000,114000,115000,115000,115000,115000,85,0,101000,94319.94257556442,13493.02401499881,114766.51192600184,20267.141176470588
1790300152,40,,Aggregated,0.300000,0.000000,101000,105000,108000,110000,112000,114000,114000,115000,115000,115000,115000,86,0,101000,94546.00943162764,13493.02401499881,114766.51192600184,20306.89534883721
1790300153,40,,Aggregated,0.300000,0.000000,101000,105000,108000,110000,112000,114000,114000,115000,115000,115000,115000,86,0,101000,94546.00943162764,13493.02401499881,114766.51192600184,20306.89534883721
1790300154,40,,Aggregated,0.300000,0.000000,101000,105000,108000,110000,112000,114000,114000,115000,115000,115000,115000,86,0,101000,94546.00943162764,13493.02401499881,114766.51192600184,20306.89534883721
1790300155,40,,Aggregated,0.300000,0.000000,101000,105000,108000,110000,112000,114000,114000,115000,115000,115000,115000,86,0,101000,94546.00943162764,13493.02401499881,114766.51192600184,20306.89534883721
1790300156,40,,Aggregated,0.300000,0.000000,101000,105000,108000,110000,112000,114000,114000,115000,115000,115000,115000,86,0,101000,94546.00943162764,13493.02401499881,114766.51192600184,20306.89534883721
1790300157,40,,Aggregated,0.100000,0.000000,101000,105000,108000,110000,112000,114000,114000,115000,115000,115000,115000,87,0,101000,93784.08285356293,13493.02401499881,114766.51192600184,20162.333333333332
1790300158,40,,Aggregated,0.100000,0.000000,101000,105000,108000,110000,112000,114000,114000,115000,115000,115000,115000,88,0,101000,93999.79290511337,13493.02401499881,114766.51192600184,20200.875
1790300159,40,,Aggregated,0.100000,0.000000,101000,105000,108000,110000,112000,114000,114000,115000,115000,115000,115000,88,0,101000,93999.79290511337,13493.02401499881,114766.51192600184,20200.875
1790300160,40,,Aggregated,0.100000,0.000000,101000,105000,108000,110000,112000,114000,114000,115000,115000,115000,115000,88,0,101000,93999.79290511337,13493.02401499881,114766.51192600184,20200.875
1790300161,40,,Aggregated,0.100000,0.000000,101000,105000,108000,110000,112000,114000,114000,115000,115000,115000,115000,88,0,101000,93999.79290511337,13493.02401499881,114766.51192600184,20200.875
1790300162,40,,Aggregated,0.100000,0.000000,101000,105000,108000,110000,112000,114000,114000,115000,115000,115000,115000,88,0,101000,93999.79290511337,13493.02401499881,114766.51192600184,20200.875
1790300163,40,,Aggregated,0.100000,0.000000,101000,105000,108000,110000,112000,114000,114000,115000,115000,115000,115000,88,0,101000,93999.79290511337,13493.02401499881,114766.51192600184,20200.875
1790300164,40,,Aggregated,0.100000,0.000000,101000,105000,108000,110000,112000,114000,114000,115000,115000,115000,115000,88,0,101000,93999.79290511337,13493.02401499881,114766.51192600184,20200.875
1790300165,40,,Aggregated,0.100000,0.000000,101000,105000,108000,110000,112000,114000,114000,115000,115000,115000,115000,88,0,101000,93999.79290511337,13493.02401499881,114766.51192600184,20200.875
1790300166,40,,Aggregated,0.100000,0.000000,101000,105000,108000,110000,112000,114000,114000,115000,115000,115000,115000,88,0,101000,93999.79290511337,13493.02401499881,114766.51192600184,20200.875
1790300167,40,,Aggregated,0.100000,0.000000,101000,105000,108000,110000,112000,114000,114000,115000,115000,115000,115000,88,0,101000,93999.79290511337,13493.02401499881,114766.51192600184,20200.875
1790300168,40,,Aggregated,0.200000,0.000000,101000,105000,108000,110000,112000,114000,114000,115000,115000,115000,115000,90,0,101000,93835.6097856886,13493.02401499881,114766.51192600184,20165.044444444444
1790300169,40,,Aggregated,0.200000,0.000000,101000,105000,108000,110000,112000,114000,114000,115000,115000,115000,115000,90,0,101000,93835.6097856886,13493.02401499881,114766.51192600184,20165.044444444444
1790300170,40,,Aggregated,0.200000,0.000000,101000,105000,108000,110000,112000,114000,114000,115000,115000,115000,115000,90,0,101000,93835.6097856886,13493.02401499881,114766.51192600184,20165.044444444444
1790300171,40,,Aggregated,0.200000,0.000000,101000,105000,108000,110000,112000,114000,114000,115000,115000,115000,115000,90,0,101000,93835.6097856886,13493.02401499881,114766.51192600184,20165.044444444444
1790300172,40,,Aggregated,0.200000,0.000000,101000,105000,108000,110000,112000,114000,114000,115000,115000,115000,115000,90,0,101000,93835.6097856886,13493.02401499881,114766.51192600184,20165.044444444444
1790300173,40,,Aggregated,0.200000,0.000000,101000,105000,108000,110000,112000,114000,114000,115000,115000,115000,115000,90,0,101000,93835.6097856886,13493.02401499881,114766.51192600184,20165.044444444444
1790300174,40,,Aggregated,0.200000,0.000000,101000,105000,108000,110000,112000,114000,114000,115000,115000,115000,115000,90,0,101000,93835.6097856886,13493.02401499881,114766.51192600184,20165.044444444444
1790300175,40,,Aggregated,0.200000,0.000000,101000,105000,108000,110000,112000,114000,114000,115000,115000,115000,115000,90,0,101000,93835.6097856886,13493.02401499881,114766.51192600184,20165.044444444444
1790300176,40,,Aggregated,0.200000,0.000000,101000,105000,108000,110000,112000,114000,114000,115000,115000,115000,115000,90,0,101000,93835.6097856886,13493.02401499881,114766.51192600184,20165.044444444444
1790300177,40,,Aggregated,0.200000,0.000000,101000,105000,108000,110000,112000,114000,114000,115000,115000,115000,115000,91,0,101000,93293.98002679093,13493.02401499881,114766.51192600184,20054.978021978022
1790300178,40,,Aggregated,0.200000,0.000000,101000,105000,108000,110000,112000,114000,114000,115000,115000,115000,115000,91,0,101000,93293.98002679093,13493.02401499881,114766.51192600184,20054.978021978022
1790300179,40,,Aggregated,0.200000,0.000000,101000,105000,108000,110000,112000,114000,114000,115000,115000,115000,115000,91,0,101000,93293.98002679093,13493.02401499881,114766.51192600184,20054.978021978022
1790300180,40,,Aggregated,0.200000,0.000000,101000,105000,108000,110000,112000,114000,114000,115000,115000,115000,115000,91,0,101000,93293.98002679093,13493.02401499881,114766.51192600184,20054.978021978022
1790300181,40,,Aggregated,0.200000,0.000000,101000,105000,108000,110000,112000,114000,114000,115000,115000,115000,115000,91,0,101000,93293.98002679093,13493.02401499881,114766.51192600184,20054.978021978022
1790300182,40,,Aggregated,0.200000,0.000000,101000,105000,108000,110000,112000,114000,114000,115000,115000,115000,115000,91,0,101000,93293.98002679093,13493.02401499881,114766.51192600184,20054.978021978022
1790300183,40,,Aggregated,0.100000,0.000000,101000,105000,108000,110000,112000,114000,114000,115000,115000,115000,115000,92,0,101000,92958.3914323041,13493.02401499881,114766.51192600184,19991.467391304348
1790300184,40,,Aggregated,0.100000,0.000000,101000,105000,108000,110000,112000,114000,114000,115000,115000,115000,115000,92,0,101000,92958.3914323041,13493.02401499881,114766.51192600184,19991.467391304348
1790300185,40,,Aggregated,0.100000,0.000000,101000,105000,108000,110000,112000,114000,114000,115000,115000,115000,115000,92,0,101000,92958.3914323041,13493.02401499881,114766.51192600184,19991.467391304348
1790300186,40,,Aggregated,0.100000,0.000000,101000,105000,108000,110000,112000,114000,114000,115000,115000,115000,115000,92,0,101000,92958.3914323041,13493.02401499881,114766.51192600184,19991.467391304348
1790300187,40,,Aggregated,0.100000,0.000000,101000,105000,108000,110000,112000,114000,114000,115000,115000,115000,115000,92,0,101000,92958.3914323041,13493.02401499881,114766.51192600184,19991.467391304348
1790300188,40,,Aggregated,0.100000,0.000000,101000,105000,108000,110000,112000,114000,114000,115000,115000,115000,115000,92,0,101000,92958.3914323041,13493.02401499881,114766.51192600184,19991.467391304348
1790300189,40,,Aggregated,0.100000,0.000000,101000,105000,108000,110000,112000,114000,114000,115000,115000,115000,115000,92,0,101000,92958.3914323041,13493.02401499881,114766.51192600184,19991.467391304348
1790300190,40,,Aggregated,0.100000,0.000000,101000,105000,108000,110000,112000,114000,114000,115000,115000,115000,115000,92,0,101000,92958.3914323041,13493.02401499881,114766.51192600184,19991.467391304348
1790300191,40,,Aggregated,0.100000,0.000000,101000,105000,108000,110000,112000,114000,114000,115000,115000,115000,115000,93,0,101000,93029.93773521477,13493.02401499881,114766.51192600184,20019.935483870966
1790300192,40,,Aggregated,0.100000,0.000000,101000,105000,108000,110000,112000,114000,114000,115000,115000,115000,115000,93,0,101000,93029.93773521477,13493.02401499881,114766.51192600184,20019.935483870966
1790300193,40,,Aggregated,0.200000,0.000000,101000,105000,108000,110000,112000,114000,114000,115000,115000,115000,115000,94,0,101000,93074.79090454227,13493.02401499881,114766.51192600184,20028.72340425532
1790300194,40,,Aggregated,0.200000,0.000000,101000,105000,108000,110000,112000,114000,114000,115000,115000,115000,115000,94,0,101000,93074.79090454227,13493.02401499881,114766.51192600184,20028.72340425532
1790300195,40,,Aggregated,0.200000,0.000000,101000,105000,108000,110000,112000,114000,114000,115000,115000,115000,115000,94,0,101000,93074.79090454227,13493.02401499881,114766.51192600184,20028.72340425532
1790300196,40,,Aggregated,0.200000,0.000000,101000,105000,108000,110000,112000,114000,114000,115000,115000,115000,115000,94,0,101000,93074.79090454227,13493.02401499881,114766.51192600184,20028.72340425532
1790300197,40,,Aggregated,0.200000,0.000000,101000,105000,108000,110000,112000,114000,114000,115000,115000,115000,115000,94,0,101000,93074.79090454227,13493.02401499881,114766.51192600184,20028.72340425532
1790300198,40,,Aggregated,0.200000,0.000000,101000,105000,108000,110000,112000,114000,114000,115000,115000,115000,115000,94,0,101000,93074.79090454227,13493.02401499881,114766.51192600184,20028.72340425532
1790300199,40,,Aggregated,0.200000,0.000000,101000,105000,108000,110000,112000,114000,114000,115000,115000,115000,115000,94,0,101000,93074.79090454227,13493.02401499881,114766.51192600184,20028.72340425532
1790300200,40,,Aggregated,0.200000,0.000000,101000,105000,108000,110000,112000,114000,114000,115000,115000,115000,115000,94,0,101000,93074.79090454227,13493.02401499881,114766.51192600184,20028.72340425532
1790300201,40,,Aggregated,0.200000,0.000000,101000,105000,108000,110000,112000,114000,114000,115000,115000,115000,115000,94,0,101000,93074.79090454227,13493.02401499881,114766.51192600184,20028.72340425532
1790300202,40,,Aggregated,0.200000,0.000000,101000,105000,108000,110000,112000,114000,114000,115000,115000,115000,115000,94,0,101000,93074.79090454227,13493.02401499881,114766.51192600184,20028.72340425532
1790300203,40,,Aggregated,0.200000,0.000000,101000,105000,108000,110000,112000,114000,114000,115000,115000,115000,115000,94,0,101000,93074.79090454227,13493.02401499881,114766.51192600184,20028.72340425532
1790300204,40,,Aggregated,0.100000,0.000000,101000,105000,108000,110000,112000,114000,114000,115000,115000,115000,115000,95,0,101000,93092.11433466287,13493.02401499881,114766.51192600184,20007.147368421054
1790300205,40,,Aggregated,0.100000,0.000000,101000,105000,108000,110000,112000,114000,114000,115000,115000,115000,115000,96,0,101000,93165.15095765596,13493.02401499881,114766.51192600184,20034.260416666668
1790300206,40,,Aggregated,0.100000,0.000000,101000,105000,108000,110000,112000,114000,114000,115000,115000,115000,115000,96,0,101000,93165.15095765596,13493.02401499881,114766.51192600184,20034.260416666668
1790300207,40,,Aggregated,0.100000,0.000000,101000,105000,108000,110000,112000,114000,114000,115000,115000,115000,115000,97,0,101000,93327.32903849456,13493.02401499881,114766.51192600184,20063.75257731959
1790300208,40,,Aggregated,0.100000,0.000000,101000,105000,108000,110000,112000,114000,114000,115000,115000,115000,115000,97,0,101000,93327.32903849456,13493.02401499881,114766.51192600184,20063.75257731959
1790300209,40,,Aggregated,0.200000,0.000000,101000,105000,108000,110000,112000,114000,114000,115000,115000,115000,115000,98,0,101000,93405.21475320378,13493.02401499881,114766.51192600184,20080.928571428572
1790300210,40,,Aggregated,0.200000,0.000000,101000,105000,108000,110000,112000,114000,114000,115000,115000,115000,115000,98,0,101000,93405.21475320378,13493.02401499881,114766.51192600184,20080.928571428572
1790300211,40,,Aggregated,0.200000,0.000000,101000,105000,108000,110000,112000,114000,114000,115000,115000,115000,115000,98,0,101000,93405.21475320378,13493.02401499881,114766.51192600184,20080.928571428572
1790300212,40,,Aggregated,0.200000,0.000000,101000,105000,108000,110000,112000,114000,114000,115000,115000,115000,115000,98,0,101000,93405.21475320378,13493.02401499881,114766.51192600184,20080.928571428572
1790300213,40,,Aggregated,0.200000,0.000000,101000,105000,108000,110000,112000,114000,114000,115000,115000,115000,115000,98,0,101000,93405.21475320378,13493.02401499881,114766.51192600184,20080.928571428572
1790300214,40,,Aggregated,0.400000,0.000000,101000,105000,108000,110000,112000,114000,114000,115000,115000,115000,115000,99,0,101000,93456.56265524212,13493.02401499881,114766.51192600184,20091.484848484848
1790300215,40,,Aggregated,0.400000,0.000000,101000,105000,108000,110000,112000,114000,114000,115000,115000,115000,115000,99,0,101000,93456.56265524212,13493.02401499881,114766.51192600184,20091.484848484848
1790300216,40,,Aggregated,0.400000,0.000000,101000,105000,108000,110000,112000,114000,114000,115000,115000,115000,115000,99,0,101000,93456.56265524212,13493.02401499881,114766.51192600184,20091.484848484848
1790300217,40,,Aggregated,0.400000,0.000000,101000,104000,108000,110000,111000,113000,114000,114000,115000,115000,115000,102,0,101000,93618.34910076443,13493.02401499881,114766.51192600184,20121.43137254902
1790300218,40,,Aggregated,0.300000,0.000000,101000,104000,108000,110000,111000,113000,114000,114000,115000,115000,115000,103,0,101000,93751.70858791238,13493.02401499881,114766.51192600184,20148.300970873788
1790300219,40,,Aggregated,0.300000,0.000000,101000,104000,108000,110000,111000,113000,114000,114000,115000,115000,115000,103,0,101000,93751.70858791238,13493.02401499881,114766.51192600184,20148.300970873788
1790300220,40,,Aggregated,0.300000,0.000000,101000,104000,108000,110000,111000,113000,114000,114000,115000,115000,115000,103,0,101000,93751.70858791238,13493.02401499881,114766.51192600184,20148.300970873788
1790300221,40,,Aggregated,0.600000,0.000000,101000,104000,108000,110000,111000,113000,114000,114000,115000,115000,115000,104,0,101000,93767.94567857667,13493.02401499881,114766.51192600184,20160.240384615383
1790300222,40,,Aggregated,0.500000,0.000000,101000,104000,108000,109000,111000,113000,114000,114000,115000,115000,115000,106,0,101000,93860.50632080164,13493.02401499881,114766.51192600184,20178.88679245283
1790300223,40,,Aggregated,0.500000,0.000000,101000,104000,108000,109000,111000,113000,114000,114000,115000,115000,115000,108,0,101000,93949.44614011084,13493.02401499881,114766.51192600184,20209.694444444445
1790300224,40,,Aggregated,0.500000,0.000000,101000,104000,108000,109000,111000,113000,114000,114000,115000,115000,115000,108,0,101000,93949.44614011084,13493.02401499881,114766.51192600184,20209.694444444445
1790300225,40,,Aggregated,0.800000,0.000000,101000,104000,108000,109000,111000,113000,114000,114000,115000,115000,115000,112,0,101000,94173.0811195087,13493.02401499881,114766.51192600184,20290.678571428572
1790300226,40,,Aggregated,1.000000,0.000000,101000,104000,107000,109000,111000,113000,114000,114000,115000,115000,115000,113,0,101000,94227.00947751304,13493.02401499881,114766.51192600184,20303.575221238938
1790300227,40,,Aggregated,0.900000,0.000000,101000,104000,107000,109000,111000,113000,114000,114000,115000,115000,115000,114,0,101000,93996.28327497345,13493.02401499881,114766.51192600184,20264.912280701756
1790300228,40,,Aggregated,1.300000,0.000000,100000,104000,107000,108000,111000,113000,114000,114000,115000,115000,115000,116,0,100000,94030.02084006871,13493.02401499881,114766.51192600184,20279.293103448275
1790300229,40,,Aggregated,1.400000,0.000000,100000,104000,107000,108000,111000,113000,114000,114000,115000,115000,115000,117,0,100000,94121.10892929886,13493.02401499881,114766.51192600184,20311.897435897437
1790300231,40,,Aggregated,1.400000,0.000000,100000,104000,107000,108000,111000,113000,114000,114000,115000,115000,115000,117,0,100000,94121.10892929886,13493.02401499881,114766.51192600184,20311.897435897437
1790300232,40,,Aggregated,1.300000,0.000000,100000,104000,107000,108000,111000,113000,114000,114000,115000,115000,115000,118,0,100000,93850.02771001667,13493.02401499881,114766.51192600184,20267.906779661018
1790300233,40,,Aggregated,1.300000,0.000000,100000,104000,107000,108000,111000,113000,114000,114000,115000,115000,115000,118,0,100000,93850.02771001667,13493.02401499881,114766.51192600184,20267.906779661018
1790300234,40,,Aggregated,1.300000,0.000000,100000,104000,107000,108000,111000,113000,114000,114000,115000,115000,115000,118,0,100000,93850.02771001667,13493.02401499881,114766.51192600184,20267.906779661018
1790300235,40,,Aggregated,1.400000,0.000000,100000,104000,107000,108000,111000,113000,114000,114000,115000,115000,115000,119,0,100000,93876.24934683165,13493.02401499881,114766.51192600184,20275.40336134454
1790300236,40,,Aggregated,1.400000,0.000000,100000,104000,107000,108000,111000,113000,114000,114000,115000,115000,115000,119,0,100000,93876.24934683165,13493.02401499881,114766.51192600184,20275.40336134454
1790300237,40,,Aggregated,1.400000,0.000000,100000,104000,107000,108000,111000,113000,114000,114000,115000,115000,115000,119,0,100000,93876.24934683165,13493.02401499881,114766.51192600184,20275.40336134454
1790300238,40,,Aggregated,1.100000,0.000000,100000,104000,107000,109000,111000,113000,114000,114000,115000,115000,115000,121,0,100000,94164.20146909058,13493.02401499881,114766.51192600184,20336.12396694215
1790300239,40,,Aggregated,0.700000,0.000000,101000,104000,108000,110000,111000,113000,114000,114000,115000,115000,115000,122,0,101000,94311.98510873735,13493.02401499881,114766.51192600184,20374.94262295082
1790300240,40,,Aggregated,0.700000,0.000000,101000,104000,108000,110000,111000,113000,114000,114000,115000,115000,115000,122,0,101000,94311.98510873735,13493.02401499881,114766.51192600184,20374.94262295082
1790300241,40,,Aggregated,0.700000,0.000000,101000,104000,108000,110000,111000,113000,114000,114000,115000,115000,115000,122,0,101000,94311.98510873735,13493.02401499881,114766.51192600184,20374.94262295082
1790300242,40,,Aggregated,0.700000,0.000000,101000,104000,108000,110000,111000,113000,114000,114000,115000,115000,115000,122,0,101000,94311.98510873735,13493.02401499881,114766.51192600184,20374.94262295082
1790300243,40,,Aggregated,0.500000,0.000000,100000,104000,108000,110000,111000,113000,114000,114000,115000,115000,115000,123,0,100000,94353.69005582892,13493.02401499881,114766.51192600184,20378.19512195122
1790300244,40,,Aggregated,0.500000,0.000000,100000,104000,108000,110000,111000,113000,114000,114000,115000,115000,115000,123,0,100000,94353.69005582892,13493.02401499881,114766.51192600184,20378.19512195122
1790300245,40,,Aggregated,0.400000,0.000000,100000,104000,108000,110000,111000,113000,114000,114000,115000,115000,115000,124,0,100000,93679.72143351579,10781.580889000907,114766.51192600184,20242.25
1790300246,40,,Aggregated,0.400000,0.000000,100000,104000,108000,110000,111000,113000,114000,114000,115000,115000,115000,124,0,100000,93679.72143351579,10781.580889000907,114766.51192600184,20242.25
1790300247,40,,Aggregated,0.500000,0.000000,101000,104000,108000,110000,112000,113000,114000,114000,115000,115000,115000,127,0,101000,94075.11944554301,10781.580889000907,114766.51192600184,20330.220472440946
1790300248,40,,Aggregated,0.500000,0.000000,101000,104000,108000,110000,112000,113000,114000,114000,115000,115000,115000,127,0,101000,94075.11944554301,10781.580889000907,114766.51192600184,20330.220472440946
1790300249,40,,Aggregated,0.500000,0.000000,101000,104000,108000,110000,112000,113000,114000,114000,115000,115000,115000,127,0,101000,94075.11944554301,10781.580889000907,114766.51192600184,20330.220472440946
1790300250,40,,Aggregated,0.500000,0.000000,101000,104000,108000,110000,112000,113000,114000,114000,115000,115000,115000,127,0,101000,94075.11944554301,10781.580889000907,114766.51192600184,20330.220472440946
1790300251,40,,Aggregated,0.600000,0.000000,101000,104000,108000,110000,112000,113000,114000,114000,115000,115000,115000,128,0,101000,94100.91567954658,10781.580889000907,114766.51192600184,20339.2109375
1790300252,40,,Aggregated,0.600000,0.000000,101000,104000,108000,110000,112000,113000,114000,114000,115000,115000,115000,128,0,101000,94100.91567954658,10781.580889000907,114766.51192600184,20339.2109375
1790300253,40,,Aggregated,0.500000,0.000000,100000,104000,108000,110000,112000,113000,114000,114000,115000,115000,115000,129,0,100000,93565.74230410824,10781.580889000907,114766.51192600184,20233.80620155039
1790300254,40,,Aggregated,0.500000,0.000000,100000,104000,108000,110000,112000,113000,114000,114000,115000,115000,115000,129,0,100000,93565.74230410824,10781.580889000907,114766.51192600184,20233.80620155039
1790300255,40,,Aggregated,0.500000,0.000000,100000,104000,108000,110000,112000,113000,114000,114000,115000,115000,115000,129,0,100000,93565.74230410824,10781.580889000907,114766.51192600184,20233.80620155039
1790300256,40,,Aggregated,0.600000,0.000000,101000,104000,108000,110000,112000,113000,114000,114000,115000,115000,115000,130,0,101000,93697.08166611512,10781.580889000907,114766.51192600184,20254.39230769231
1790300257,40,,Aggregated,0.600000,0.000000,101000,104000,108000,110000,112000,113000,114000,114000,115000,115000,115000,130,0,101000,93697.08166611512,10781.580889000907,114766.51192600184,20254.39230769231
1790300258,40,,Aggregated,0.600000,0.000000,101000,104000,108000,110000,112000,113000,114000,114000,115000,115000,115000,130,0,101000,93697.08166611512,10781.580889000907,114766.51192600184,20254.39230769231
1790300259,40,,Aggregated,0.600000,0.000000,101000,104000,108000,110000,112000,113000,114000,114000,115000,115000,115000,130,0,101000,93697.08166611512,10781.580889000907,114766.51192600184,20254.39230769231
1790300260,40,,Aggregated,0.600000,0.000000,101000,104000,108000,110000,112000,113000,114000,114000,115000,115000,115000,130,0,101000,93697.08166611512,10781.580889000907,114766.51192600184,20254.39230769231
1790300261,40,,Aggregated,0.600000,0.000000,101000,104000,108000,110000,112000,113000,114000,114000,115000,115000,115000,130,0,101000,93697.08166611512,10781.580889000907,114766.51192600184,20254.39230769231
1790300262,40,,Aggregated,0.600000,0.000000,101000,104000,108000,110000,112000,113000,114000,114000,115000,115000,115000,130,0,101000,93697.08166611512,10781.580889000907,114766.51192600184,20254.39230769231
1790300263,40,,Aggregated,0.600000,0.000000,101000,104000,108000,110000,112000,113000,114000,114000,115000,115000,115000,130,0,101000,93697.08166611512,10781.580889000907,114766.51192600184,20254.39230769231
1790300264,40,,Aggregated,0.600000,0.000000,101000,104000,108000,110000,112000,113000,114000,114000,115000,115000,115000,130,0,101000,93697.08166611512,10781.580889000907,114766.51192600184,20254.39230769231
1790300265,40,,Aggregated,0.200000,0.000000,100000,104000,108000,110000,112000,113000,114000,114000,115000,115000,115000,131,0,100000,93707.16902560277,10781.580889000907,114766.51192600184,20263.114503816792
1790300266,40,,Aggregated,0.200000,0.000000,100000,104000,108000,110000,112000,113000,114000,114000,115000,115000,115000,131,0,100000,93707.16902560277,10781.580889000907,114766.51192600184,20263.114503816792
1790300267,40,,Aggregated,0.200000,0.000000,100000,104000,108000,110000,112000,113000,114000,114000,115000,115000,115000,133,0,100000,93562.5901173907,10781.580889000907,114766.51192600184,20210.977443609023
1790300268,40,,Aggregated,0.200000,0.000000,100000,104000,108000,110000,112000,113000,114000,114000,115000,115000,115000,133,0,100000,93562.5901173907,10781.580889000907,114766.51192600184,20210.977443609023
1790300269,40,,Aggregated,0.200000,0.000000,100000,104000,108000,110000,112000,113000,114000,114000,115000,115000,115000,133,0,100000,93562.5901173907,10781.580889000907,114766.51192600184,20210.977443609023
1790300270,40,,Aggregated,0.200000,0.000000,100000,104000,108000,110000,112000,113000,114000,114000,115000,115000,115000,133,0,100000,93562.5901173907,10781.580889000907,114766.51192600184,20210.977443609023
1790300271,40,,Aggregated,0.300000,0.000000,100000,104000,108000,110000,112000,113000,114000,114000,115000,115000,115000,134,0,100000,93033.42202782062,10781.580889000907,114766.51192600184,20107.425373134327
1790300272,40,,Aggregated,0.300000,0.000000,100000,104000,108000,110000,112000,113000,114000,114000,115000,115000,115000,134,0,100000,93033.42202782062,10781.580889000907,114766.51192600184,20107.425373134327
1790300273,40,,Aggregated,0.300000,0.000000,100000,104000,108000,110000,112000,113000,114000,114000,115000,115000,115000,134,0,100000,93033.42202782062,10781.580889000907,114766.51192600184,20107.425373134327
1790300274,40,,Aggregated,0.300000,0.000000,100000,104000,108000,110000,112000,113000,114000,114000,115000,115000,115000,134,0,100000,93033.42202782062,10781.580889000907,114766.51192600184,20107.425373134327
1790300275,40,,Aggregated,0.300000,0.000000,100000,104000,108000,110000,112000,113000,114000,114000,115000,115000,115000,134,0,100000,93033.42202782062,10781.580889000907,114766.51192600184,20107.425373134327
1790300276,40,,Aggregated,0.300000,0.000000,100000,104000,108000,110000,112000,113000,114000,114000,115000,115000,115000,134,0,100000,93033.42202782062,10781.580889000907,114766.51192600184,20107.425373134327
1790300277,40,,Aggregated,0.300000,0.000000,100000,104000,108000,110000,112000,113000,114000,114000,115000,115000,115000,134,0,100000,93033.42202782062,10781.580889000907,114766.51192600184,20107.425373134327
1790300278,40,,Aggregated,0.300000,0.000000,100000,104000,108000,110000,112000,113000,114000,114000,115000,115000,115000,134,0,100000,93033.42202782062,10781.580889000907,114766.51192600184,20107.425373134327
1790300279,40,,Aggregated,0.300000,0.000000,100000,104000,108000,110000,112000,113000,114000,114000,115000,115000,115000,134,0,100000,93033.42202782062,10781.580889000907,114766.51192600184,20107.425373134327
1790300280,40,,Aggregated,0.300000,0.000000,100000,104000,108000,110000,112000,113000,114000,114000,115000,115000,115000,134,0,100000,93033.42202782062,10781.580889000907,114766.51192600184,20107.425373134327
1790300281,40,,Aggregated,0.300000,0.000000,100000,104000,108000,110000,112000,113000,114000,114000,115000,115000,115000,134,0,100000,93033.42202782062,10781.580889000907,114766.51192600184,20107.425373134327
1790300282,40,,Aggregated,0.300000,0.000000,100000,104000,108000,110000,112000,113000,114000,114000,115000,115000,115000,134,0,100000,93033.42202782062,10781.580889000907,114766.51192600184,20107.425373134327
1790300283,40,,Aggregated,0.100000,0.000000,100000,104000,108000,110000,112000,113000,114000,114000,115000,115000,115000,135,0,100000,92421.65979500714,10445.520598001167,114766.51192600184,19981.903703703705
1790300284,40,,Aggregated,0.100000,0.000000,100000,104000,108000,110000,112000,113000,114000,114000,115000,115000,115000,135,0,100000,92421.65979500714,10445.520598001167,114766.51192600184,19981.903703703705
1790300285,40,,Aggregated,0.000000,0.000000,100000,104000,108000,110000,112000,113000,114000,114000,115000,115000,115000,136,0,100000,92478.11516049238,10445.520598001167,114766.51192600184,20004.654411764706
1790300286,40,,Aggregated,0.100000,0.000000,100000,104000,108000,110000,112000,113000,114000,114000,115000,115000,115000,137,0,100000,92584.42050460559,10445.520598001167,114766.51192600184,20012.70802919708
1790300287,40,,Aggregated,0.100000,0.000000,100000,104000,108000,110000,112000,113000,114000,114000,115000,115000,115000,138,0,100000,92597.32891890555,10445.520598001167,114766.51192600184,20013.043478260868
1790300288,40,,Aggregated,0.100000,0.000000,100000,104000,108000,110000,112000,113000,114000,114000,115000,115000,115000,138,0,100000,92597.32891890555,10445.520598001167,114766.51192600184,20013.043478260868
1790300289,40,,Aggregated,0.100000,0.000000,100000,104000,108000,110000,112000,113000,114000,114000,115000,115000,115000,138,0,100000,92597.32891890555,10445.520598001167,114766.51192600184,20013.043478260868
1790300290,40,,Aggregated,0.100000,0.000000,100000,104000,108000,110000,112000,113000,114000,114000,115000,115000,115000,138,0,100000,92597.32891890555,10445.520598001167,114766.51192600184,20013.043478260868
1790300291,40,,Aggregated,0.100000,0.000000,100000,104000,108000,110000,112000,113000,114000,114000,115000,115000,115000,138,0,100000,92597.32891890555,10445.520598001167,114766.51192600184,20013.043478260868
1790300292,40,,Aggregated,0.100000,0.000000,100000,104000,108000,110000,112000,113000,114000,114000,115000,115000,115000,138,0,100000,92597.32891890555,10445.520598001167,114766.51192600184,20013.043478260868
1790300293,40,,Aggregated,0.100000,0.000000,100000,104000,108000,110000,112000,113000,114000,114000,115000,115000,115000,138,0,100000,92597.32891890555,10445.520598001167,114766.51192600184,20013.043478260868
1790300294,40,,Aggregated,0.100000,0.000000,100000,104000,108000,110000,112000,113000,114000,114000,115000,115000,115000,138,0,100000,92597.32891890555,10445.520598001167,114766.51192600184,20013.043478260868
1790300295,40,,Aggregated,0.100000,0.000000,100000,104000,108000,110000,112000,113000,114000,114000,115000,115000,115000,138,0,100000,92597.32891890555,10445.520598001167,114766.51192600184,20013.043478260868
1790300296,40,,Aggregated,0.100000,0.000000,100000,104000,108000,110000,112000,113000,114000,114000,115000,115000,115000,138,0,100000,92597.32891890555,10445.520598001167,114766.51192600184,20013.043478260868
1790300297,40,,Aggregated,0.100000,0.000000,100000,104000,108000,110000,112000,113000,114000,114000,115000,115000,115000,138,0,100000,92597.32891890555,10445.520598001167,114766.51192600184,20013.043478260868
1790300298,40,,Aggregated,0.100000,0.000000,100000,104000,108000,110000,112000,113000,114000,114000,115000,115000,115000,138,0,100000,92597.32891890555,10445.520598001167,114766.51192600184,20013.043478260868
1790300299,40,,Aggregated,0.100000,0.000000,100000,104000,108000,110000,112000,113000,114000,114000,115000,115000,115000,138,0,100000,92597.32891890555,10445.520598001167,114766.51192600184,20013.043478260868
1790300300,40,,Aggregated,0.100000,0.000000,100000,104000,108000,110000,112000,113000,114000,114000,115000,115000,115000,138,0,100000,92597.32891890555,10445.520598001167,114766.51192600184,20013.043478260868
1790300301,40,,Aggregated,0.000000,0.000000,100000,104000,108000,110000,112000,113000,114000,114000,115000,115000,115000,139,0,100000,92619.82559227313,10445.520598001167,114766.51192600184,19998.78417266187
1790300302,40,,Aggregated,0.000000,0.000000,100000,104000,108000,110000,112000,113000,114000,114000,115000,115000,115000,139,0,100000,92619.82559227313,10445.520598001167,114766.51192600184,19998.78417266187
1790300303,40,,Aggregated,0.000000,0.000000,100000,104000,108000,110000,112000,113000,114000,114000,115000,115000,115000,139,0,100000,92619.82559227313,10445.520598001167,114766.51192600184,19998.78417266187
1790300304,40,,Aggregated,0.100000,0.000000,100000,104000,108000,110000,112000,113000,114000,114000,115000,115000,115000,140,0,100000,92739.45578807832,10445.520598001167,114766.51192600184,20025.77857142857
1790300305,40,,Aggregated,0.100000,0.000000,100000,104000,108000,110000,112000,113000,114000,114000,115000,115000,115000,140,0,100000,92739.45578807832,10445.520598001167,114766.51192600184,20025.77857142857
1790300306,40,,Aggregated,0.100000,0.000000,100000,104000,108000,110000,112000,113000,114000,114000,115000,115000,115000,140,0,100000,92739.45578807832,10445.520598001167,114766.51192600184,20025.77857142857
1790300307,40,,Aggregated,0.100000,0.000000,100000,104000,108000,110000,112000,113000,114000,114000,115000,115000,115000,140,0,100000,92739.45578807832,10445.520598001167,114766.51192600184,20025.77857142857
1790300308,40,,Aggregated,0.100000,0.000000,100000,104000,108000,110000,112000,113000,114000,114000,115000,115000,115000,140,0,100000,92739.45578807832,10445.520598001167,114766.51192600184,20025.77857142857
1790300309,40,,Aggregated,0.100000,0.000000,100000,104000,108000,110000,112000,113000,114000,114000,115000,115000,115000,140,0,100000,92739.45578807832,10445.520598001167,114766.51192600184,20025.77857142857
1790300310,40,,Aggregated,0.100000,0.000000,100000,104000,108000,110000,112000,113000,114000,114000,115000,115000,115000,140,0,100000,92739.45578807832,10445.520598001167,114766.51192600184,20025.77857142857
1790300311,40,,Aggregated,0.100000,0.000000,100000,104000,108000,110000,112000,113000,114000,114000,115000,115000,115000,140,0,100000,92739.45578807832,10445.520598001167,114766.51192600184,20025.77857142857
1790300312,40,,Aggregated,0.100000,0.000000,100000,104000,108000,110000,112000,113000,114000,114000,115000,115000,115000,140,0,100000,92739.45578807832,10445.520598001167,114766.51192600184,20025.77857142857
1790300313,40,,Aggregated,0.100000,0.000000,100000,104000,108000,110000,112000,113000,114000,114000,115000,115000,115000,140,0,100000,92739.45578807832,10445.520598001167,114766.51192600184,20025.77857142857
1790300314,40,,Aggregated,0.100000,0.000000,100000,104000,108000,110000,112000,113000,114000,114000,115000,115000,115000,140,0,100000,92739.45578807832,10445.520598001167,114766.51192600184,20025.77857142857
1790300315,40,,Aggregated,0.100000,0.000000,100000,104000,108000,109000,111000,113000,114000,114000,115000,115000,115000,142,0,100000,92808.97921135188,10445.520598001167,114766.51192600184,20046.908450704224
1790300316,40,,Aggregated,0.100000,0.000000,100000,104000,108000,109000,111000,113000,114000,114000,115000,115000,115000,142,0,100000,92808.97921135188,10445.520598001167,114766.51192600184,20046.908450704224
1790300317,40,,Aggregated,0.000000,0.000000,100000,104000,108000,109000,111000,113000,114000,114000,115000,115000,115000,143,0,100000,92842.00860598579,10445.520598001167,114766.51192600184,20051.88811188811
1790300318,40,,Aggregated,0.100000,0.000000,100000,104000,108000,109000,111000,113000,114000,114000,115000,115000,115000,144,0,100000,92900.13872774979,10445.520598001167,114766.51192600184,20068.79861111111
1790300319,40,,Aggregated,0.200000,0.000000,100000,104000,107000,109000,111000,113000,114000,114000,115000,115000,115000,145,0,100000,92906.98713030323,10445.520598001167,114766.51192600184,20058.358620689654
1790300320,40,,Aggregated,0.400000,0.000000,100000,104000,107000,109000,111000,113000,114000,114000,115000,115000,115000,146,0,100000,92969.47310822581,10445.520598001167,114766.51192600184,20068.431506849316
1790300321,40,,Aggregated,0.400000,0.000000,100000,104000,107000,109000,111000,113000,114000,114000,115000,115000,115000,146,0,100000,92969.47310822581,10445.520598001167,114766.51192600184,20068.431506849316
1790300322,40,,Aggregated,0.400000,0.000000,100000,104000,107000,109000,111000,113000,114000,114000,115000,115000,115000,146,0,100000,92969.47310822581,10445.520598001167,114766.51192600184,20068.431506849316
1790300323,40,,Aggregated,0.600000,0.000000,100000,104000,107000,109000,111000,113000,114000,114000,115000,115000,115000,147,0,100000,93035.82898590453,10445.520598001167,114766.51192600184,20075.721088435374
1790300324,40,,Aggregated,0.600000,0.000000,100000,104000,107000,109000,112000,113000,114000,115000,115000,115000,115000,149,0,100000,93198.29634876485,10445.520598001167,114846.44499000206,20095.275167785236
1790300325,40,,Aggregated,0.600000,0.000000,100000,104000,107000,109000,112000,113000,114000,115000,115000,115000,115000,150,0,100000,93249.86197277976,10445.520598001167,114846.44499000206,20105.646666666667
1790300326,40,,Aggregated,0.600000,0.000000,100000,104000,107000,109000,112000,113000,114000,115000,115000,115000,115000,150,0,100000,93249.86197277976,10445.520598001167,114846.44499000206,20105.646666666667
1790300327,40,,Aggregated,0.600000,0.000000,100000,104000,107000,109000,112000,113000,114000,115000,115000,115000,115000,150,0,100000,93249.86197277976,10445.520598001167,114846.44499000206,20105.646666666667
1790300328,40,,Aggregated,0.800000,0.000000,100000,104000,107000,109000,111000,113000,114000,115000,115000,115000,115000,151,0,100000,93302.57207507263,10445.520598001167,114846.44499000206,20122.0
1790300329,40,,Aggregated,0.700000,0.000000,101000,104000,107000,109000,111000,113000,114000,115000,115000,115000,115000,153,0,101000,93436.58821996712,10445.520598001167,114846.44499000206,20150.366013071896
1790300330,40,,Aggregated,0.700000,0.000000,101000,104000,107000,109000,111000,113000,114000,115000,115000,115000,115000,153,0,101000,93436.58821996712,10445.520598001167,114846.44499000206,20150.366013071896
1790300331,40,,Aggregated,0.600000,0.000000,101000,104000,107000,109000,111000,113000,114000,115000,115000,115000,115000,155,0,101000,93155.14015300627,10445.520598001167,114846.44499000206,20099.748387096774
1790300332,40,,Aggregated,0.800000,0.000000,101000,104000,107000,109000,112000,113000,114000,115000,115000,115000,115000,157,0,101000,93371.92037326099,10445.520598001167,114846.44499000206,20140.28025477707
1790300333,40,,Aggregated,0.800000,0.000000,101000,104000,107000,109000,112000,113000,114000,115000,115000,115000,115000,157,0,101000,93371.92037326099,10445.520598001167,114846.44499000206,20140.28025477707
1790300334,40,,Aggregated,1.000000,0.000000,101000,104000,107000,109000,112000,113000,114000,115000,115000,115000,115000,158,0,101000,93459.26634035427,10445.520598001167,114846.44499000206,20166.601265822785
1790300335,40,,Aggregated,1.100000,0.000000,101000,104000,107000,109000,112000,113000,114000,115000,115000,115000,115000,159,0,101000,93500.37069724512,10445.520598001167,114846.44499000206,20177.459119496856
1790300336,40,,Aggregated,1.100000,0.000000,101000,104000,107000,109000,111000,113000,114000,115000,115000,115000,115000,161,0,101000,93616.06629008679,10445.520598001167,114846.44499000206,20180.50310559006
1790300337,40,,Aggregated,1.100000,0.000000,101000,104000,107000,109000,111000,113000,114000,115000,115000,115000,115000,161,0,101000,93616.06629008679,10445.520598001167,114846.44499000206,20180.50310559006
1790300338,40,,Aggregated,0.900000,0.000000,101000,104000,107000,109000,111000,113000,114000,115000,115000,115000,115000,162,0,101000,93696.63059141341,10445.520598001167,114846.44499000206,20207.506172839505
1790300339,40,,Aggregated,1.100000,0.000000,101000,104000,107000,109000,111000,113000,114000,115000,115000,115000,115000,163,0,101000,93793.293660871,10445.520598001167,114846.44499000206,20221.012269938652
1790300340,40,,Aggregated,1.100000,0.000000,101000,104000,107000,109000,111000,113000,114000,115000,115000,115000,115000,163,0,101000,93793.293660871,10445.520598001167,114846.44499000206,20221.012269938652
1790300341,40,,Aggregated,1.100000,0.000000,101000,104000,107000,109000,111000,113000,114000,115000,115000,115000,115000,164,0,101000,93843.20584887179,10445.520598001167,114846.44499000206,20226.51219512195
1790300342,40,,Aggregated,1.000000,0.000000,101000,104000,107000,109000,111000,113000,114000,115000,115000,115000,115000,165,0,101000,93370.43012144226,10445.520598001167,114846.44499000206,20132.630303030302
1790300343,40,,Aggregated,1.000000,0.000000,101000,104000,107000,109000,111000,113000,114000,115000,115000,115000,115000,165,0,101000,93370.43012144226,10445.520598001167,114846.44499000206,20132.630303030302
1790300344,40,,Aggregated,1.000000,0.000000,101000,104000,107000,109000,111000,113000,114000,115000,115000,115000,115000,165,0,101000,93370.43012144226,10445.520598001167,114846.44499000206,20132.630303030302
1790300345,40,,Aggregated,0.800000,0.000000,101000,104000,107000,109000,111000,113000,114000,115000,115000,115000,115000,167,0,101000,93001.07562797591,10445.520598001167,114846.44499000206,20059.766467065867
1790300346,40,,Aggregated,0.800000,0.000000,101000,104000,107000,109000,111000,113000,114000,115000,115000,115000,115000,168,0,101000,92531.15115927366,10445.520598001167,114846.44499000206,19965.660714285714
1790300347,40,,Aggregated,0.800000,0.000000,101000,104000,107000,109000,111000,113000,114000,115000,115000,115000,115000,168,0,101000,92531.15115927366,10445.520598001167,114846.44499000206,19965.660714285714
1790300348,40,,Aggregated,0.800000,0.000000,101000,104000,107000,109000,111000,113000,114000,115000,115000,115000,115000,168,0,101000,92531.15115927366,10445.520598001167,114846.44499000206,19965.660714285714
1790300349,40,,Aggregated,0.700000,0.000000,101000,104000,107000,109000,111000,113000,114000,115000,115000,115000,115000,169,0,101000,92610.05412499396,10445.520598001167,114846.44499000206,19984.544378698225
1790300350,40,,Aggregated,0.700000,0.000000,101000,104000,107000,109000,111000,113000,114000,115000,115000,115000,115000,169,0,101000,92610.05412499396,10445.520598001167,114846.44499000206,19984.544378698225
1790300351,40,,Aggregated,0.700000,0.000000,101000,104000,107000,109000,111000,113000,114000,115000,115000,115000,115000,169,0,101000,92610.05412499396,10445.520598001167,114846.44499000206,19984.544378698225
1790300352,40,,Aggregated,0.700000,0.000000,101000,104000,107000,109000,111000,113000,114000,115000,115000,115000,115000,169,0,101000,92610.05412499396,10445.520598001167,114846.44499000206,19984.544378698225
1790300353,40,,Aggregated,0.600000,0.000000,101000,104000,107000,108000,111000,113000,114000,115000,115000,115000,115000,171,0,101000,92745.39374668992,10445.520598001167,114846.44499000206,20002.85380116959
1790300354,40,,Aggregated,0.600000,0.000000,101000,105000,107000,108000,111000,113000,114000,115000,115000,115000,115000,172,0,101000,92821.0122181859,10445.520598001167,114846.44499000206,20026.20930232558
1790300355,40,,Aggregated,0.600000,0.000000,101000,105000,107000,108000,111000,113000,114000,115000,115000,115000,115000,172,0,101000,92821.0122181859,10445.520598001167,114846.44499000206,20026.20930232558
1790300356,40,,Aggregated,0.600000,0.000000,101000,105000,107000,108000,111000,113000,114000,115000,115000,115000,115000,172,0,101000,92821.0122181859,10445.520598001167,114846.44499000206,20026.20930232558
1790300357,40,,Aggregated,0.600000,0.000000,101000,105000,107000,108000,111000,113000,114000,115000,115000,115000,115000,172,0,101000,92821.0122181859,10445.520598001167,114846.44499000206,20026.20930232558
1790300358,40,,Aggregated,0.600000,0.000000,101000,105000,107000,108000,111000,113000,114000,115000,115000,115000,115000,172,0,101000,92821.0122181859,10445.520598001167,114846.44499000206,20026.20930232558
1790300359,40,,Aggregated,0.600000,0.000000,101000,105000,107000,108000,111000,113000,114000,115000,115000,115000,115000,172,0,101000,92821.0122181859,10445.520598001167,114846.44499000206,20026.20930232558
1790300360,40,,Aggregated,0.600000,0.000000,101000,105000,107000,108000,111000,113000,114000,115000,115000,115000,115000,172,0,101000,92821.0122181859,10445.520598001167,114846.44499000206,20026.20930232558
1790300361,40,,Aggregated,0.400000,0.000000,101000,105000,107000,109000,111000,113000,114000,115000,115000,115000,115000,173,0,101000,92943.53132592473,10445.520598001167,114846.44499000206,20035.94797687861
1790300362,40,,Aggregated,0.300000,0.000000,101000,105000,107000,109000,111000,113000,114000,115000,115000,115000,115000,174,0,101000,92519.82190034472,10445.520598001167,114846.44499000206,19951.42528735632
1790300363,40,,Aggregated,0.300000,0.000000,101000,105000,107000,109000,111000,113000,114000,115000,115000,115000,115000,174,0,101000,92519.82190034472,10445.520598001167,114846.44499000206,19951.42528735632
1790300364,40,,Aggregated,0.300000,0.000000,101000,105000,107000,109000,111000,113000,114000,115000,115000,115000,115000,175,0,101000,92619.8859601713,10445.520598001167,114846.44499000206,19971.885714285716
1790300365,40,,Aggregated,0.300000,0.000000,101000,105000,107000,109000,111000,113000,114000,115000,115000,115000,115000,175,0,101000,92619.8859601713,10445.520598001167,114846.44499000206,19971.885714285716
1790300366,40,,Aggregated,0.300000,0.000000,101000,105000,107000,109000,111000,113000,114000,115000,115000,115000,115000,175,0,101000,92619.8859601713,10445.520598001167,114846.44499000206,19971.885714285716
1790300367,40,,Aggregated,0.300000,0.000000,101000,105000,107000,109000,111000,113000,114000,115000,115000,115000,115000,175,0,101000,92619.8859601713,10445.520598001167,114846.44499000206,19971.885714285716
1790300368,40,,Aggregated,0.300000,0.000000,101000,105000,107000,109000,111000,113000,114000,115000,115000,115000,115000,175,0,101000,92619.8859601713,10445.520598001167,114846.44499000206,19971.885714285716
1790300369,40,,Aggregated,0.300000,0.000000,101000,105000,108000,109000,112000,113000,114000,115000,115000,115000,115000,176,0,101000,92733.65608953396,10445.520598001167,114846.44499000206,20005.329545454544
1790300370,40,,Aggregated,0.300000,0.000000,101000,105000,108000,109000,112000,113000,114000,115000,115000,115000,115000,176,0,101000,92733.65608953396,10445.520598001167,114846.44499000206,20005.329545454544
1790300371,40,,Aggregated,0.300000,0.000000,101000,105000,108000,109000,112000,113000,114000,115000,115000,115000,115000,176,0,101000,92733.65608953396,10445.520598001167,114846.44499000206,20005.329545454544
1790300372,40,,Aggregated,0.300000,0.000000,101000,105000,108000,109000,112000,113000,114000,115000,115000,115000,115000,176,0,101000,92733.65608953396,10445.520598001167,114846.44499000206,20005.329545454544
1790300373,40,,Aggregated,0.300000,0.000000,101000,105000,108000,109000,112000,113000,114000,115000,115000,115000,115000,176,0,101000,92733.65608953396,10445.520598001167,114846.44499000206,20005.329545454544
1790300374,40,,Aggregated,0.300000,0.000000,101000,105000,108000,109000,112000,113000,114000,115000,115000,115000,115000,177,0,101000,92822.61451303941,10445.520598001167,114846.44499000206,20022.53672316384
1790300375,40,,Aggregated,0.200000,0.000000,101000,105000,108000,109000,112000,113000,114000,115000,115000,115000,115000,178,0,101000,92901.51786526955,10445.520598001167,114846.44499000206,20034.224719101123
1790300376,40,,Aggregated,0.200000,0.000000,101000,105000,108000,109000,112000,113000,114000,115000,115000,115000,115000,178,0,101000,92901.51786526955,10445.520598001167,114846.44499000206,20034.224719101123
1790300377,40,,Aggregated,0.200000,0.000000,101000,105000,108000,109000,112000,113000,114000,115000,115000,115000,115000,178,0,101000,92901.51786526955,10445.520598001167,114846.44499000206,20034.224719101123
1790300378,40,,Aggregated,0.200000,0.000000,101000,105000,108000,109000,112000,113000,114000,115000,115000,115000,115000,178,0,101000,92901.51786526955,10445.520598001167,114846.44499000206,20034.224719101123
1790300379,40,,Aggregated,0.200000,0.000000,101000,105000,108000,109000,112000,113000,114000,115000,115000,115000,115000,178,0,101000,92901.51786526955,10445.520598001167,114846.44499000206,20034.224719101123
1790300380,40,,Aggregated,0.300000,0.000000,101000,105000,108000,109000,112000,113000,114000,115000,115000,115000,115000,180,0,101000,93009.86098725542,10445.520598001167,114846.44499000206,20051.37777777778
1790300381,40,,Aggregated,0.300000,0.000000,101000,105000,108000,109000,112000,113000,114000,115000,115000,115000,115000,181,0,101000,93039.32598911037,10445.520598001167,114846.44499000206,20046.906077348067
1790300382,40,,Aggregated,0.300000,0.000000,101000,105000,108000,109000,112000,113000,114000,115000,115000,115000,115000,181,0,101000,93039.32598911037,10445.520598001167,114846.44499000206,20046.906077348067
1790300383,40,,Aggregated,0.300000,0.000000,101000,105000,108000,109000,112000,113000,114000,115000,115000,115000,115000,181,0,101000,93039.32598911037,10445.520598001167,114846.44499000206,20046.906077348067
1790300384,40,,Aggregated,0.300000,0.000000,101000,105000,108000,109000,112000,113000,114000,115000,115000,115000,115000,181,0,101000,93039.32598911037,10445.520598001167,114846.44499000206,20046.906077348067
1790300385,40,,Aggregated,0.300000,0.000000,101000,105000,108000,109000,112000,113000,114000,115000,115000,115000,115000,181,0,101000,93039.32598911037,10445.520598001167,114846.44499000206,20046.906077348067
1790300386,40,,Aggregated,0.500000,0.000000,101000,105000,108000,109000,112000,113000,114000,115000,115000,115000,115000,182,0,101000,92657.66568747789,10445.520598001167,114846.44499000206,19972.686813186814
1790300387,40,,Aggregated,0.500000,0.000000,101000,105000,108000,109000,112000,113000,114000,115000,115000,115000,115000,182,0,101000,92657.66568747789,10445.520598001167,114846.44499000206,19972.686813186814
1790300388,40,,Aggregated,0.500000,0.000000,101000,105000,108000,109000,112000,113000,114000,115000,115000,115000,115000,182,0,101000,92657.66568747789,10445.520598001167,114846.44499000206,19972.686813186814
1790300389,40,,Aggregated,0.500000,0.000000,101000,105000,108000,109000,112000,113000,114000,115000,115000,115000,115000,182,0,101000,92657.66568747789,10445.520598001167,114846.44499000206,19972.686813186814
1790300390,40,,Aggregated,0.500000,0.000000,101000,105000,108000,109000,112000,113000,114000,115000,115000,115000,115000,182,0,101000,92657.66568747789,10445.520598001167,114846.44499000206,19972.686813186814
1790300391,40,,Aggregated,0.400000,0.000000,101000,105000,108000,109000,112000,113000,114000,115000,115000,115000,115000,183,0,101000,92716.50982410916,10445.520598001167,114846.44499000206,19982.398907103827
1790300392,40,,Aggregated,0.400000,0.000000,101000,105000,108000,109000,112000,113000,114000,115000,115000,115000,115000,183,0,101000,92716.50982410916,10445.520598001167,114846.44499000206,19982.398907103827
1790300393,40,,Aggregated,0.400000,0.000000,101000,105000,108000,109000,112000,113000,114000,115000,115000,115000,115000,183,0,101000,92716.50982410916,10445.520598001167,114846.44499000206,19982.398907103827
1790300394,40,,Aggregated,0.400000,0.000000,101000,105000,108000,109000,112000,113000,114000,115000,115000,115000,115000,183,0,101000,92716.50982410916,10445.520598001167,114846.44499000206,19982.398907103827
1790300395,40,,Aggregated,0.400000,0.000000,101000,105000,108000,109000,112000,113000,114000,115000,115000,115000,115000,183,0,101000,92716.50982410916,10445.520598001167,114846.44499000206,19982.398907103827
1790300396,40,,Aggregated,0.400000,0.000000,101000,105000,108000,109000,112000,113000,114000,115000,115000,115000,115000,183,0,101000,92716.50982410916,10445.520598001167,114846.44499000206,19982.398907103827
1790300397,40,,Aggregated,0.400000,0.000000,101000,105000,108000,109000,112000,113000,114000,115000,115000,115000,115000,183,0,101000,92716.50982410916,10445.520598001167,114846.44499000206,19982.398907103827
1790300398,40,,Aggregated,0.400000,0.000000,101000,105000,108000,109000,112000,113000,114000,115000,115000,115000,115000,183,0,101000,92716.50982410916,10445.520598001167,114846.44499000206,19982.398907103827
1790300399,40,,Aggregated,0.400000,0.000000,101000,105000,108000,109000,112000,113000,114000,115000,115000,115000,115000,183,0,101000,92716.50982410916,10445.520598001167,114846.44499000206,19982.398907103827
1790300400,40,,Aggregated,0.400000,0.000000,101000,105000,108000,109000,112000,113000,114000,115000,115000,115000,115000,183,0,101000,92716.50982410916,10445.520598001167,114846.44499000206,19982.398907103827
1790300401,40,,Aggregated,0.400000,0.000000,101000,105000,108000,109000,112000,113000,114000,115000,115000,115000,115000,183,0,101000,92716.50982410916,10445.520598001167,114846.44499000206,19982.398907103827
1790300402,40,,Aggregated,0.400000,0.000000,101000,105000,108000,109000,112000,113000,114000,115000,115000,115000,115000,183,0,101000,92716.50982410916,10445.520598001167,114846.44499000206,19982.398907103827
1790300403,40,,Aggregated,0.400000,0.000000,101000,105000,108000,109000,112000,113000,114000,115000,115000,115000,115000,183,0,101000,92716.50982410916,10445.520598001167,114846.44499000206,19982.398907103827
1790300404,40,,Aggregated,0.400000,0.000000,101000,105000,108000,109000,112000,113000,114000,115000,115000,115000,115000,183,0,101000,92716.50982410916,10445.520598001167,114846.44499000206,19982.398907103827
1790300406,40,,Aggregated,0.400000,0.000000,101000,105000,108000,109000,112000,113000,114000,115000,115000,115000,115000,183,0,101000,92716.50982410916,10445.520598001167,114846.44499000206,19982.398907103827
1790300407,40,,Aggregated,0.400000,0.000000,101000,105000,108000,109000,112000,113000,114000,115000,115000,115000,115000,183,0,101000,92716.50982410916,10445.520598001167,114846.44499000206,19982.398907103827
1790300408,40,,Aggregated,0.400000,0.000000,101000,105000,108000,109000,112000,113000,114000,115000,115000,115000,115000,183,0,101000,92716.50982410916,10445.520598001167,114846.44499000206,19982.398907103827
1790300409,40,,Aggregated,0.400000,0.000000,101000,105000,108000,109000,112000,113000,114000,115000,115000,115000,115000,183,0,101000,92716.50982410916,10445.520598001167,114846.44499000206,19982.398907103827
1790300410,40,,Aggregated,0.400000,0.000000,101000,105000,108000,109000,112000,113000,114000,115000,115000,115000,115000,183,0,101000,92716.50982410916,10445.520598001167,114846.44499000206,19982.398907103827
1790300411,40,,Aggregated,0.000000,0.000000,101000,105000,108000,109000,112000,113000,114000,115000,115000,115000,115000,184,0,101000,92726.17897935858,10445.520598001167,114846.44499000206,19983.152173913044
1790300412,40,,Aggregated,0.000000,0.000000,101000,105000,108000,109000,112000,113000,114000,115000,115000,115000,115000,184,0,101000,92726.17897935858,10445.520598001167,114846.44499000206,19983.152173913044
1790300413,40,,Aggregated,0.000000,0.000000,101000,105000,108000,109000,112000,113000,114000,115000,115000,115000,115000,184,0,101000,92726.17897935858,10445.520598001167,114846.44499000206,19983.152173913044
1790300414,40,,Aggregated,0.100000,0.000000,101000,105000,107000,109000,112000,113000,114000,115000,115000,115000,115000,186,0,101000,92711.97037737622,10445.520598001167,114846.44499000206,19972.021505376346
1790300415,40,,Aggregated,0.100000,0.000000,101000,105000,108000,109000,112000,113000,114000,115000,115000,115000,115000,187,0,101000,92815.3784718127,10445.520598001167,114846.44499000206,19981.048128342245
1790300416,40,,Aggregated,0.100000,0.000000,101000,105000,108000,109000,112000,113000,114000,115000,115000,115000,115000,187,0,101000,92815.3784718127,10445.520598001167,114846.44499000206,19981.048128342245
1790300417,40,,Aggregated,0.300000,0.000000,101000,105000,108000,109000,112000,113000,114000,115000,115000,115000,115000,188,0,101000,92914.98156977646,10445.520598001167,114846.44499000206,19999.64893617021
1790300418,40,,Aggregated,0.300000,0.000000,101000,105000,108000,109000,112000,113000,114000,115000,115000,115000,115000,188,0,101000,92914.98156977646,10445.520598001167,114846.44499000206,19999.64893617021
1790300419,40,,Aggregated,0.300000,0.000000,101000,105000,108000,109000,112000,113000,114000,115000,115000,115000,115000,188,0,101000,92914.98156977646,10445.520598001167,114846.44499000206,19999.64893617021
1790300420,40,,Aggregated,0.300000,0.000000,101000,105000,108000,109000,112000,113000,114000,115000,115000,115000,115000,188,0,101000,92914.98156977646,10445.520598001167,114846.44499000206,19999.64893617021
1790300421,40,,Aggregated,0.500000,0.000000,101000,105000,108000,109000,112000,113000,114000,115000,115000,115000,115000,189,0,101000,92930.98642221678,10445.520598001167,114846.44499000206,20002.624338624337
1790300422,40,,Aggregated,0.500000,0.000000,101000,105000,108000,109000,112000,113000,114000,115000,115000,115000,115000,189,0,101000,92930.98642221678,10445.520598001167,114846.44499000206,20002.624338624337
1790300423,40,,Aggregated,0.500000,0.000000,101000,105000,108000,109000,112000,113000,114000,115000,115000,115000,115000,189,0,101000,92930.98642221678,10445.520598001167,114846.44499000206,20002.624338624337
1790300424,40,,Aggregated,0.500000,0.000000,101000,105000,108000,109000,112000,113000,114000,115000,115000,115000,115000,189,0,101000,92930.98642221678,10445.520598001167,114846.44499000206,20002.624338624337
1790300425,40,,Aggregated,0.500000,0.000000,101000,105000,108000,109000,112000,113000,114000,115000,115000,115000,115000,189,0,101000,92930.98642221678,10445.520598001167,114846.44499000206,20002.624338624337
1790300426,40,,Aggregated,0.500000,0.000000,101000,105000,108000,109000,112000,113000,114000,115000,115000,115000,115000,190,0,101000,92943.72431211038,10445.520598001167,114846.44499000206,20013.526315789473
1790300427,40,,Aggregated,0.300000,0.000000,101000,105000,108000,109000,112000,113000,114000,115000,115000,115000,115000,191,0,101000,93029.28510682708,10445.520598001167,114846.44499000206,20029.293193717276
1790300428,40,,Aggregated,0.300000,0.000000,101000,105000,108000,109000,112000,113000,114000,115000,115000,115000,115000,192,0,101000,93097.94382504153,10445.520598001167,114846.44499000206,20041.489583333332
1790300429,40,,Aggregated,0.300000,0.000000,101000,105000,108000,109000,112000,113000,114000,115000,115000,115000,115000,192,0,101000,93097.94382504153,10445.520598001167,114846.44499000206,20041.489583333332
1790300430,40,,Aggregated,0.300000,0.000000,101000,105000,108000,109000,112000,113000,114000,115000,115000,115000,115000,193,0,101000,93111.60212213459,10445.520598001167,114846.44499000206,20038.854922279792
1790300431,40,,Aggregated,0.300000,0.000000,101000,105000,108000,109000,112000,113000,114000,115000,115000,115000,115000,195,0,101000,93190.52795761016,10445.520598001167,114846.44499000206,20042.102564102563
1790300432,40,,Aggregated,0.400000,0.000000,101000,105000,108000,109000,112000,113000,114000,115000,115000,115000,115000,196,0,101000,93301.74963428563,10445.520598001167,114989.97658600274,20062.79591836735
1790300433,40,,Aggregated,0.400000,0.000000,101000,105000,108000,109000,112000,113000,114000,115000,115000,115000,115000,196,0,101000,93301.74963428563,10445.520598001167,114989.97658600274,20062.79591836735
1790300434,40,,Aggregated,0.400000,0.000000,101000,105000,108000,109000,112000,113000,114000,115000,115000,115000,115000,196,0,101000,93301.74963428563,10445.520598001167,114989.97658600274,20062.79591836735
1790300435,40,,Aggregated,0.700000,0.000000,101000,105000,108000,109000,112000,113000,114000,115000,115000,115000,115000,197,0,101000,93352.94326201515,10445.520598001167,114989.97658600274,20084.771573604063
1790300436,40,,Aggregated,0.700000,0.000000,101000,105000,108000,109000,112000,113000,114000,115000,115000,115000,115000,199,0,101000,93448.26296443709,10445.520598001167,114989.97658600274,20097.582914572864
1790300437,40,,Aggregated,0.700000,0.000000,101000,105000,108000,109000,112000,113000,114000,115000,115000,115000,115000,199,0,101000,93448.26296443709,10445.520598001167,114989.97658600274,20097.582914572864
1790300438,40,,Aggregated,0.700000,0.000000,101000,105000,108000,109000,112000,113000,114000,115000,115000,115000,115000,200,0,101000,93503.71989883993,10445.520598001167,114989.97658600274,20110.925
1790300439,40,,Aggregated,0.700000,0.000000,101000,105000,108000,109000,112000,113000,114000,115000,115000,115000,115000,200,0,101000,93503.71989883993,10445.520598001167,114989.97658600274,20110.925
1790300440,40,,Aggregated,0.800000,0.000000,101000,105000,108000,109000,112000,113000,114000,115000,115000,115000,115000,201,0,101000,93516.48293388053,10445.520598001167,114989.97658600274,20102.34825870647
1790300441,40,,Aggregated,0.800000,0.000000,101000,105000,108000,109000,112000,113000,114000,115000,115000,115000,115000,201,0,101000,93516.48293388053,10445.520598001167,114989.97658600274,20102.34825870647
1790300442,40,,Aggregated,0.800000,0.000000,101000,105000,108000,109000,112000,113000,114000,115000,115000,115000,115000,202,0,101000,93580.41245061875,10445.520598001167,114989.97658600274,20108.039603960395
1790300443,40,,Aggregated,0.800000,0.000000,101000,105000,108000,109000,112000,113000,114000,115000,115000,115000,115000,202,0,101000,93580.41245061875,10445.520598001167,114989.97658600274,20108.039603960395
1790300444,40,,Aggregated,0.600000,0.000000,101000,105000,108000,109000,112000,113000,114000,115000,115000,115000,115000,203,0,101000,93593.64206232013,10445.520598001167,114989.97658600274,20107.64039408867
1790300445,40,,Aggregated,0.600000,0.000000,101000,105000,108000,109000,112000,113000,114000,115000,115000,115000,115000,204,0,101000,93685.68859372541,10445.520598001167,114989.97658600274,20141.651960784315
1790300446,40,,Aggregated,0.600000,0.000000,101000,105000,108000,109000,112000,113000,114000,115000,115000,115000,115000,205,0,101000,93758.48731222919,10445.520598001167,114989.97658600274,20153.926829268294
1790300447,40,,Aggregated,0.600000,0.000000,101000,105000,108000,109000,112000,113000,114000,115000,115000,115000,115000,205,0,101000,93758.48731222919,10445.520598001167,114989.97658600274,20153.926829268294
1790300448,40,,Aggregated,0.800000,0.000000,101000,105000,108000,109000,112000,113000,114000,115000,115000,115000,115000,206,0,101000,93713.19721498052,10445.520598001167,114989.97658600274,20143.155339805824
1790300449,40,,Aggregated,0.800000,0.000000,101000,105000,108000,109000,112000,113000,114000,115000,115000,115000,115000,206,0,101000,93713.19721498052,10445.520598001167,114989.97658600274,20143.155339805824
1790300450,40,,Aggregated,0.600000,0.000000,101000,105000,108000,109000,112000,113000,114000,115000,115000,115000,115000,208,0,101000,93878.8449813461,10445.520598001167,114989.97658600274,20176.841346153848
1790300451,40,,Aggregated,0.600000,0.000000,101000,105000,108000,109000,112000,113000,114000,115000,115000,115000,115000,209,0,101000,93928.1667228564,10445.520598001167,114989.97658600274,20186.416267942583
1790300452,40,,Aggregated,0.600000,0.000000,101000,105000,108000,109000,112000,113000,114000,115000,115000,115000,115000,209,0,101000,93928.1667228564,10445.520598001167,114989.97658600274,20186.416267942583
1790300453,40,,Aggregated,0.600000,0.000000,101000,105000,108000,109000,112000,113000,114000,115000,115000,115000,115000,209,0,101000,93928.1667228564,10445.520598001167,114989.97658600274,20186.416267942583
1790300454,40,,Aggregated,0.600000,0.000000,101000,105000,108000,109000,112000,113000,114000,115000,115000,115000,115000,209,0,101000,93928.1667228564,10445.520598001167,114989.97658600274,20186.416267942583
1790300455,40,,Aggregated,0.600000,0.000000,101000,105000,108000,109000,112000,113000,114000,115000,115000,115000,115000,209,0,101000,93928.1667228564,10445.520598001167,114989.97658600274,20186.416267942583
1790300456,40,,Aggregated,0.600000,0.000000,101000,105000,108000,109000,112000,113000,114000,115000,115000,115000,115000,209,0,101000,93928.1667228564,10445.520598001167,114989.97658600274,20186.416267942583
1790300457,40,,Aggregated,0.600000,0.000000,101000,105000,108000,109000,112000,113000,114000,115000,115000,115000,115000,209,0,101000,93928.1667228564,10445.520598001167,114989.97658600274,20186.416267942583
1790300458,40,,Aggregated,0.400000,0.000000,101000,105000,108000,109000,112000,113000,114000,115000,115000,115000,115000,210,0,101000,94006.62795153327,10445.520598001167,114989.97658600274,20205.190476190477
1790300459,40,,Aggregated,0.400000,0.000000,101000,105000,108000,109000,112000,113000,114000,115000,115000,115000,115000,210,0,101000,94006.62795153327,10445.520598001167,114989.97658600274,20205.190476190477
1790300460,40,,Aggregated,0.400000,0.000000,101000,105000,108000,109000,112000,113000,114000,115000,115000,115000,115000,210,0,101000,94006.62795153327,10445.520598001167,114989.97658600274,20205.190476190477
1790300461,40,,Aggregated,0.400000,0.000000,101000,106000,108000,109000,112000,113000,114000,115000,115000,115000,115000,211,0,101000,94064.80370763027,10445.520598001167,114989.97658600274,20218.34597156398
1790300462,40,,Aggregated,0.400000,0.000000,101000,106000,108000,109000,112000,113000,114000,115000,115000,115000,115000,212,0,101000,94145.15236563675,10445.520598001167,114989.97658600274,20234.943396226416
1790300463,40,,Aggregated,0.400000,0.000000,101000,106000,108000,109000,112000,113000,114000,115000,115000,115000,115000,212,0,101000,94145.15236563675,10445.520598001167,114989.97658600274,20234.943396226416
1790300464,40,,Aggregated,0.400000,0.000000,101000,106000,108000,109000,112000,113000,114000,115000,115000,115000,115000,212,0,101000,94145.15236563675,10445.520598001167,114989.97658600274,20234.943396226416
1790300465,40,,Aggregated,0.400000,0.000000,101000,106000,108000,109000,112000,113000,114000,115000,115000,115000,115000,212,0,101000,94145.15236563675,10445.520598001167,114989.97658600274,20234.943396226416
1790300466,40,,Aggregated,0.400000,0.000000,101000,106000,108000,109000,112000,113000,114000,115000,115000,115000,115000,212,0,101000,94145.15236563675,10445.520598001167,114989.97658600274,20234.943396226416
1790300467,40,,Aggregated,0.300000,0.000000,101000,106000,108000,110000,112000,113000,114000,115000,115000,115000,115000,213,0,101000,94232.14743069011,10445.520598001167,114989.97658600274,20251.159624413147
1790300468,40,,Aggregated,0.300000,0.000000,101000,106000,108000,110000,112000,113000,114000,115000,115000,115000,115000,214,0,101000,94317.17921642987,10445.520598001167,114989.97658600274,20266.6214953271
1790300469,40,,Aggregated,0.300000,0.000000,101000,106000,108000,110000,112000,113000,114000,115000,115000,115000,115000,214,0,101000,94317.17921642987,10445.520598001167,114989.97658600274,20266.6214953271
1790300470,40,,Aggregated,0.300000,0.000000,101000,106000,108000,110000,112000,113000,114000,115000,115000,115000,115000,214,0,101000,94317.17921642987,10445.520598001167,114989.97658600274,20266.6214953271
1790300471,40,,Aggregated,0.500000,0.000000,101000,106000,108000,110000,112000,113000,114000,115000,115000,115000,115000,215,0,101000,94367.9744691209,10445.520598001167,114989.97658600274,20280.832558139537
1790300472,40,,Aggregated,0.400000,0.000000,101000,106000,108000,110000,112000,113000,114000,115000,115000,115000,115000,216,0,101000,94035.23873975461,10445.520598001167,114989.97658600274,20216.12037037037
1790300473,40,,Aggregated,0.400000,0.000000,101000,106000,108000,110000,112000,113000,114000,115000,115000,115000,115000,216,0,101000,94035.23873975461,10445.520598001167,114989.97658600274,20216.12037037037
1790300474,40,,Aggregated,0.400000,0.000000,101000,106000,108000,110000,112000,113000,114000,115000,115000,115000,115000,216,0,101000,94035.23873975461,10445.520598001167,114989.97658600274,20216.12037037037
1790300475,40,,Aggregated,0.400000,0.000000,101000,106000,108000,110000,112000,113000,114000,115000,115000,115000,115000,216,0,101000,94035.23873975461,10445.520598001167,114989.97658600274,20216.12037037037
1790300476,40,,Aggregated,0.400000,0.000000,101000,106000,108000,110000,112000,113000,114000,115000,115000,115000,115000,216,0,101000,94035.23873975461,10445.520598001167,114989.97658600274,20216.12037037037
1790300477,40,,Aggregated,0.400000,0.000000,101000,106000,108000,110000,112000,113000,114000,115000,115000,115000,115000,218,0,101000,93821.63789908256,10445.520598001167,114989.97658600274,20172.981651376147
1790300478,40,,Aggregated,0.400000,0.000000,101000,106000,108000,110000,112000,113000,114000,115000,115000,115000,115000,218,0,101000,93821.63789908256,10445.520598001167,114989.97658600274,20172.981651376147
1790300479,40,,Aggregated,0.400000,0.000000,101000,106000,108000,110000,112000,113000,114000,115000,115000,115000,115000,218,0,101000,93821.63789908256,10445.520598001167,114989.97658600274,20172.981651376147
1790300480,40,,Aggregated,0.400000,0.000000,101000,106000,108000,110000,112000,113000,114000,115000,115000,115000,115000,218,0,101000,93821.63789908256,10445.520598001167,114989.97658600274,20172.981651376147
1790300481,40,,Aggregated,0.400000,0.000000,101000,106000,108000,110000,112000,113000,114000,115000,115000,115000,115000,219,0,101000,93848.28432726482,10445.520598001167,114989.97658600274,20180.086757990866
1790300482,40,,Aggregated,0.400000,0.000000,101000,106000,108000,110000,112000,113000,114000,115000,115000,115000,115000,219,0,101000,93848.28432726482,10445.520598001167,114989.97658600274,20180.086757990866
1790300483,40,,Aggregated,0.400000,0.000000,101000,106000,108000,110000,112000,113000,114000,115000,115000,115000,115000,220,0,101000,93904.91184692271,10445.520598001167,114989.97658600274,20196.822727272727
1790300484,40,,Aggregated,0.400000,0.000000,101000,106000,108000,110000,112000,113000,114000,115000,115000,115000,115000,220,0,101000,93904.91184692271,10445.520598001167,114989.97658600274,20196.822727272727
1790300485,40,,Aggregated,0.400000,0.000000,101000,106000,108000,109000,112000,113000,114000,115000,115000,115000,115000,222,0,101000,93728.65729554504,10445.520598001167,114989.97658600274,20164.31081081081
1790300486,40,,Aggregated,0.400000,0.000000,101000,106000,108000,109000,112000,113000,114000,115000,115000,115000,115000,222,0,101000,93728.65729554504,10445.520598001167,114989.97658600274,20164.31081081081
1790300487,40,,Aggregated,0.400000,0.000000,101000,106000,108000,109000,112000,113000,114000,115000,115000,115000,115000,223,0,101000,93750.49738017489,10445.520598001167,114989.97658600274,20170.08071748879
1790300488,40,,Aggregated,0.400000,0.000000,101000,106000,108000,109000,112000,113000,114000,115000,115000,115000,115000,223,0,101000,93750.49738017489,10445.520598001167,114989.97658600274,20170.08071748879
1790300489,40,,Aggregated,0.400000,0.000000,101000,106000,108000,109000,112000,113000,114000,115000,115000,115000,115000,223,0,101000,93750.49738017489,10445.520598001167,114989.97658600274,20170.08071748879
1790300490,40,,Aggregated,0.400000,0.000000,101000,106000,108000,109000,112000,113000,114000,115000,115000,115000,115000,223,0,101000,93750.49738017489,10445.520598001167,114989.97658600274,20170.08071748879
1790300491,40,,Aggregated,0.400000,0.000000,101000,106000,108000,109000,112000,113000,114000,115000,115000,115000,115000,223,0,101000,93750.49738017489,10445.520598001167,114989.97658600274,20170.08071748879
1790300492,40,,Aggregated,0.400000,0.000000,101000,106000,108000,109000,112000,113000,114000,115000,115000,115000,115000,223,0,101000,93750.49738017489,10445.520598001167,114989.97658600274,20170.08071748879
1790300493,40,,Aggregated,0.500000,0.000000,101000,106000,108000,110000,112000,113000,114000,115000,115000,115000,115000,224,0,101000,93821.3848274107,10445.520598001167,114989.97658600274,20185.602678571428
1790300494,40,,Aggregated,0.500000,0.000000,101000,106000,108000,110000,112000,113000,114000,115000,115000,115000,115000,224,0,101000,93821.3848274107,10445.520598001167,114989.97658600274,20185.602678571428
1790300495,40,,Aggregated,0.500000,0.000000,101000,106000,108000,110000,112000,113000,114000,115000,115000,115000,115000,224,0,101000,93821.3848274107,10445.520598001167,114989.97658600274,20185.602678571428
1790300496,40,,Aggregated,0.400000,0.000000,101000,106000,108000,110000,112000,113000,114000,115000,115000,115000,115000,225,0,101000,93510.18312750668,10445.520598001167,114989.97658600274,20124.115555555556
1790300497,40,,Aggregated,0.400000,0.000000,101000,106000,108000,110000,112000,113000,114000,115000,115000,115000,115000,226,0,101000,93604.20317015045,10445.520598001167,114989.97658600274,20139.199115044248
1790300498,40,,Aggregated,0.400000,0.000000,101000,106000,108000,110000,112000,113000,114000,115000,115000,115000,115000,226,0,101000,93604.20317015045,10445.520598001167,114989.97658600274,20139.199115044248
1790300499,40,,Aggregated,0.400000,0.000000,101000,106000,108000,110000,112000,113000,114000,115000,115000,115000,115000,226,0,101000,93604.20317015045,10445.520598001167,114989.97658600274,20139.199115044248
1790300500,40,,Aggregated,0.400000,0.000000,101000,106000,108000,110000,112000,113000,114000,115000,115000,115000,115000,226,0,101000,93604.20317015045,10445.520598001167,114989.97658600274,20139.199115044248
1790300501,40,,Aggregated,0.400000,0.000000,101000,106000,108000,110000,112000,113000,114000,115000,115000,115000,115000,226,0,101000,93604.20317015045,10445.520598001167,114989.97658600274,20139.199115044248
1790300502,40,,Aggregated,0.300000,0.000000,101000,106000,108000,110000,112000,113000,114000,115000,115000,115000,115000,227,0,101000,93674.15099800442,10445.520598001167,114989.97658600274,20152.718061674008
1790300503,40,,Aggregated,0.300000,0.000000,101000,106000,108000,110000,112000,113000,114000,115000,115000,115000,115000,227,0,101000,93674.15099800442,10445.520598001167,114989.97658600274,20152.718061674008
1790300504,40,,Aggregated,0.300000,0.000000,101000,106000,108000,110000,112000,113000,114000,115000,115000,115000,115000,227,0,101000,93674.15099800442,10445.520598001167,114989.97658600274,20152.718061674008
1790300505,40,,Aggregated,0.300000,0.000000,101000,106000,108000,110000,112000,113000,114000,115000,115000,115000,115000,227,0,101000,93674.15099800442,10445.520598001167,114989.97658600274,20152.718061674008
1790300506,40,,Aggregated,0.300000,0.000000,101000,106000,108000,110000,112000,113000,114000,115000,115000,115000,115000,227,0,101000,93674.15099800442,10445.520598001167,114989.97658600274,20152.718061674008
1790300507,40,,Aggregated,0.300000,0.000000,101000,106000,108000,110000,112000,113000,114000,115000,115000,115000,115000,227,0,101000,93674.15099800442,10445.520598001167,114989.97658600274,20152.718061674008
1790300508,40,,Aggregated,0.300000,0.000000,101000,106000,108000,110000,112000,113000,114000,115000,115000,115000,115000,227,0,101000,93674.15099800442,10445.520598001167,114989.97658600274,20152.718061674008
1790300509,40,,Aggregated,0.300000,0.000000,101000,106000,108000,110000,112000,113000,114000,115000,115000,115000,115000,227,0,101000,93674.15099800442,10445.520598001167,114989.97658600274,20152.718061674008
1790300510,40,,Aggregated,0.300000,0.000000,101000,106000,108000,110000,112000,113000,114000,115000,115000,115000,115000,227,0,101000,93674.15099800442,10445.520598001167,114989.97658600274,20152.718061674008
1790300511,40,,Aggregated,0.300000,0.000000,101000,106000,108000,110000,112000,113000,114000,115000,115000,115000,115000,227,0,101000,93674.15099800442,10445.520598001167,114989.97658600274,20152.718061674008
1790300512,40,,Aggregated,0.300000,0.000000,101000,106000,108000,110000,112000,113000,114000,115000,115000,115000,115000,227,0,101000,93674.15099800442,10445.520598001167,114989.97658600274,20152.718061674008
1790300513,40,,Aggregated,0.300000,0.000000,101000,106000,108000,110000,112000,113000,114000,115000,115000,115000,115000,227,0,101000,93674.15099800442,10445.520598001167,114989.97658600274,20152.718061674008
1790300514,40,,Aggregated,0.100000,0.000000,101000,106000,108000,110000,112000,113000,114000,115000,115000,115000,115000,228,0,101000,93698.41868488159,10445.520598001167,114989.97658600274,20146.583333333332
1790300515,40,,Aggregated,0.100000,0.000000,101000,106000,108000,110000,112000,113000,114000,115000,115000,115000,115000,228,0,101000,93698.41868488159,10445.520598001167,114989.97658600274,20146.583333333332
1790300516,40,,Aggregated,0.100000,0.000000,101000,106000,108000,110000,112000,113000,114000,115000,115000,115000,115000,228,0,101000,93698.41868488159,10445.520598001167,114989.97658600274,20146.583333333332
1790300517,40,,Aggregated,0.100000,0.000000,101000,106000,108000,110000,112000,113000,114000,115000,115000,115000,115000,228,0,101000,93698.41868488159,10445.520598001167,114989.97658600274,20146.583333333332
1790300518,40,,Aggregated,0.100000,0.000000,101000,106000,108000,110000,112000,113000,114000,115000,115000,115000,115000,230,0,101000,93764.19906359566,10445.520598001167,114989.97658600274,20166.817391304347
1790300519,40,,Aggregated,0.100000,0.000000,101000,106000,108000,110000,112000,113000,114000,115000,115000,115000,115000,230,0,101000,93764.19906359566,10445.520598001167,114989.97658600274,20166.817391304347
1790300520,40,,Aggregated,0.100000,0.000000,101000,106000,108000,110000,112000,113000,114000,115000,115000,115000,115000,230,0,101000,93764.19906359566,10445.520598001167,114989.97658600274,20166.817391304347
1790300521,40,,Aggregated,0.100000,0.000000,101000,106000,108000,110000,112000,113000,114000,115000,115000,115000,115000,230,0,101000,93764.19906359566,10445.520598001167,114989.97658600274,20166.817391304347
1790300522,40,,Aggregated,0.100000,0.000000,101000,106000,108000,110000,112000,113000,114000,115000,115000,115000,115000,230,0,101000,93764.19906359566,10445.520598001167,114989.97658600274,20166.817391304347
1790300523,40,,Aggregated,0.300000,0.000000,101000,106000,108000,109000,112000,113000,114000,115000,115000,115000,115000,231,0,101000,93821.18058599134,10445.520598001167,114989.97658600274,20174.493506493505
1790300524,40,,Aggregated,0.300000,0.000000,101000,106000,108000,109000,112000,113000,114000,115000,115000,115000,115000,231,0,101000,93821.18058599134,10445.520598001167,114989.97658600274,20174.493506493505
1790300525,40,,Aggregated,0.300000,0.000000,101000,106000,108000,110000,112000,113000,114000,115000,115000,115000,115000,233,0,101000,93948.82148753648,10445.520598001167,114989.97658600274,20191.92703862661
1790300526,40,,Aggregated,0.300000,0.000000,101000,106000,108000,110000,112000,113000,114000,115000,115000,115000,115000,233,0,101000,93948.82148753648,10445.520598001167,114989.97658600274,20191.92703862661
1790300527,40,,Aggregated,0.500000,0.000000,101000,106000,108000,110000,112000,113000,114000,115000,115000,115000,115000,234,0,101000,93953.91867218805,10445.520598001167,114989.97658600274,20197.846153846152
1790300528,40,,Aggregated,0.500000,0.000000,101000,106000,108000,109000,112000,113000,114000,115000,115000,115000,115000,236,0,101000,93996.77545899578,10445.520598001167,114989.97658600274,20204.165254237287
1790300529,40,,Aggregated,0.500000,0.000000,101000,106000,108000,109000,112000,113000,114000,115000,115000,115000,115000,236,0,101000,93996.77545899578,10445.520598001167,114989.97658600274,20204.165254237287
1790300530,40,,Aggregated,0.500000,0.000000,101000,106000,108000,109000,112000,113000,114000,115000,115000,115000,115000,236,0,101000,93996.77545899578,10445.520598001167,114989.97658600274,20204.165254237287
1790300531,40,,Aggregated,0.700000,0.000000,101000,106000,108000,109000,112000,113000,114000,115000,115000,115000,115000,237,0,101000,94026.13572900424,10445.520598001167,114989.97658600274,20207.83122362869
1790300532,40,,Aggregated,0.600000,0.000000,101000,106000,108000,109000,112000,113000,114000,115000,115000,115000,115000,239,0,101000,94053.79392128454,10445.520598001167,114989.97658600274,20215.698744769874
1790300533,40,,Aggregated,0.600000,0.000000,101000,106000,108000,109000,112000,113000,114000,115000,115000,115000,115000,239,0,101000,94053.79392128454,10445.520598001167,114989.97658600274,20215.698744769874
1790300534,40,,Aggregated,0.600000,0.000000,101000,106000,108000,109000,112000,113000,114000,115000,115000,115000,115000,239,0,101000,94053.79392128454,10445.520598001167,114989.97658600274,20215.698744769874
1790300535,40,,Aggregated,0.900000,0.000000,101000,106000,108000,109000,112000,113000,114000,115000,115000,115000,115000,240,0,101000,94095.00147409168,10445.520598001167,114989.97658600274,20234.316666666666
1790300536,40,,Aggregated,0.800000,0.000000,101000,106000,108000,109000,112000,113000,114000,115000,115000,115000,115000,241,0,101000,94152.6977594772,10445.520598001167,114989.97658600274,20241.846473029047
1790300537,40,,Aggregated,0.800000,0.000000,101000,106000,108000,109000,112000,113000,114000,115000,115000,115000,115000,241,0,101000,94152.6977594772,10445.520598001167,114989.97658600274,20241.846473029047
1790300538,40,,Aggregated,0.700000,0.000000,101000,106000,108000,109000,112000,113000,114000,115000,115000,115000,115000,243,0,101000,94214.15568325105,10445.520598001167,114989.97658600274,20255.897119341564
1790300539,40,,Aggregated,0.700000,0.000000,101000,106000,108000,109000,112000,113000,114000,115000,115000,115000,115000,243,0,101000,94214.15568325105,10445.520598001167,114989.97658600274,20255.897119341564
1790300540,40,,Aggregated,0.600000,0.000000,101000,106000,108000,109000,112000,113000,114000,115000,115000,115000,115000,244,0,101000,94219.81806471724,10445.520598001167,114989.97658600274,20253.840163934427
1790300541,40,,Aggregated,0.600000,0.000000,101000,106000,108000,109000,112000,113000,114000,115000,115000,115000,115000,244,0,101000,94219.81806471724,10445.520598001167,114989.97658600274,20253.840163934427
1790300542,40,,Aggregated,0.700000,0.000000,101000,106000,108000,109000,112000,113000,114000,115000,115000,115000,115000,245,0,101000,94252.7413968735,10445.520598001167,114989.97658600274,20247.77142857143
1790300543,40,,Aggregated,0.700000,0.000000,101000,106000,108000,109000,112000,113000,114000,115000,115000,115000,115000,245,0,101000,94252.7413968735,10445.520598001167,114989.97658600274,20247.77142857143
1790300544,40,,Aggregated,0.700000,0.000000,101000,106000,108000,109000,112000,113000,114000,115000,115000,115000,115000,245,0,101000,94252.7413968735,10445.520598001167,114989.97658600274,20247.77142857143
1790300545,40,,Aggregated,0.600000,0.000000,101000,106000,108000,109000,112000,113000,114000,115000,115000,115000,115000,248,0,101000,94158.90539692744,10445.520598001167,114989.97658600274,20220.66129032258
1790300547,40,,Aggregated,0.600000,0.000000,101000,106000,108000,109000,112000,113000,114000,115000,115000,115000,115000,248,0,101000,94158.90539692744,10445.520598001167,114989.97658600274,20220.66129032258
1790300548,40,,Aggregated,0.600000,0.000000,101000,106000,108000,109000,112000,113000,114000,115000,115000,115000,115000,248,0,101000,94158.90539692744,10445.520598001167,114989.97658600274,20220.66129032258
1790300549,40,,Aggregated,0.800000,0.000000,101000,106000,108000,109000,112000,113000,114000,115000,115000,115000,115000,249,0,101000,94169.72478283536,10445.520598001167,114989.97658600274,20222.706827309237
1790300550,40,,Aggregated,0.800000,0.000000,101000,106000,108000,109000,112000,113000,114000,115000,115000,115000,115000,249,0,101000,94169.72478283536,10445.520598001167,114989.97658600274,20222.706827309237
1790300551,40,,Aggregated,0.800000,0.000000,101000,106000,108000,109000,112000,113000,114000,115000,115000,115000,115000,249,0,101000,94169.72478283536,10445.520598001167,114989.97658600274,20222.706827309237
1790300552,40,,Aggregated,0.800000,0.000000,101000,106000,108000,109000,112000,113000,114000,115000,115000,115000,115000,249,0,101000,94169.72478283536,10445.520598001167,114989.97658600274,20222.706827309237
1790300553,40,,Aggregated,0.600000,0.000000,101000,106000,108000,109000,112000,113000,114000,115000,115000,115000,115000,250,0,101000,94196.74803842402,10445.520598001167,114989.97658600274,20227.064
1790300554,40,,Aggregated,0.600000,0.000000,101000,106000,108000,109000,112000,113000,114000,115000,115000,115000,115000,250,0,101000,94196.74803842402,10445.520598001167,114989.97658600274,20227.064
1790300555,40,,Aggregated,0.600000,0.000000,101000,106000,108000,109000,112000,113000,114000,115000,115000,115000,115000,250,0,101000,94196.74803842402,10445.520598001167,114989.97658600274,20227.064
1790300556,40,,Aggregated,0.600000,0.000000,101000,106000,108000,109000,112000,113000,114000,115000,115000,115000,115000,250,0,101000,94196.74803842402,10445.520598001167,114989.97658600274,20227.064
1790300557,40,,Aggregated,0.600000,0.000000,101000,106000,108000,109000,112000,113000,114000,115000,115000,115000,115000,250,0,101000,94196.74803842402,10445.520598001167,114989.97658600274,20227.064
1790300558,40,,Aggregated,0.600000,0.000000,101000,106000,108000,109000,112000,113000,114000,115000,115000,115000,115000,250,0,101000,94196.74803842402,10445.520598001167,114989.97658600274,20227.064
1790300559,40,,Aggregated,0.600000,0.000000,101000,106000,108000,109000,112000,113000,114000,115000,115000,115000,115000,250,0,101000,94196.74803842402,10445.520598001167,114989.97658600274,20227.064
1790300560,40,,Aggregated,0.600000,0.000000,101000,106000,108000,109000,112000,113000,114000,115000,115000,115000,115000,250,0,101000,94196.74803842402,10445.520598001167,114989.97658600274,20227.064
1790300561,40,,Aggregated,0.100000,0.000000,101000,106000,108000,109000,112000,113000,114000,115000,115000,115000,115000,251,0,101000,94187.48669043426,10445.520598001167,114989.97658600274,20226.9203187251
1790300562,40,,Aggregated,0.100000,0.000000,101000,106000,108000,109000,112000,113000,114000,115000,115000,115000,115000,252,0,101000,94209.11721427777,10445.520598001167,114989.97658600274,20238.988095238095
1790300563,40,,Aggregated,0.100000,0.000000,101000,106000,108000,109000,112000,113000,114000,115000,115000,115000,115000,253,0,101000,94272.50131256127,10445.520598001167,114989.97658600274,20254.1581027668
1790300564,40,,Aggregated,0.100000,0.000000,101000,106000,108000,109000,112000,113000,114000,115000,115000,115000,115000,253,0,101000,94272.50131256127,10445.520598001167,114989.97658600274,20254.1581027668
1790300565,40,,Aggregated,0.300000,0.000000,101000,106000,108000,109000,112000,113000,114000,115000,115000,115000,115000,254,0,101000,94299.36528172837,10445.520598001167,114989.97658600274,20248.283464566928
1790300566,40,,Aggregated,0.300000,0.000000,101000,106000,108000,109000,112000,113000,114000,115000,115000,115000,115000,254,0,101000,94299.36528172837,10445.520598001167,114989.97658600274,20248.283464566928
1790300567,40,,Aggregated,0.300000,0.000000,101000,106000,108000,109000,112000,113000,114000,115000,115000,115000,115000,255,0,101000,94275.54983535297,10445.520598001167,114989.97658600274,20246.282352941176
1790300568,40,,Aggregated,0.300000,0.000000,101000,106000,108000,109000,112000,113000,114000,115000,115000,115000,115000,255,0,101000,94275.54983535297,10445.520598001167,114989.97658600274,20246.282352941176
1790300569,40,,Aggregated,0.300000,0.000000,101000,106000,108000,109000,112000,113000,114000,115000,115000,115000,115000,255,0,101000,94275.54983535297,10445.520598001167,114989.97658600274,20246.282352941176
1790300570,40,,Aggregated,0.500000,0.000000,101000,105000,108000,109000,112000,113000,114000,115000,115000,115000,115000,256,0,101000,94281.82444001174,10445.520598001167,114989.97658600274,20257.60546875
1790300571,40,,Aggregated,0.500000,0.000000,101000,105000,108000,109000,112000,113000,114000,115000,115000,115000,115000,256,0,101000,94281.82444001174,10445.520598001167,114989.97658600274,20257.60546875
1790300572,40,,Aggregated,0.500000,0.000000,101000,105000,108000,109000,112000,113000,114000,115000,115000,115000,115000,256,0,101000,94281.82444001174,10445.520598001167,114989.97658600274,20257.60546875
1790300573,40,,Aggregated,0.600000,0.000000,101000,106000,108000,109000,112000,113000,114000,115000,115000,115000,115000,257,0,101000,94356.36859657199,10445.520598001167,114989.97658600274,20275.494163424126
1790300574,40,,Aggregated,0.600000,0.000000,101000,106000,108000,109000,112000,113000,114000,115000,115000,115000,115000,257,0,101000,94356.36859657199,10445.520598001167,114989.97658600274,20275.494163424126
1790300575,40,,Aggregated,0.600000,0.000000,101000,106000,108000,109000,112000,113000,114000,115000,115000,115000,115000,257,0,101000,94356.36859657199,10445.520598001167,114989.97658600274,20275.494163424126
1790300576,40,,Aggregated,0.600000,0.000000,101000,106000,108000,109000,112000,113000,114000,115000,115000,115000,115000,257,0,101000,94356.36859657199,10445.520598001167,114989.97658600274,20275.494163424126
1790300577,40,,Aggregated,0.600000,0.000000,101000,106000,108000,109000,112000,113000,114000,115000,115000,115000,115000,257,0,101000,94356.36859657199,10445.520598001167,114989.97658600274,20275.494163424126
1790300578,40,,Aggregated,0.600000,0.000000,101000,106000,108000,109000,112000,113000,114000,115000,115000,115000,115000,257,0,101000,94356.36859657199,10445.520598001167,114989.97658600274,20275.494163424126
1790300579,40,,Aggregated,0.300000,0.000000,101000,105000,108000,109000,112000,113000,114000,115000,115000,115000,115000,259,0,101000,94346.44722133591,10445.520598001167,114989.97658600274,20265.451737451738
1790300580,40,,Aggregated,0.300000,0.000000,101000,105000,108000,109000,112000,113000,114000,115000,115000,115000,115000,259,0,101000,94346.44722133591,10445.520598001167,114989.97658600274,20265.451737451738
1790300581,40,,Aggregated,0.300000,0.000000,101000,105000,108000,109000,112000,113000,114000,115000,115000,115000,115000,259,0,101000,94346.44722133591,10445.520598001167,114989.97658600274,20265.451737451738
1790300582,40,,Aggregated,0.300000,0.000000,101000,105000,108000,109000,112000,113000,114000,115000,115000,115000,115000,259,0,101000,94346.44722133591,10445.520598001167,114989.97658600274,20265.451737451738
1790300583,40,,Aggregated,0.300000,0.000000,101000,106000,108000,109000,112000,113000,114000,115000,115000,115000,115000,260,0,101000,94424.61687824618,10445.520598001167,114989.97658600274,20270.076923076922
1790300584,40,,Aggregated,0.300000,0.000000,101000,106000,108000,109000,112000,113000,114000,115000,115000,115000,115000,260,0,101000,94424.61687824618,10445.520598001167,114989.97658600274,20270.076923076922
1790300585,40,,Aggregated,0.300000,0.000000,101000,106000,108000,109000,112000,113000,114000,115000,115000,115000,115000,260,0,101000,94424.61687824618,10445.520598001167,114989.97658600274,20270.076923076922
1790300586,40,,Aggregated,0.300000,0.000000,101000,106000,108000,109000,112000,113000,114000,115000,115000,115000,115000,260,0,101000,94424.61687824618,10445.520598001167,114989.97658600274,20270.076923076922
1790300587,40,,Aggregated,0.300000,0.000000,101000,106000,108000,109000,112000,113000,114000,115000,115000,115000,115000,261,0,101000,94474.40716687359,10445.520598001167,114989.97658600274,20272.835249042146
1790300588,40,,Aggregated,0.300000,0.000000,101000,106000,108000,109000,112000,113000,114000,115000,115000,115000,115000,261,0,101000,94474.40716687359,10445.520598001167,114989.97658600274,20272.835249042146
1790300589,40,,Aggregated,0.400000,0.000000,101000,106000,108000,109000,112000,113000,114000,115000,115000,115000,115000,262,0,101000,94508.23821027101,10445.520598001167,114989.97658600274,20280.381679389313
1790300590,40,,Aggregated,0.400000,0.000000,101000,106000,108000,109000,112000,113000,114000,115000,115000,115000,115000,262,0,101000,94508.23821027101,10445.520598001167,114989.97658600274,20280.381679389313
1790300591,40,,Aggregated,0.400000,0.000000,101000,106000,108000,109000,112000,113000,114000,115000,115000,115000,115000,262,0,101000,94508.23821027101,10445.520598001167,114989.97658600274,20280.381679389313
1790300592,40,,Aggregated,0.300000,0.000000,101000,106000,108000,109000,112000,113000,114000,115000,115000,115000,115000,264,0,101000,94365.66199267046,10445.520598001167,114989.97658600274,20256.734848484848
1790300593,40,,Aggregated,0.300000,0.000000,101000,106000,108000,109000,112000,113000,114000,115000,115000,115000,115000,264,0,101000,94365.66199267046,10445.520598001167,114989.97658600274,20256.734848484848
1790300594,40,,Aggregated,0.300000,0.000000,101000,106000,108000,109000,112000,113000,114000,115000,115000,115000,115000,265,0,101000,94421.17332815095,10445.520598001167,114989.97658600274,20266.445283018867
1790300595,40,,Aggregated,0.500000,0.000000,101000,106000,108000,109000,112000,113000,114000,115000,115000,115000,115000,266,0,101000,94433.04807044737,10445.520598001167,114989.97658600274,20270.203007518798
1790300596,40,,Aggregated,0.500000,0.000000,101000,106000,108000,109000,112000,113000,114000,115000,115000,115000,115000,266,0,101000,94433.04807044737,10445.520598001167,114989.97658600274,20270.203007518798
1790300597,40,,Aggregated,0.500000,0.000000,101000,106000,108000,109000,112000,113000,114000,115000,115000,115000,115000,266,0,101000,94433.04807044737,10445.520598001167,114989.97658600274,20270.203007518798
1790300598,40,,Aggregated,0.500000,0.000000,101000,106000,108000,109000,112000,113000,114000,115000,115000,115000,115000,266,0,101000,94433.04807044737,10445.520598001167,114989.97658600274,20270.203007518798
1790300599,40,,Aggregated,0.500000,0.000000,101000,106000,108000,109000,112000,113000,114000,115000,115000,115000,115000,267,0,101000,94436.53596773035,10445.520598001167,114989.97658600274,20274.50936329588
1790300600,40,,Aggregated,0.500000,0.000000,101000,106000,108000,109000,112000,113000,114000,115000,115000,115000,115000,267,0,101000,94436.53596773035,10445.520598001167,114989.97658600274,20274.50936329588
1790300601,40,,Aggregated,0.500000,0.000000,101000,106000,108000,109000,112000,113000,114000,115000,115000,115000,115000,267,0,101000,94436.53596773035,10445.520598001167,114989.97658600274,20274.50936329588
1790300602,40,,Aggregated,0.500000,0.000000,101000,106000,108000,109000,112000,113000,114000,115000,115000,115000,115000,267,0,101000,94436.53596773035,10445.520598001167,114989.97658600274,20274.50936329588
1790300603,40,,Aggregated,0.500000,0.000000,101000,105000,108000,109000,112000,113000,114000,115000,115000,115000,115000,268,0,101000,94471.81554203734,10445.520598001167,114989.97658600274,20283.391791044774
1790300604,40,,Aggregated,0.500000,0.000000,101000,105000,108000,109000,112000,113000,114000,115000,115000,115000,115000,268,0,101000,94471.81554203734,10445.520598001167,114989.97658600274,20283.391791044774
1790300605,40,,Aggregated,0.500000,0.000000,101000,105000,108000,109000,112000,113000,114000,115000,115000,115000,115000,268,0,101000,94471.81554203734,10445.520598001167,114989.97658600274,20283.391791044774
1790300606,40,,Aggregated,0.500000,0.000000,101000,105000,108000,109000,112000,113000,114000,115000,115000,115000,115000,268,0,101000,94471.81554203734,10445.520598001167,114989.97658600274,20283.391791044774
1790300607,40,,Aggregated,0.500000,0.000000,101000,105000,108000,109000,112000,113000,114000,115000,115000,115000,115000,268,0,101000,94471.81554203734,10445.520598001167,114989.97658600274,20283.391791044774
1790300608,40,,Aggregated,0.500000,0.000000,101000,105000,108000,109000,112000,113000,114000,115000,115000,115000,115000,268,0,101000,94471.81554203734,10445.520598001167,114989.97658600274,20283.391791044774
1790300609,40,,Aggregated,0.500000,0.000000,101000,105000,108000,109000,112000,113000,114000,115000,115000,115000,115000,268,0,101000,94471.81554203734,10445.520598001167,114989.97658600274,20283.391791044774
1790300610,40,,Aggregated,0.200000,0.000000,101000,105000,108000,109000,112000,113000,114000,115000,115000,115000,115000,269,0,101000,94342.26041034947,10445.520598001167,114989.97658600274,20260.520446096656
1790300611,40,,Aggregated,0.200000,0.000000,101000,105000,108000,109000,112000,113000,114000,115000,115000,115000,115000,269,0,101000,94342.26041034947,10445.520598001167,114989.97658600274,20260.520446096656
1790300612,40,,Aggregated,0.200000,0.000000,101000,105000,108000,109000,112000,113000,114000,115000,115000,115000,115000,269,0,101000,94342.26041034947,10445.520598001167,114989.97658600274,20260.520446096656
1790300613,40,,Aggregated,0.200000,0.000000,101000,105000,108000,109000,112000,113000,114000,115000,115000,115000,115000,269,0,101000,94342.26041034947,10445.520598001167,114989.97658600274,20260.520446096656
1790300614,40,,Aggregated,0.200000,0.000000,101000,105000,108000,109000,112000,113000,114000,115000,115000,115000,115000,269,0,101000,94342.26041034947,10445.520598001167,114989.97658600274,20260.520446096656
1790300615,40,,Aggregated,0.100000,0.000000,101000,105000,108000,109000,112000,113000,114000,115000,115000,115000,115000,270,0,101000,94361.22275204076,10445.520598001167,114989.97658600274,20271.892592592594
1790300616,40,,Aggregated,0.100000,0.000000,101000,105000,108000,109000,112000,113000,114000,115000,115000,115000,115000,270,0,101000,94361.22275204076,10445.520598001167,114989.97658600274,20271.892592592594
1790300617,40,,Aggregated,0.100000,0.000000,101000,105000,108000,109000,112000,113000,114000,115000,115000,115000,115000,270,0,101000,94361.22275204076,10445.520598001167,114989.97658600274,20271.892592592594
1790300618,40,,Aggregated,0.100000,0.000000,101000,105000,108000,109000,112000,113000,114000,115000,115000,115000,115000,270,0,101000,94361.22275204076,10445.520598001167,114989.97658600274,20271.892592592594
1790300619,40,,Aggregated,0.200000,0.000000,101000,105000,108000,109000,112000,113000,114000,115000,115000,115000,115000,271,0,101000,94379.1026488229,10445.520598001167,114989.97658600274,20275.11808118081
1790300620,40,,Aggregated,0.200000,0.000000,101000,105000,108000,109000,112000,113000,114000,115000,115000,115000,115000,272,0,101000,94381.66503591546,10445.520598001167,114989.97658600274,20262.897058823528
1790300621,40,,Aggregated,0.200000,0.000000,101000,105000,108000,109000,112000,113000,114000,115000,115000,115000,115000,273,0,101000,94251.68652156778,10445.520598001167,114989.97658600274,20238.34432234432
1790300622,40,,Aggregated,0.200000,0.000000,101000,105000,108000,109000,112000,113000,114000,115000,115000,115000,115000,273,0,101000,94251.68652156778,10445.520598001167,114989.97658600274,20238.34432234432
1790300623,40,,Aggregated,0.200000,0.000000,101000,105000,108000,109000,112000,113000,114000,115000,115000,115000,115000,273,0,101000,94251.68652156778,10445.520598001167,114989.97658600274,20238.34432234432
1790300624,40,,Aggregated,0.400000,0.000000,101000,105000,108000,109000,112000,113000,114000,115000,115000,115000,115000,274,0,101000,94264.3296371022,10445.520598001167,114989.97658600274,20238.872262773722
1790300625,40,,Aggregated,0.400000,0.000000,101000,105000,108000,109000,112000,113000,114000,115000,115000,115000,115000,274,0,101000,94264.3296371022,10445.520598001167,114989.97658600274,20238.872262773722
1790300626,40,,Aggregated,0.400000,0.000000,101000,105000,108000,109000,112000,113000,114000,115000,115000,115000,115000,274,0,101000,94264.3296371022,10445.520598001167,114989.97658600274,20238.872262773722
1790300627,40,,Aggregated,0.400000,0.000000,101000,105000,108000,109000,112000,113000,114000,115000,115000,115000,115000,274,0,101000,94264.3296371022,10445.520598001167,114989.97658600274,20238.872262773722
1790300628,40,,Aggregated,0.400000,0.000000,101000,105000,108000,109000,112000,113000,114000,115000,115000,115000,115000,274,0,101000,94264.3296371022,10445.520598001167,114989.97658600274,20238.872262773722
1790300629,40,,Aggregated,0.400000,0.000000,101000,105000,108000,109000,112000,113000,114000,115000,115000,115000,115000,275,0,101000,94287.12742049091,10445.520598001167,114989.97658600274,20240.06909090909
1790300630,40,,Aggregated,0.400000,0.000000,101000,105000,108000,109000,112000,113000,114000,115000,115000,115000,115000,275,0,101000,94287.12742049091,10445.520598001167,114989.97658600274,20240.06909090909
1790300631,40,,Aggregated,0.400000,0.000000,101000,105000,107000,109000,112000,113000,114000,115000,115000,115000,115000,277,0,101000,94111.57089725632,10445.520598001167,114989.97658600274,20207.472924187725
