Timestamp,User Count,Type,Name,Requests/s,Failures/s,50%,66%,75%,80%,90%,95%,98%,99%,99.9%,99.99%,100%,Total Request Count,Total Failure Count,Total Median Response Time,Total Average Response Time,Total Min Response Time,Total Max Response Time,Total Average Content Size
1790298049,0,,Aggregated,0.000000,0.000000,N/A,N/A,N/A,N/A,N/A,N/A,N/A,N/A,N/A,N/A,N/A,0,0,0,0.0,0,0,0
1790298050,20,,Aggregated,0.000000,0.000000,N/A,N/A,N/A,N/A,N/A,N/A,N/A,N/A,N/A,N/A,N/A,0,0,0,0.0,0,0,0
1790298051,40,,Aggregated,0.000000,0.000000,N/A,N/A,N/A,N/A,N/A,N/A,N/A,N/A,N/A,N/A,N/A,0,0,0,0.0,0,0,0
1790298052,40,,Aggregated,0.000000,0.000000,N/A,N/A,N/A,N/A,N/A,N/A,N/A,N/A,N/A,N/A,N/A,0,0,0,0.0,0,0,0
1790298053,40,,Aggregated,0.000000,0.000000,N/A,N/A,N/A,N/A,N/A,N/A,N/A,N/A,N/A,N/A,N/A,0,0,0,0.0,0,0,0
1790298054,40,,Aggregated,0.000000,0.000000,N/A,N/A,N/A,N/A,N/A,N/A,N/A,N/A,N/A,N/A,N/A,0,0,0,0.0,0,0,0
1790298055,40,,Aggregated,0.000000,0.000000,N/A,N/A,N/A,N/A,N/A,N/A,N/A,N/A,N/A,N/A,N/A,0,0,0,0.0,0,0,0
1790298056,40,,Aggregated,0.000000,0.000000,N/A,N/A,N/A,N/A,N/A,N/A,N/A,N/A,N/A,N/A,N/A,0,0,0,0.0,0,0,0
1790298057,40,,Aggregated,0.000000,0.000000,N/A,N/A,N/A,N/A,N/A,N/A,N/A,N/A,N/A,N/A,N/A,0,0,0,0.0,0,0,0
1790298058,40,,Aggregated,0.000000,0.000000,N/A,N/A,N/A,N/A,N/A,N/A,N/A,N/A,N/A,N/A,N/A,0,0,0,0.0,0,0,0
1790298059,40,,Aggregated,0.000000,0.000000,9600,9600,9600,9600,9600,9600,9600,9600,9600,9600,9600,1,0,9563.41282699941,9563.41282699941,9563.41282699941,9563.41282699941,3114.0
1790298060,40,,Aggregated,0.000000,0.000000,9600,9600,9600,9600,9600,9600,9600,9600,9600,9600,9600,1,0,9563.41282699941,9563.41282699941,9563.41282699941,9563.41282699941,3114.0
1790298061,40,,Aggregated,0.000000,0.000000,9600,9600,9600,9600,9600,9600,9600,9600,9600,9600,9600,1,0,9563.41282699941,9563.41282699941,9563.41282699941,9563.41282699941,3114.0
1790298062,40,,Aggregated,0.000000,0.000000,9600,9600,9600,9600,9600,9600,9600,9600,9600,9600,9600,1,0,9563.41282699941,9563.41282699941,9563.41282699941,9563.41282699941,3114.0
1790298063,40,,Aggregated,0.000000,0.000000,9600,9600,9600,9600,9600,9600,9600,9600,9600,9600,9600,1,0,9563.41282699941,9563.41282699941,9563.41282699941,9563.41282699941,3114.0
1790298064,40,,Aggregated,0.000000,0.000000,9600,9600,9600,9600,9600,9600,9600,9600,9600,9600,9600,1,0,9563.41282699941,9563.41282699941,9563.41282699941,9563.41282699941,3114.0
1790298065,40,,Aggregated,0.000000,0.000000,9600,9600,9600,9600,9600,9600,9600,9600,9600,9600,9600,1,0,9563.41282699941,9563.41282699941,9563.41282699941,9563.41282699941,3114.0
1790298066,40,,Aggregated,0.000000,0.000000,9600,9600,9600,9600,9600,9600,9600,9600,9600,9600,9600,1,0,9563.41282699941,9563.41282699941,9563.41282699941,9563.41282699941,3114.0
1790298067,40,,Aggregated,0.000000,0.000000,9600,9600,9600,9600,9600,9600,9600,9600,9600,9600,9600,1,0,9563.41282699941,9563.41282699941,9563.41282699941,9563.41282699941,3114.0
1790298068,40,,Aggregated,0.000000,0.000000,9600,9600,9600,9600,9600,9600,9600,9600,9600,9600,9600,1,0,9563.41282699941,9563.41282699941,9563.41282699941,9563.41282699941,3114.0
1790298069,40,,Aggregated,0.000000,0.000000,9600,9600,9600,9600,9600,9600,9600,9600,9600,9600,9600,1,0,9563.41282699941,9563.41282699941,9563.41282699941,9563.41282699941,3114.0
1790298070,40,,Aggregated,0.000000,0.000000,9600,9600,9600,9600,9600,9600,9600,9600,9600,9600,9600,1,0,9563.41282699941,9563.41282699941,9563.41282699941,9563.41282699941,3114.0
1790298071,40,,Aggregated,0.000000,0.000000,9600,9600,9600,9600,9600,9600,9600,9600,9600,9600,9600,1,0,9563.41282699941,9563.41282699941,9563.41282699941,9563.41282699941,3114.0
1790298072,40,,Aggregated,0.000000,0.000000,9600,9600,9600,9600,9600,9600,9600,9600,9600,9600,9600,1,0,9563.41282699941,9563.41282699941,9563.41282699941,9563.41282699941,3114.0
1790298073,40,,Aggregated,0.000000,0.000000,23000,23000,23000,23000,23000,23000,23000,23000,23000,23000,23000,2,0,22918.79517000052,16241.103998499966,9563.41282699941,22918.79517000052,4776.5
1790298074,40,,Aggregated,0.000000,0.000000,23000,23000,23000,23000,23000,23000,23000,23000,23000,23000,23000,2,0,22918.79517000052,16241.103998499966,9563.41282699941,22918.79517000052,4776.5
1790298075,40,,Aggregated,0.000000,0.000000,23000,23000,23000,23000,23000,23000,23000,23000,23000,23000,23000,2,0,22918.79517000052,16241.103998499966,9563.41282699941,22918.79517000052,4776.5
1790298076,40,,Aggregated,0.000000,0.000000,23000,23000,23000,23000,23000,23000,23000,23000,23000,23000,23000,2,0,22918.79517000052,16241.103998499966,9563.41282699941,22918.79517000052,4776.5
1790298077,40,,Aggregated,0.000000,0.000000,23000,23000,23000,23000,23000,23000,23000,23000,23000,23000,23000,2,0,22918.79517000052,16241.103998499966,9563.41282699941,22918.79517000052,4776.5
1790298078,40,,Aggregated,0.000000,0.000000,23000,23000,23000,23000,23000,23000,23000,23000,23000,23000,23000,2,0,22918.79517000052,16241.103998499966,9563.41282699941,22918.79517000052,4776.5
1790298079,40,,Aggregated,0.000000,0.000000,23000,23000,23000,23000,23000,23000,23000,23000,23000,23000,23000,2,0,22918.79517000052,16241.103998499966,9563.41282699941,22918.79517000052,4776.5
1790298080,40,,Aggregated,0.000000,0.000000,23000,23000,23000,23000,23000,23000,23000,23000,23000,23000,23000,2,0,22918.79517000052,16241.103998499966,9563.41282699941,22918.79517000052,4776.5
1790298081,40,,Aggregated,0.000000,0.000000,23000,23000,23000,23000,23000,23000,23000,23000,23000,23000,23000,2,0,22918.79517000052,16241.103998499966,9563.41282699941,22918.79517000052,4776.5
1790298082,40,,Aggregated,0.000000,0.000000,23000,23000,23000,23000,23000,23000,23000,23000,23000,23000,23000,2,0,22918.79517000052,16241.103998499966,9563.41282699941,22918.79517000052,4776.5
1790298083,40,,Aggregated,0.000000,0.000000,23000,23000,23000,23000,23000,23000,23000,23000,23000,23000,23000,2,0,22918.79517000052,16241.103998499966,9563.41282699941,22918.79517000052,4776.5
1790298084,40,,Aggregated,0.000000,0.000000,23000,23000,23000,23000,23000,23000,23000,23000,23000,23000,23000,2,0,22918.79517000052,16241.103998499966,9563.41282699941,22918.79517000052,4776.5
1790298085,40,,Aggregated,0.000000,0.000000,23000,23000,23000,23000,23000,23000,23000,23000,23000,23000,23000,2,0,22918.79517000052,16241.103998499966,9563.41282699941,22918.79517000052,4776.5
1790298086,40,,Aggregated,0.000000,0.000000,23000,23000,23000,23000,23000,23000,23000,23000,23000,23000,23000,2,0,22918.79517000052,16241.103998499966,9563.41282699941,22918.79517000052,4776.5
1790298087,40,,Aggregated,0.000000,0.000000,23000,23000,23000,23000,23000,23000,23000,23000,23000,23000,23000,2,0,22918.79517000052,16241.103998499966,9563.41282699941,22918.79517000052,4776.5
1790298088,40,,Aggregated,0.000000,0.000000,23000,23000,23000,23000,23000,23000,23000,23000,23000,23000,23000,2,0,22918.79517000052,16241.103998499966,9563.41282699941,22918.79517000052,4776.5
1790298089,40,,Aggregated,0.000000,0.000000,23000,23000,23000,23000,23000,23000,23000,23000,23000,23000,23000,2,0,22918.79517000052,16241.103998499966,9563.41282699941,22918.79517000052,4776.5
1790298090,40,,Aggregated,0.000000,0.000000,23000,23000,23000,23000,23000,23000,23000,23000,23000,23000,23000,2,0,22918.79517000052,16241.103998499966,9563.41282699941,22918.79517000052,4776.5
1790298091,40,,Aggregated,0.000000,0.000000,23000,23000,23000,23000,23000,23000,23000,23000,23000,23000,23000,2,0,22918.79517000052,16241.103998499966,9563.41282699941,22918.79517000052,4776.5
1790298092,40,,Aggregated,0.000000,0.000000,23000,23000,23000,23000,23000,23000,23000,23000,23000,23000,23000,2,0,22918.79517000052,16241.103998499966,9563.41282699941,22918.79517000052,4776.5
1790298093,40,,Aggregated,0.000000,0.000000,23000,23000,23000,23000,23000,23000,23000,23000,23000,23000,23000,2,0,22918.79517000052,16241.103998499966,9563.41282699941,22918.79517000052,4776.5
1790298095,40,,Aggregated,0.000000,0.000000,23000,23000,23000,23000,23000,23000,23000,23000,23000,23000,23000,2,0,22918.79517000052,16241.103998499966,9563.41282699941,22918.79517000052,4776.5
1790298096,40,,Aggregated,0.000000,0.000000,23000,23000,23000,23000,23000,23000,23000,23000,23000,23000,23000,2,0,22918.79517000052,16241.103998499966,9563.41282699941,22918.79517000052,4776.5
1790298097,40,,Aggregated,0.000000,0.000000,23000,23000,23000,23000,23000,23000,23000,23000,23000,23000,23000,2,0,22918.79517000052,16241.103998499966,9563.41282699941,22918.79517000052,4776.5
1790298098,40,,Aggregated,0.000000,0.000000,23000,23000,23000,23000,23000,23000,23000,23000,23000,23000,23000,2,0,22918.79517000052,16241.103998499966,9563.41282699941,22918.79517000052,4776.5
1790298099,40,,Aggregated,0.000000,0.000000,23000,23000,23000,23000,23000,23000,23000,23000,23000,23000,23000,2,0,22918.79517000052,16241.103998499966,9563.41282699941,22918.79517000052,4776.5
1790298100,40,,Aggregated,0.000000,0.000000,23000,23000,23000,23000,23000,23000,23000,23000,23000,23000,23000,2,0,22918.79517000052,16241.103998499966,9563.41282699941,22918.79517000052,4776.5
1790298101,40,,Aggregated,0.000000,0.000000,23000,23000,23000,23000,23000,23000,23000,23000,23000,23000,23000,2,0,22918.79517000052,16241.103998499966,9563.41282699941,22918.79517000052,4776.5
1790298102,40,,Aggregated,0.000000,0.000000,23000,23000,23000,23000,23000,23000,23000,23000,23000,23000,23000,2,0,22918.79517000052,16241.103998499966,9563.41282699941,22918.79517000052,4776.5
1790298103,40,,Aggregated,0.000000,0.000000,23000,23000,23000,23000,23000,23000,23000,23000,23000,23000,23000,2,0,22918.79517000052,16241.103998499966,9563.41282699941,22918.79517000052,4776.5
1790298104,40,,Aggregated,0.000000,0.000000,23000,23000,23000,23000,23000,23000,23000,23000,23000,23000,23000,2,0,22918.79517000052,16241.103998499966,9563.41282699941,22918.79517000052,4776.5
1790298105,40,,Aggregated,0.000000,0.000000,54000,54000,55000,55000,55000,55000,55000,55000,55000,55000,55000,4,0,54000,35390.70546924995,9563.41282699941,54835.45092900022,8947.0
1790298106,40,,Aggregated,0.000000,0.000000,55000,55000,55000,55000,55000,55000,55000,55000,55000,55000,55000,9,0,55000,46238.44786811121,9563.41282699941,55447.171755000454,10680.0
1790298107,40,,Aggregated,0.000000,0.000000,55000,55000,55000,55000,55000,55000,55000,55000,55000,55000,55000,9,0,55000,46238.44786811121,9563.41282699941,55447.171755000454,10680.0
1790298108,40,,Aggregated,0.200000,0.000000,55000,55000,55000,55000,57000,57000,57000,57000,57000,57000,57000,10,0,55000,47266.452661199946,9563.41282699941,56518.49579899863,10969.9
1790298109,40,,Aggregated,0.700000,0.000000,55000,55000,57000,58000,59000,59000,59000,59000,59000,59000,59000,13,0,55000,49864.473401308016,9563.41282699941,59109.96143599914,11598.384615384615
1790298110,40,,Aggregated,0.800000,0.000000,57000,59000,59000,59000,60000,60000,60000,60000,60000,60000,60000,18,0,57000,52519.97795800041,9563.41282699941,60184.95384600101,12366.888888888889
1790298111,40,,Aggregated,0.800000,0.000000,59000,59000,60000,60000,60000,60000,61000,61000,61000,61000,61000,23,0,59000,54202.15858504368,9563.41282699941,61103.32504899998,12626.608695652174
1790298112,40,,Aggregated,1.100000,0.000000,59000,60000,60000,60000,61000,62000,62000,62000,62000,62000,62000,27,0,59000,55290.86563737037,9563.41282699941,62098.1603729997,12867.592592592593
1790298113,40,,Aggregated,1.300000,0.000000,59000,60000,60000,61000,62000,62000,63000,63000,63000,63000,63000,28,0,59000,55552.91564950001,9563.41282699941,62628.26597700041,12932.142857142857
1790298114,40,,Aggregated,2.100000,0.000000,59000,60000,61000,61000,63000,63000,64000,64000,64000,64000,64000,30,0,59000,56073.240797733415,9563.41282699941,64066.873954001494,13026.233333333334
1790298115,40,,Aggregated,2.500000,0.000000,60000,61000,62000,63000,64000,65000,65000,65000,65000,65000,65000,35,0,60000,57251.41547877159,9563.41282699941,65026.79263800019,13226.6
1790298116,40,,Aggregated,2.600000,0.000000,60000,61000,63000,64000,65000,65000,66000,66000,66000,66000,66000,37,0,60000,57689.65492672982,9563.41282699941,65990.62210299962,13313.216216216217
1790298117,40,,Aggregated,2.800000,0.000000,60000,62000,64000,64000,65000,66000,66000,66000,66000,66000,66000,40,0,60000,58287.30497782507,9563.41282699941,65990.62210299962,13443.1
1790298118,40,,Aggregated,2.800000,0.000000,60000,62000,64000,64000,65000,66000,66000,66000,66000,66000,66000,40,0,60000,58287.30497782507,9563.41282699941,65990.62210299962,13443.1
1790298119,40,,Aggregated,2.800000,0.000000,60000,62000,64000,64000,65000,66000,66000,66000,66000,66000,66000,40,0,60000,58287.30497782507,9563.41282699941,65990.62210299962,13443.1
1790298120,40,,Aggregated,2.800000,0.000000,60000,62000,64000,64000,65000,66000,66000,66000,66000,66000,66000,40,0,60000,58287.30497782507,9563.41282699941,65990.62210299962,13443.1
1790298121,40,,Aggregated,2.800000,0.000000,60000,62000,64000,64000,65000,66000,66000,66000,66000,66000,66000,40,0,60000,58287.30497782507,9563.41282699941,65990.62210299962,13443.1
1790298122,40,,Aggregated,2.800000,0.000000,60000,62000,64000,64000,65000,66000,66000,66000,66000,66000,66000,40,0,60000,58287.30497782507,9563.41282699941,65990.62210299962,13443.1
1790298123,40,,Aggregated,2.800000,0.000000,60000,62000,64000,64000,65000,66000,66000,66000,66000,66000,66000,40,0,60000,58287.30497782507,9563.41282699941,65990.62210299962,13443.1
1790298124,40,,Aggregated,1.700000,0.000000,60000,63000,64000,64000,65000,66000,66000,66000,66000,66000,66000,41,0,60000,58394.58045160977,9563.41282699941,65990.62210299962,13469.829268292682
1790298125,40,,Aggregated,1.700000,0.000000,60000,63000,64000,64000,65000,66000,66000,66000,66000,66000,66000,41,0,60000,58394.58045160977,9563.41282699941,65990.62210299962,13469.829268292682
1790298126,40,,Aggregated,1.700000,0.000000,60000,63000,64000,64000,65000,66000,66000,66000,66000,66000,66000,41,0,60000,58394.58045160977,9563.41282699941,65990.62210299962,13469.829268292682
1790298127,40,,Aggregated,1.700000,0.000000,60000,63000,64000,64000,65000,66000,66000,66000,66000,66000,66000,41,0,60000,58394.58045160977,9563.41282699941,65990.62210299962,13469.829268292682
1790298128,40,,Aggregated,1.700000,0.000000,60000,63000,64000,64000,65000,66000,66000,66000,66000,66000,66000,41,0,60000,58394.58045160977,9563.41282699941,65990.62210299962,13469.829268292682
1790298129,40,,Aggregated,1.700000,0.000000,60000,63000,64000,64000,65000,66000,66000,66000,66000,66000,66000,41,0,60000,58394.58045160977,9563.41282699941,65990.62210299962,13469.829268292682
1790298130,40,,Aggregated,1.700000,0.000000,60000,63000,64000,64000,65000,66000,66000,66000,66000,66000,66000,41,0,60000,58394.58045160977,9563.41282699941,65990.62210299962,13469.829268292682
1790298131,40,,Aggregated,1.700000,0.000000,60000,63000,64000,64000,65000,66000,66000,66000,66000,66000,66000,41,0,60000,58394.58045160977,9563.41282699941,65990.62210299962,13469.829268292682
1790298132,40,,Aggregated,1.700000,0.000000,60000,63000,64000,64000,65000,66000,66000,66000,66000,66000,66000,41,0,60000,58394.58045160977,9563.41282699941,65990.62210299962,13469.829268292682
1790298133,40,,Aggregated,0.100000,0.000000,60000,62000,64000,64000,65000,66000,66000,66000,66000,66000,66000,42,0,60000,57357.10112152386,9563.41282699941,65990.62210299962,13262.02380952381
1790298134,40,,Aggregated,0.100000,0.000000,60000,62000,64000,64000,65000,66000,66000,66000,66000,66000,66000,42,0,60000,57357.10112152386,9563.41282699941,65990.62210299962,13262.02380952381
1790298135,40,,Aggregated,0.100000,0.000000,60000,62000,64000,64000,65000,66000,66000,66000,66000,66000,66000,43,0,60000,57405.7113812558,9563.41282699941,65990.62210299962,13257.860465116279
1790298136,40,,Aggregated,0.100000,0.000000,60000,62000,64000,64000,65000,66000,66000,66000,66000,66000,66000,43,0,60000,57405.7113812558,9563.41282699941,65990.62210299962,13257.860465116279
1790298137,40,,Aggregated,0.100000,0.000000,60000,62000,64000,64000,65000,66000,66000,66000,66000,66000,66000,43,0,60000,57405.7113812558,9563.41282699941,65990.62210299962,13257.860465116279
1790298138,40,,Aggregated,0.100000,0.000000,60000,62000,64000,64000,65000,66000,66000,66000,66000,66000,66000,43,0,60000,57405.7113812558,9563.41282699941,65990.62210299962,13257.860465116279
1790298139,40,,Aggregated,0.100000,0.000000,60000,62000,64000,64000,65000,66000,66000,66000,66000,66000,66000,43,0,60000,57405.7113812558,9563.41282699941,65990.62210299962,13257.860465116279
1790298140,40,,Aggregated,0.100000,0.000000,60000,62000,64000,64000,65000,66000,66000,66000,66000,66000,66000,43,0,60000,57405.7113812558,9563.41282699941,65990.62210299962,13257.860465116279
1790298141,40,,Aggregated,0.100000,0.000000,60000,62000,64000,64000,65000,66000,66000,66000,66000,66000,66000,43,0,60000,57405.7113812558,9563.41282699941,65990.62210299962,13257.860465116279
1790298142,40,,Aggregated,0.100000,0.000000,60000,62000,64000,64000,65000,66000,66000,66000,66000,66000,66000,43,0,60000,57405.7113812558,9563.41282699941,65990.62210299962,13257.860465116279
1790298143,40,,Aggregated,0.200000,0.000000,60000,62000,64000,64000,65000,66000,66000,66000,66000,66000,66000,44,0,60000,56819.00517724997,9563.41282699941,65990.62210299962,13149.454545454546
1790298144,40,,Aggregated,0.200000,0.000000,60000,62000,64000,64000,65000,66000,66000,66000,66000,66000,66000,44,0,60000,56819.00517724997,9563.41282699941,65990.62210299962,13149.454545454546
1790298145,40,,Aggregated,0.200000,0.000000,60000,62000,64000,64000,65000,66000,66000,66000,66000,66000,66000,44,0,60000,56819.00517724997,9563.41282699941,65990.62210299962,13149.454545454546
1790298146,40,,Aggregated,0.200000,0.000000,60000,62000,64000,64000,65000,66000,66000,66000,66000,66000,66000,44,0,60000,56819.00517724997,9563.41282699941,65990.62210299962,13149.454545454546
1790298147,40,,Aggregated,0.200000,0.000000,60000,62000,64000,64000,65000,66000,66000,66000,66000,66000,66000,44,0,60000,56819.00517724997,9563.41282699941,65990.62210299962,13149.454545454546
1790298148,40,,Aggregated,0.200000,0.000000,60000,62000,64000,64000,65000,66000,66000,66000,66000,66000,66000,44,0,60000,56819.00517724997,9563.41282699941,65990.62210299962,13149.454545454546
1790298149,40,,Aggregated,0.200000,0.000000,60000,62000,64000,64000,65000,66000,66000,66000,66000,66000,66000,44,0,60000,56819.00517724997,9563.41282699941,65990.62210299962,13149.454545454546
1790298150,40,,Aggregated,0.200000,0.000000,60000,62000,64000,64000,65000,66000,66000,66000,66000,66000,66000,44,0,60000,56819.00517724997,9563.41282699941,65990.62210299962,13149.454545454546
1790298151,40,,Aggregated,0.100000,0.000000,60000,62000,63000,64000,65000,66000,66000,66000,66000,66000,66000,45,0,60000,56133.96584422225,9563.41282699941,65990.62210299962,12998.288888888888
1790298152,40,,Aggregated,0.100000,0.000000,60000,62000,63000,64000,65000,66000,66000,66000,66000,66000,66000,46,0,60000,55888.19022795652,9563.41282699941,65990.62210299962,12976.304347826086
1790298153,40,,Aggregated,0.100000,0.000000,60000,62000,63000,64000,65000,66000,66000,66000,66000,66000,66000,46,0,60000,55888.19022795652,9563.41282699941,65990.62210299962,12976.304347826086
1790298154,40,,Aggregated,0.100000,0.000000,60000,62000,63000,64000,65000,66000,66000,66000,66000,66000,66000,46,0,60000,55888.19022795652,9563.41282699941,65990.62210299962,12976.304347826086
1790298155,40,,Aggregated,0.100000,0.000000,60000,62000,63000,64000,65000,66000,66000,66000,66000,66000,66000,46,0,60000,55888.19022795652,9563.41282699941,65990.62210299962,12976.304347826086
1790298156,40,,Aggregated,0.100000,0.000000,60000,62000,63000,64000,65000,66000,66000,66000,66000,66000,66000,46,0,60000,55888.19022795652,9563.41282699941,65990.62210299962,12976.304347826086
1790298157,40,,Aggregated,0.100000,0.000000,60000,62000,63000,64000,65000,66000,66000,66000,66000,66000,66000,46,0,60000,55888.19022795652,9563.41282699941,65990.62210299962,12976.304347826086
1790298158,40,,Aggregated,0.100000,0.000000,60000,62000,63000,64000,65000,66000,66000,66000,66000,66000,66000,46,0,60000,55888.19022795652,9563.41282699941,65990.62210299962,12976.304347826086
1790298159,40,,Aggregated,0.100000,0.000000,60000,62000,63000,64000,65000,66000,66000,66000,66000,66000,66000,46,0,60000,55888.19022795652,9563.41282699941,65990.62210299962,12976.304347826086
1790298160,40,,Aggregated,0.100000,0.000000,60000,62000,63000,64000,65000,66000,66000,66000,66000,66000,66000,46,0,60000,55888.19022795652,9563.41282699941,65990.62210299962,12976.304347826086
1790298161,40,,Aggregated,0.100000,0.000000,60000,62000,63000,64000,65000,66000,66000,66000,66000,66000,66000,46,0,60000,55888.19022795652,9563.41282699941,65990.62210299962,12976.304347826086
1790298162,40,,Aggregated,0.100000,0.000000,60000,62000,63000,64000,65000,66000,66000,66000,66000,66000,66000,46,0,60000,55888.19022795652,9563.41282699941,65990.62210299962,12976.304347826086
1790298163,40,,Aggregated,0.200000,0.000000,60000,62000,63000,64000,65000,66000,66000,66000,66000,66000,66000,47,0,60000,55918.45695380858,9563.41282699941,65990.62210299962,12996.404255319148
1790298164,40,,Aggregated,0.200000,0.000000,60000,62000,63000,64000,65000,66000,66000,66000,66000,66000,66000,47,0,60000,55918.45695380858,9563.41282699941,65990.62210299962,12996.404255319148
1790298165,40,,Aggregated,0.100000,0.000000,60000,61000,63000,64000,65000,66000,66000,66000,66000,66000,66000,49,0,60000,55929.090538530705,9563.41282699941,65990.62210299962,13009.448979591836
1790298166,40,,Aggregated,0.100000,0.000000,59000,61000,63000,64000,65000,66000,66000,66000,66000,66000,66000,52,0,59000,55856.772595461654,9563.41282699941,65990.62210299962,13002.557692307691
1790298167,40,,Aggregated,0.200000,0.000000,59000,61000,63000,64000,65000,66000,66000,66000,66000,66000,66000,53,0,59000,55953.219909339736,9563.41282699941,65990.62210299962,13022.396226415094
1790298168,40,,Aggregated,0.300000,0.000000,59000,61000,62000,63000,65000,66000,66000,66000,66000,66000,66000,59,0,59000,56084.60492071191,9563.41282699941,65990.62210299962,13026.254237288136
1790298169,40,,Aggregated,0.600000,0.000000,59000,61000,62000,63000,65000,65000,66000,66000,66000,66000,66000,61,0,59000,56123.01163185247,9563.41282699941,65990.62210299962,13036.508196721312
1790298170,40,,Aggregated,0.600000,0.000000,59000,60000,62000,63000,65000,65000,66000,66000,66000,66000,66000,62,0,59000,56140.46116029031,9563.41282699941,65990.62210299962,13028.645161290322
1790298171,40,,Aggregated,0.900000,0.000000,59000,60000,62000,63000,65000,65000,66000,66000,66000,66000,66000,63,0,59000,56118.53676358728,9563.41282699941,65990.62210299962,13025.57142857143
1790298172,40,,Aggregated,1.600000,0.000000,59000,60000,61000,63000,65000,65000,66000,66000,66000,66000,66000,66,0,59000,56240.07723413632,9563.41282699941,65990.62210299962,13038.136363636364
1790298173,40,,Aggregated,1.700000,0.000000,59000,60000,62000,63000,65000,66000,66000,66000,66000,66000,66000,73,0,59000,56606.14855260276,9563.41282699941,65990.62210299962,13090.150684931506
1790298174,40,,Aggregated,1.800000,0.000000,59000,60000,62000,63000,65000,66000,66000,66000,66000,66000,66000,74,0,59000,56631.4299252838,9563.41282699941,65990.62210299962,13098.513513513513
1790298175,40,,Aggregated,1.800000,0.000000,59000,60000,62000,63000,65000,66000,66000,66000,66000,66000,66000,75,0,59000,56709.321691866666,9563.41282699941,65990.62210299962,13118.746666666666
1790298176,40,,Aggregated,1.800000,0.000000,59000,60000,62000,63000,65000,66000,66000,66000,66000,66000,66000,75,0,59000,56709.321691866666,9563.41282699941,65990.62210299962,13118.746666666666
1790298177,40,,Aggregated,2.700000,0.000000,59000,61000,62000,63000,65000,66000,66000,66000,66000,66000,66000,76,0,59000,56836.28854389474,9563.41282699941,66358.80244600048,13150.684210526315
1790298178,40,,Aggregated,2.600000,0.000000,59000,61000,62000,63000,65000,66000,66000,66000,66000,66000,66000,77,0,59000,56908.7316825714,9563.41282699941,66358.80244600048,13164.155844155845
1790298179,40,,Aggregated,2.300000,0.000000,59000,61000,62000,63000,65000,66000,66000,66000,66000,66000,66000,78,0,59000,56973.84332066667,9563.41282699941,66358.80244600048,13175.192307692309
1790298180,40,,Aggregated,2.300000,0.000000,59000,61000,62000,63000,65000,66000,66000,66000,66000,66000,66000,80,0,59000,57122.71790523748,9563.41282699941,66358.80244600048,13205.4125
1790298181,40,,Aggregated,1.800000,0.000000,59000,61000,62000,63000,65000,66000,66000,66000,66000,66000,66000,81,0,59000,57207.10415691358,9563.41282699941,66358.80244600048,13233.481481481482
1790298182,40,,Aggregated,1.800000,0.000000,59000,61000,62000,63000,65000,66000,66000,66000,66000,66000,66000,82,0,59000,56661.312329378045,9563.41282699941,66358.80244600048,13117.853658536585
1790298183,40,,Aggregated,1.800000,0.000000,59000,61000,62000,63000,65000,66000,66000,66000,66000,66000,66000,82,0,59000,56661.312329378045,9563.41282699941,66358.80244600048,13117.853658536585
1790298184,40,,Aggregated,1.800000,0.000000,59000,61000,62000,63000,65000,66000,66000,66000,66000,66000,66000,82,0,59000,56661.312329378045,9563.41282699941,66358.80244600048,13117.853658536585
1790298185,40,,Aggregated,1.800000,0.000000,59000,61000,62000,63000,65000,66000,66000,66000,66000,66000,66000,82,0,59000,56661.312329378045,9563.41282699941,66358.80244600048,13117.853658536585
1790298186,40,,Aggregated,1.800000,0.000000,59000,61000,62000,63000,65000,66000,66000,66000,66000,66000,66000,82,0,59000,56661.312329378045,9563.41282699941,66358.80244600048,13117.853658536585
1790298187,40,,Aggregated,1.800000,0.000000,59000,61000,62000,63000,65000,66000,66000,66000,66000,66000,66000,82,0,59000,56661.312329378045,9563.41282699941,66358.80244600048,13117.853658536585
1790298188,40,,Aggregated,1.800000,0.000000,59000,61000,62000,63000,65000,66000,66000,66000,66000,66000,66000,82,0,59000,56661.312329378045,9563.41282699941,66358.80244600048,13117.853658536585
1790298189,40,,Aggregated,1.800000,0.000000,59000,61000,62000,63000,65000,66000,66000,66000,66000,66000,66000,82,0,59000,56661.312329378045,9563.41282699941,66358.80244600048,13117.853658536585
1790298190,40,,Aggregated,1.800000,0.000000,59000,61000,62000,63000,65000,66000,66000,66000,66000,66000,66000,82,0,59000,56661.312329378045,9563.41282699941,66358.80244600048,13117.853658536585
1790298191,40,,Aggregated,1.800000,0.000000,59000,61000,62000,63000,65000,66000,66000,66000,66000,66000,66000,82,0,59000,56661.312329378045,9563.41282699941,66358.80244600048,13117.853658536585
1790298192,40,,Aggregated,1.800000,0.000000,59000,61000,62000,63000,65000,66000,66000,66000,66000,66000,66000,82,0,59000,56661.312329378045,9563.41282699941,66358.80244600048,13117.853658536585
1790298193,40,,Aggregated,1.800000,0.000000,59000,61000,62000,63000,65000,66000,66000,66000,66000,66000,66000,82,0,59000,56661.312329378045,9563.41282699941,66358.80244600048,13117.853658536585
1790298194,40,,Aggregated,1.800000,0.000000,59000,61000,62000,63000,65000,66000,66000,66000,66000,66000,66000,82,0,59000,56661.312329378045,9563.41282699941,66358.80244600048,13117.853658536585
1790298195,40,,Aggregated,1.800000,0.000000,59000,61000,62000,63000,65000,66000,66000,66000,66000,66000,66000,82,0,59000,56661.312329378045,9563.41282699941,66358.80244600048,13117.853658536585
1790298196,40,,Aggregated,1.800000,0.000000,59000,61000,62000,63000,65000,66000,66000,66000,66000,66000,66000,82,0,59000,56661.312329378045,9563.41282699941,66358.80244600048,13117.853658536585
1790298197,40,,Aggregated,0.000000,0.000000,59000,61000,62000,63000,65000,66000,66000,66000,66000,66000,66000,83,0,59000,56715.55257612049,9563.41282699941,66358.80244600048,13132.55421686747
1790298198,40,,Aggregated,0.000000,0.000000,59000,61000,62000,63000,65000,66000,66000,66000,66000,66000,66000,83,0,59000,56715.55257612049,9563.41282699941,66358.80244600048,13132.55421686747
1790298199,40,,Aggregated,0.000000,0.000000,59000,61000,62000,63000,65000,66000,66000,66000,66000,66000,66000,83,0,59000,56715.55257612049,9563.41282699941,66358.80244600048,13132.55421686747
1790298200,40,,Aggregated,0.100000,0.000000,59000,61000,62000,64000,65000,66000,66000,66000,66000,66000,66000,84,0,59000,56822.18662079765,9563.41282699941,66358.80244600048,13172.964285714286
1790298201,40,,Aggregated,0.100000,0.000000,59000,61000,62000,64000,65000,66000,66000,66000,66000,66000,66000,84,0,59000,56822.18662079765,9563.41282699941,66358.80244600048,13172.964285714286
1790298202,40,,Aggregated,0.100000,0.000000,59000,61000,62000,64000,65000,66000,66000,66000,66000,66000,66000,84,0,59000,56822.18662079765,9563.41282699941,66358.80244600048,13172.964285714286
1790298203,40,,Aggregated,0.100000,0.000000,59000,61000,62000,64000,65000,66000,66000,66000,66000,66000,66000,84,0,59000,56822.18662079765,9563.41282699941,66358.80244600048,13172.964285714286
1790298204,40,,Aggregated,0.200000,0.000000,59000,61000,62000,64000,65000,66000,66000,66000,66000,66000,66000,85,0,59000,56404.09506532944,9563.41282699941,66358.80244600048,13091.764705882353
1790298205,40,,Aggregated,0.200000,0.000000,59000,61000,62000,64000,65000,66000,66000,66000,66000,66000,66000,85,0,59000,56404.09506532944,9563.41282699941,66358.80244600048,13091.764705882353
1790298206,40,,Aggregated,0.200000,0.000000,59000,61000,62000,64000,65000,66000,66000,66000,66000,66000,66000,85,0,59000,56404.09506532944,9563.41282699941,66358.80244600048,13091.764705882353
1790298207,40,,Aggregated,0.200000,0.000000,59000,61000,62000,64000,65000,66000,66000,66000,66000,66000,66000,85,0,59000,56404.09506532944,9563.41282699941,66358.80244600048,13091.764705882353
1790298208,40,,Aggregated,0.300000,0.000000,59000,61000,62000,64000,65000,66000,66000,66000,66000,66000,66000,86,0,59000,56493.12190082561,9563.41282699941,66358.80244600048,13124.837209302326
1790298209,40,,Aggregated,0.300000,0.000000,59000,61000,62000,64000,65000,66000,66000,66000,66000,66000,66000,86,0,59000,56493.12190082561,9563.41282699941,66358.80244600048,13124.837209302326
1790298210,40,,Aggregated,0.300000,0.000000,59000,61000,62000,64000,65000,66000,66000,66000,66000,66000,66000,86,0,59000,56493.12190082561,9563.41282699941,66358.80244600048,13124.837209302326
1790298211,40,,Aggregated,0.300000,0.000000,59000,61000,62000,64000,65000,66000,66000,66000,66000,66000,66000,88,0,59000,56297.18899950001,9563.41282699941,66358.80244600048,13097.397727272728
1790298212,40,,Aggregated,0.300000,0.000000,59000,61000,62000,64000,65000,66000,66000,66000,66000,66000,66000,88,0,59000,56297.18899950001,9563.41282699941,66358.80244600048,13097.397727272728
1790298213,40,,Aggregated,0.300000,0.000000,59000,61000,62000,64000,65000,66000,66000,66000,66000,66000,66000,88,0,59000,56297.18899950001,9563.41282699941,66358.80244600048,13097.397727272728
1790298214,40,,Aggregated,0.300000,0.000000,59000,61000,62000,64000,65000,66000,66000,66000,66000,66000,66000,88,0,59000,56297.18899950001,9563.41282699941,66358.80244600048,13097.397727272728
1790298215,40,,Aggregated,0.300000,0.000000,59000,61000,62000,64000,65000,66000,66000,66000,66000,66000,66000,88,0,59000,56297.18899950001,9563.41282699941,66358.80244600048,13097.397727272728
1790298216,40,,Aggregated,0.400000,0.000000,59000,61000,62000,64000,65000,66000,66000,66000,66000,66000,66000,89,0,59000,56136.853882404495,9563.41282699941,66358.80244600048,13076.561797752809
1790298217,40,,Aggregated,0.400000,0.000000,59000,61000,62000,64000,65000,66000,66000,66000,66000,66000,66000,89,0,59000,56136.853882404495,9563.41282699941,66358.80244600048,13076.561797752809
1790298218,40,,Aggregated,0.300000,0.000000,59000,61000,62000,64000,65000,66000,66000,66000,66000,66000,66000,90,0,59000,56242.542916477774,9563.41282699941,66358.80244600048,13100.31111111111
1790298219,40,,Aggregated,0.300000,0.000000,59000,61000,62000,64000,65000,66000,66000,66000,66000,66000,66000,90,0,59000,56242.542916477774,9563.41282699941,66358.80244600048,13100.31111111111
1790298220,40,,Aggregated,0.300000,0.000000,59000,61000,62000,64000,65000,66000,66000,66000,66000,66000,66000,90,0,59000,56242.542916477774,9563.41282699941,66358.80244600048,13100.31111111111
1790298221,40,,Aggregated,0.400000,0.000000,59000,61000,62000,64000,65000,66000,66000,66000,66000,66000,66000,91,0,59000,56258.85290324177,9563.41282699941,66358.80244600048,13103.461538461539
1790298222,40,,Aggregated,0.400000,0.000000,59000,61000,62000,64000,65000,66000,66000,66000,66000,66000,66000,91,0,59000,56258.85290324177,9563.41282699941,66358.80244600048,13103.461538461539
1790298223,40,,Aggregated,0.400000,0.000000,59000,61000,62000,64000,65000,66000,66000,66000,66000,66000,66000,91,0,59000,56258.85290324177,9563.41282699941,66358.80244600048,13103.461538461539
1790298224,40,,Aggregated,0.300000,0.000000,59000,61000,62000,64000,65000,66000,66000,66000,66000,66000,66000,92,0,59000,56275.3779361413,9563.41282699941,66358.80244600048,13095.282608695652
1790298225,40,,Aggregated,0.300000,0.000000,59000,61000,62000,64000,65000,66000,66000,66000,66000,66000,66000,94,0,59000,56262.48202071274,9563.41282699941,66358.80244600048,13062.904255319148
1790298226,40,,Aggregated,0.300000,0.000000,59000,61000,62000,63000,65000,66000,66000,66000,66000,66000,66000,96,0,59000,56304.26104655204,9563.41282699941,66358.80244600048,13065.0
1790298227,40,,Aggregated,0.400000,0.000000,59000,61000,62000,63000,65000,66000,66000,66000,66000,66000,66000,97,0,59000,56321.371683185556,9563.41282699941,66358.80244600048,13064.98969072165
1790298228,40,,Aggregated,0.400000,0.000000,59000,61000,62000,63000,65000,66000,66000,66000,66000,66000,66000,97,0,59000,56321.371683185556,9563.41282699941,66358.80244600048,13064.98969072165
1790298229,40,,Aggregated,0.700000,0.000000,59000,61000,62000,63000,65000,66000,66000,66000,66000,66000,66000,100,0,59000,56372.74856282996,9563.41282699941,66358.80244600048,13062.95
1790298230,40,,Aggregated,0.700000,0.000000,59000,61000,62000,63000,65000,66000,66000,66000,66000,66000,66000,100,0,59000,56372.74856282996,9563.41282699941,66358.80244600048,13062.95
1790298232,40,,Aggregated,0.700000,0.000000,59000,61000,62000,63000,65000,66000,66000,66000,66000,66000,66000,101,0,59000,56451.04835677223,9563.41282699941,66358.80244600048,13074.247524752474
1790298233,40,,Aggregated,1.000000,0.000000,59000,61000,62000,63000,65000,66000,66000,66000,66000,66000,66000,106,0,59000,56539.18055945286,9563.41282699941,66358.80244600048,13091.056603773584
1790298234,40,,Aggregated,1.000000,0.000000,59000,61000,62000,64000,65000,66000,66000,66000,66000,66000,66000,109,0,59000,56718.88534153214,9563.41282699941,66358.80244600048,13124.467889908257
1790298235,40,,Aggregated,1.000000,0.000000,59000,61000,62000,64000,65000,66000,66000,66000,66000,66000,66000,110,0,59000,56794.92276630912,9563.41282699941,66358.80244600048,13145.627272727274
1790298236,40,,Aggregated,1.500000,0.000000,59000,61000,62000,64000,65000,66000,66000,66000,66000,66000,66000,113,0,59000,56884.328724265484,9563.41282699941,66358.80244600048,13161.867256637168
1790298237,40,,Aggregated,1.500000,0.000000,59000,61000,62000,64000,65000,66000,66000,66000,66000,66000,66000,113,0,59000,56884.328724265484,9563.41282699941,66358.80244600048,13161.867256637168
1790298238,40,,Aggregated,1.900000,0.000000,59000,61000,62000,64000,65000,66000,66000,66000,66000,66000,66000,117,0,59000,57069.90117715384,9563.41282699941,66358.80244600048,13208.871794871795
1790298239,40,,Aggregated,1.900000,0.000000,59000,61000,62000,64000,65000,66000,66000,66000,66000,66000,66000,117,0,59000,57069.90117715384,9563.41282699941,66358.80244600048,13208.871794871795
1790298240,40,,Aggregated,1.700000,0.000000,59000,61000,63000,64000,65000,66000,66000,66000,66000,66000,66000,118,0,59000,57133.07680387286,9563.41282699941,66358.80244600048,13221.101694915254
1790298241,40,,Aggregated,1.900000,0.000000,59000,61000,63000,64000,65000,66000,66000,66000,66000,66000,66000,120,0,59000,56767.91714974168,9563.41282699941,66358.80244600048,13139.816666666668
1790298242,40,,Aggregated,2.000000,0.000000,59000,61000,62000,64000,65000,66000,66000,66000,66000,66000,66000,121,0,59000,56811.90931040498,9563.41282699941,66358.80244600048,13154.330578512398
1790298243,40,,Aggregated,2.000000,0.000000,59000,61000,62000,64000,65000,66000,66000,66000,66000,66000,66000,121,0,59000,56811.90931040498,9563.41282699941,66358.80244600048,13154.330578512398
1790298244,40,,Aggregated,2.000000,0.000000,59000,62000,63000,64000,65000,66000,66000,66000,66000,66000,66000,123,0,59000,56897.582349601646,9563.41282699941,66358.80244600048,13180.170731707318
1790298245,40,,Aggregated,2.000000,0.000000,59000,62000,63000,64000,65000,66000,66000,66000,66000,66000,66000,123,0,59000,56897.582349601646,9563.41282699941,66358.80244600048,13180.170731707318
1790298246,40,,Aggregated,2.000000,0.000000,59000,62000,63000,64000,65000,66000,66000,66000,66000,66000,66000,123,0,59000,56897.582349601646,9563.41282699941,66358.80244600048,13180.170731707318
1790298247,40,,Aggregated,2.000000,0.000000,59000,62000,63000,64000,65000,66000,66000,66000,66000,66000,66000,123,0,59000,56897.582349601646,9563.41282699941,66358.80244600048,13180.170731707318
1790298248,40,,Aggregated,2.000000,0.000000,59000,62000,63000,64000,65000,66000,66000,66000,66000,66000,66000,123,0,59000,56897.582349601646,9563.41282699941,66358.80244600048,13180.170731707318
1790298249,40,,Aggregated,2.000000,0.000000,59000,62000,63000,64000,65000,66000,66000,66000,66000,66000,66000,123,0,59000,56897.582349601646,9563.41282699941,66358.80244600048,13180.170731707318
1790298250,40,,Aggregated,2.000000,0.000000,59000,62000,63000,64000,65000,66000,66000,66000,66000,66000,66000,123,0,59000,56897.582349601646,9563.41282699941,66358.80244600048,13180.170731707318
1790298251,40,,Aggregated,2.000000,0.000000,59000,62000,63000,64000,65000,66000,66000,66000,66000,66000,66000,123,0,59000,56897.582349601646,9563.41282699941,66358.80244600048,13180.170731707318
1790298252,40,,Aggregated,2.000000,0.000000,59000,62000,63000,64000,65000,66000,66000,66000,66000,66000,66000,123,0,59000,56897.582349601646,9563.41282699941,66358.80244600048,13180.170731707318
1790298253,40,,Aggregated,2.000000,0.000000,59000,62000,63000,64000,65000,66000,66000,66000,66000,66000,66000,123,0,59000,56897.582349601646,9563.41282699941,66358.80244600048,13180.170731707318
1790298254,40,,Aggregated,2.000000,0.000000,59000,62000,63000,64000,65000,66000,66000,66000,66000,66000,66000,123,0,59000,56897.582349601646,9563.41282699941,66358.80244600048,13180.170731707318
1790298255,40,,Aggregated,2.000000,0.000000,59000,62000,63000,64000,65000,66000,66000,66000,66000,66000,66000,123,0,59000,56897.582349601646,9563.41282699941,66358.80244600048,13180.170731707318
1790298256,40,,Aggregated,2.000000,0.000000,59000,62000,63000,64000,65000,66000,66000,66000,66000,66000,66000,123,0,59000,56897.582349601646,9563.41282699941,66358.80244600048,13180.170731707318
1790298257,40,,Aggregated,2.000000,0.000000,59000,62000,63000,64000,65000,66000,66000,66000,66000,66000,66000,123,0,59000,56897.582349601646,9563.41282699941,66358.80244600048,13180.170731707318
1790298258,40,,Aggregated,2.000000,0.000000,59000,62000,63000,64000,65000,66000,66000,66000,66000,66000,66000,123,0,59000,56897.582349601646,9563.41282699941,66358.80244600048,13180.170731707318
1790298259,40,,Aggregated,0.000000,0.000000,59000,61000,63000,64000,65000,66000,66000,66000,66000,66000,66000,124,0,59000,56923.38683992745,9563.41282699941,66358.80244600048,13182.435483870968
1790298260,40,,Aggregated,0.000000,0.000000,59000,61000,63000,64000,65000,66000,66000,66000,66000,66000,66000,124,0,59000,56923.38683992745,9563.41282699941,66358.80244600048,13182.435483870968
1790298261,40,,Aggregated,0.000000,0.000000,59000,61000,63000,64000,65000,66000,66000,66000,66000,66000,66000,124,0,59000,56923.38683992745,9563.41282699941,66358.80244600048,13182.435483870968
1790298262,40,,Aggregated,0.000000,0.000000,59000,61000,63000,64000,65000,66000,66000,66000,66000,66000,66000,124,0,59000,56923.38683992745,9563.41282699941,66358.80244600048,13182.435483870968
1790298263,40,,Aggregated,0.000000,0.000000,59000,61000,63000,64000,65000,66000,66000,66000,66000,66000,66000,124,0,59000,56923.38683992745,9563.41282699941,66358.80244600048,13182.435483870968
1790298264,40,,Aggregated,0.000000,0.000000,59000,61000,63000,64000,65000,66000,66000,66000,66000,66000,66000,124,0,59000,56923.38683992745,9563.41282699941,66358.80244600048,13182.435483870968
1790298265,40,,Aggregated,0.100000,0.000000,59000,62000,63000,64000,65000,66000,66000,66000,66000,66000,66000,126,0,59000,56994.7183561905,9563.41282699941,66358.80244600048,13193.738095238095
1790298266,40,,Aggregated,0.100000,0.000000,59000,62000,63000,64000,65000,66000,66000,66000,66000,66000,66000,126,0,59000,56994.7183561905,9563.41282699941,66358.80244600048,13193.738095238095
1790298267,40,,Aggregated,0.100000,0.000000,59000,61000,63000,64000,65000,66000,66000,66000,66000,66000,66000,127,0,59000,56720.217370346465,9563.41282699941,66358.80244600048,13142.606299212599
1790298268,40,,Aggregated,0.300000,0.000000,59000,61000,62000,64000,65000,66000,66000,66000,66000,66000,66000,129,0,59000,56698.40178747288,9563.41282699941,66358.80244600048,13135.720930232557
1790298269,40,,Aggregated,0.300000,0.000000,59000,61000,62000,64000,65000,66000,66000,66000,66000,66000,66000,129,0,59000,56698.40178747288,9563.41282699941,66358.80244600048,13135.720930232557
1790298270,40,,Aggregated,0.300000,0.000000,59000,61000,62000,64000,65000,66000,66000,66000,66000,66000,66000,129,0,59000,56698.40178747288,9563.41282699941,66358.80244600048,13135.720930232557
1790298271,40,,Aggregated,0.300000,0.000000,59000,61000,62000,64000,65000,66000,66000,66000,66000,66000,66000,129,0,59000,56698.40178747288,9563.41282699941,66358.80244600048,13135.720930232557
1790298272,40,,Aggregated,0.500000,0.000000,59000,61000,62000,64000,65000,66000,66000,66000,66000,66000,66000,130,0,59000,56740.35821888461,9563.41282699941,66358.80244600048,13148.338461538462
1790298273,40,,Aggregated,0.500000,0.000000,59000,61000,62000,64000,65000,66000,66000,66000,66000,66000,66000,130,0,59000,56740.35821888461,9563.41282699941,66358.80244600048,13148.338461538462
1790298274,40,,Aggregated,0.500000,0.000000,59000,61000,62000,64000,65000,66000,66000,66000,66000,66000,66000,130,0,59000,56740.35821888461,9563.41282699941,66358.80244600048,13148.338461538462
1790298275,40,,Aggregated,0.500000,0.000000,59000,61000,62000,64000,65000,66000,66000,66000,66000,66000,66000,130,0,59000,56740.35821888461,9563.41282699941,66358.80244600048,13148.338461538462
1790298276,40,,Aggregated,0.600000,0.000000,59000,61000,62000,64000,65000,66000,66000,66000,66000,66000,66000,131,0,59000,56626.23816896946,9563.41282699941,66358.80244600048,13133.809160305344
1790298277,40,,Aggregated,0.600000,0.000000,59000,61000,62000,64000,65000,66000,66000,66000,66000,66000,66000,131,0,59000,56626.23816896946,9563.41282699941,66358.80244600048,13133.809160305344
1790298278,40,,Aggregated,0.600000,0.000000,59000,61000,62000,64000,65000,66000,66000,66000,66000,66000,66000,131,0,59000,56626.23816896946,9563.41282699941,66358.80244600048,13133.809160305344
1790298279,40,,Aggregated,0.400000,0.000000,59000,61000,62000,64000,65000,66000,66000,66000,66000,66000,66000,133,0,59000,56654.32939277442,9563.41282699941,66358.80244600048,13134.804511278195
1790298280,40,,Aggregated,0.400000,0.000000,59000,61000,62000,64000,65000,66000,66000,66000,66000,66000,66000,133,0,59000,56654.32939277442,9563.41282699941,66358.80244600048,13134.804511278195
1790298281,40,,Aggregated,0.400000,0.000000,59000,61000,62000,64000,65000,66000,66000,66000,66000,66000,66000,133,0,59000,56654.32939277442,9563.41282699941,66358.80244600048,13134.804511278195
1790298282,40,,Aggregated,0.400000,0.000000,59000,61000,62000,64000,65000,66000,66000,66000,66000,66000,66000,133,0,59000,56654.32939277442,9563.41282699941,66358.80244600048,13134.804511278195
1790298283,40,,Aggregated,0.400000,0.000000,59000,61000,62000,64000,65000,66000,66000,66000,66000,66000,66000,134,0,59000,56661.49071100744,9563.41282699941,66358.80244600048,13133.626865671642
1790298284,40,,Aggregated,0.400000,0.000000,59000,61000,62000,64000,65000,66000,66000,66000,66000,66000,66000,134,0,59000,56661.49071100744,9563.41282699941,66358.80244600048,13133.626865671642
1790298285,40,,Aggregated,0.400000,0.000000,59000,61000,62000,64000,65000,66000,66000,66000,66000,66000,66000,137,0,59000,56632.91103656929,9563.41282699941,66358.80244600048,13135.197080291971
1790298286,40,,Aggregated,0.400000,0.000000,59000,61000,62000,64000,65000,66000,66000,66000,66000,66000,66000,138,0,59000,56648.558749333264,9563.41282699941,66358.80244600048,13138.311594202898
1790298287,40,,Aggregated,0.400000,0.000000,59000,61000,62000,64000,65000,66000,66000,66000,66000,66000,66000,138,0,59000,56648.558749333264,9563.41282699941,66358.80244600048,13138.311594202898
1790298288,40,,Aggregated,0.700000,0.000000,59000,61000,62000,64000,65000,66000,66000,66000,66000,66000,66000,140,0,59000,56700.97899492138,9563.41282699941,66358.80244600048,13156.407142857142
1790298289,40,,Aggregated,0.600000,0.000000,59000,61000,62000,63000,65000,66000,66000,66000,66000,66000,66000,141,0,59000,56688.584552347456,9563.41282699941,66358.80244600048,13152.418439716312
1790298290,40,,Aggregated,0.900000,0.000000,59000,61000,62000,63000,65000,66000,66000,66000,66000,66000,66000,144,0,59000,56685.945502430484,9563.41282699941,66358.80244600048,13132.076388888889
1790298291,40,,Aggregated,0.900000,0.000000,59000,61000,62000,63000,65000,66000,66000,66000,66000,66000,66000,146,0,59000,56667.14297226024,9563.41282699941,66358.80244600048,13130.390410958904
1790298292,40,,Aggregated,0.900000,0.000000,59000,61000,62000,63000,65000,66000,66000,66000,66000,66000,66000,148,0,59000,56683.06927756078,9563.41282699941,66358.80244600048,13140.283783783783
1790298293,40,,Aggregated,0.900000,0.000000,59000,61000,62000,63000,65000,66000,66000,66000,66000,66000,66000,149,0,59000,56719.13577510734,9563.41282699941,66358.80244600048,13138.590604026846
1790298294,40,,Aggregated,1.500000,0.000000,59000,61000,62000,63000,65000,66000,66000,66000,66000,66000,66000,151,0,59000,56471.59852055622,9563.41282699941,66358.80244600048,13080.662251655629
1790298295,40,,Aggregated,1.500000,0.000000,59000,61000,62000,63000,65000,66000,66000,66000,66000,66000,66000,151,0,59000,56471.59852055622,9563.41282699941,66358.80244600048,13080.662251655629
1790298296,40,,Aggregated,1.600000,0.000000,59000,61000,62000,63000,65000,66000,66000,66000,66000,66000,66000,153,0,59000,56546.383313450926,9563.41282699941,66358.80244600048,13082.235294117647
1790298297,40,,Aggregated,1.400000,0.000000,59000,61000,62000,63000,65000,66000,66000,66000,66000,66000,66000,156,0,59000,56555.78439616664,9563.41282699941,66358.80244600048,13084.826923076924
1790298298,40,,Aggregated,1.500000,0.000000,59000,61000,62000,63000,65000,66000,66000,66000,66000,66000,66000,158,0,59000,56588.90027533542,9563.41282699941,66358.80244600048,13109.816455696202
1790298299,40,,Aggregated,1.700000,0.000000,59000,61000,62000,63000,65000,66000,66000,66000,66000,66000,66000,159,0,59000,56640.99906206287,9563.41282699941,66358.80244600048,13115.327044025158
1790298300,40,,Aggregated,1.700000,0.000000,59000,61000,62000,63000,65000,66000,66000,66000,66000,66000,66000,159,0,59000,56640.99906206287,9563.41282699941,66358.80244600048,13115.327044025158
1790298301,40,,Aggregated,1.700000,0.000000,59000,61000,62000,63000,65000,66000,66000,66000,66000,66000,66000,159,0,59000,56640.99906206287,9563.41282699941,66358.80244600048,13115.327044025158
1790298302,40,,Aggregated,1.700000,0.000000,59000,61000,62000,63000,65000,66000,66000,66000,66000,66000,66000,160,0,59000,56679.18562701247,9563.41282699941,66358.80244600048,13127.1125
1790298303,40,,Aggregated,1.400000,0.000000,59000,61000,62000,63000,65000,66000,66000,66000,66000,66000,66000,162,0,59000,56746.6438240432,9563.41282699941,66358.80244600048,13139.58024691358
1790298304,40,,Aggregated,1.400000,0.000000,59000,61000,62000,63000,65000,66000,66000,66000,66000,66000,66000,162,0,59000,56746.6438240432,9563.41282699941,66358.80244600048,13139.58024691358
1790298305,40,,Aggregated,1.400000,0.000000,59000,61000,62000,63000,65000,66000,66000,66000,66000,66000,66000,162,0,59000,56746.6438240432,9563.41282699941,66358.80244600048,13139.58024691358
1790298306,40,,Aggregated,1.100000,0.000000,59000,61000,62000,63000,65000,66000,66000,66000,66000,66000,66000,163,0,59000,56554.185607368105,9563.41282699941,66358.80244600048,13098.006134969326
1790298307,40,,Aggregated,1.200000,0.000000,59000,61000,62000,63000,65000,66000,66000,66000,66000,66000,66000,164,0,59000,56599.141151500015,9563.41282699941,66358.80244600048,13093.420731707318
1790298308,40,,Aggregated,1.100000,0.000000,59000,61000,62000,63000,65000,66000,66000,66000,66000,66000,66000,165,0,59000,56655.11704378184,9563.41282699941,66358.80244600048,13105.066666666668
1790298309,40,,Aggregated,1.100000,0.000000,59000,61000,62000,63000,65000,66000,66000,66000,66000,66000,66000,165,0,59000,56655.11704378184,9563.41282699941,66358.80244600048,13105.066666666668
1790298310,40,,Aggregated,1.100000,0.000000,59000,61000,62000,63000,65000,66000,66000,66000,66000,66000,66000,165,0,59000,56655.11704378184,9563.41282699941,66358.80244600048,13105.066666666668
1790298311,40,,Aggregated,0.700000,0.000000,59000,61000,62000,63000,65000,66000,66000,66000,66000,66000,66000,166,0,59000,56421.43884288555,9563.41282699941,66358.80244600048,13056.969879518072
1790298312,40,,Aggregated,0.700000,0.000000,59000,61000,62000,63000,65000,66000,66000,66000,66000,66000,66000,166,0,59000,56421.43884288555,9563.41282699941,66358.80244600048,13056.969879518072
1790298313,40,,Aggregated,0.700000,0.000000,59000,61000,62000,63000,65000,66000,66000,66000,66000,66000,66000,166,0,59000,56421.43884288555,9563.41282699941,66358.80244600048,13056.969879518072
1790298314,40,,Aggregated,0.600000,0.000000,59000,61000,62000,63000,65000,66000,66000,66000,66000,66000,66000,167,0,59000,56128.54994397607,7508.992725001008,66358.80244600048,12994.173652694612
1790298315,40,,Aggregated,0.600000,0.000000,59000,61000,62000,63000,65000,66000,66000,66000,66000,66000,66000,167,0,59000,56128.54994397607,7508.992725001008,66358.80244600048,12994.173652694612
1790298316,40,,Aggregated,0.600000,0.000000,59000,61000,62000,63000,65000,66000,66000,66000,66000,66000,66000,167,0,59000,56128.54994397607,7508.992725001008,66358.80244600048,12994.173652694612
1790298317,40,,Aggregated,0.600000,0.000000,59000,61000,62000,63000,65000,66000,66000,66000,66000,66000,66000,167,0,59000,56128.54994397607,7508.992725001008,66358.80244600048,12994.173652694612
1790298318,40,,Aggregated,0.600000,0.000000,59000,61000,62000,63000,65000,66000,66000,66000,66000,66000,66000,167,0,59000,56128.54994397607,7508.992725001008,66358.80244600048,12994.173652694612
1790298319,40,,Aggregated,0.300000,0.000000,59000,61000,62000,63000,65000,66000,66000,66000,66000,66000,66000,168,0,59000,56147.852552928576,7508.992725001008,66358.80244600048,12999.14880952381
1790298320,40,,Aggregated,0.300000,0.000000,59000,61000,62000,63000,65000,66000,66000,66000,66000,66000,66000,168,0,59000,56147.852552928576,7508.992725001008,66358.80244600048,12999.14880952381
1790298321,40,,Aggregated,0.300000,0.000000,59000,61000,62000,63000,65000,66000,66000,66000,66000,66000,66000,168,0,59000,56147.852552928576,7508.992725001008,66358.80244600048,12999.14880952381
1790298322,40,,Aggregated,0.300000,0.000000,59000,61000,62000,63000,65000,66000,66000,66000,66000,66000,66000,168,0,59000,56147.852552928576,7508.992725001008,66358.80244600048,12999.14880952381
1790298323,40,,Aggregated,0.300000,0.000000,59000,61000,62000,63000,65000,66000,66000,66000,66000,66000,66000,168,0,59000,56147.852552928576,7508.992725001008,66358.80244600048,12999.14880952381
1790298324,40,,Aggregated,0.300000,0.000000,59000,61000,62000,63000,65000,66000,66000,66000,66000,66000,66000,169,0,59000,56153.344039544376,7508.992725001008,66358.80244600048,13002.8224852071
1790298325,40,,Aggregated,0.300000,0.000000,59000,61000,62000,63000,65000,66000,66000,66000,66000,66000,66000,169,0,59000,56153.344039544376,7508.992725001008,66358.80244600048,13002.8224852071
1790298326,40,,Aggregated,0.300000,0.000000,59000,61000,62000,63000,65000,66000,66000,66000,66000,66000,66000,169,0,59000,56153.344039544376,7508.992725001008,66358.80244600048,13002.8224852071
1790298327,40,,Aggregated,0.300000,0.000000,59000,61000,62000,63000,65000,66000,66000,66000,66000,66000,66000,169,0,59000,56153.344039544376,7508.992725001008,66358.80244600048,13002.8224852071
1790298328,40,,Aggregated,0.300000,0.000000,59000,61000,62000,63000,65000,66000,66000,66000,66000,66000,66000,169,0,59000,56153.344039544376,7508.992725001008,66358.80244600048,13002.8224852071
1790298329,40,,Aggregated,0.300000,0.000000,59000,61000,62000,63000,65000,66000,66000,66000,66000,66000,66000,169,0,59000,56153.344039544376,7508.992725001008,66358.80244600048,13002.8224852071
1790298330,40,,Aggregated,0.200000,0.000000,59000,61000,62000,63000,65000,66000,66000,66000,66000,66000,66000,170,0,59000,56199.28648368235,7508.992725001008,66358.80244600048,13019.676470588236
1790298331,40,,Aggregated,0.200000,0.000000,59000,61000,62000,63000,65000,66000,66000,66000,66000,66000,66000,172,0,59000,56271.144835017425,7508.992725001008,66358.80244600048,13033.790697674418
1790298332,40,,Aggregated,0.200000,0.000000,59000,61000,62000,63000,65000,66000,66000,66000,66000,66000,66000,172,0,59000,56271.144835017425,7508.992725001008,66358.80244600048,13033.790697674418
1790298333,40,,Aggregated,0.200000,0.000000,59000,61000,62000,63000,65000,66000,66000,66000,66000,66000,66000,172,0,59000,56271.144835017425,7508.992725001008,66358.80244600048,13033.790697674418
1790298334,40,,Aggregated,0.200000,0.000000,59000,61000,62000,63000,65000,66000,66000,66000,66000,66000,66000,172,0,59000,56271.144835017425,7508.992725001008,66358.80244600048,13033.790697674418
1790298335,40,,Aggregated,0.400000,0.000000,59000,61000,62000,63000,65000,66000,66000,66000,66000,66000,66000,173,0,59000,56326.26450990172,7508.992725001008,66358.80244600048,13041.85549132948
1790298336,40,,Aggregated,0.400000,0.000000,59000,61000,62000,63000,65000,66000,66000,66000,66000,66000,66000,173,0,59000,56326.26450990172,7508.992725001008,66358.80244600048,13041.85549132948
1790298337,40,,Aggregated,0.400000,0.000000,59000,61000,62000,63000,65000,66000,66000,66000,66000,66000,66000,173,0,59000,56326.26450990172,7508.992725001008,66358.80244600048,13041.85549132948
1790298338,40,,Aggregated,0.400000,0.000000,59000,61000,62000,64000,65000,66000,66000,66000,66000,66000,66000,175,0,59000,56377.18526156571,7508.992725001008,66358.80244600048,13033.691428571428
1790298339,40,,Aggregated,0.400000,0.000000,59000,61000,62000,64000,65000,66000,66000,66000,66000,66000,66000,175,0,59000,56377.18526156571,7508.992725001008,66358.80244600048,13033.691428571428
1790298340,40,,Aggregated,0.400000,0.000000,59000,61000,62000,64000,65000,66000,66000,66000,66000,66000,66000,175,0,59000,56377.18526156571,7508.992725001008,66358.80244600048,13033.691428571428
1790298341,40,,Aggregated,0.400000,0.000000,59000,61000,62000,64000,65000,66000,66000,66000,66000,66000,66000,175,0,59000,56377.18526156571,7508.992725001008,66358.80244600048,13033.691428571428
1790298342,40,,Aggregated,0.600000,0.000000,59000,61000,62000,63000,65000,66000,66000,66000,66000,66000,66000,177,0,59000,56362.829180621484,7508.992725001008,66358.80244600048,13029.97175141243
1790298343,40,,Aggregated,0.500000,0.000000,59000,61000,62000,63000,65000,66000,66000,66000,66000,66000,66000,178,0,59000,56379.09419055058,7508.992725001008,66358.80244600048,13028.426966292134
1790298344,40,,Aggregated,0.500000,0.000000,59000,61000,62000,63000,65000,66000,66000,66000,66000,66000,66000,178,0,59000,56379.09419055058,7508.992725001008,66358.80244600048,13028.426966292134
1790298345,40,,Aggregated,0.500000,0.000000,59000,61000,62000,63000,65000,66000,66000,66000,66000,66000,66000,178,0,59000,56379.09419055058,7508.992725001008,66358.80244600048,13028.426966292134
1790298346,40,,Aggregated,0.600000,0.000000,59000,61000,62000,63000,65000,66000,66000,66000,66000,66000,66000,179,0,59000,56371.937416737455,7508.992725001008,66358.80244600048,13022.530726256984
1790298347,40,,Aggregated,0.600000,0.000000,59000,61000,62000,63000,65000,66000,66000,66000,66000,66000,66000,181,0,59000,56134.851992215496,7508.992725001008,66358.80244600048,12968.011049723757
1790298348,40,,Aggregated,0.500000,0.000000,59000,61000,62000,63000,65000,66000,66000,66000,66000,66000,66000,183,0,59000,56177.490305382555,7508.992725001008,66358.80244600048,12975.524590163934
1790298349,40,,Aggregated,0.700000,0.000000,59000,61000,62000,63000,65000,66000,66000,66000,66000,66000,66000,184,0,59000,56213.278388989165,7508.992725001008,66358.80244600048,12996.255434782608
1790298350,40,,Aggregated,0.800000,0.000000,59000,61000,62000,63000,65000,66000,66000,66000,66000,66000,66000,185,0,59000,56219.51029600542,7508.992725001008,66358.80244600048,13003.032432432432
1790298351,40,,Aggregated,0.800000,0.000000,59000,61000,62000,63000,65000,66000,66000,66000,66000,66000,66000,185,0,59000,56219.51029600542,7508.992725001008,66358.80244600048,13003.032432432432
1790298352,40,,Aggregated,0.800000,0.000000,59000,61000,62000,63000,65000,66000,66000,66000,66000,66000,66000,186,0,59000,56234.20973101077,7508.992725001008,66358.80244600048,13004.381720430107
1790298353,40,,Aggregated,1.000000,0.000000,59000,61000,62000,63000,65000,66000,66000,66000,66000,66000,66000,187,0,59000,56273.57213831018,7508.992725001008,66358.80244600048,13005.946524064171
1790298354,40,,Aggregated,1.100000,0.000000,59000,61000,62000,63000,65000,66000,66000,66000,66000,66000,66000,189,0,59000,56354.12671161378,7508.992725001008,66358.80244600048,13024.25925925926
1790298355,40,,Aggregated,0.900000,0.000000,59000,61000,62000,64000,65000,66000,66000,66000,66000,66000,66000,190,0,59000,56399.01290399477,7508.992725001008,66358.80244600048,13040.415789473684
1790298356,40,,Aggregated,0.900000,0.000000,59000,61000,62000,63000,65000,66000,66000,66000,66000,66000,66000,191,0,59000,56411.07549191627,7508.992725001008,66358.80244600048,13044.057591623037
1790298357,40,,Aggregated,1.100000,0.000000,59000,61000,63000,64000,65000,66000,66000,66000,66000,66000,66000,192,0,59000,56453.03689360942,7508.992725001008,66358.80244600048,13039.916666666666
1790298358,40,,Aggregated,1.200000,0.000000,59000,61000,62000,64000,65000,66000,66000,66000,66000,66000,66000,194,0,59000,56247.64802954127,7508.992725001008,66358.80244600048,12996.731958762886
1790298359,40,,Aggregated,1.100000,0.000000,59000,61000,63000,64000,65000,66000,66000,66000,66000,66000,66000,195,0,59000,56286.75523972823,7508.992725001008,66358.80244600048,13003.979487179487
1790298360,40,,Aggregated,1.000000,0.000000,59000,61000,63000,64000,65000,66000,66000,66000,66000,66000,66000,198,0,59000,56330.95307556568,7508.992725001008,66358.80244600048,12997.919191919193
1790298361,40,,Aggregated,1.100000,0.000000,59000,62000,63000,64000,65000,66000,66000,66000,66000,66000,66000,201,0,59000,56432.33147216418,7508.992725001008,66358.80244600048,13023.865671641792
1790298362,40,,Aggregated,1.100000,0.000000,59000,62000,63000,64000,65000,66000,66000,66000,66000,66000,66000,202,0,59000,56475.52854300495,7508.992725001008,66358.80244600048,13034.148514851486
1790298363,40,,Aggregated,1.100000,0.000000,59000,62000,63000,64000,65000,66000,66000,66000,66000,66000,66000,202,0,59000,56475.52854300495,7508.992725001008,66358.80244600048,13034.148514851486
1790298364,40,,Aggregated,1.500000,0.000000,59000,62000,63000,64000,65000,66000,66000,66000,66000,66000,66000,203,0,59000,56520.55441772906,7508.992725001008,66358.80244600048,13038.251231527094
1790298365,40,,Aggregated,1.500000,0.000000,59000,62000,63000,64000,65000,66000,66000,66000,66000,66000,66000,203,0,59000,56520.55441772906,7508.992725001008,66358.80244600048,13038.251231527094
1790298366,40,,Aggregated,1.500000,0.000000,59000,62000,63000,64000,65000,66000,66000,66000,66000,66000,66000,204,0,59000,56564.06127687254,7508.992725001008,66358.80244600048,13048.906862745098
1790298367,40,,Aggregated,1.400000,0.000000,59000,62000,63000,64000,65000,66000,66000,66000,66000,66000,66000,205,0,59000,56600.24278008292,7508.992725001008,66358.80244600048,13056.843902439025
1790298368,40,,Aggregated,1.400000,0.000000,59000,62000,63000,64000,65000,66000,66000,66000,66000,66000,66000,205,0,59000,56600.24278008292,7508.992725001008,66358.80244600048,13056.843902439025
1790298369,40,,Aggregated,1.300000,0.000000,59000,62000,63000,64000,65000,66000,66000,66000,66000,66000,66000,206,0,59000,56622.80193918445,7508.992725001008,66358.80244600048,13060.553398058253
1790298370,40,,Aggregated,1.300000,0.000000,59000,62000,63000,64000,65000,66000,66000,66000,66000,66000,66000,206,0,59000,56622.80193918445,7508.992725001008,66358.80244600048,13060.553398058253
1790298371,40,,Aggregated,1.300000,0.000000,59000,62000,63000,64000,65000,66000,66000,66000,66000,66000,66000,206,0,59000,56622.80193918445,7508.992725001008,66358.80244600048,13060.553398058253
1790298372,40,,Aggregated,1.100000,0.000000,59000,62000,63000,64000,65000,66000,66000,66000,66000,66000,66000,208,0,59000,56647.572356769226,7508.992725001008,66358.80244600048,13051.41826923077
1790298373,40,,Aggregated,0.800000,0.000000,59000,62000,63000,64000,65000,66000,66000,66000,66000,66000,66000,209,0,59000,56496.10629868421,7508.992725001008,66358.80244600048,13022.593301435407
1790298374,40,,Aggregated,0.600000,0.000000,59000,62000,63000,64000,65000,66000,66000,66000,66000,66000,66000,210,0,59000,56484.55521785237,7508.992725001008,66358.80244600048,13021.357142857143
1790298375,40,,Aggregated,0.600000,0.000000,59000,62000,63000,64000,65000,66000,66000,66000,66000,66000,66000,210,0,59000,56484.55521785237,7508.992725001008,66358.80244600048,13021.357142857143
1790298376,40,,Aggregated,0.600000,0.000000,59000,62000,63000,64000,65000,66000,66000,66000,66000,66000,66000,210,0,59000,56484.55521785237,7508.992725001008,66358.80244600048,13021.357142857143
1790298378,40,,Aggregated,0.700000,0.000000,59000,62000,63000,64000,65000,66000,66000,66000,66000,66000,66000,211,0,59000,56522.208153379135,7508.992725001008,66358.80244600048,13025.687203791469
1790298379,40,,Aggregated,0.700000,0.000000,59000,62000,63000,64000,65000,66000,66000,66000,66000,66000,66000,211,0,59000,56522.208153379135,7508.992725001008,66358.80244600048,13025.687203791469
1790298380,40,,Aggregated,0.700000,0.000000,59000,62000,63000,64000,65000,66000,66000,66000,66000,66000,66000,211,0,59000,56522.208153379135,7508.992725001008,66358.80244600048,13025.687203791469
1790298381,40,,Aggregated,0.600000,0.000000,59000,62000,63000,64000,65000,66000,66000,66000,66000,66000,66000,212,0,59000,56518.79183229716,7508.992725001008,66358.80244600048,13024.783018867925
1790298382,40,,Aggregated,0.600000,0.000000,59000,62000,63000,64000,65000,66000,66000,66000,66000,66000,66000,212,0,59000,56518.79183229716,7508.992725001008,66358.80244600048,13024.783018867925
1790298383,40,,Aggregated,0.600000,0.000000,59000,62000,63000,64000,65000,66000,66000,66000,66000,66000,66000,212,0,59000,56518.79183229716,7508.992725001008,66358.80244600048,13024.783018867925
1790298384,40,,Aggregated,0.600000,0.000000,59000,62000,63000,64000,65000,66000,66000,66000,66000,66000,66000,212,0,59000,56518.79183229716,7508.992725001008,66358.80244600048,13024.783018867925
1790298385,40,,Aggregated,0.600000,0.000000,59000,62000,63000,64000,65000,66000,66000,66000,66000,66000,66000,212,0,59000,56518.79183229716,7508.992725001008,66358.80244600048,13024.783018867925
1790298386,40,,Aggregated,0.600000,0.000000,59000,62000,63000,64000,65000,66000,66000,66000,66000,66000,66000,212,0,59000,56518.79183229716,7508.992725001008,66358.80244600048,13024.783018867925
1790298387,40,,Aggregated,0.600000,0.000000,59000,62000,63000,64000,65000,66000,66000,66000,66000,66000,66000,212,0,59000,56518.79183229716,7508.992725001008,66358.80244600048,13024.783018867925
1790298388,40,,Aggregated,0.600000,0.000000,59000,62000,63000,64000,65000,66000,66000,66000,66000,66000,66000,212,0,59000,56518.79183229716,7508.992725001008,66358.80244600048,13024.783018867925
1790298389,40,,Aggregated,0.600000,0.000000,59000,62000,63000,64000,65000,66000,66000,66000,66000,66000,66000,212,0,59000,56518.79183229716,7508.992725001008,66358.80244600048,13024.783018867925
1790298390,40,,Aggregated,0.600000,0.000000,59000,62000,63000,64000,65000,66000,66000,66000,66000,66000,66000,212,0,59000,56518.79183229716,7508.992725001008,66358.80244600048,13024.783018867925
1790298391,40,,Aggregated,0.600000,0.000000,59000,62000,63000,64000,65000,66000,66000,66000,66000,66000,66000,212,0,59000,56518.79183229716,7508.992725001008,66358.80244600048,13024.783018867925
1790298392,40,,Aggregated,0.600000,0.000000,59000,62000,63000,64000,65000,66000,66000,66000,66000,66000,66000,212,0,59000,56518.79183229716,7508.992725001008,66358.80244600048,13024.783018867925
1790298393,40,,Aggregated,0.600000,0.000000,59000,62000,63000,64000,65000,66000,66000,66000,66000,66000,66000,212,0,59000,56518.79183229716,7508.992725001008,66358.80244600048,13024.783018867925
1790298394,40,,Aggregated,0.000000,0.000000,59000,62000,63000,64000,65000,66000,66000,66000,66000,66000,66000,213,0,59000,56508.25886437557,7508.992725001008,66358.80244600048,13018.93427230047
1790298395,40,,Aggregated,0.000000,0.000000,59000,62000,63000,64000,65000,66000,66000,66000,66000,66000,66000,215,0,59000,56504.99485734883,7508.992725001008,66358.80244600048,13009.772093023255
1790298396,40,,Aggregated,0.100000,0.000000,59000,62000,63000,64000,65000,66000,66000,66000,66000,66000,66000,216,0,59000,56538.05616035186,7508.992725001008,66358.80244600048,13012.976851851852
1790298397,40,,Aggregated,0.100000,0.000000,59000,62000,63000,64000,65000,66000,66000,66000,66000,66000,66000,216,0,59000,56538.05616035186,7508.992725001008,66358.80244600048,13012.976851851852
1790298398,40,,Aggregated,0.100000,0.000000,59000,62000,63000,64000,65000,66000,66000,66000,66000,66000,66000,216,0,59000,56538.05616035186,7508.992725001008,66358.80244600048,13012.976851851852
1790298399,40,,Aggregated,0.100000,0.000000,59000,62000,63000,64000,65000,66000,66000,66000,66000,66000,66000,216,0,59000,56538.05616035186,7508.992725001008,66358.80244600048,13012.976851851852
1790298400,40,,Aggregated,0.400000,0.000000,59000,62000,63000,64000,65000,66000,66000,66000,66000,66000,66000,217,0,59000,56583.462706811064,7508.992725001008,66391.27674200063,13018.248847926267
1790298401,40,,Aggregated,0.400000,0.000000,59000,62000,63000,64000,65000,66000,66000,66000,66000,66000,66000,217,0,59000,56583.462706811064,7508.992725001008,66391.27674200063,13018.248847926267
1790298402,40,,Aggregated,0.400000,0.000000,59000,62000,63000,64000,65000,66000,66000,66000,66000,66000,66000,217,0,59000,56583.462706811064,7508.992725001008,66391.27674200063,13018.248847926267
1790298403,40,,Aggregated,0.500000,0.000000,59000,62000,63000,64000,65000,66000,66000,66000,66000,66000,66000,218,0,59000,56588.69787520644,7508.992725001008,66391.27674200063,13017.628440366972
1790298404,40,,Aggregated,0.500000,0.000000,59000,62000,63000,64000,65000,66000,66000,66000,66000,66000,66000,219,0,59000,56581.1651214612,7508.992725001008,66391.27674200063,13009.34703196347
1790298405,40,,Aggregated,0.500000,0.000000,59000,62000,63000,64000,65000,66000,66000,66000,66000,66000,66000,219,0,59000,56581.1651214612,7508.992725001008,66391.27674200063,13009.34703196347
1790298406,40,,Aggregated,0.500000,0.000000,59000,62000,63000,64000,65000,66000,66000,66000,66000,66000,66000,219,0,59000,56581.1651214612,7508.992725001008,66391.27674200063,13009.34703196347
1790298407,40,,Aggregated,0.500000,0.000000,59000,62000,63000,64000,65000,66000,66000,66000,66000,66000,66000,219,0,59000,56581.1651214612,7508.992725001008,66391.27674200063,13009.34703196347
1790298408,40,,Aggregated,0.500000,0.000000,59000,62000,63000,64000,65000,66000,66000,66000,66000,66000,66000,219,0,59000,56581.1651214612,7508.992725001008,66391.27674200063,13009.34703196347
1790298409,40,,Aggregated,0.400000,0.000000,59000,62000,63000,64000,65000,66000,66000,66000,66000,66000,66000,222,0,59000,56648.04456429733,7508.992725001008,66391.27674200063,13018.454954954956
1790298410,40,,Aggregated,0.300000,0.000000,59000,62000,63000,64000,65000,66000,66000,66000,66000,66000,66000,224,0,59000,56666.45158216521,7508.992725001008,66391.27674200063,13020.486607142857
1790298411,40,,Aggregated,0.300000,0.000000,59000,62000,63000,64000,65000,66000,66000,66000,66000,66000,66000,225,0,59000,56681.16830317781,7508.992725001008,66391.27674200063,13021.417777777779
1790298412,40,,Aggregated,0.300000,0.000000,59000,62000,63000,64000,65000,66000,66000,66000,66000,66000,66000,225,0,59000,56681.16830317781,7508.992725001008,66391.27674200063,13021.417777777779
1790298413,40,,Aggregated,0.300000,0.000000,59000,62000,63000,64000,65000,66000,66000,66000,66000,66000,66000,225,0,59000,56681.16830317781,7508.992725001008,66391.27674200063,13021.417777777779
1790298414,40,,Aggregated,0.800000,0.000000,59000,62000,63000,64000,65000,66000,66000,66000,66000,66000,66000,226,0,59000,56675.69578191597,7508.992725001008,66391.27674200063,13023.800884955752
1790298415,40,,Aggregated,0.700000,0.000000,59000,62000,63000,64000,65000,66000,66000,66000,66000,66000,66000,228,0,59000,56467.440035285144,7508.992725001008,66391.27674200063,12984.65350877193
1790298416,40,,Aggregated,0.600000,0.000000,59000,62000,63000,64000,65000,66000,66000,66000,66000,66000,66000,231,0,59000,56508.07347556716,7508.992725001008,66391.27674200063,12985.25974025974
1790298417,40,,Aggregated,0.600000,0.000000,59000,62000,63000,64000,65000,66000,66000,66000,66000,66000,66000,231,0,59000,56508.07347556716,7508.992725001008,66391.27674200063,12985.25974025974
1790298418,40,,Aggregated,1.000000,0.000000,59000,62000,63000,64000,65000,66000,66000,66000,66000,66000,66000,234,0,59000,56556.34987247014,7508.992725001008,66391.27674200063,12999.384615384615
1790298419,40,,Aggregated,1.000000,0.000000,59000,62000,63000,64000,65000,66000,66000,66000,66000,66000,66000,235,0,59000,56553.27907387239,7508.992725001008,66391.27674200063,12997.91489361702
1790298420,40,,Aggregated,1.400000,0.000000,59000,62000,63000,64000,65000,66000,66000,66000,66000,66000,66000,239,0,59000,56602.705669154864,7508.992725001008,66391.27674200063,13005.133891213389
1790298421,40,,Aggregated,1.400000,0.000000,59000,62000,63000,64000,65000,66000,66000,66000,66000,66000,66000,240,0,59000,56602.28963553755,7508.992725001008,66391.27674200063,13001.083333333334
1790298422,40,,Aggregated,1.400000,0.000000,59000,62000,63000,64000,65000,66000,66000,66000,66000,66000,66000,240,0,59000,56602.28963553755,7508.992725001008,66391.27674200063,13001.083333333334
1790298423,40,,Aggregated,1.400000,0.000000,59000,62000,63000,64000,65000,66000,66000,66000,66000,66000,66000,240,0,59000,56602.28963553755,7508.992725001008,66391.27674200063,13001.083333333334
1790298424,40,,Aggregated,1.500000,0.000000,59000,62000,63000,64000,65000,66000,66000,66000,66000,66000,66000,241,0,59000,56595.94755032785,7508.992725001008,66391.27674200063,13000.867219917012
1790298425,40,,Aggregated,1.500000,0.000000,59000,62000,63000,64000,65000,66000,66000,66000,66000,66000,66000,242,0,59000,56628.09940654137,7508.992725001008,66391.27674200063,13007.5
1790298426,40,,Aggregated,1.500000,0.000000,59000,62000,63000,64000,65000,66000,66000,66000,66000,66000,66000,242,0,59000,56628.09940654137,7508.992725001008,66391.27674200063,13007.5
1790298427,40,,Aggregated,1.600000,0.000000,59000,62000,63000,64000,65000,66000,66000,66000,66000,66000,66000,243,0,59000,56655.98917189717,7508.992725001008,66391.27674200063,13016.20987654321
1790298428,40,,Aggregated,1.300000,0.000000,59000,62000,63000,64000,65000,66000,66000,66000,66000,66000,66000,244,0,59000,56692.71380365579,7508.992725001008,66391.27674200063,13024.159836065573
1790298429,40,,Aggregated,1.300000,0.000000,59000,62000,63000,64000,65000,66000,66000,66000,66000,66000,66000,245,0,59000,56534.40241028575,7508.992725001008,66391.27674200063,12990.808163265307
1790298430,40,,Aggregated,1.300000,0.000000,59000,62000,63000,64000,65000,66000,66000,66000,66000,66000,66000,245,0,59000,56534.40241028575,7508.992725001008,66391.27674200063,12990.808163265307
1790298431,40,,Aggregated,1.000000,0.000000,59000,62000,63000,64000,65000,66000,66000,66000,66000,66000,66000,247,0,59000,56584.0410753644,7508.992725001008,66391.27674200063,13004.481781376518
1790298432,40,,Aggregated,1.000000,0.000000,59000,62000,63000,64000,65000,66000,66000,66000,66000,66000,66000,247,0,59000,56584.0410753644,7508.992725001008,66391.27674200063,13004.481781376518
1790298433,40,,Aggregated,1.000000,0.000000,59000,62000,63000,64000,65000,66000,66000,66000,66000,66000,66000,247,0,59000,56584.0410753644,7508.992725001008,66391.27674200063,13004.481781376518
1790298434,40,,Aggregated,1.000000,0.000000,59000,62000,63000,64000,65000,66000,66000,66000,66000,66000,66000,247,0,59000,56584.0410753644,7508.992725001008,66391.27674200063,13004.481781376518
1790298435,40,,Aggregated,0.700000,0.000000,59000,62000,63000,64000,65000,66000,66000,66000,66000,66000,66000,248,0,59000,56600.3358944718,7508.992725001008,66391.27674200063,13005.447580645161
1790298436,40,,Aggregated,0.700000,0.000000,59000,62000,63000,64000,65000,66000,66000,66000,66000,66000,66000,249,0,59000,56639.24073243777,7508.992725001008,66391.27674200063,13016.301204819278
1790298437,40,,Aggregated,0.700000,0.000000,59000,62000,63000,64000,65000,66000,66000,66000,66000,66000,66000,249,0,59000,56639.24073243777,7508.992725001008,66391.27674200063,13016.301204819278
1790298438,40,,Aggregated,0.700000,0.000000,59000,62000,63000,64000,65000,66000,66000,66000,66000,66000,66000,251,0,59000,56685.08148793231,7508.992725001008,66391.27674200063,13024.760956175298
1790298439,40,,Aggregated,0.700000,0.000000,59000,62000,63000,64000,65000,66000,66000,66000,66000,66000,66000,252,0,59000,56720.33395107544,7508.992725001008,66391.27674200063,13034.119047619048
1790298440,40,,Aggregated,0.700000,0.000000,59000,62000,63000,64000,65000,66000,66000,66000,66000,66000,66000,252,0,59000,56720.33395107544,7508.992725001008,66391.27674200063,13034.119047619048
1790298441,40,,Aggregated,0.700000,0.000000,59000,62000,63000,64000,65000,66000,66000,66000,66000,66000,66000,252,0,59000,56720.33395107544,7508.992725001008,66391.27674200063,13034.119047619048
1790298442,40,,Aggregated,0.700000,0.000000,59000,62000,63000,64000,65000,66000,66000,66000,66000,66000,66000,253,0,59000,56588.75724137554,7508.992725001008,66391.27674200063,13008.565217391304
1790298443,40,,Aggregated,0.700000,0.000000,59000,62000,63000,64000,65000,66000,66000,66000,66000,66000,66000,253,0,59000,56588.75724137554,7508.992725001008,66391.27674200063,13008.565217391304
1790298444,40,,Aggregated,0.600000,0.000000,59000,62000,63000,64000,65000,66000,66000,66000,66000,66000,66000,254,0,59000,56608.85304296068,7508.992725001008,66391.27674200063,13011.63779527559
1790298445,40,,Aggregated,0.600000,0.000000,59000,62000,63000,64000,65000,66000,66000,66000,66000,66000,66000,255,0,59000,56644.41118899222,7508.992725001008,66391.27674200063,13021.164705882353
1790298446,40,,Aggregated,0.600000,0.000000,59000,62000,63000,64000,65000,66000,66000,66000,66000,66000,66000,255,0,59000,56644.41118899222,7508.992725001008,66391.27674200063,13021.164705882353
1790298447,40,,Aggregated,0.600000,0.000000,59000,62000,63000,64000,65000,66000,66000,66000,66000,66000,66000,255,0,59000,56644.41118899222,7508.992725001008,66391.27674200063,13021.164705882353
1790298448,40,,Aggregated,0.600000,0.000000,59000,62000,63000,64000,65000,66000,66000,66000,66000,66000,66000,255,0,59000,56644.41118899222,7508.992725001008,66391.27674200063,13021.164705882353
1790298449,40,,Aggregated,0.600000,0.000000,59000,62000,63000,64000,65000,66000,66000,66000,66000,66000,66000,255,0,59000,56644.41118899222,7508.992725001008,66391.27674200063,13021.164705882353
1790298450,40,,Aggregated,0.600000,0.000000,59000,62000,63000,64000,65000,66000,66000,66000,66000,66000,66000,256,0,59000,56528.36353389069,7508.992725001008,66391.27674200063,12999.3359375
1790298451,40,,Aggregated,0.500000,0.000000,59000,62000,63000,64000,65000,66000,66000,66000,66000,66000,66000,257,0,59000,56522.307978533136,7508.992725001008,66391.27674200063,12994.918287937744
1790298452,40,,Aggregated,0.500000,0.000000,59000,62000,63000,64000,65000,66000,66000,66000,66000,66000,66000,257,0,59000,56522.307978533136,7508.992725001008,66391.27674200063,12994.918287937744
1790298453,40,,Aggregated,0.500000,0.000000,59000,62000,63000,64000,65000,66000,66000,66000,66000,66000,66000,257,0,59000,56522.307978533136,7508.992725001008,66391.27674200063,12994.918287937744
1790298454,40,,Aggregated,0.500000,0.000000,59000,62000,63000,64000,65000,66000,66000,66000,66000,66000,66000,257,0,59000,56522.307978533136,7508.992725001008,66391.27674200063,12994.918287937744
1790298455,40,,Aggregated,0.500000,0.000000,59000,62000,63000,64000,65000,66000,66000,66000,66000,66000,66000,257,0,59000,56522.307978533136,7508.992725001008,66391.27674200063,12994.918287937744
1790298456,40,,Aggregated,0.500000,0.000000,59000,62000,63000,64000,65000,66000,66000,66000,66000,66000,66000,257,0,59000,56522.307978533136,7508.992725001008,66391.27674200063,12994.918287937744
1790298457,40,,Aggregated,0.500000,0.000000,59000,62000,63000,64000,65000,66000,66000,66000,66000,66000,66000,257,0,59000,56522.307978533136,7508.992725001008,66391.27674200063,12994.918287937744
1790298458,40,,Aggregated,0.500000,0.000000,59000,62000,63000,64000,65000,66000,66000,66000,66000,66000,66000,257,0,59000,56522.307978533136,7508.992725001008,66391.27674200063,12994.918287937744
1790298459,40,,Aggregated,0.200000,0.000000,59000,62000,63000,64000,65000,66000,66000,66000,66000,66000,66000,258,0,59000,56539.39346708147,7508.992725001008,66391.27674200063,12990.635658914729
1790298460,40,,Aggregated,0.200000,0.000000,59000,62000,63000,64000,65000,66000,66000,66000,66000,66000,66000,258,0,59000,56539.39346708147,7508.992725001008,66391.27674200063,12990.635658914729
1790298461,40,,Aggregated,0.300000,0.000000,59000,62000,63000,64000,65000,66000,66000,66000,66000,66000,66000,259,0,59000,56572.21848356378,7508.992725001008,66391.27674200063,13001.471042471043
1790298462,40,,Aggregated,0.200000,0.000000,59000,62000,63000,64000,65000,66000,66000,66000,66000,66000,66000,260,0,59000,56593.98003242314,7508.992725001008,66391.27674200063,13002.903846153846
1790298463,40,,Aggregated,0.200000,0.000000,59000,62000,63000,64000,65000,66000,66000,66000,66000,66000,66000,261,0,59000,56630.222195551774,7508.992725001008,66391.27674200063,13010.693486590038
1790298464,40,,Aggregated,0.200000,0.000000,59000,62000,63000,64000,65000,66000,66000,66000,66000,66000,66000,262,0,59000,56621.469773690886,7508.992725001008,66391.27674200063,13009.217557251908
1790298465,40,,Aggregated,0.200000,0.000000,59000,62000,63000,64000,65000,66000,66000,66000,66000,66000,66000,263,0,59000,56638.30895448293,7508.992725001008,66391.27674200063,13014.67680608365
1790298466,40,,Aggregated,0.400000,0.000000,59000,62000,63000,64000,65000,66000,66000,66000,66000,66000,66000,265,0,59000,56626.23083596608,7508.992725001008,66391.27674200063,13010.415094339623
1790298467,40,,Aggregated,0.400000,0.000000,59000,62000,63000,64000,65000,66000,66000,66000,66000,66000,66000,265,0,59000,56626.23083596608,7508.992725001008,66391.27674200063,13010.415094339623
1790298468,40,,Aggregated,0.400000,0.000000,59000,62000,63000,64000,65000,66000,66000,66000,66000,66000,66000,265,0,59000,56626.23083596608,7508.992725001008,66391.27674200063,13010.415094339623
1790298469,40,,Aggregated,0.400000,0.000000,59000,62000,63000,64000,65000,66000,66000,66000,66000,66000,66000,265,0,59000,56626.23083596608,7508.992725001008,66391.27674200063,13010.415094339623
1790298470,40,,Aggregated,0.400000,0.000000,59000,62000,63000,64000,65000,66000,66000,66000,66000,66000,66000,265,0,59000,56626.23083596608,7508.992725001008,66391.27674200063,13010.415094339623
1790298471,40,,Aggregated,0.700000,0.000000,59000,62000,63000,64000,65000,66000,66000,66000,66000,66000,66000,266,0,59000,56618.96715177824,7508.992725001008,66391.27674200063,13003.63909774436
1790298472,40,,Aggregated,0.700000,0.000000,59000,62000,63000,64000,65000,66000,66000,66000,66000,66000,66000,267,0,59000,56614.16081853562,7508.992725001008,66391.27674200063,13003.303370786516
1790298473,40,,Aggregated,0.700000,0.000000,59000,62000,63000,64000,65000,66000,66000,66000,66000,66000,66000,269,0,59000,56447.328186208215,7498.322411000117,66391.27674200063,12969.921933085501
1790298474,40,,Aggregated,0.700000,0.000000,59000,62000,63000,64000,65000,66000,66000,66000,66000,66000,66000,270,0,59000,56471.43883062226,7498.322411000117,66391.27674200063,12973.496296296296
1790298475,40,,Aggregated,0.700000,0.000000,59000,62000,63000,64000,65000,66000,66000,66000,66000,66000,66000,272,0,59000,56466.88372723533,7498.322411000117,66391.27674200063,12969.944852941177
1790298476,40,,Aggregated,0.700000,0.000000,59000,62000,63000,64000,65000,66000,66000,66000,66000,66000,66000,272,0,59000,56466.88372723533,7498.322411000117,66391.27674200063,12969.944852941177
1790298477,40,,Aggregated,0.900000,0.000000,59000,62000,63000,64000,65000,66000,66000,66000,66000,66000,66000,276,0,59000,56502.17515859425,7498.322411000117,66391.27674200063,12976.210144927536
1790298478,40,,Aggregated,0.800000,0.000000,59000,62000,63000,64000,65000,66000,66000,66000,66000,66000,66000,278,0,59000,56510.313916230276,7498.322411000117,66391.27674200063,12976.237410071943
1790298479,40,,Aggregated,0.800000,0.000000,59000,62000,63000,64000,65000,66000,66000,66000,66000,66000,66000,278,0,59000,56510.313916230276,7498.322411000117,66391.27674200063,12976.237410071943
1790298480,40,,Aggregated,0.800000,0.000000,59000,62000,63000,64000,65000,66000,66000,66000,66000,66000,66000,278,0,59000,56510.313916230276,7498.322411000117,66391.27674200063,12976.237410071943
1790298481,40,,Aggregated,1.200000,0.000000,59000,62000,63000,64000,65000,66000,66000,66000,66000,66000,66000,280,0,59000,56539.98618639648,7498.322411000117,66391.27674200063,12980.95
1790298482,40,,Aggregated,1.200000,0.000000,59000,62000,63000,64000,65000,66000,66000,66000,66000,66000,66000,280,0,59000,56539.98618639648,7498.322411000117,66391.27674200063,12980.95
1790298483,40,,Aggregated,1.500000,0.000000,59000,62000,63000,64000,65000,66000,66000,66000,66000,66000,66000,281,0,59000,56536.06373485416,7498.322411000117,66391.27674200063,12982.750889679715
1790298484,40,,Aggregated,1.500000,0.000000,59000,62000,63000,64000,65000,66000,66000,66000,66000,66000,66000,281,0,59000,56536.06373485416,7498.322411000117,66391.27674200063,12982.750889679715
1790298485,40,,Aggregated,1.200000,0.000000,59000,62000,63000,64000,65000,66000,66000,66000,66000,66000,66000,282,0,59000,56533.44875367383,7498.322411000117,66391.27674200063,12982.705673758865
1790298486,40,,Aggregated,1.200000,0.000000,59000,62000,63000,64000,65000,66000,66000,66000,66000,66000,66000,284,0,59000,56563.080191236,7498.322411000117,66391.27674200063,12984.704225352112
1790298487,40,,Aggregated,0.900000,0.000000,59000,62000,63000,64000,65000,66000,66000,66000,66000,66000,66000,285,0,59000,56581.30755510183,7498.322411000117,66391.27674200063,12990.82807017544
1790298488,40,,Aggregated,0.900000,0.000000,59000,62000,63000,64000,65000,66000,66000,66000,66000,66000,66000,285,0,59000,56581.30755510183,7498.322411000117,66391.27674200063,12990.82807017544
1790298489,40,,Aggregated,1.000000,0.000000,59000,62000,63000,64000,65000,66000,66000,66000,66000,66000,66000,287,0,59000,56602.62528933108,7498.322411000117,66391.27674200063,13000.087108013937
1790298490,40,,Aggregated,1.000000,0.000000,59000,62000,63000,64000,65000,66000,66000,66000,66000,66000,66000,287,0,59000,56602.62528933108,7498.322411000117,66391.27674200063,13000.087108013937
1790298491,40,,Aggregated,0.800000,0.000000,59000,62000,63000,64000,65000,66000,66000,66000,66000,66000,66000,288,0,59000,56596.17517717715,7498.322411000117,66391.27674200063,13001.826388888889
1790298492,40,,Aggregated,0.800000,0.000000,59000,62000,63000,64000,65000,66000,66000,66000,66000,66000,66000,288,0,59000,56596.17517717715,7498.322411000117,66391.27674200063,13001.826388888889
1790298493,40,,Aggregated,0.800000,0.000000,59000,62000,63000,64000,65000,66000,66000,66000,66000,66000,66000,288,0,59000,56596.17517717715,7498.322411000117,66391.27674200063,13001.826388888889
1790298494,40,,Aggregated,0.800000,0.000000,59000,62000,63000,64000,65000,66000,66000,66000,66000,66000,66000,289,0,59000,56597.15678283745,7498.322411000117,66391.27674200063,12999.678200692042
1790298495,40,,Aggregated,0.800000,0.000000,59000,62000,63000,64000,65000,66000,66000,66000,66000,66000,66000,291,0,59000,56590.60266769422,7498.322411000117,66391.27674200063,12999.350515463917
1790298496,40,,Aggregated,0.700000,0.000000,59000,62000,63000,64000,65000,66000,66000,66000,66000,66000,66000,292,0,59000,56616.669712198694,7498.322411000117,66391.27674200063,12999.952054794521
1790298497,40,,Aggregated,0.700000,0.000000,59000,62000,63000,64000,65000,66000,66000,66000,66000,66000,66000,292,0,59000,56616.669712198694,7498.322411000117,66391.27674200063,12999.952054794521
1790298498,40,,Aggregated,0.700000,0.000000,59000,62000,63000,64000,65000,66000,66000,66000,66000,66000,66000,292,0,59000,56616.669712198694,7498.322411000117,66391.27674200063,12999.952054794521
1790298499,40,,Aggregated,0.700000,0.000000,59000,62000,63000,64000,65000,66000,66000,66000,66000,66000,66000,292,0,59000,56616.669712198694,7498.322411000117,66391.27674200063,12999.952054794521
1790298500,40,,Aggregated,0.700000,0.000000,59000,62000,63000,64000,65000,66000,66000,66000,66000,66000,66000,292,0,59000,56616.669712198694,7498.322411000117,66391.27674200063,12999.952054794521
1790298501,40,,Aggregated,0.700000,0.000000,59000,62000,63000,64000,65000,66000,66000,66000,66000,66000,66000,292,0,59000,56616.669712198694,7498.322411000117,66391.27674200063,12999.952054794521
1790298502,40,,Aggregated,0.500000,0.000000,59000,62000,63000,64000,65000,66000,66000,66000,66000,66000,66000,293,0,59000,56615.853570706546,7498.322411000117,66391.27674200063,13000.587030716724
1790298503,40,,Aggregated,0.400000,0.000000,59000,62000,63000,64000,65000,66000,66000,66000,66000,66000,66000,294,0,59000,56617.78174277557,7498.322411000117,66391.27674200063,13000.149659863946
1790298504,40,,Aggregated,0.400000,0.000000,59000,62000,63000,64000,65000,66000,66000,66000,66000,66000,66000,295,0,59000,56643.64231492888,7498.322411000117,66391.27674200063,13006.88813559322
1790298505,40,,Aggregated,0.500000,0.000000,59000,62000,63000,64000,65000,66000,66000,66000,66000,66000,66000,296,0,59000,56636.90059244263,7498.322411000117,66391.27674200063,13010.75
1790298506,40,,Aggregated,0.500000,0.000000,59000,62000,63000,64000,65000,66000,66000,66000,66000,66000,66000,296,0,59000,56636.90059244263,7498.322411000117,66391.27674200063,13010.75
1790298507,40,,Aggregated,0.500000,0.000000,59000,62000,63000,64000,65000,66000,66000,66000,66000,66000,66000,296,0,59000,56636.90059244263,7498.322411000117,66391.27674200063,13010.75
1790298508,40,,Aggregated,0.500000,0.000000,59000,62000,63000,64000,65000,66000,66000,66000,66000,66000,66000,298,0,59000,56666.51049147994,7498.322411000117,66391.27674200063,13017.697986577181
1790298509,40,,Aggregated,0.500000,0.000000,59000,62000,63000,64000,65000,66000,66000,66000,66000,66000,66000,298,0,59000,56666.51049147994,7498.322411000117,66391.27674200063,13017.697986577181
1790298510,40,,Aggregated,0.500000,0.000000,59000,62000,63000,64000,65000,66000,66000,66000,66000,66000,66000,298,0,59000,56666.51049147994,7498.322411000117,66391.27674200063,13017.697986577181
1790298511,40,,Aggregated,0.500000,0.000000,59000,62000,63000,64000,65000,66000,66000,66000,66000,66000,66000,298,0,59000,56666.51049147994,7498.322411000117,66391.27674200063,13017.697986577181
1790298512,40,,Aggregated,0.500000,0.000000,59000,62000,63000,64000,65000,66000,66000,66000,66000,66000,66000,298,0,59000,56666.51049147994,7498.322411000117,66391.27674200063,13017.697986577181
1790298513,40,,Aggregated,0.500000,0.000000,59000,62000,63000,64000,65000,66000,66000,66000,66000,66000,66000,298,0,59000,56666.51049147994,7498.322411000117,66391.27674200063,13017.697986577181
1790298514,40,,Aggregated,0.500000,0.000000,59000,62000,63000,64000,65000,66000,66000,66000,66000,66000,66000,298,0,59000,56666.51049147994,7498.322411000117,66391.27674200063,13017.697986577181
1790298515,40,,Aggregated,0.500000,0.000000,59000,62000,63000,64000,65000,66000,66000,66000,66000,66000,66000,299,0,59000,56538.33211811378,7498.322411000117,66391.27674200063,12991.99331103679
1790298516,40,,Aggregated,0.300000,0.000000,59000,62000,63000,64000,65000,66000,66000,66000,66000,66000,66000,300,0,59000,56536.57681152673,7498.322411000117,66391.27674200063,12992.573333333334
1790298517,40,,Aggregated,0.300000,0.000000,59000,62000,63000,64000,65000,66000,66000,66000,66000,66000,66000,300,0,59000,56536.57681152673,7498.322411000117,66391.27674200063,12992.573333333334
1790298518,40,,Aggregated,0.300000,0.000000,59000,62000,63000,64000,65000,66000,66000,66000,66000,66000,66000,300,0,59000,56536.57681152673,7498.322411000117,66391.27674200063,12992.573333333334
1790298519,40,,Aggregated,0.400000,0.000000,59000,61000,63000,64000,65000,66000,66000,66000,66000,66000,66000,301,0,59000,56395.899049697735,7498.322411000117,66391.27674200063,12963.740863787376
1790298520,40,,Aggregated,0.400000,0.000000,59000,61000,63000,64000,65000,66000,66000,66000,66000,66000,66000,301,0,59000,56395.899049697735,7498.322411000117,66391.27674200063,12963.740863787376
1790298521,40,,Aggregated,0.400000,0.000000,59000,61000,63000,64000,65000,66000,66000,66000,66000,66000,66000,301,0,59000,56395.899049697735,7498.322411000117,66391.27674200063,12963.740863787376
1790298522,40,,Aggregated,0.400000,0.000000,59000,61000,63000,64000,65000,66000,66000,66000,66000,66000,66000,301,0,59000,56395.899049697735,7498.322411000117,66391.27674200063,12963.740863787376
1790298523,40,,Aggregated,0.300000,0.000000,59000,61000,63000,64000,65000,66000,66000,66000,66000,66000,66000,302,0,59000,56395.13231863914,7498.322411000117,66391.27674200063,12964.513245033113
1790298524,40,,Aggregated,0.300000,0.000000,59000,61000,63000,64000,65000,66000,66000,66000,66000,66000,66000,304,0,59000,56418.75695547046,7498.322411000117,66391.27674200063,12968.322368421053
1790298525,40,,Aggregated,0.300000,0.000000,59000,61000,63000,64000,65000,66000,66000,66000,66000,66000,66000,304,0,59000,56418.75695547046,7498.322411000117,66391.27674200063,12968.322368421053
1790298526,40,,Aggregated,0.300000,0.000000,59000,61000,63000,64000,65000,66000,66000,66000,66000,66000,66000,304,0,59000,56418.75695547046,7498.322411000117,66391.27674200063,12968.322368421053
1790298527,40,,Aggregated,0.500000,0.000000,59000,61000,63000,64000,65000,66000,66000,66000,66000,66000,66000,305,0,59000,56444.57785507221,7498.322411000117,66391.27674200063,12972.045901639343
1790298528,40,,Aggregated,0.500000,0.000000,59000,61000,63000,64000,65000,66000,66000,66000,66000,66000,66000,305,0,59000,56444.57785507221,7498.322411000117,66391.27674200063,12972.045901639343
1790298529,40,,Aggregated,0.500000,0.000000,59000,61000,63000,64000,65000,66000,66000,66000,66000,66000,66000,306,0,59000,56442.566081722296,7498.322411000117,66391.27674200063,12969.725490196079
1790298530,40,,Aggregated,0.500000,0.000000,59000,61000,63000,64000,65000,66000,66000,66000,66000,66000,66000,307,0,59000,56436.481449270446,7498.322411000117,66391.27674200063,12969.156351791531
1790298531,40,,Aggregated,0.500000,0.000000,59000,61000,63000,64000,65000,66000,66000,66000,66000,66000,66000,308,0,59000,56431.75097871437,7498.322411000117,66391.27674200063,12966.09090909091
1790298532,40,,Aggregated,0.500000,0.000000,59000,61000,63000,64000,65000,66000,66000,66000,66000,66000,66000,309,0,59000,56441.9793348221,7498.322411000117,66391.27674200063,12964.663430420713
1790298533,40,,Aggregated,0.600000,0.000000,59000,61000,63000,64000,65000,66000,66000,66000,66000,66000,66000,311,0,59000,56502.883045430965,7498.322411000117,66391.27674200063,12977.29581993569
1790298534,40,,Aggregated,0.600000,0.000000,59000,61000,63000,64000,65000,66000,66000,66000,66000,66000,66000,311,0,59000,56502.883045430965,7498.322411000117,66391.27674200063,12977.29581993569
1790298535,40,,Aggregated,0.800000,0.000000,59000,61000,63000,64000,65000,66000,66000,66000,66000,66000,66000,312,0,59000,56505.56256424688,7498.322411000117,66391.27674200063,12975.676282051281
1790298536,40,,Aggregated,0.800000,0.000000,59000,61000,63000,64000,65000,66000,66000,66000,66000,66000,66000,316,0,59000,56547.48111550325,7498.322411000117,66391.27674200063,12988.939873417721
1790298537,40,,Aggregated,0.800000,0.000000,59000,61000,63000,64000,65000,66000,66000,66000,66000,66000,66000,316,0,59000,56547.48111550325,7498.322411000117,66391.27674200063,12988.939873417721
1790298538,40,,Aggregated,0.800000,0.000000,59000,61000,63000,64000,65000,66000,66000,66000,66000,66000,66000,316,0,59000,56547.48111550325,7498.322411000117,66391.27674200063,12988.939873417721
1790298539,40,,Aggregated,1.100000,0.000000,59000,61000,63000,64000,65000,66000,66000,66000,66000,66000,66000,319,0,59000,56575.69693701577,7498.322411000117,66391.27674200063,12988.514106583072
1790298540,40,,Aggregated,1.100000,0.000000,59000,61000,63000,64000,65000,66000,66000,66000,66000,66000,66000,319,0,59000,56575.69693701577,7498.322411000117,66391.27674200063,12988.514106583072
1790298541,40,,Aggregated,1.100000,0.000000,59000,61000,63000,64000,65000,66000,66000,66000,66000,66000,66000,319,0,59000,56575.69693701577,7498.322411000117,66391.27674200063,12988.514106583072
1790298543,40,,Aggregated,1.100000,0.000000,59000,61000,63000,64000,65000,66000,66000,66000,66000,66000,66000,319,0,59000,56575.69693701577,7498.322411000117,66391.27674200063,12988.514106583072
1790298544,40,,Aggregated,1.100000,0.000000,59000,61000,63000,64000,65000,66000,66000,66000,66000,66000,66000,319,0,59000,56575.69693701577,7498.322411000117,66391.27674200063,12988.514106583072
1790298545,40,,Aggregated,1.100000,0.000000,59000,62000,63000,64000,65000,66000,66000,66000,66000,66000,66000,323,0,59000,56632.860889532596,7498.322411000117,66429.89846300043,12998.600619195047
1790298546,40,,Aggregated,1.000000,0.000000,59000,61000,63000,64000,65000,66000,66000,66000,66000,66000,66000,324,0,59000,56635.93456215132,7498.322411000117,66429.89846300043,12999.475308641975
1790298547,40,,Aggregated,0.800000,0.000000,59000,62000,63000,64000,65000,66000,66000,66000,66000,66000,66000,325,0,59000,56660.253506249304,7498.322411000117,66429.89846300043,13002.892307692307
1790298548,40,,Aggregated,0.800000,0.000000,59000,62000,63000,64000,65000,66000,66000,66000,66000,66000,66000,325,0,59000,56660.253506249304,7498.322411000117,66429.89846300043,13002.892307692307
1790298549,40,,Aggregated,1.200000,0.000000,59000,62000,63000,64000,65000,66000,66000,66000,66000,66000,66000,328,0,59000,56701.30789794824,7498.322411000117,66429.89846300043,13009.07012195122
1790298550,40,,Aggregated,0.900000,0.000000,59000,62000,63000,64000,65000,66000,66000,66000,66000,66000,66000,329,0,59000,56708.12474455022,7498.322411000117,66429.89846300043,13013.395136778116
1790298551,40,,Aggregated,0.900000,0.000000,59000,62000,63000,64000,65000,66000,66000,66000,66000,66000,66000,329,0,59000,56708.12474455022,7498.322411000117,66429.89846300043,13013.395136778116
1790298552,40,,Aggregated,0.900000,0.000000,59000,62000,63000,64000,65000,66000,66000,66000,66000,66000,66000,329,0,59000,56708.12474455022,7498.322411000117,66429.89846300043,13013.395136778116
1790298553,40,,Aggregated,0.900000,0.000000,59000,62000,63000,64000,65000,66000,66000,66000,66000,66000,66000,329,0,59000,56708.12474455022,7498.322411000117,66429.89846300043,13013.395136778116
1790298554,40,,Aggregated,0.900000,0.000000,59000,62000,63000,64000,65000,66000,66000,66000,66000,66000,66000,329,0,59000,56708.12474455022,7498.322411000117,66429.89846300043,13013.395136778116
1790298555,40,,Aggregated,0.900000,0.000000,59000,62000,63000,64000,65000,66000,66000,66000,66000,66000,66000,329,0,59000,56708.12474455022,7498.322411000117,66429.89846300043,13013.395136778116
1790298556,40,,Aggregated,0.900000,0.000000,59000,62000,63000,64000,65000,66000,66000,66000,66000,66000,66000,329,0,59000,56708.12474455022,7498.322411000117,66429.89846300043,13013.395136778116
1790298557,40,,Aggregated,1.000000,0.000000,59000,62000,63000,64000,65000,66000,66000,66000,66000,66000,66000,330,0,59000,56729.19617547582,7498.322411000117,66429.89846300043,13016.833333333334
1790298558,40,,Aggregated,0.600000,0.000000,59000,62000,63000,64000,65000,66000,66000,66000,66000,66000,66000,332,0,59000,56734.12938164162,7498.322411000117,66429.89846300043,13019.774096385541
1790298559,40,,Aggregated,0.600000,0.000000,59000,62000,63000,64000,65000,66000,66000,66000,66000,66000,66000,332,0,59000,56734.12938164162,7498.322411000117,66429.89846300043,13019.774096385541
1790298560,40,,Aggregated,0.600000,0.000000,59000,62000,63000,64000,65000,66000,66000,66000,66000,66000,66000,332,0,59000,56734.12938164162,7498.322411000117,66429.89846300043,13019.774096385541
1790298561,40,,Aggregated,0.600000,0.000000,59000,62000,63000,64000,65000,66000,66000,66000,66000,66000,66000,332,0,59000,56734.12938164162,7498.322411000117,66429.89846300043,13019.774096385541
1790298562,40,,Aggregated,0.400000,0.000000,59000,62000,63000,64000,65000,66000,66000,66000,66000,66000,66000,333,0,59000,56756.815515985036,7498.322411000117,66429.89846300043,13023.75075075075
1790298563,40,,Aggregated,0.300000,0.000000,59000,62000,63000,64000,65000,66000,66000,66000,66000,66000,66000,335,0,59000,56770.423752994066,7498.322411000117,66429.89846300043,13026.367164179104
1790298564,40,,Aggregated,0.300000,0.000000,59000,62000,63000,64000,65000,66000,66000,66000,66000,66000,66000,335,0,59000,56770.423752994066,7498.322411000117,66429.89846300043,13026.367164179104
1790298565,40,,Aggregated,0.300000,0.000000,59000,62000,63000,64000,65000,66000,66000,66000,66000,66000,66000,335,0,59000,56770.423752994066,7498.322411000117,66429.89846300043,13026.367164179104
1790298566,40,,Aggregated,0.600000,0.000000,59000,62000,63000,64000,65000,66000,66000,66000,66000,66000,66000,336,0,59000,56765.95286102981,7498.322411000117,66429.89846300043,13028.300595238095
1790298567,40,,Aggregated,0.600000,0.000000,59000,62000,63000,64000,65000,66000,66000,66000,66000,66000,66000,337,0,59000,56683.58691286355,7498.322411000117,66429.89846300043,13010.80415430267
1790298568,40,,Aggregated,0.600000,0.000000,59000,62000,63000,64000,65000,66000,66000,66000,66000,66000,66000,337,0,59000,56683.58691286355,7498.322411000117,66429.89846300043,13010.80415430267
1790298569,40,,Aggregated,0.700000,0.000000,59000,62000,63000,64000,65000,66000,66000,66000,66000,66000,66000,339,0,59000,56719.64675353987,7498.322411000117,66429.89846300043,13017.581120943953
1790298570,40,,Aggregated,0.700000,0.000000,59000,62000,63000,64000,65000,66000,66000,66000,66000,66000,66000,339,0,59000,56719.64675353987,7498.322411000117,66429.89846300043,13017.581120943953
1790298571,40,,Aggregated,0.500000,0.000000,59000,62000,63000,64000,65000,66000,66000,66000,66000,66000,66000,340,0,59000,56612.782315879456,7498.322411000117,66429.89846300043,12994.938235294117
1790298572,40,,Aggregated,0.500000,0.000000,59000,62000,63000,64000,65000,66000,66000,66000,66000,66000,66000,340,0,59000,56612.782315879456,7498.322411000117,66429.89846300043,12994.938235294117
1790298573,40,,Aggregated,0.500000,0.000000,59000,62000,63000,64000,65000,66000,66000,66000,66000,66000,66000,340,0,59000,56612.782315879456,7498.322411000117,66429.89846300043,12994.938235294117
1790298574,40,,Aggregated,0.500000,0.000000,59000,62000,63000,64000,65000,66000,66000,66000,66000,66000,66000,340,0,59000,56612.782315879456,7498.322411000117,66429.89846300043,12994.938235294117
1790298575,40,,Aggregated,0.500000,0.000000,59000,62000,63000,64000,65000,66000,66000,66000,66000,66000,66000,340,0,59000,56612.782315879456,7498.322411000117,66429.89846300043,12994.938235294117
1790298576,40,,Aggregated,0.500000,0.000000,59000,62000,63000,64000,65000,66000,66000,66000,66000,66000,66000,340,0,59000,56612.782315879456,7498.322411000117,66429.89846300043,12994.938235294117
1790298577,40,,Aggregated,0.500000,0.000000,59000,62000,63000,64000,65000,66000,66000,66000,66000,66000,66000,340,0,59000,56612.782315879456,7498.322411000117,66429.89846300043,12994.938235294117
1790298578,40,,Aggregated,0.500000,0.000000,59000,62000,63000,64000,65000,66000,66000,66000,66000,66000,66000,340,0,59000,56612.782315879456,7498.322411000117,66429.89846300043,12994.938235294117
1790298579,40,,Aggregated,0.500000,0.000000,59000,62000,63000,64000,65000,66000,66000,66000,66000,66000,66000,340,0,59000,56612.782315879456,7498.322411000117,66429.89846300043,12994.938235294117
1790298580,40,,Aggregated,0.300000,0.000000,59000,62000,63000,64000,65000,66000,66000,66000,66000,66000,66000,342,0,59000,56624.693712000044,7498.322411000117,66429.89846300043,12999.880116959064
1790298581,40,,Aggregated,0.100000,0.000000,59000,62000,63000,64000,65000,66000,66000,66000,66000,66000,66000,343,0,59000,56643.670461151654,7498.322411000117,66429.89846300043,13006.848396501458
1790298582,40,,Aggregated,0.100000,0.000000,59000,62000,63000,64000,65000,66000,66000,66000,66000,66000,66000,344,0,59000,56643.18465344191,7498.322411000117,66429.89846300043,13007.982558139534
1790298583,40,,Aggregated,0.100000,0.000000,59000,62000,63000,64000,65000,66000,66000,66000,66000,66000,66000,344,0,59000,56643.18465344191,7498.322411000117,66429.89846300043,13007.982558139534
1790298584,40,,Aggregated,0.100000,0.000000,59000,62000,63000,64000,65000,66000,66000,66000,66000,66000,66000,344,0,59000,56643.18465344191,7498.322411000117,66429.89846300043,13007.982558139534
1790298585,40,,Aggregated,0.100000,0.000000,59000,62000,63000,64000,65000,66000,66000,66000,66000,66000,66000,344,0,59000,56643.18465344191,7498.322411000117,66429.89846300043,13007.982558139534
1790298586,40,,Aggregated,0.400000,0.000000,59000,62000,63000,64000,65000,66000,66000,66000,66000,66000,66000,345,0,59000,56664.00929313338,7498.322411000117,66429.89846300043,13014.266666666666
1790298587,40,,Aggregated,0.400000,0.000000,59000,62000,63000,64000,65000,66000,66000,66000,66000,66000,66000,345,0,59000,56664.00929313338,7498.322411000117,66429.89846300043,13014.266666666666
1790298588,40,,Aggregated,0.400000,0.000000,59000,62000,63000,64000,65000,66000,66000,66000,66000,66000,66000,345,0,59000,56664.00929313338,7498.322411000117,66429.89846300043,13014.266666666666
1790298589,40,,Aggregated,0.400000,0.000000,59000,62000,63000,64000,65000,66000,66000,66000,66000,66000,66000,345,0,59000,56664.00929313338,7498.322411000117,66429.89846300043,13014.266666666666
1790298590,40,,Aggregated,0.500000,0.000000,59000,62000,63000,64000,65000,66000,66000,66000,66000,66000,66000,346,0,59000,56665.346732028935,7498.322411000117,66429.89846300043,13014.621387283238
1790298591,40,,Aggregated,0.500000,0.000000,59000,62000,63000,64000,65000,66000,66000,66000,66000,66000,66000,346,0,59000,56665.346732028935,7498.322411000117,66429.89846300043,13014.621387283238
1790298592,40,,Aggregated,0.500000,0.000000,59000,62000,63000,64000,65000,66000,66000,66000,66000,66000,66000,349,0,59000,56687.39184717196,7498.322411000117,66429.89846300043,13020.160458452721
1790298593,40,,Aggregated,0.400000,0.000000,59000,62000,63000,64000,65000,66000,66000,66000,66000,66000,66000,350,0,59000,56680.86882387717,7498.322411000117,66429.89846300043,13017.382857142857
1790298594,40,,Aggregated,0.400000,0.000000,59000,62000,63000,64000,65000,66000,66000,66000,66000,66000,66000,353,0,59000,56733.886519068,7498.322411000117,66429.89846300043,13032.045325779036
1790298595,40,,Aggregated,0.400000,0.000000,59000,62000,63000,64000,65000,66000,66000,66000,66000,66000,66000,353,0,59000,56733.886519068,7498.322411000117,66429.89846300043,13032.045325779036
1790298596,40,,Aggregated,0.900000,0.000000,59000,62000,63000,64000,65000,66000,66000,66000,66000,66000,66000,354,0,59000,56738.53713229379,7498.322411000117,66429.89846300043,13032.870056497175
1790298597,40,,Aggregated,0.900000,0.000000,59000,62000,63000,64000,65000,66000,66000,66000,66000,66000,66000,355,0,59000,56734.69515392395,7498.322411000117,66429.89846300043,13032.50985915493
1790298598,40,,Aggregated,0.800000,0.000000,59000,62000,63000,64000,65000,66000,66000,66000,66000,66000,66000,357,0,59000,56746.74943965828,7498.322411000117,66429.89846300043,13037.81512605042
1790298599,40,,Aggregated,0.800000,0.000000,59000,62000,63000,64000,65000,66000,66000,66000,66000,66000,66000,357,0,59000,56746.74943965828,7498.322411000117,66429.89846300043,13037.81512605042
1790298600,40,,Aggregated,1.000000,0.000000,59000,62000,63000,64000,65000,66000,66000,66000,66000,66000,66000,359,0,59000,56795.192313835665,7498.322411000117,66429.89846300043,13049.462395543176
1790298601,40,,Aggregated,1.200000,0.000000,59000,62000,63000,64000,65000,66000,66000,66000,66000,66000,66000,360,0,59000,56792.11569763612,7498.322411000117,66429.89846300043,13048.825
1790298602,40,,Aggregated,1.200000,0.000000,59000,62000,63000,64000,65000,66000,66000,66000,66000,66000,66000,360,0,59000,56792.11569763612,7498.322411000117,66429.89846300043,13048.825
1790298603,40,,Aggregated,1.300000,0.000000,59000,62000,63000,64000,65000,66000,66000,66000,66000,66000,66000,362,0,59000,56695.86447382875,7498.322411000117,66429.89846300043,13029.756906077348
1790298604,40,,Aggregated,1.300000,0.000000,59000,62000,63000,64000,65000,66000,66000,66000,66000,66000,66000,362,0,59000,56695.86447382875,7498.322411000117,66429.89846300043,13029.756906077348
1790298605,40,,Aggregated,1.000000,0.000000,59000,62000,63000,64000,65000,66000,66000,66000,66000,66000,66000,363,0,59000,56696.464530355384,7498.322411000117,66429.89846300043,13026.528925619834
1790298606,40,,Aggregated,0.900000,0.000000,59000,62000,63000,64000,65000,66000,66000,66000,66000,66000,66000,364,0,59000,56608.4917574643,7498.322411000117,66429.89846300043,13010.016483516483
1790298607,40,,Aggregated,0.900000,0.000000,59000,62000,63000,64000,65000,66000,66000,66000,66000,66000,66000,365,0,59000,56619.49666735892,7498.322411000117,66429.89846300043,13013.172602739725
1790298608,40,,Aggregated,1.000000,0.000000,59000,62000,63000,64000,65000,66000,66000,66000,66000,66000,66000,368,0,59000,56654.64107330166,7498.322411000117,66429.89846300043,13022.58695652174
1790298609,40,,Aggregated,1.000000,0.000000,59000,62000,63000,64000,65000,66000,66000,66000,66000,66000,66000,368,0,59000,56654.64107330166,7498.322411000117,66429.89846300043,13022.58695652174
1790298610,40,,Aggregated,1.000000,0.000000,59000,62000,63000,64000,65000,66000,66000,66000,66000,66000,66000,368,0,59000,56654.64107330166,7498.322411000117,66429.89846300043,13022.58695652174
1790298611,40,,Aggregated,1.100000,0.000000,59000,62000,63000,64000,65000,66000,66000,66000,66000,66000,66000,369,0,59000,56667.64431086452,7498.322411000117,66429.89846300043,13024.368563685637
1790298612,40,,Aggregated,1.100000,0.000000,59000,62000,63000,64000,65000,66000,66000,66000,66000,66000,66000,369,0,59000,56667.64431086452,7498.322411000117,66429.89846300043,13024.368563685637
1790298613,40,,Aggregated,1.000000,0.000000,59000,62000,63000,64000,65000,66000,66000,66000,66000,66000,66000,371,0,59000,56707.759383851786,7498.322411000117,66429.89846300043,13035.296495956873
1790298614,40,,Aggregated,1.000000,0.000000,59000,62000,63000,64000,65000,66000,66000,66000,66000,66000,66000,371,0,59000,56707.759383851786,7498.322411000117,66429.89846300043,13035.296495956873
1790298615,40,,Aggregated,1.000000,0.000000,59000,62000,63000,64000,65000,66000,66000,66000,66000,66000,66000,371,0,59000,56707.759383851786,7498.322411000117,66429.89846300043,13035.296495956873
1790298616,40,,Aggregated,1.000000,0.000000,59000,62000,63000,64000,65000,66000,66000,66000,66000,66000,66000,371,0,59000,56707.759383851786,7498.322411000117,66429.89846300043,13035.296495956873
1790298617,40,,Aggregated,1.000000,0.000000,59000,62000,63000,64000,65000,66000,66000,66000,66000,66000,66000,371,0,59000,56707.759383851786,7498.322411000117,66429.89846300043,13035.296495956873
1790298618,40,,Aggregated,0.800000,0.000000,59000,62000,63000,64000,65000,66000,66000,66000,66000,66000,66000,372,0,59000,56704.685552965086,7498.322411000117,66429.89846300043,13034.427419354839
1790298619,40,,Aggregated,0.800000,0.000000,59000,62000,63000,64000,65000,66000,66000,66000,66000,66000,66000,372,0,59000,56704.685552965086,7498.322411000117,66429.89846300043,13034.427419354839
1790298620,40,,Aggregated,0.500000,0.000000,59000,62000,63000,64000,65000,66000,66000,66000,66000,66000,66000,374,0,59000,56716.69980775136,7498.322411000117,66429.89846300043,13039.55614973262
1790298621,40,,Aggregated,0.400000,0.000000,59000,62000,63000,64000,65000,66000,66000,66000,66000,66000,66000,375,0,59000,56730.770239322694,7498.322411000117,66429.89846300043,13040.192
1790298622,40,,Aggregated,0.400000,0.000000,59000,62000,63000,64000,65000,66000,66000,66000,66000,66000,66000,376,0,59000,56626.591617500024,7498.322411000117,66429.89846300043,13019.26329787234
1790298623,40,,Aggregated,0.500000,0.000000,59000,62000,63000,64000,65000,66000,66000,66000,66000,66000,66000,377,0,59000,56651.18600192575,7498.322411000117,66429.89846300043,13025.392572944296
1790298624,40,,Aggregated,0.700000,0.000000,59000,62000,63000,64000,65000,66000,66000,66000,66000,66000,66000,379,0,59000,56656.693960443285,7498.322411000117,66429.89846300043,13023.984168865436
1790298625,40,,Aggregated,0.700000,0.000000,59000,62000,63000,64000,65000,66000,66000,66000,66000,66000,66000,379,0,59000,56656.693960443285,7498.322411000117,66429.89846300043,13023.984168865436
1790298626,40,,Aggregated,0.700000,0.000000,59000,62000,63000,64000,65000,66000,66000,66000,66000,66000,66000,379,0,59000,56656.693960443285,7498.322411000117,66429.89846300043,13023.984168865436
1790298627,40,,Aggregated,0.700000,0.000000,59000,62000,63000,64000,65000,66000,66000,66000,66000,66000,66000,379,0,59000,56656.693960443285,7498.322411000117,66429.89846300043,13023.984168865436
1790298628,40,,Aggregated,0.700000,0.000000,59000,62000,63000,64000,65000,66000,66000,66000,66000,66000,66000,379,0,59000,56656.693960443285,7498.322411000117,66429.89846300043,13023.984168865436
1790298629,40,,Aggregated,0.700000,0.000000,59000,62000,63000,64000,65000,66000,66000,66000,66000,66000,66000,379,0,59000,56656.693960443285,7498.322411000117,66429.89846300043,13023.984168865436
1790298630,40,,Aggregated,0.800000,0.000000,59000,62000,63000,64000,65000,66000,66000,66000,66000,66000,66000,380,0,59000,56665.55149283686,7498.322411000117,66429.89846300043,13025.942105263159
1790298631,40,,Aggregated,0.800000,0.000000,59000,62000,63000,64000,65000,66000,66000,66000,66000,66000,66000,380,0,59000,56665.55149283686,7498.322411000117,66429.89846300043,13025.942105263159
1790298632,40,,Aggregated,0.700000,0.000000,59000,62000,63000,64000,65000,66000,66000,66000,66000,66000,66000,381,0,59000,56687.707678099745,7498.322411000117,66429.89846300043,13029.351706036745
1790298633,40,,Aggregated,0.800000,0.000000,59000,62000,63000,64000,65000,66000,66000,66000,66000,66000,66000,382,0,59000,56701.46662104713,7498.322411000117,66429.89846300043,13025.706806282722
1790298634,40,,Aggregated,0.800000,0.000000,59000,62000,63000,64000,65000,66000,66000,66000,66000,66000,66000,382,0,59000,56701.46662104713,7498.322411000117,66429.89846300043,13025.706806282722
1790298635,40,,Aggregated,0.800000,0.000000,59000,62000,63000,64000,65000,66000,66000,66000,66000,66000,66000,382,0,59000,56701.46662104713,7498.322411000117,66429.89846300043,13025.706806282722
1790298636,40,,Aggregated,0.800000,0.000000,59000,62000,63000,64000,65000,66000,66000,66000,66000,66000,66000,382,0,59000,56701.46662104713,7498.322411000117,66429.89846300043,13025.706806282722
1790298637,40,,Aggregated,0.800000,0.000000,59000,62000,63000,64000,65000,66000,66000,66000,66000,66000,66000,382,0,59000,56701.46662104713,7498.322411000117,66429.89846300043,13025.706806282722
1790298638,40,,Aggregated,0.300000,0.000000,59000,62000,63000,64000,65000,66000,66000,66000,66000,66000,66000,384,0,59000,56723.51677715887,7498.322411000117,66429.89846300043,13022.890625
1790298639,40,,Aggregated,0.300000,0.000000,59000,62000,63000,64000,65000,66000,66000,66000,66000,66000,66000,384,0,59000,56723.51677715887,7498.322411000117,66429.89846300043,13022.890625
1790298640,40,,Aggregated,0.300000,0.000000,59000,62000,63000,64000,65000,66000,66000,66000,66000,66000,66000,384,0,59000,56723.51677715887,7498.322411000117,66429.89846300043,13022.890625
1790298641,40,,Aggregated,0.300000,0.000000,59000,62000,63000,64000,65000,66000,66000,66000,66000,66000,66000,384,0,59000,56723.51677715887,7498.322411000117,66429.89846300043,13022.890625
1790298642,40,,Aggregated,0.400000,0.000000,59000,62000,63000,64000,65000,66000,66000,66000,66000,66000,66000,385,0,59000,56660.59428477404,7498.322411000117,66429.89846300043,13011.17922077922
1790298643,40,,Aggregated,0.400000,0.000000,59000,62000,63000,64000,65000,66000,66000,66000,66000,66000,66000,385,0,59000,56660.59428477404,7498.322411000117,66429.89846300043,13011.17922077922
1790298644,40,,Aggregated,0.400000,0.000000,59000,62000,63000,64000,65000,66000,66000,66000,66000,66000,66000,385,0,59000,56660.59428477404,7498.322411000117,66429.89846300043,13011.17922077922
1790298645,40,,Aggregated,0.400000,0.000000,59000,62000,63000,64000,65000,66000,66000,66000,66000,66000,66000,385,0,59000,56660.59428477404,7498.322411000117,66429.89846300043,13011.17922077922
1790298646,40,,Aggregated,0.400000,0.000000,59000,62000,63000,64000,65000,66000,66000,66000,66000,66000,66000,385,0,59000,56660.59428477404,7498.322411000117,66429.89846300043,13011.17922077922
1790298647,40,,Aggregated,0.300000,0.000000,59000,62000,63000,64000,65000,66000,66000,66000,66000,66000,66000,386,0,59000,56683.35788750778,7498.322411000117,66429.89846300043,13015.222797927461
1790298648,40,,Aggregated,0.300000,0.000000,59000,62000,63000,64000,65000,66000,66000,66000,66000,66000,66000,388,0,59000,56619.41351722423,7498.322411000117,66429.89846300043,13000.396907216495
1790298649,40,,Aggregated,0.300000,0.000000,59000,62000,63000,64000,65000,66000,66000,66000,66000,66000,66000,388,0,59000,56619.41351722423,7498.322411000117,66429.89846300043,13000.396907216495
1790298650,40,,Aggregated,0.400000,0.000000,59000,62000,63000,64000,65000,66000,66000,66000,66000,66000,66000,389,0,59000,56620.86740171209,7498.322411000117,66429.89846300043,13004.77377892031
1790298651,40,,Aggregated,0.400000,0.000000,59000,62000,63000,64000,65000,66000,66000,66000,66000,66000,66000,389,0,59000,56620.86740171209,7498.322411000117,66429.89846300043,13004.77377892031
1790298652,40,,Aggregated,0.400000,0.000000,59000,62000,63000,64000,65000,66000,66000,66000,66000,66000,66000,389,0,59000,56620.86740171209,7498.322411000117,66429.89846300043,13004.77377892031
1790298653,40,,Aggregated,0.500000,0.000000,59000,62000,63000,64000,65000,66000,66000,66000,66000,66000,66000,390,0,59000,56624.87605641795,7498.322411000117,66429.89846300043,13003.494871794872
1790298654,40,,Aggregated,0.500000,0.000000,59000,62000,63000,64000,65000,66000,66000,66000,66000,66000,66000,391,0,59000,56641.951561166235,7498.322411000117,66429.89846300043,13007.570332480818
1790298655,40,,Aggregated,0.400000,0.000000,59000,62000,63000,64000,65000,66000,66000,66000,66000,66000,66000,393,0,59000,56656.38220837914,7498.322411000117,66429.89846300043,13012.638676844783
1790298656,40,,Aggregated,0.500000,0.000000,59000,62000,63000,64000,65000,66000,66000,66000,66000,66000,66000,396,0,59000,56588.55071423991,7498.322411000117,66429.89846300043,13001.467171717171
1790298657,40,,Aggregated,0.700000,0.000000,59000,62000,63000,64000,65000,66000,66000,66000,66000,66000,66000,398,0,59000,56606.08822636434,7498.322411000117,66429.89846300043,13005.922110552763
1790298658,40,,Aggregated,0.700000,0.000000,59000,62000,63000,64000,65000,66000,66000,66000,66000,66000,66000,398,0,59000,56606.08822636434,7498.322411000117,66429.89846300043,13005.922110552763
1790298659,40,,Aggregated,1.000000,0.000000,59000,62000,63000,64000,65000,66000,66000,66000,66000,66000,66000,399,0,59000,56625.34437604765,7498.322411000117,66429.89846300043,13005.125313283208
1790298660,40,,Aggregated,1.200000,0.000000,59000,62000,63000,64000,65000,66000,66000,66000,66000,66000,66000,403,0,59000,56667.80185618862,7498.322411000117,66429.89846300043,13011.913151364764
1790298661,40,,Aggregated,1.200000,0.000000,59000,62000,63000,64000,65000,66000,66000,66000,66000,66000,66000,403,0,59000,56667.80185618862,7498.322411000117,66429.89846300043,13011.913151364764
1790298662,40,,Aggregated,1.200000,0.000000,59000,62000,63000,64000,65000,66000,66000,66000,66000,66000,66000,403,0,59000,56667.80185618862,7498.322411000117,66429.89846300043,13011.913151364764
1790298663,40,,Aggregated,1.200000,0.000000,59000,62000,63000,64000,65000,66000,66000,66000,66000,66000,66000,403,0,59000,56667.80185618862,7498.322411000117,66429.89846300043,13011.913151364764
1790298664,40,,Aggregated,1.200000,0.000000,59000,62000,63000,64000,65000,66000,66000,66000,66000,66000,66000,403,0,59000,56667.80185618862,7498.322411000117,66429.89846300043,13011.913151364764
1790298665,40,,Aggregated,1.200000,0.000000,59000,62000,63000,64000,65000,66000,66000,66000,66000,66000,66000,403,0,59000,56667.80185618862,7498.322411000117,66429.89846300043,13011.913151364764
1790298666,40,,Aggregated,1.300000,0.000000,59000,62000,63000,64000,65000,66000,66000,66000,66000,66000,66000,404,0,59000,56684.48619705696,7498.322411000117,66429.89846300043,13017.272277227723
1790298667,40,,Aggregated,1.300000,0.000000,59000,62000,63000,64000,65000,66000,66000,66000,66000,66000,66000,406,0,59000,56714.55580385472,7498.322411000117,66429.89846300043,13021.665024630542
1790298668,40,,Aggregated,0.800000,0.000000,59000,62000,63000,64000,65000,66000,66000,66000,66000,66000,66000,408,0,59000,56723.107428414245,7498.322411000117,66429.89846300043,13024.095588235294
1790298669,40,,Aggregated,0.800000,0.000000,59000,62000,63000,64000,65000,66000,66000,66000,66000,66000,66000,408,0,59000,56723.107428414245,7498.322411000117,66429.89846300043,13024.095588235294
1790298670,40,,Aggregated,0.800000,0.000000,59000,62000,63000,64000,65000,66000,66000,66000,66000,66000,66000,408,0,59000,56723.107428414245,7498.322411000117,66429.89846300043,13024.095588235294
1790298671,40,,Aggregated,1.000000,0.000000,59000,62000,63000,64000,65000,66000,66000,66000,66000,66000,66000,411,0,59000,56711.990377267684,7498.322411000117,66429.89846300043,13016.635036496351
1790298672,40,,Aggregated,0.800000,0.000000,59000,62000,63000,64000,65000,66000,66000,66000,66000,66000,66000,412,0,59000,56610.483830737896,7498.322411000117,66429.89846300043,12995.434466019418
1790298673,40,,Aggregated,0.500000,0.000000,59000,62000,63000,64000,65000,66000,66000,66000,66000,66000,66000,413,0,59000,56632.3830222107,7498.322411000117,66429.89846300043,13001.561743341405
1790298674,40,,Aggregated,0.500000,0.000000,59000,62000,63000,64000,65000,66000,66000,66000,66000,66000,66000,413,0,59000,56632.3830222107,7498.322411000117,66429.89846300043,13001.561743341405
1790298675,40,,Aggregated,0.900000,0.000000,59000,62000,63000,64000,65000,66000,66000,66000,66000,66000,66000,414,0,59000,56654.00613895173,7498.322411000117,66429.89846300043,13004.067632850241
1790298676,40,,Aggregated,0.900000,0.000000,59000,62000,63000,64000,65000,66000,66000,66000,66000,66000,66000,414,0,59000,56654.00613895173,7498.322411000117,66429.89846300043,13004.067632850241
1790298677,40,,Aggregated,0.900000,0.000000,59000,62000,63000,64000,65000,66000,66000,66000,66000,66000,66000,414,0,59000,56654.00613895173,7498.322411000117,66429.89846300043,13004.067632850241
1790298678,40,,Aggregated,1.100000,0.000000,59000,62000,63000,64000,65000,66000,66000,66000,66000,66000,66000,415,0,59000,56654.63005478316,7498.322411000117,66429.89846300043,13005.575903614457
1790298679,40,,Aggregated,0.800000,0.000000,59000,62000,63000,64000,65000,66000,66000,66000,66000,66000,66000,416,0,59000,56658.216426889456,7498.322411000117,66429.89846300043,13004.528846153846
1790298680,40,,Aggregated,0.800000,0.000000,59000,62000,63000,64000,65000,66000,66000,66000,66000,66000,66000,417,0,59000,56679.41769193289,7498.322411000117,66429.89846300043,13008.556354916067
1790298681,40,,Aggregated,0.700000,0.000000,59000,62000,63000,64000,65000,66000,66000,66000,66000,66000,66000,418,0,59000,56690.543116777546,7498.322411000117,66429.89846300043,13010.095693779904
1790298682,40,,Aggregated,0.700000,0.000000,59000,62000,63000,64000,65000,66000,66000,66000,66000,66000,66000,418,0,59000,56690.543116777546,7498.322411000117,66429.89846300043,13010.095693779904
1790298683,40,,Aggregated,0.900000,0.000000,59000,62000,63000,64000,65000,66000,66000,66000,66000,66000,66000,419,0,59000,56695.517230868776,7498.322411000117,66429.89846300043,13011.023866348449
1790298684,40,,Aggregated,0.700000,0.000000,59000,62000,63000,64000,65000,66000,66000,66000,66000,66000,66000,420,0,59000,56706.48457372147,7498.322411000117,66429.89846300043,13014.211904761905
1790298685,40,,Aggregated,0.700000,0.000000,59000,62000,63000,64000,65000,66000,66000,66000,66000,66000,66000,420,0,59000,56706.48457372147,7498.322411000117,66429.89846300043,13014.211904761905
1790298686,40,,Aggregated,0.700000,0.000000,59000,62000,63000,64000,65000,66000,66000,66000,66000,66000,66000,420,0,59000,56706.48457372147,7498.322411000117,66429.89846300043,13014.211904761905
1790298687,40,,Aggregated,0.700000,0.000000,59000,62000,63000,64000,65000,66000,66000,66000,66000,66000,66000,420,0,59000,56706.48457372147,7498.322411000117,66429.89846300043,13014.211904761905
1790298688,40,,Aggregated,0.600000,0.000000,59000,62000,63000,64000,65000,66000,66000,66000,66000,66000,66000,422,0,59000,56724.7538677773,7498.322411000117,66429.89846300043,13017.611374407583
1790298690,40,,Aggregated,0.600000,0.000000,59000,62000,63000,64000,65000,66000,66000,66000,66000,66000,66000,422,0,59000,56724.7538677773,7498.322411000117,66429.89846300043,13017.611374407583
1790298691,40,,Aggregated,0.600000,0.000000,59000,62000,63000,64000,65000,66000,66000,66000,66000,66000,66000,422,0,59000,56724.7538677773,7498.322411000117,66429.89846300043,13017.611374407583
1790298692,40,,Aggregated,0.600000,0.000000,59000,62000,63000,64000,65000,66000,66000,66000,66000,66000,66000,422,0,59000,56724.7538677773,7498.322411000117,66429.89846300043,13017.611374407583
1790298693,40,,Aggregated,0.600000,0.000000,59000,62000,63000,64000,65000,66000,66000,66000,66000,66000,66000,422,0,59000,56724.7538677773,7498.322411000117,66429.89846300043,13017.611374407583
1790298694,40,,Aggregated,0.600000,0.000000,59000,62000,63000,64000,65000,66000,66000,66000,66000,66000,66000,422,0,59000,56724.7538677773,7498.322411000117,66429.89846300043,13017.611374407583
1790298695,40,,Aggregated,0.600000,0.000000,59000,62000,63000,64000,65000,66000,66000,66000,66000,66000,66000,422,0,59000,56724.7538677773,7498.322411000117,66429.89846300043,13017.611374407583
1790298696,40,,Aggregated,0.600000,0.000000,59000,62000,63000,64000,65000,66000,66000,66000,66000,66000,66000,422,0,59000,56724.7538677773,7498.322411000117,66429.89846300043,13017.611374407583
1790298697,40,,Aggregated,0.300000,0.000000,59000,62000,63000,64000,65000,66000,66000,66000,66000,66000,66000,424,0,59000,56645.094828643894,7498.322411000117,66429.89846300043,12999.39858490566
1790298698,40,,Aggregated,0.200000,0.000000,59000,62000,63000,64000,65000,66000,66000,66000,66000,66000,66000,425,0,59000,56659.91801248003,7498.322411000117,66429.89846300043,13000.802352941177
1790298699,40,,Aggregated,0.200000,0.000000,59000,62000,63000,64000,65000,66000,66000,66000,66000,66000,66000,425,0,59000,56659.91801248003,7498.322411000117,66429.89846300043,13000.802352941177
1790298700,40,,Aggregated,0.400000,0.000000,59000,62000,63000,64000,65000,66000,66000,66000,66000,66000,66000,426,0,59000,56666.82996919956,7498.322411000117,66429.89846300043,13005.140845070422
1790298701,40,,Aggregated,0.400000,0.000000,59000,62000,63000,64000,65000,66000,66000,66000,66000,66000,66000,426,0,59000,56666.82996919956,7498.322411000117,66429.89846300043,13005.140845070422
1790298702,40,,Aggregated,0.400000,0.000000,59000,62000,63000,64000,65000,66000,66000,66000,66000,66000,66000,426,0,59000,56666.82996919956,7498.322411000117,66429.89846300043,13005.140845070422
1790298703,40,,Aggregated,0.400000,0.000000,59000,62000,63000,64000,65000,66000,66000,66000,66000,66000,66000,426,0,59000,56666.82996919956,7498.322411000117,66429.89846300043,13005.140845070422
1790298704,40,,Aggregated,0.400000,0.000000,59000,62000,63000,64000,65000,66000,66000,66000,66000,66000,66000,426,0,59000,56666.82996919956,7498.322411000117,66429.89846300043,13005.140845070422
1790298705,40,,Aggregated,0.400000,0.000000,59000,62000,63000,64000,65000,66000,66000,66000,66000,66000,66000,426,0,59000,56666.82996919956,7498.322411000117,66429.89846300043,13005.140845070422
1790298706,40,,Aggregated,0.400000,0.000000,59000,62000,63000,64000,65000,66000,66000,66000,66000,66000,66000,426,0,59000,56666.82996919956,7498.322411000117,66429.89846300043,13005.140845070422
1790298707,40,,Aggregated,0.400000,0.000000,59000,62000,63000,64000,65000,66000,66000,66000,66000,66000,66000,426,0,59000,56666.82996919956,7498.322411000117,66429.89846300043,13005.140845070422
1790298708,40,,Aggregated,0.400000,0.000000,59000,62000,63000,64000,65000,66000,66000,66000,66000,66000,66000,426,0,59000,56666.82996919956,7498.322411000117,66429.89846300043,13005.140845070422
1790298709,40,,Aggregated,0.400000,0.000000,59000,62000,63000,64000,65000,66000,66000,66000,66000,66000,66000,426,0,59000,56666.82996919956,7498.322411000117,66429.89846300043,13005.140845070422
1790298710,40,,Aggregated,0.200000,0.000000,59000,62000,63000,64000,65000,66000,66000,66000,66000,66000,66000,428,0,59000,56696.51953339022,7498.322411000117,66429.89846300043,13009.455607476635
1790298711,40,,Aggregated,0.100000,0.000000,59000,62000,63000,64000,65000,66000,66000,66000,66000,66000,66000,430,0,59000,56710.06535106515,7498.322411000117,66429.89846300043,13013.118604651163
1790298712,40,,Aggregated,0.100000,0.000000,59000,62000,63000,64000,65000,66000,66000,66000,66000,66000,66000,430,0,59000,56710.06535106515,7498.322411000117,66429.89846300043,13013.118604651163
1790298713,40,,Aggregated,0.400000,0.000000,59000,62000,63000,64000,65000,66000,66000,66000,66000,66000,66000,432,0,59000,56725.05383449077,7498.322411000117,66429.89846300043,13013.979166666666
1790298714,40,,Aggregated,0.400000,0.000000,59000,62000,63000,64000,65000,66000,66000,66000,66000,66000,66000,432,0,59000,56725.05383449077,7498.322411000117,66429.89846300043,13013.979166666666
1790298715,40,,Aggregated,0.400000,0.000000,59000,62000,63000,64000,65000,66000,66000,66000,66000,66000,66000,433,0,59000,56726.88577563052,7498.322411000117,66429.89846300043,13015.080831408775
1790298716,40,,Aggregated,0.400000,0.000000,59000,62000,63000,64000,65000,66000,66000,66000,66000,66000,66000,434,0,59000,56735.256848981604,7498.322411000117,66429.89846300043,13016.502304147465
1790298717,40,,Aggregated,0.400000,0.000000,59000,62000,63000,64000,65000,66000,66000,66000,66000,66000,66000,434,0,59000,56735.256848981604,7498.322411000117,66429.89846300043,13016.502304147465
1790298718,40,,Aggregated,0.700000,0.000000,59000,62000,63000,64000,65000,66000,66000,66000,66000,66000,66000,435,0,59000,56747.15150955175,7498.322411000117,66429.89846300043,13021.358620689654
1790298719,40,,Aggregated,0.800000,0.000000,59000,62000,63000,64000,65000,66000,66000,66000,66000,66000,66000,436,0,59000,56745.95739797022,7498.322411000117,66429.89846300043,13023.532110091743
1790298720,40,,Aggregated,0.800000,0.000000,59000,62000,63000,64000,65000,66000,66000,66000,66000,66000,66000,437,0,59000,56761.725531826116,7498.322411000117,66429.89846300043,13027.33867276888
1790298721,40,,Aggregated,1.000000,0.000000,59000,62000,63000,64000,65000,66000,66000,66000,66000,66000,66000,442,0,59000,56809.76121486203,7498.322411000117,66429.89846300043,13043.9592760181
1790298722,40,,Aggregated,1.000000,0.000000,59000,62000,63000,64000,65000,66000,66000,66000,66000,66000,66000,442,0,59000,56809.76121486203,7498.322411000117,66429.89846300043,13043.9592760181
1790298723,40,,Aggregated,1.000000,0.000000,59000,62000,63000,64000,65000,66000,66000,66000,66000,66000,66000,442,0,59000,56809.76121486203,7498.322411000117,66429.89846300043,13043.9592760181
1790298724,40,,Aggregated,1.100000,0.000000,59000,62000,63000,64000,65000,66000,66000,66000,66000,66000,66000,443,0,59000,56822.28232795039,7498.322411000117,66429.89846300043,13047.776523702032
1790298725,40,,Aggregated,1.100000,0.000000,59000,62000,63000,64000,65000,66000,66000,66000,66000,66000,66000,443,0,59000,56822.28232795039,7498.322411000117,66429.89846300043,13047.776523702032
1790298726,40,,Aggregated,1.200000,0.000000,59000,62000,63000,64000,65000,66000,66000,66000,66000,66000,66000,444,0,59000,56839.572579799606,7498.322411000117,66429.89846300043,13053.117117117117
1790298727,40,,Aggregated,1.000000,0.000000,59000,62000,63000,64000,65000,66000,66000,66000,66000,66000,66000,446,0,59000,56840.14868421755,7498.322411000117,66429.89846300043,13053.280269058296
1790298728,40,,Aggregated,1.000000,0.000000,59000,62000,63000,64000,65000,66000,66000,66000,66000,66000,66000,446,0,59000,56840.14868421755,7498.322411000117,66429.89846300043,13053.280269058296
1790298729,40,,Aggregated,1.000000,0.000000,59000,62000,63000,64000,65000,66000,66000,66000,66000,66000,66000,447,0,59000,56846.99622411415,7498.322411000117,66429.89846300043,13053.046979865772
1790298730,40,,Aggregated,1.100000,0.000000,59000,62000,63000,64000,65000,66000,66000,66000,66000,66000,66000,451,0,59000,56849.17182062977,7498.322411000117,66429.89846300043,13053.017738359202
1790298731,40,,Aggregated,1.100000,0.000000,59000,62000,63000,64000,65000,66000,66000,66000,66000,66000,66000,452,0,59000,56860.094516484576,7498.322411000117,66429.89846300043,13054.606194690265
1790298732,40,,Aggregated,1.100000,0.000000,59000,62000,63000,64000,65000,66000,66000,66000,66000,66000,66000,452,0,59000,56860.094516484576,7498.322411000117,66429.89846300043,13054.606194690265
1790298733,40,,Aggregated,1.100000,0.000000,59000,62000,63000,64000,65000,66000,66000,66000,66000,66000,66000,452,0,59000,56860.094516484576,7498.322411000117,66429.89846300043,13054.606194690265
1790298734,40,,Aggregated,1.100000,0.000000,59000,62000,63000,64000,65000,66000,66000,66000,66000,66000,66000,453,0,59000,56869.262966114846,7498.322411000117,66429.89846300043,13054.8587196468
1790298735,40,,Aggregated,1.100000,0.000000,59000,62000,63000,64000,65000,66000,66000,66000,66000,66000,66000,453,0,59000,56869.262966114846,7498.322411000117,66429.89846300043,13054.8587196468
1790298736,40,,Aggregated,1.100000,0.000000,59000,62000,63000,64000,65000,66000,66000,66000,66000,66000,66000,453,0,59000,56869.262966114846,7498.322411000117,66429.89846300043,13054.8587196468
1790298737,40,,Aggregated,1.100000,0.000000,59000,62000,63000,64000,65000,66000,66000,66000,66000,66000,66000,453,0,59000,56869.262966114846,7498.322411000117,66429.89846300043,13054.8587196468
1790298738,40,,Aggregated,1.100000,0.000000,59000,62000,63000,64000,65000,66000,66000,66000,66000,66000,66000,453,0,59000,56869.262966114846,7498.322411000117,66429.89846300043,13054.8587196468
1790298739,40,,Aggregated,1.100000,0.000000,59000,62000,63000,64000,65000,66000,66000,66000,66000,66000,66000,453,0,59000,56869.262966114846,7498.322411000117,66429.89846300043,13054.8587196468
1790298740,40,,Aggregated,1.100000,0.000000,59000,62000,63000,64000,65000,66000,66000,66000,66000,66000,66000,453,0,59000,56869.262966114846,7498.322411000117,66429.89846300043,13054.8587196468
1790298741,40,,Aggregated,0.700000,0.000000,59000,62000,63000,64000,65000,66000,66000,66000,66000,66000,66000,454,0,59000,56877.073659568334,7498.322411000117,66429.89846300043,13056.4140969163
1790298742,40,,Aggregated,0.200000,0.000000,59000,62000,63000,64000,65000,66000,66000,66000,66000,66000,66000,455,0,59000,56894.96222892313,7498.322411000117,66429.89846300043,13059.837362637363
1790298743,40,,Aggregated,0.200000,0.000000,59000,62000,63000,64000,65000,66000,66000,66000,66000,66000,66000,456,0,59000,56901.02525002418,7498.322411000117,66429.89846300043,13062.679824561403
1790298744,40,,Aggregated,0.200000,0.000000,59000,62000,63000,64000,65000,66000,66000,66000,66000,66000,66000,457,0,59000,56903.34431792785,7498.322411000117,66429.89846300043,13063.234135667397
1790298745,40,,Aggregated,0.200000,0.000000,59000,62000,63000,64000,65000,66000,66000,66000,66000,66000,66000,457,0,59000,56903.34431792785,7498.322411000117,66429.89846300043,13063.234135667397
1790298746,40,,Aggregated,0.400000,0.000000,59000,62000,63000,64000,65000,66000,66000,66000,66000,66000,66000,461,0,59000,56827.96387876579,7498.322411000117,66429.89846300043,13052.622559652928
1790298747,40,,Aggregated,0.400000,0.000000,59000,62000,63000,64000,65000,66000,66000,66000,66000,66000,66000,463,0,59000,56838.10181236723,7498.322411000117,66429.89846300043,13058.138228941685
1790298748,40,,Aggregated,0.400000,0.000000,59000,62000,63000,64000,65000,66000,66000,66000,66000,66000,66000,463,0,59000,56838.10181236723,7498.322411000117,66429.89846300043,13058.138228941685
1790298749,40,,Aggregated,0.400000,0.000000,59000,62000,63000,64000,65000,66000,66000,66000,66000,66000,66000,463,0,59000,56838.10181236723,7498.322411000117,66429.89846300043,13058.138228941685
1790298750,40,,Aggregated,0.400000,0.000000,59000,62000,63000,64000,65000,66000,66000,66000,66000,66000,66000,463,0,59000,56838.10181236723,7498.322411000117,66429.89846300043,13058.138228941685
1790298751,40,,Aggregated,0.400000,0.000000,59000,62000,63000,64000,65000,66000,66000,66000,66000,66000,66000,463,0,59000,56838.10181236723,7498.322411000117,66429.89846300043,13058.138228941685
1790298752,40,,Aggregated,0.400000,0.000000,59000,62000,63000,64000,65000,66000,66000,66000,66000,66000,66000,463,0,59000,56838.10181236723,7498.322411000117,66429.89846300043,13058.138228941685
1790298753,40,,Aggregated,0.900000,0.000000,59000,62000,63000,64000,65000,66000,66000,66000,66000,66000,66000,464,0,59000,56851.97036916385,7498.322411000117,66429.89846300043,13062.116379310344
1790298754,40,,Aggregated,0.900000,0.000000,59000,62000,63000,64000,65000,66000,66000,66000,66000,66000,66000,464,0,59000,56851.97036916385,7498.322411000117,66429.89846300043,13062.116379310344
1790298755,40,,Aggregated,0.900000,0.000000,59000,62000,63000,64000,65000,66000,66000,66000,66000,66000,66000,465,0,59000,56850.7523797592,7498.322411000117,66429.89846300043,13063.232258064516
1790298756,40,,Aggregated,0.900000,0.000000,59000,62000,63000,64000,65000,66000,66000,66000,66000,66000,66000,465,0,59000,56850.7523797592,7498.322411000117,66429.89846300043,13063.232258064516
1790298757,40,,Aggregated,0.900000,0.000000,59000,62000,63000,64000,65000,66000,66000,66000,66000,66000,66000,465,0,59000,56850.7523797592,7498.322411000117,66429.89846300043,13063.232258064516
1790298758,40,,Aggregated,0.900000,0.000000,59000,62000,63000,64000,65000,66000,66000,66000,66000,66000,66000,465,0,59000,56850.7523797592,7498.322411000117,66429.89846300043,13063.232258064516
1790298759,40,,Aggregated,0.400000,0.000000,59000,62000,63000,64000,65000,66000,66000,66000,66000,66000,66000,466,0,59000,56860.105256759714,7498.322411000117,66429.89846300043,13062.190987124464
1790298760,40,,Aggregated,0.300000,0.000000,59000,62000,63000,64000,65000,66000,66000,66000,66000,66000,66000,467,0,59000,56863.40002762533,7498.322411000117,66429.89846300043,13064.336188436831
1790298761,40,,Aggregated,0.300000,0.000000,59000,62000,63000,64000,65000,66000,66000,66000,66000,66000,66000,467,0,59000,56863.40002762533,7498.322411000117,66429.89846300043,13064.336188436831
1790298762,40,,Aggregated,0.300000,0.000000,59000,62000,63000,64000,65000,66000,66000,66000,66000,66000,66000,467,0,59000,56863.40002762533,7498.322411000117,66429.89846300043,13064.336188436831
1790298763,40,,Aggregated,0.400000,0.000000,59000,62000,63000,64000,65000,66000,66000,66000,66000,66000,66000,468,0,59000,56880.17703395946,7498.322411000117,66429.89846300043,13067.564102564103
1790298764,40,,Aggregated,0.400000,0.000000,59000,62000,63000,64000,65000,66000,66000,66000,66000,66000,66000,468,0,59000,56880.17703395946,7498.322411000117,66429.89846300043,13067.564102564103
1790298765,40,,Aggregated,0.400000,0.000000,59000,62000,63000,64000,65000,66000,66000,66000,66000,66000,66000,468,0,59000,56880.17703395946,7498.322411000117,66429.89846300043,13067.564102564103
1790298766,40,,Aggregated,0.400000,0.000000,59000,62000,63000,64000,65000,66000,66000,66000,66000,66000,66000,468,0,59000,56880.17703395946,7498.322411000117,66429.89846300043,13067.564102564103
1790298767,40,,Aggregated,0.400000,0.000000,59000,62000,63000,64000,65000,66000,66000,66000,66000,66000,66000,468,0,59000,56880.17703395946,7498.322411000117,66429.89846300043,13067.564102564103
1790298768,40,,Aggregated,0.400000,0.000000,59000,62000,63000,64000,65000,66000,66000,66000,66000,66000,66000,468,0,59000,56880.17703395946,7498.322411000117,66429.89846300043,13067.564102564103
