Timestamp,User Count,Type,Name,Requests/s,Failures/s,50%,66%,75%,80%,90%,95%,98%,99%,99.9%,99.99%,100%,Total Request Count,Total Failure Count,Total Median Response Time,Total Average Response Time,Total Min Response Time,Total Max Response Time,Total Average Content Size
1790291620,0,,Aggregated,0.000000,0.000000,N/A,N/A,N/A,N/A,N/A,N/A,N/A,N/A,N/A,N/A,N/A,0,0,0,0.0,0,0,0
1790291621,20,,Aggregated,0.000000,0.000000,N/A,N/A,N/A,N/A,N/A,N/A,N/A,N/A,N/A,N/A,N/A,0,0,0,0.0,0,0,0
1790291622,40,,Aggregated,0.000000,0.000000,N/A,N/A,N/A,N/A,N/A,N/A,N/A,N/A,N/A,N/A,N/A,0,0,0,0.0,0,0,0
1790291623,40,,Aggregated,0.000000,0.000000,N/A,N/A,N/A,N/A,N/A,N/A,N/A,N/A,N/A,N/A,N/A,0,0,0,0.0,0,0,0
1790291624,40,,Aggregated,0.000000,0.000000,N/A,N/A,N/A,N/A,N/A,N/A,N/A,N/A,N/A,N/A,N/A,0,0,0,0.0,0,0,0
1790291625,40,,Aggregated,0.000000,0.000000,N/A,N/A,N/A,N/A,N/A,N/A,N/A,N/A,N/A,N/A,N/A,0,0,0,0.0,0,0,0
1790291626,40,,Aggregated,0.000000,0.000000,5900,5900,6000,6000,6000,6000,6000,6000,6000,6000,6000,4,0,5900,5837.210105500162,5643.855647002056,5955.576550000842,2711.5
1790291627,40,,Aggregated,0.000000,0.000000,6400,6500,6600,6700,6900,6900,7000,7000,7000,7000,7000,25,0,6400,6280.600310640148,5643.855647002056,6957.9701560032845,2768.28
1790291628,40,,Aggregated,0.000000,0.000000,6300,6400,6500,6600,6900,6900,7000,7000,7000,7000,7000,40,0,6300,6282.033336199947,5643.855647002056,6957.9701560032845,2770.45
1790291629,40,,Aggregated,0.000000,0.000000,6300,6400,6500,6600,6900,6900,7000,7000,7000,7000,7000,40,0,6300,6282.033336199947,5643.855647002056,6957.9701560032845,2770.45
1790291630,40,,Aggregated,0.000000,0.000000,6300,6400,6500,6600,6900,6900,7000,7000,7000,7000,7000,40,0,6300,6282.033336199947,5643.855647002056,6957.9701560032845,2770.45
1790291631,40,,Aggregated,0.000000,0.000000,6300,6400,6500,6600,6900,6900,7000,7000,7000,7000,7000,40,0,6300,6282.033336199947,5643.855647002056,6957.9701560032845,2770.45
1790291632,40,,Aggregated,0.000000,0.000000,6300,6400,6500,6600,6900,6900,7000,7000,7000,7000,7000,40,0,6300,6282.033336199947,5643.855647002056,6957.9701560032845,2770.45
1790291633,40,,Aggregated,4.000000,0.000000,6200,6400,6400,6500,6700,6900,7000,7000,7000,7000,7000,45,0,6200,6180.401652333238,5236.622465999972,6957.9701560032845,2761.133333333333
1790291634,40,,Aggregated,4.000000,0.000000,6200,6400,6400,6500,6600,6900,6900,7000,7000,7000,7000,52,0,6200,6134.212119499842,5236.622465999972,6957.9701560032845,2759.75
1790291635,40,,Aggregated,4.400000,0.000000,6200,6300,6400,6400,6600,6900,6900,7000,7000,7000,7000,78,0,6200,6109.136081371754,5236.622465999972,6957.9701560032845,2782.2051282051284
1790291636,40,,Aggregated,4.400000,0.000000,6200,6300,6400,6400,6600,6900,6900,7000,7000,7000,7000,80,0,6200,6112.186228849985,5236.622465999972,6957.9701560032845,2786.0
1790291637,40,,Aggregated,4.400000,0.000000,6200,6300,6400,6400,6600,6900,6900,7000,7000,7000,7000,80,0,6200,6112.186228849985,5236.622465999972,6957.9701560032845,2786.0
1790291638,40,,Aggregated,4.400000,0.000000,6200,6300,6400,6400,6600,6900,6900,7000,7000,7000,7000,80,0,6200,6112.186228849985,5236.622465999972,6957.9701560032845,2786.0
1790291639,40,,Aggregated,4.400000,0.000000,6200,6300,6400,6400,6600,6900,6900,7000,7000,7000,7000,80,0,6200,6112.186228849985,5236.622465999972,6957.9701560032845,2786.0
1790291640,40,,Aggregated,4.000000,0.000000,6100,6300,6400,6400,6500,6700,6900,7000,7000,7000,7000,85,0,6100,6089.640592694151,5236.622465999972,6957.9701560032845,2777.364705882353
1790291641,40,,Aggregated,4.000000,0.000000,6100,6200,6400,6400,6500,6700,6900,7000,7000,7000,7000,89,0,6100,6077.29071747194,5236.622465999972,6957.9701560032845,2774.921348314607
1790291642,40,,Aggregated,4.400000,0.000000,6100,6200,6400,6400,6500,6600,6900,6900,7000,7000,7000,104,0,6100,6061.7531801537825,5236.622465999972,6957.9701560032845,2769.7884615384614
1790291643,40,,Aggregated,4.900000,0.000000,6100,6300,6400,6400,6500,6600,6900,6900,7000,7000,7000,119,0,6100,6076.948199008362,5236.622465999972,6957.9701560032845,2769.9411764705883
1790291644,40,,Aggregated,4.900000,0.000000,6100,6300,6400,6400,6500,6600,6900,6900,7000,7000,7000,120,0,6100,6078.5747595082885,5236.622465999972,6957.9701560032845,2770.891666666667
1790291645,40,,Aggregated,4.900000,0.000000,6100,6300,6400,6400,6500,6600,6900,6900,7000,7000,7000,120,0,6100,6078.5747595082885,5236.622465999972,6957.9701560032845,2770.891666666667
1790291646,40,,Aggregated,4.900000,0.000000,6100,6300,6400,6400,6500,6600,6900,6900,7000,7000,7000,120,0,6100,6078.5747595082885,5236.622465999972,6957.9701560032845,2770.891666666667
1790291647,40,,Aggregated,4.700000,0.000000,6100,6300,6400,6400,6500,6600,6900,6900,7000,7000,7000,122,0,6100,6074.864907844204,5236.622465999972,6957.9701560032845,2773.098360655738
1790291648,40,,Aggregated,4.000000,0.000000,6100,6300,6400,6400,6500,6600,6900,6900,7000,7000,7000,127,0,6100,6073.158017976353,5236.622465999972,6957.9701560032845,2773.700787401575
1790291649,40,,Aggregated,4.000000,0.000000,6100,6300,6400,6400,6500,6600,6900,6900,7000,7000,7000,141,0,6100,6055.253889120598,5236.622465999972,6957.9701560032845,2775.3971631205673
1790291650,40,,Aggregated,4.500000,0.000000,6100,6200,6300,6400,6500,6600,6900,6900,7000,7000,7000,154,0,6100,6048.5835142662345,5236.622465999972,6957.9701560032845,2777.5454545454545
1790291651,40,,Aggregated,5.500000,0.000000,6100,6200,6300,6400,6500,6600,6900,6900,7000,7000,7000,160,0,6100,6052.102617518698,5236.622465999972,6957.9701560032845,2781.81875
1790291652,40,,Aggregated,5.500000,0.000000,6100,6200,6300,6400,6500,6600,6900,6900,7000,7000,7000,160,0,6100,6052.102617518698,5236.622465999972,6957.9701560032845,2781.81875
1790291653,40,,Aggregated,5.500000,0.000000,6100,6200,6300,6400,6500,6600,6900,6900,7000,7000,7000,160,0,6100,6052.102617518698,5236.622465999972,6957.9701560032845,2781.81875
1790291654,40,,Aggregated,5.500000,0.000000,6100,6200,6300,6400,6500,6600,6900,6900,7000,7000,7000,160,0,6100,6052.102617518698,5236.622465999972,6957.9701560032845,2781.81875
1790291655,40,,Aggregated,4.400000,0.000000,6100,6200,6300,6400,6500,6600,6900,6900,7000,7000,7000,164,0,6100,6052.8850385670485,5236.622465999972,6957.9701560032845,2782.6341463414633
1790291656,40,,Aggregated,4.000000,0.000000,6100,6200,6300,6400,6500,6600,6900,6900,7000,7000,7000,173,0,6100,6041.058317011495,5236.622465999972,6957.9701560032845,2775.9306358381505
1790291657,40,,Aggregated,4.100000,0.000000,6100,6200,6300,6400,6500,6600,6900,6900,7000,7000,7000,183,0,6100,6045.797469376967,5236.622465999972,6957.9701560032845,2774.071038251366
1790291658,40,,Aggregated,5.100000,0.000000,6100,6300,6400,6400,6500,6600,6900,6900,7000,7000,7000,196,0,6100,6062.753020954024,5236.622465999972,6957.9701560032845,2779.7244897959185
1790291659,40,,Aggregated,5.800000,0.000000,6100,6300,6400,6400,6500,6600,6900,6900,7000,7000,7000,200,0,6100,6070.139317024932,5236.622465999972,6957.9701560032845,2784.455
1790291660,40,,Aggregated,5.800000,0.000000,6100,6300,6400,6400,6500,6600,6900,6900,7000,7000,7000,200,0,6100,6070.139317024932,5236.622465999972,6957.9701560032845,2784.455
1790291661,40,,Aggregated,5.800000,0.000000,6100,6300,6400,6400,6500,6600,6900,6900,7000,7000,7000,200,0,6100,6070.139317024932,5236.622465999972,6957.9701560032845,2784.455
1790291662,40,,Aggregated,5.200000,0.000000,6100,6300,6400,6400,6500,6600,6700,6900,7000,7000,7000,204,0,6100,6063.0802892205165,5236.622465999972,6957.9701560032845,2779.4117647058824
1790291663,40,,Aggregated,4.200000,0.000000,6100,6200,6300,6400,6500,6600,6700,6900,7000,7000,7000,214,0,6100,6050.205172574725,5236.622465999972,6957.9701560032845,2779.4532710280373
1790291664,40,,Aggregated,4.100000,0.000000,6100,6200,6300,6400,6500,6600,6700,6900,7000,7000,7000,218,0,6100,6047.871871467844,5236.622465999972,6957.9701560032845,2780.0
1790291665,40,,Aggregated,5.000000,0.000000,6100,6200,6300,6400,6500,6600,6700,6900,7000,7000,7000,225,0,6100,6042.590183324386,5236.622465999972,6957.9701560032845,2778.8
1790291666,40,,Aggregated,5.700000,0.000000,6100,6200,6400,6400,6500,6600,6700,6900,7000,7000,7000,239,0,6100,6058.439475129696,5236.622465999972,6957.9701560032845,2781.845188284519
1790291667,40,,Aggregated,5.700000,0.000000,6100,6300,6400,6400,6500,6600,6700,6900,7000,7000,7000,240,0,6100,6059.4149895333285,5236.622465999972,6957.9701560032845,2782.4583333333335
1790291668,40,,Aggregated,5.700000,0.000000,6100,6300,6400,6400,6500,6600,6700,6900,7000,7000,7000,240,0,6100,6059.4149895333285,5236.622465999972,6957.9701560032845,2782.4583333333335
1790291669,40,,Aggregated,5.700000,0.000000,6100,6300,6400,6400,6500,6600,6700,6900,7000,7000,7000,240,0,6100,6059.4149895333285,5236.622465999972,6957.9701560032845,2782.4583333333335
1790291670,40,,Aggregated,5.200000,0.000000,6100,6200,6300,6400,6500,6600,6700,6900,7000,7000,7000,252,0,6100,6049.095754150804,5236.622465999972,6957.9701560032845,2777.7579365079364
1790291671,40,,Aggregated,4.100000,0.000000,6100,6200,6300,6400,6500,6600,6700,6900,7000,7000,7000,259,0,6100,6043.657677150557,5236.622465999972,6957.9701560032845,2776.996138996139
1790291672,40,,Aggregated,4.800000,0.000000,6100,6200,6300,6400,6500,6600,6700,6900,7000,7000,7000,262,0,6100,6038.468751152658,5236.622465999972,6957.9701560032845,2775.7557251908397
1790291673,40,,Aggregated,5.500000,0.000000,6000,6200,6300,6400,6500,6600,6700,6900,7000,7000,7000,273,0,6000,6036.51996178387,5236.622465999972,6957.9701560032845,2774.120879120879
1790291674,40,,Aggregated,5.900000,0.000000,6000,6200,6300,6400,6500,6600,6700,6900,7000,7000,7000,279,0,6000,6041.032682218621,5236.622465999972,6957.9701560032845,2774.695340501792
1790291675,40,,Aggregated,5.900000,0.000000,6100,6200,6300,6400,6500,6600,6700,6900,7000,7000,7000,280,0,6100,6041.213048532118,5236.622465999972,6957.9701560032845,2775.0214285714287
1790291676,40,,Aggregated,6.100000,0.000000,6000,6200,6300,6400,6500,6600,6700,6900,7000,7000,7000,281,0,6000,6039.466219263316,5236.622465999972,6957.9701560032845,2774.4590747330963
1790291677,40,,Aggregated,5.900000,0.000000,6000,6200,6300,6400,6500,6600,6700,6900,7000,7000,7000,286,0,6000,6034.843317066407,5236.622465999972,6957.9701560032845,2770.8251748251746
1790291678,40,,Aggregated,4.700000,0.000000,6000,6200,6300,6400,6500,6600,6700,6900,7000,7000,7000,295,0,6000,6041.302916823711,5236.622465999972,6957.9701560032845,2772.162711864407
1790291679,40,,Aggregated,4.400000,0.000000,6100,6200,6400,6400,6500,6600,6700,6900,7000,7000,7000,300,0,6100,6046.101031303324,5236.622465999972,6957.9701560032845,2775.383333333333
1790291680,40,,Aggregated,4.900000,0.000000,6000,6200,6300,6400,6500,6600,6700,6900,7000,7000,7000,306,0,6000,6042.105961591484,5236.622465999972,6957.9701560032845,2773.02614379085
1790291681,40,,Aggregated,5.800000,0.000000,6000,6200,6300,6400,6500,6600,6700,6900,7000,7000,7000,316,0,6000,6044.1025122056835,5236.622465999972,6957.9701560032845,2772.1645569620255
1790291682,40,,Aggregated,5.300000,0.000000,6000,6200,6400,6400,6500,6600,6700,6900,7000,7000,7000,320,0,6000,6047.508710296873,5236.622465999972,6957.9701560032845,2772.68125
1790291683,40,,Aggregated,5.700000,0.000000,6000,6200,6300,6400,6500,6600,6700,6900,7000,7000,7000,321,0,6000,6045.649838252338,5236.622465999972,6957.9701560032845,2771.88785046729
1790291684,40,,Aggregated,5.800000,0.000000,6000,6200,6300,6400,6500,6600,6700,6900,7000,7000,7000,325,0,6000,6044.690574381543,5236.622465999972,6957.9701560032845,2771.1446153846155
1790291685,40,,Aggregated,5.400000,0.000000,6000,6200,6300,6400,6500,6600,6700,6900,7000,7000,7000,331,0,6000,6044.833121268875,5236.622465999972,6957.9701560032845,2770.9244712990935
1790291686,40,,Aggregated,4.400000,0.000000,6000,6200,6300,6400,6500,6600,6700,6900,7000,7000,7000,339,0,6000,6043.314094946879,5236.622465999972,6957.9701560032845,2770.3421828908554
1790291687,40,,Aggregated,4.800000,0.000000,6000,6200,6300,6400,6500,6600,6700,6900,7000,7000,7000,344,0,6000,6039.82520405811,5236.622465999972,6957.9701560032845,2769.3255813953488
1790291688,40,,Aggregated,5.300000,0.000000,6000,6200,6300,6400,6500,6600,6700,6900,7000,7000,7000,354,0,6000,6037.203746138385,5236.622465999972,6957.9701560032845,2770.898305084746
1790291689,40,,Aggregated,5.600000,0.000000,6000,6200,6300,6400,6500,6600,6700,6900,7000,7000,7000,358,0,6000,6035.2873360754065,5236.622465999972,6957.9701560032845,2770.0223463687153
1790291690,40,,Aggregated,5.600000,0.000000,6000,6200,6300,6400,6500,6600,6700,6900,7000,7000,7000,360,0,6000,6036.804164694426,5236.622465999972,6957.9701560032845,2771.027777777778
1790291691,40,,Aggregated,5.800000,0.000000,6000,6200,6300,6400,6500,6600,6700,6900,7000,7000,7000,363,0,6000,6036.127924619826,5236.622465999972,6957.9701560032845,2770.771349862259
1790291692,40,,Aggregated,5.900000,0.000000,6000,6200,6300,6400,6500,6600,6700,6900,7000,7000,7000,366,0,6000,6034.094157590162,5236.622465999972,6957.9701560032845,2769.5819672131147
1790291693,40,,Aggregated,5.000000,0.000000,6000,6200,6300,6400,6500,6600,6700,6900,7000,7000,7000,375,0,6000,6034.558328496002,5236.622465999972,6957.9701560032845,2769.421333333333
1790291694,40,,Aggregated,4.700000,0.000000,6000,6200,6300,6400,6500,6600,6700,6900,7000,7000,7000,380,0,6000,6038.317631249994,5236.622465999972,6957.9701560032845,2771.1631578947367
1790291695,40,,Aggregated,5.100000,0.000000,6000,6200,6300,6400,6500,6600,6700,6900,7000,7000,7000,390,0,6000,6039.0827764794685,5236.622465999972,6957.9701560032845,2770.474358974359
1790291696,40,,Aggregated,5.400000,0.000000,6100,6200,6300,6400,6500,6600,6700,6900,7000,7000,7000,396,0,6100,6043.196617818174,5236.622465999972,6957.9701560032845,2772.027777777778
1790291697,40,,Aggregated,5.400000,0.000000,6100,6200,6300,6400,6500,6600,6700,6900,7000,7000,7000,398,0,6100,6044.336952525108,5236.622465999972,6957.9701560032845,2772.452261306533
1790291698,40,,Aggregated,6.000000,0.000000,6100,6200,6300,6400,6500,6600,6700,6900,7000,7000,7000,402,0,6100,6045.430389335803,5236.622465999972,6957.9701560032845,2773.049751243781
1790291699,40,,Aggregated,5.800000,0.000000,6100,6200,6300,6400,6500,6600,6700,6900,7000,7000,7000,406,0,6100,6047.403195674858,5236.622465999972,6957.9701560032845,2773.2733990147785
1790291700,40,,Aggregated,5.000000,0.000000,6100,6200,6300,6400,6500,6600,6700,6900,7000,7000,7000,408,0,6100,6047.873114617626,5236.622465999972,6957.9701560032845,2773.625
1790291701,40,,Aggregated,4.600000,0.000000,6100,6200,6300,6400,6500,6600,6700,6900,7000,7000,7000,416,0,6100,6049.942168555261,5236.622465999972,6957.9701560032845,2773.798076923077
1790291702,40,,Aggregated,4.600000,0.000000,6100,6200,6300,6400,6500,6600,6700,6900,7000,7000,7000,425,0,6100,6049.253139696437,5236.622465999972,6957.9701560032845,2773.4611764705883
1790291703,40,,Aggregated,5.000000,0.000000,6100,6200,6300,6400,6500,6600,6700,6900,7000,7000,7000,435,0,6100,6050.165911839059,5236.622465999972,6957.9701560032845,2774.1264367816093
1790291704,40,,Aggregated,5.200000,0.000000,6100,6200,6300,6400,6500,6600,6700,6900,7000,7000,7000,438,0,6100,6048.940900983995,5236.622465999972,6957.9701560032845,2774.675799086758
1790291705,40,,Aggregated,5.600000,0.000000,6100,6200,6300,6400,6500,6600,6700,6900,7000,7000,7000,439,0,6100,6048.589741111597,5236.622465999972,6957.9701560032845,2774.744874715262
1790291706,40,,Aggregated,6.100000,0.000000,6000,6200,6300,6400,6500,6600,6700,6900,7000,7000,7000,445,0,6000,6046.741514390976,5236.622465999972,6957.9701560032845,2774.2337078651685
1790291707,40,,Aggregated,5.700000,0.000000,6000,6200,6300,6400,6500,6600,6700,6900,7000,7000,7000,446,0,6000,6048.367587334047,5236.622465999972,6957.9701560032845,2775.0762331838564
1790291708,40,,Aggregated,4.800000,0.000000,6000,6200,6300,6400,6500,6600,6700,6900,7000,7000,7000,451,0,6000,6048.655192137436,5236.622465999972,6957.9701560032845,2774.6585365853657
1790291709,40,,Aggregated,4.700000,0.000000,6100,6200,6300,6400,6500,6600,6700,6900,7000,7000,7000,457,0,6100,6052.12704284461,5236.622465999972,6957.9701560032845,2775.568927789934
1790291710,40,,Aggregated,4.700000,0.000000,6100,6200,6300,6400,6500,6600,6700,6900,7000,7000,7000,468,0,6100,6052.882142799126,5236.622465999972,6957.9701560032845,2774.8076923076924
1790291711,40,,Aggregated,5.200000,0.000000,6000,6200,6300,6400,6500,6600,6700,6900,7000,7000,7000,477,0,6000,6053.264421092225,5236.622465999972,6957.9701560032845,2774.825995807128
1790291712,40,,Aggregated,5.500000,0.000000,6000,6200,6400,6400,6500,6600,6700,6900,7000,7000,7000,479,0,6000,6053.402812841316,5236.622465999972,6957.9701560032845,2774.5929018789143
1790291713,40,,Aggregated,5.800000,0.000000,6000,6200,6300,6400,6500,6600,6700,6900,7000,7000,7000,482,0,6000,6051.318274520717,5236.622465999972,6957.9701560032845,2773.7676348547716
1790291714,40,,Aggregated,6.100000,0.000000,6000,6200,6400,6400,6500,6600,6700,6900,7000,7000,7000,484,0,6000,6051.780368716915,5236.622465999972,6957.9701560032845,2773.5020661157023
1790291715,40,,Aggregated,5.200000,0.000000,6000,6200,6300,6400,6500,6600,6700,6900,7000,7000,7000,489,0,6000,6052.348983772978,5236.622465999972,6957.9701560032845,2773.175869120654
1790291716,40,,Aggregated,4.500000,0.000000,6000,6200,6300,6400,6500,6600,6700,6900,7000,7000,7000,493,0,6000,6052.011695200779,5236.622465999972,6957.9701560032845,2773.4056795131846
1790291717,40,,Aggregated,4.700000,0.000000,6000,6200,6300,6400,6500,6600,6700,6800,7000,7000,7000,504,0,6000,6053.778105902749,5236.622465999972,6957.9701560032845,2772.843253968254
1790291718,40,,Aggregated,4.900000,0.000000,6000,6200,6400,6400,6500,6600,6700,6800,7000,7000,7000,512,0,6000,6055.2381035976105,5236.622465999972,6957.9701560032845,2772.984375
1790291719,40,,Aggregated,4.900000,0.000000,6000,6200,6300,6400,6500,6600,6700,6800,7000,7000,7000,518,0,6000,6056.352184368692,5236.622465999972,6957.9701560032845,2772.4015444015445
1790291720,40,,Aggregated,5.900000,0.000000,6000,6200,6300,6400,6500,6600,6700,6800,7000,7000,7000,520,0,6000,6056.2468293653465,5236.622465999972,6957.9701560032845,2772.244230769231
1790291721,40,,Aggregated,6.000000,0.000000,6000,6200,6300,6400,6500,6600,6700,6800,7000,7000,7000,524,0,6000,6056.928033190806,5236.622465999972,6957.9701560032845,2772.3568702290077
1790291722,40,,Aggregated,5.800000,0.000000,6000,6200,6300,6400,6500,6600,6700,6800,7000,7000,7000,527,0,6000,6054.928777358604,5236.622465999972,6957.9701560032845,2771.8633776091083
1790291723,40,,Aggregated,5.000000,0.000000,6000,6200,6300,6400,6500,6600,6700,6800,7000,7000,7000,533,0,6000,6056.410008131305,5236.622465999972,6957.9701560032845,2771.8067542213885
1790291724,40,,Aggregated,4.600000,0.000000,6100,6200,6300,6400,6500,6600,6700,6800,7000,7000,7000,534,0,6100,6056.635947151658,5236.622465999972,6957.9701560032845,2771.5112359550562
1790291725,40,,Aggregated,4.800000,0.000000,6100,6200,6400,6400,6600,6600,6700,6800,7000,7000,7000,547,0,6100,6061.756011689192,5236.622465999972,6957.9701560032845,2770.0329067641683
1790291726,40,,Aggregated,5.100000,0.000000,6100,6200,6400,6400,6600,6600,6700,6800,7000,7000,7000,557,0,6100,6062.965765520625,5236.622465999972,6957.9701560032845,2769.6229802513467
1790291727,40,,Aggregated,5.000000,0.000000,6100,6200,6400,6400,6600,6600,6700,6800,7000,7000,7000,560,0,6100,6062.039403867836,5236.622465999972,6957.9701560032845,2769.3839285714284
1790291728,40,,Aggregated,5.700000,0.000000,6100,6200,6400,6400,6600,6600,6700,6800,7000,7000,7000,561,0,6100,6061.127846172881,5236.622465999972,6957.9701560032845,2769.176470588235
1790291729,40,,Aggregated,6.500000,0.000000,6100,6200,6400,6400,6600,6600,6700,6800,7000,7000,7000,565,0,6100,6063.311866102632,5236.622465999972,6957.9701560032845,2770.0814159292036
1790291730,40,,Aggregated,5.500000,0.000000,6100,6200,6400,6400,6600,6600,6700,6800,7000,7000,7000,569,0,6100,6063.0743795219505,5236.622465999972,6957.9701560032845,2770.532513181019
1790291731,40,,Aggregated,4.700000,0.000000,6100,6200,6400,6400,6600,6600,6700,6800,7000,7000,7000,572,0,6100,6064.858252050686,5236.622465999972,6957.9701560032845,2771.1346153846152
1790291732,40,,Aggregated,4.600000,0.000000,6100,6200,6400,6400,6600,6600,6700,6800,7000,7000,7000,580,0,6100,6065.288537887919,5236.622465999972,6957.9701560032845,2770.11724137931
1790291733,40,,Aggregated,4.900000,0.000000,6100,6200,6400,6400,6600,6600,6700,6800,7000,7000,7000,591,0,6100,6066.302485087977,5236.622465999972,6957.9701560032845,2770.211505922166
1790291734,40,,Aggregated,4.800000,0.000000,6100,6200,6400,6400,6600,6600,6700,6800,7000,7000,7000,599,0,6100,6068.584039754591,5236.622465999972,6957.9701560032845,2771.0217028380634
1790291735,40,,Aggregated,5.500000,0.000000,6100,6200,6400,6400,6600,6600,6700,6800,7000,7000,7000,601,0,6100,6069.846086088189,5236.622465999972,6957.9701560032845,2771.442595673877
1790291736,40,,Aggregated,5.800000,0.000000,6100,6200,6400,6400,6600,6600,6700,6800,7000,7000,7000,603,0,6100,6068.555055605311,5236.622465999972,6957.9701560032845,2770.912106135987
1790291737,40,,Aggregated,6.400000,0.000000,6100,6200,6400,6400,6600,6600,6700,6800,7000,7000,7000,607,0,6100,6068.236977461287,5236.622465999972,6957.9701560032845,2769.685337726524
1790291738,40,,Aggregated,5.400000,0.000000,6100,6200,6400,6400,6600,6600,6700,6800,7000,7000,7000,610,0,6100,6070.210437759021,5236.622465999972,6957.9701560032845,2770.67868852459
1790291739,40,,Aggregated,4.400000,0.000000,6100,6200,6400,6400,6600,6600,6700,6800,7000,7000,7000,616,0,6100,6067.432706422085,5236.622465999972,6957.9701560032845,2768.694805194805
1790291740,40,,Aggregated,4.700000,0.000000,6100,6200,6400,6400,6600,6600,6700,6800,7000,7000,7000,625,0,6100,6068.89884092642,5236.622465999972,6957.9701560032845,2768.64
1790291741,40,,Aggregated,4.900000,0.000000,6100,6200,6400,6400,6600,6600,6700,6800,7000,7000,7000,634,0,6100,6069.481008048923,5236.622465999972,6957.9701560032845,2769.085173501577
1790291742,40,,Aggregated,5.100000,0.000000,6100,6200,6400,6400,6600,6600,6700,6800,7000,7000,7000,640,0,6100,6068.403968092214,5236.622465999972,6957.9701560032845,2769.084375
1790291743,40,,Aggregated,5.600000,0.000000,6100,6200,6400,6400,6600,6600,6700,6800,7000,7000,7000,641,0,6100,6067.562693285523,5236.622465999972,6957.9701560032845,2768.4040561622464
1790291744,40,,Aggregated,6.200000,0.000000,6100,6200,6400,6400,6600,6600,6700,6800,7000,7000,7000,645,0,6100,6066.839478578322,5236.622465999972,6957.9701560032845,2767.846511627907
1790291746,40,,Aggregated,5.800000,0.000000,6100,6200,6400,6400,6600,6600,6700,6800,7000,7000,7000,648,0,6100,6068.3419685586705,5236.622465999972,6957.9701560032845,2768.429012345679
1790291747,40,,Aggregated,5.000000,0.000000,6100,6200,6400,6400,6600,6600,6700,6800,7000,7000,7000,654,0,6100,6068.292602943452,5236.622465999972,6957.9701560032845,2769.1024464831803
1790291748,40,,Aggregated,4.600000,0.000000,6100,6200,6400,6400,6600,6600,6700,6800,7000,7000,7000,661,0,6100,6067.36491263997,5236.622465999972,6957.9701560032845,2768.308623298033
1790291749,40,,Aggregated,4.700000,0.000000,6100,6200,6400,6400,6600,6600,6700,6800,7000,7000,7000,670,0,6100,6067.290336438847,5236.622465999972,6957.9701560032845,2767.762686567164
1790291750,40,,Aggregated,5.100000,0.000000,6100,6200,6400,6400,6600,6600,6700,6800,7000,7000,7000,679,0,6100,6066.723535687829,5236.622465999972,6957.9701560032845,2767.5066273932252
1790291751,40,,Aggregated,5.400000,0.000000,6100,6200,6400,6400,6600,6600,6700,6800,7000,7000,7000,680,0,6100,6067.411030117698,5236.622465999972,6957.9701560032845,2767.8073529411763
1790291752,40,,Aggregated,6.000000,0.000000,6100,6200,6400,6400,6600,6600,6700,6800,7000,7000,7000,682,0,6100,6067.638294834362,5236.622465999972,6957.9701560032845,2768.2360703812315
1790291753,40,,Aggregated,6.300000,0.000000,6100,6200,6400,6400,6600,6600,6700,6800,7000,7000,7000,685,0,6100,6068.308355185456,5236.622465999972,6957.9701560032845,2768.871532846715
1790291754,40,,Aggregated,5.500000,0.000000,6100,6200,6400,6400,6600,6600,6700,6800,7000,7000,7000,691,0,6100,6068.120163367638,5236.622465999972,6957.9701560032845,2768.765557163531
1790291755,40,,Aggregated,4.800000,0.000000,6100,6200,6400,6400,6600,6600,6700,6800,7000,7000,7000,697,0,6100,6066.721177041671,5236.622465999972,6957.9701560032845,2768.0
1790291756,40,,Aggregated,4.500000,0.000000,6100,6200,6400,6400,6600,6600,6700,6700,7000,7000,7000,704,0,6100,6066.761019069659,5236.622465999972,6957.9701560032845,2767.75
1790291757,40,,Aggregated,5.200000,0.000000,6100,6200,6400,6400,6600,6600,6700,6700,7000,7000,7000,714,0,6100,6064.287521958033,5236.622465999972,6957.9701560032845,2767.156862745098
1790291758,40,,Aggregated,5.200000,0.000000,6100,6200,6400,6400,6600,6600,6700,6700,7000,7000,7000,719,0,6100,6066.2346558706995,5236.622465999972,6957.9701560032845,2766.951321279555
1790291759,40,,Aggregated,5.600000,0.000000,6100,6200,6400,6400,6600,6600,6700,6700,7000,7000,7000,720,0,6100,6066.996566381991,5236.622465999972,6957.9701560032845,2767.1402777777776
1790291760,40,,Aggregated,5.900000,0.000000,6100,6200,6400,6400,6600,6600,6700,6800,7000,7000,7000,723,0,6100,6068.378609666712,5236.622465999972,6957.9701560032845,2767.387275242047
1790291761,40,,Aggregated,5.800000,0.000000,6100,6200,6400,6400,6600,6600,6700,6800,7000,7000,7000,726,0,6100,6068.522584013818,5236.622465999972,6957.9701560032845,2767.086776859504
1790291762,40,,Aggregated,5.000000,0.000000,6100,6200,6400,6400,6600,6600,6700,6800,7000,7000,7000,732,0,6100,6069.3243288210915,5236.622465999972,6957.9701560032845,2767.198087431694
1790291763,40,,Aggregated,4.400000,0.000000,6100,6200,6400,6400,6600,6600,6700,6800,7000,7000,7000,740,0,6100,6070.826584393284,5236.622465999972,6957.9701560032845,2767.2297297297296
1790291764,40,,Aggregated,4.600000,0.000000,6100,6300,6400,6400,6600,6600,6700,6800,7000,7000,7000,746,0,6100,6071.800367465186,5236.622465999972,6957.9701560032845,2767.540214477212
1790291765,40,,Aggregated,5.000000,0.000000,6100,6300,6400,6400,6600,6600,6700,6800,7000,7000,7000,757,0,6100,6073.364790295945,5236.622465999972,6957.9701560032845,2766.3883751651256
1790291766,40,,Aggregated,5.500000,0.000000,6100,6300,6400,6400,6600,6600,6700,6800,7000,7000,7000,759,0,6100,6074.623536442724,5236.622465999972,6957.9701560032845,2766.9025032938075
1790291767,40,,Aggregated,6.000000,0.000000,6100,6300,6400,6400,6600,6600,6700,6800,7000,7000,7000,763,0,6100,6073.666135155995,5236.622465999972,6957.9701560032845,2766.6657929226735
1790291768,40,,Aggregated,5.500000,0.000000,6100,6300,6400,6400,6600,6600,6700,6800,7000,7000,7000,766,0,6100,6073.3579800261405,5236.622465999972,6957.9701560032845,2766.7872062663187
1790291769,40,,Aggregated,4.800000,0.000000,6100,6300,6400,6400,6600,6600,6700,6800,7000,7000,7000,770,0,6100,6072.487039654575,5236.622465999972,6957.9701560032845,2766.518181818182
1790291770,40,,Aggregated,4.600000,0.000000,6100,6200,6400,6400,6600,6600,6700,6800,7000,7000,7000,778,0,6100,6073.063256533452,5236.622465999972,6957.9701560032845,2766.86118251928
1790291771,40,,Aggregated,4.900000,0.000000,6100,6200,6400,6400,6600,6600,6700,6800,7000,7000,7000,783,0,6100,6073.265976878703,5236.622465999972,6957.9701560032845,2766.7381864623244
1790291772,40,,Aggregated,5.100000,0.000000,6100,6300,6400,6400,6600,6600,6700,6800,7000,7000,7000,793,0,6100,6074.741838558675,5236.622465999972,6957.9701560032845,2767.0441361916774
1790291773,40,,Aggregated,5.400000,0.000000,6100,6300,6400,6400,6600,6700,6700,6800,7000,7000,7000,798,0,6100,6076.867674987499,5236.622465999972,6957.9701560032845,2767.310776942356
1790291774,40,,Aggregated,5.700000,0.000000,6100,6300,6400,6400,6600,6600,6700,6800,7000,7000,7000,802,0,6100,6075.5627762768345,5236.622465999972,6957.9701560032845,2765.706982543641
1790291775,40,,Aggregated,5.700000,0.000000,6100,6300,6400,6400,6600,6600,6700,6800,7000,7000,7000,805,0,6100,6075.383241709344,5236.622465999972,6957.9701560032845,2765.432298136646
1790291776,40,,Aggregated,5.400000,0.000000,6100,6200,6400,6400,6600,6600,6700,6800,7000,7000,7000,809,0,6100,6074.979134229947,5236.622465999972,6957.9701560032845,2764.9431396786154
1790291777,40,,Aggregated,4.600000,0.000000,6100,6200,6400,6400,6600,6600,6700,6800,7000,7000,7000,813,0,6100,6073.741718626107,5236.622465999972,6957.9701560032845,2764.3763837638376
1790291778,40,,Aggregated,4.600000,0.000000,6100,6200,6400,6400,6600,6600,6700,6800,7000,7000,7000,817,0,6100,6073.605812815212,5236.622465999972,6957.9701560032845,2764.3047735618115
1790291779,40,,Aggregated,5.100000,0.000000,6100,6300,6400,6400,6600,6600,6700,6800,7000,7000,7000,825,0,6100,6074.6255772266895,5236.622465999972,6957.9701560032845,2763.826666666667
1790291780,40,,Aggregated,5.200000,0.000000,6100,6300,6400,6400,6600,6600,6700,6800,7000,7000,7000,837,0,6100,6076.533323563939,5236.622465999972,6957.9701560032845,2765.1409796893668
1790291781,40,,Aggregated,5.500000,0.000000,6100,6300,6400,6400,6600,6600,6700,6800,7000,7000,7000,840,0,6100,6077.027178141688,5236.622465999972,6957.9701560032845,2765.6285714285714
1790291782,40,,Aggregated,5.500000,0.000000,6100,6300,6400,6400,6600,6600,6700,6800,7000,7000,7000,841,0,6100,6077.361695041637,5236.622465999972,6957.9701560032845,2765.8133174791915
1790291783,40,,Aggregated,5.900000,0.000000,6100,6300,6400,6400,6600,6600,6700,6800,7000,7000,7000,847,0,6100,6077.546891550191,5236.622465999972,6957.9701560032845,2766.097992916175
1790291784,40,,Aggregated,5.900000,0.000000,6100,6300,6400,6400,6600,6600,6700,6800,7000,7000,7000,849,0,6100,6077.964879573631,5236.622465999972,6957.9701560032845,2766.5288574793876
1790291785,40,,Aggregated,4.900000,0.000000,6100,6300,6400,6400,6600,6600,6700,6800,7000,7000,7000,855,0,6100,6079.279737557913,5236.622465999972,6957.9701560032845,2766.837426900585
1790291786,40,,Aggregated,4.900000,0.000000,6100,6300,6400,6400,6600,6600,6700,6800,7000,7000,7000,863,0,6100,6078.483575526093,5236.622465999972,6957.9701560032845,2766.8308227114717
1790291787,40,,Aggregated,4.800000,0.000000,6100,6300,6400,6400,6600,6600,6700,6800,7000,7000,7000,870,0,6100,6078.649287394272,5236.622465999972,6957.9701560032845,2766.1862068965515
1790291788,40,,Aggregated,5.000000,0.000000,6100,6300,6400,6400,6600,6600,6700,6800,7000,7000,7000,878,0,6100,6080.8593953633435,5236.622465999972,6957.9701560032845,2766.541002277904
1790291789,40,,Aggregated,5.500000,0.000000,6100,6300,6400,6400,6600,6600,6700,6800,7000,7000,7000,882,0,6100,6080.086237639477,5236.622465999972,6957.9701560032845,2766.4410430839002
1790291790,40,,Aggregated,5.900000,0.000000,6100,6300,6400,6400,6600,6600,6700,6800,7000,7000,7000,885,0,6100,6080.001475670078,5236.622465999972,6957.9701560032845,2766.6338983050846
1790291791,40,,Aggregated,5.700000,0.000000,6100,6300,6400,6400,6600,6600,6700,6800,7000,7000,7000,888,0,6100,6081.16520019709,5236.622465999972,6957.9701560032845,2767.4515765765764
1790291792,40,,Aggregated,4.700000,0.000000,6100,6300,6400,6400,6600,6600,6700,6800,7000,7000,7000,891,0,6100,6081.098084957372,5236.622465999972,6957.9701560032845,2767.0628507295173
1790291793,40,,Aggregated,4.700000,0.000000,6100,6300,6400,6400,6600,6600,6700,6800,7000,7000,7000,899,0,6100,6081.262254681894,5236.622465999972,6957.9701560032845,2766.9666295884317
1790291794,40,,Aggregated,4.700000,0.000000,6100,6300,6400,6400,6600,6600,6700,6800,7000,7000,7000,906,0,6100,6082.070840523203,5236.622465999972,6957.9701560032845,2767.346578366446
1790291795,40,,Aggregated,4.900000,0.000000,6100,6300,6400,6400,6600,6600,6700,6800,7000,7000,7000,911,0,6100,6083.584402615833,5236.622465999972,6957.9701560032845,2767.958287596048
1790291796,40,,Aggregated,5.200000,0.000000,6100,6300,6400,6400,6600,6600,6700,6800,7000,7000,7000,921,0,6100,6084.201779387646,5236.622465999972,6957.9701560032845,2768.199782844734
1790291797,40,,Aggregated,5.200000,0.000000,6100,6300,6400,6400,6600,6600,6700,6800,7000,7000,7000,922,0,6100,6083.99410838614,5236.622465999972,6957.9701560032845,2768.297180043384
1790291798,40,,Aggregated,6.000000,0.000000,6100,6300,6400,6400,6600,6600,6700,6800,7000,7000,7000,926,0,6100,6084.167659421186,5236.622465999972,6957.9701560032845,2768.649028077754
1790291799,40,,Aggregated,5.500000,0.000000,6100,6300,6400,6400,6600,6600,6700,6800,7000,7000,7000,929,0,6100,6083.841527342323,5236.622465999972,6957.9701560032845,2768.3552206673844
1790291800,40,,Aggregated,4.800000,0.000000,6100,6300,6400,6400,6600,6600,6700,6800,7000,7000,7000,935,0,6100,6082.950206447082,5236.622465999972,6957.9701560032845,2768.0823529411764
1790291801,40,,Aggregated,4.700000,0.000000,6100,6300,6400,6400,6600,6600,6700,6800,7000,7000,7000,939,0,6100,6083.947773870101,5236.622465999972,6957.9701560032845,2768.6070287539937
1790291802,40,,Aggregated,4.800000,0.000000,6100,6300,6400,6400,6600,6600,6700,6800,7000,7000,7000,951,0,6100,6084.0117553480895,5236.622465999972,6957.9701560032845,2768.111461619348
1790291803,40,,Aggregated,5.100000,0.000000,6100,6300,6400,6400,6600,6600,6700,6800,7000,7000,7000,961,0,6100,6083.822729507845,5236.622465999972,6957.9701560032845,2768.277835587929
1790291804,40,,Aggregated,5.700000,0.000000,6100,6300,6400,6400,6600,6600,6700,6800,7000,7000,7000,962,0,6100,6083.840831013553,5236.622465999972,6957.9701560032845,2768.314968814969
1790291805,40,,Aggregated,5.700000,0.000000,6100,6300,6400,6400,6600,6600,6700,6800,7000,7000,7000,964,0,6100,6083.045333881783,5236.622465999972,6957.9701560032845,2768.244813278008
1790291806,40,,Aggregated,5.700000,0.000000,6100,6300,6400,6400,6600,6600,6700,6800,7000,7000,7000,966,0,6100,6082.556101209147,5236.622465999972,6957.9701560032845,2768.0476190476193
1790291807,40,,Aggregated,5.400000,0.000000,6100,6300,6400,6400,6600,6600,6700,6800,7000,7000,7000,974,0,6100,6080.769249642746,5236.622465999972,6957.9701560032845,2767.010266940452
1790291808,40,,Aggregated,5.400000,0.000000,6100,6300,6400,6400,6600,6600,6700,6800,7000,7000,7000,977,0,6100,6081.168305859808,5236.622465999972,6957.9701560032845,2767.2231320368473
1790291809,40,,Aggregated,4.800000,0.000000,6100,6300,6400,6400,6600,6600,6700,6800,7000,7000,7000,982,0,6100,6081.0267367556335,5236.622465999972,6957.9701560032845,2767.5254582484727
1790291810,40,,Aggregated,5.300000,0.000000,6100,6300,6400,6400,6600,6600,6700,6800,7000,7000,7000,995,0,6100,6080.347394531695,5236.622465999972,6957.9701560032845,2767.4120603015076
1790291811,40,,Aggregated,5.000000,0.000000,6100,6300,6400,6400,6600,6600,6700,6800,6900,7000,7000,1002,0,6100,6081.487047574888,5236.622465999972,6957.9701560032845,2768.121756487026
1790291812,40,,Aggregated,5.000000,0.000000,6100,6300,6400,6400,6600,6600,6700,6800,6900,7000,7000,1004,0,6100,6080.313980892468,5236.622465999972,6957.9701560032845,2767.891434262948
1790291813,40,,Aggregated,6.200000,0.000000,6100,6300,6400,6400,6600,6600,6700,6800,6900,7000,7000,1005,0,6100,6080.082365850784,5236.622465999972,6957.9701560032845,2767.894527363184
1790291814,40,,Aggregated,5.900000,0.000000,6100,6300,6400,6400,6600,6600,6700,6800,6900,7000,7000,1009,0,6100,6079.369786596667,5236.622465999972,6957.9701560032845,2768.1347869177403
1790291815,40,,Aggregated,5.200000,0.000000,6100,6300,6400,6400,6600,6600,6700,6800,6900,7000,7000,1016,0,6100,6079.173890665392,5236.622465999972,6957.9701560032845,2768.2086614173227
1790291816,40,,Aggregated,4.600000,0.000000,6100,6300,6400,6400,6600,6600,6700,6800,6900,7000,7000,1019,0,6100,6078.989717005924,5236.622465999972,6957.9701560032845,2767.912659470069
1790291817,40,,Aggregated,4.900000,0.000000,6100,6300,6400,6400,6600,6600,6700,6800,6900,7000,7000,1028,0,6100,6076.7893510369995,5236.622465999972,6957.9701560032845,2767.034046692607
1790291818,40,,Aggregated,5.100000,0.000000,6100,6300,6400,6400,6600,6600,6700,6800,6900,7000,7000,1039,0,6100,6078.0445268575895,5236.622465999972,6957.9701560032845,2767.599615014437
1790291819,40,,Aggregated,5.300000,0.000000,6100,6300,6400,6400,6600,6600,6700,6800,6900,7000,7000,1044,0,6100,6077.616909244288,5236.622465999972,6957.9701560032845,2768.110153256705
1790291820,40,,Aggregated,5.300000,0.000000,6100,6300,6400,6400,6600,6600,6700,6800,6900,7000,7000,1044,0,6100,6077.616909244288,5236.622465999972,6957.9701560032845,2768.110153256705
1790291821,40,,Aggregated,6.300000,0.000000,6100,6300,6400,6400,6600,6600,6700,6800,6900,7000,7000,1045,0,6100,6077.610647534965,5236.622465999972,6957.9701560032845,2768.1023923444977
1790291822,40,,Aggregated,5.700000,0.000000,6100,6300,6400,6400,6600,6600,6700,6800,6900,7000,7000,1054,0,6100,6076.950859475367,5236.622465999972,6957.9701560032845,2768.2305502846298
1790291823,40,,Aggregated,4.500000,0.000000,6100,6300,6400,6400,6600,6600,6700,6800,6900,7000,7000,1058,0,6100,6077.305107807222,5236.622465999972,6957.9701560032845,2768.587901701323
1790291824,40,,Aggregated,4.300000,0.000000,6100,6300,6400,6400,6600,6600,6700,6800,6900,7000,7000,1065,0,6100,6075.4742590920505,5236.622465999972,6957.9701560032845,2768.426291079812
1790291825,40,,Aggregated,5.000000,0.000000,6100,6300,6400,6400,6600,6600,6700,6800,6900,7000,7000,1072,0,6100,6075.69139368473,5236.622465999972,6957.9701560032845,2768.6548507462685
1790291826,40,,Aggregated,5.300000,0.000000,6100,6300,6400,6400,6600,6600,6700,6800,6900,7000,7000,1083,0,6100,6076.8178267082485,5236.622465999972,6957.9701560032845,2768.967682363804
1790291827,40,,Aggregated,5.300000,0.000000,6100,6300,6400,6400,6600,6600,6700,6800,6900,7000,7000,1084,0,6100,6076.747548424386,5236.622465999972,6957.9701560032845,2769.0147601476015
1790291828,40,,Aggregated,5.300000,0.000000,6100,6300,6400,6400,6600,6600,6700,6800,6900,7000,7000,1084,0,6100,6076.747548424386,5236.622465999972,6957.9701560032845,2769.0147601476015
1790291829,40,,Aggregated,6.000000,0.000000,6100,6300,6400,6400,6600,6600,6700,6800,6900,7000,7000,1088,0,6100,6076.194638748194,5236.622465999972,6957.9701560032845,2768.8474264705883
1790291830,40,,Aggregated,4.900000,0.000000,6100,6300,6400,6400,6600,6600,6700,6800,6900,7000,7000,1097,0,6100,6077.2206305606505,5236.622465999972,6957.9701560032845,2769.2479489516863
1790291831,40,,Aggregated,4.300000,0.000000,6100,6300,6400,6400,6600,6600,6700,6800,6900,7000,7000,1101,0,6100,6076.6750290999435,5236.622465999972,6957.9701560032845,2769.30336058129
1790291832,40,,Aggregated,4.600000,0.000000,6100,6300,6400,6400,6600,6600,6700,6800,6900,7000,7000,1108,0,6100,6075.993860972056,5236.622465999972,6957.9701560032845,2769.2490974729244
1790291833,40,,Aggregated,5.400000,0.000000,6100,6300,6400,6400,6600,6600,6700,6800,6900,7000,7000,1118,0,6100,6074.014513055494,5236.622465999972,6957.9701560032845,2769.3685152057246
1790291834,40,,Aggregated,5.600000,0.000000,6100,6300,6400,6400,6600,6600,6700,6800,6900,7000,7000,1124,0,6100,6074.299329406627,5236.622465999972,6957.9701560032845,2769.7437722419927
1790291835,40,,Aggregated,5.600000,0.000000,6100,6300,6400,6400,6600,6600,6700,6800,6900,7000,7000,1124,0,6100,6074.299329406627,5236.622465999972,6957.9701560032845,2769.7437722419927
1790291836,40,,Aggregated,6.300000,0.000000,6100,6300,6400,6400,6600,6600,6700,6800,6900,7000,7000,1127,0,6100,6074.0616031224945,5236.622465999972,6957.9701560032845,2769.963620230701
1790291837,40,,Aggregated,5.800000,0.000000,6100,6300,6400,6400,6600,6600,6700,6800,6900,7000,7000,1132,0,6100,6073.460632317177,5236.622465999972,6957.9701560032845,2770.2667844522966
1790291838,40,,Aggregated,4.800000,0.000000,6100,6300,6400,6400,6600,6600,6700,6800,6900,7000,7000,1141,0,6100,6072.764245397934,5236.622465999972,6957.9701560032845,2769.4338299737074
1790291839,40,,Aggregated,4.600000,0.000000,6100,6300,6400,6400,6600,6600,6700,6800,6900,7000,7000,1144,0,6100,6071.732704226441,5236.622465999972,6957.9701560032845,2769.145979020979
1790291840,40,,Aggregated,5.000000,0.000000,6100,6300,6400,6400,6600,6600,6700,6800,6900,7000,7000,1149,0,6100,6071.1878814578295,5236.622465999972,6957.9701560032845,2768.905134899913
1790291841,40,,Aggregated,5.700000,0.000000,6100,6300,6400,6400,6600,6600,6700,6800,6900,7000,7000,1161,0,6100,6072.064997382471,5236.622465999972,6957.9701560032845,2769.5736434108526
1790291842,40,,Aggregated,5.600000,0.000000,6100,6300,6400,6400,6600,6600,6700,6800,6900,7000,7000,1164,0,6100,6072.653343921863,5236.622465999972,6957.9701560032845,2769.6365979381444
1790291843,40,,Aggregated,5.600000,0.000000,6100,6300,6400,6400,6600,6600,6700,6800,6900,7000,7000,1164,0,6100,6072.653343921863,5236.622465999972,6957.9701560032845,2769.6365979381444
1790291844,40,,Aggregated,5.800000,0.000000,6100,6300,6400,6400,6600,6600,6700,6800,6900,7000,7000,1167,0,6100,6072.954993036889,5236.622465999972,6957.9701560032845,2769.790059982862
1790291845,40,,Aggregated,5.300000,0.000000,6100,6300,6400,6400,6600,6600,6700,6800,6900,7000,7000,1177,0,6100,6072.864404373019,5236.622465999972,6957.9701560032845,2769.3305012744263
1790291846,40,,Aggregated,4.200000,0.000000,6100,6300,6400,6400,6600,6600,6700,6800,6900,7000,7000,1183,0,6100,6073.99483354864,5236.622465999972,6957.9701560032845,2769.8994082840236
1790291847,40,,Aggregated,4.700000,0.000000,6100,6300,6400,6400,6600,6600,6700,6800,6900,7000,7000,1190,0,6100,6073.09461403533,5236.622465999972,6957.9701560032845,2769.4932773109244
1790291848,40,,Aggregated,5.400000,0.000000,6100,6300,6400,6400,6600,6600,6700,6800,6900,7000,7000,1194,0,6100,6072.89151933923,5236.622465999972,6957.9701560032845,2769.705192629816
1790291849,40,,Aggregated,5.400000,0.000000,6100,6300,6400,6400,6600,6600,6700,6800,6900,7000,7000,1202,0,6100,6073.496739238799,5236.622465999972,6957.9701560032845,2769.9026622296174
1790291850,40,,Aggregated,5.600000,0.000000,6100,6300,6400,6400,6600,6600,6700,6800,6900,7000,7000,1204,0,6100,6073.331003008335,5236.622465999972,6957.9701560032845,2769.812292358804
1790291851,40,,Aggregated,5.500000,0.000000,6100,6300,6400,6400,6600,6600,6700,6800,6900,7000,7000,1205,0,6100,6073.156859545255,5236.622465999972,6957.9701560032845,2769.8141078838175
1790291852,40,,Aggregated,5.700000,0.000000,6100,6300,6400,6400,6600,6600,6700,6800,6900,7000,7000,1212,0,6100,6072.961716660097,5236.622465999972,6957.9701560032845,2769.674917491749
1790291853,40,,Aggregated,5.100000,0.000000,6100,6300,6400,6400,6600,6600,6700,6800,6900,7000,7000,1220,0,6100,6071.996162668063,5236.622465999972,6957.9701560032845,2769.4581967213117
1790291854,40,,Aggregated,4.400000,0.000000,6100,6300,6400,6400,6600,6600,6700,6800,6900,7000,7000,1226,0,6100,6072.252086184369,5236.622465999972,6957.9701560032845,2769.621533442088
1790291855,40,,Aggregated,4.900000,0.000000,6100,6300,6400,6400,6600,6600,6700,6800,6900,7000,7000,1230,0,6100,6072.590637267508,5236.622465999972,6957.9701560032845,2769.8642276422765
1790291856,40,,Aggregated,5.700000,0.000000,6100,6300,6400,6400,6600,6600,6700,6800,6900,7000,7000,1239,0,6100,6073.7369039572495,5236.622465999972,6957.9701560032845,2770.5205811138017
1790291857,40,,Aggregated,5.500000,0.000000,6100,6300,6400,6400,6600,6600,6700,6800,6900,7000,7000,1244,0,6100,6074.618383725913,5236.622465999972,6957.9701560032845,2770.720257234727
1790291858,40,,Aggregated,5.500000,0.000000,6100,6300,6400,6400,6600,6600,6700,6800,6900,7000,7000,1244,0,6100,6074.618383725913,5236.622465999972,6957.9701560032845,2770.720257234727
1790291859,40,,Aggregated,5.700000,0.000000,6100,6300,6400,6400,6600,6600,6700,6800,6900,7000,7000,1248,0,6100,6074.353411317336,5236.622465999972,6957.9701560032845,2770.471153846154
1790291860,40,,Aggregated,5.400000,0.000000,6100,6300,6400,6400,6600,6600,6700,6800,6900,7000,7000,1256,0,6100,6074.654669803374,5236.622465999972,6957.9701560032845,2770.546178343949
1790291861,40,,Aggregated,4.800000,0.000000,6100,6300,6400,6400,6600,6600,6700,6800,6900,7000,7000,1265,0,6100,6074.151180505169,5236.622465999972,6957.9701560032845,2770.795256916996
1790291862,40,,Aggregated,4.600000,0.000000,6100,6300,6400,6400,6600,6600,6700,6800,6900,7000,7000,1266,0,6100,6073.731932289129,5236.622465999972,6957.9701560032845,2770.635860979463
1790291863,40,,Aggregated,5.400000,0.000000,6100,6300,6400,6400,6600,6600,6700,6800,6900,7000,7000,1272,0,6100,6074.3782593648075,5236.622465999972,6957.9701560032845,2770.879716981132
1790291864,40,,Aggregated,6.000000,0.000000,6100,6300,6400,6400,6600,6600,6700,6800,6900,7000,7000,1282,0,6100,6074.854155539811,5236.622465999972,6957.9701560032845,2771.1653666146644
1790291865,40,,Aggregated,5.300000,0.000000,6100,6300,6400,6400,6600,6600,6700,6800,6900,7000,7000,1284,0,6100,6075.238635636323,5236.622465999972,6957.9701560032845,2771.461059190031
1790291866,40,,Aggregated,5.200000,0.000000,6100,6300,6400,6400,6600,6600,6700,6800,6900,7000,7000,1285,0,6100,6075.329143805476,5236.622465999972,6957.9701560032845,2771.368871595331
1790291867,40,,Aggregated,5.600000,0.000000,6100,6300,6400,6400,6600,6600,6700,6800,6900,7000,7000,1290,0,6100,6074.986817820181,5236.622465999972,6957.9701560032845,2771.156589147287
1790291868,40,,Aggregated,5.400000,0.000000,6100,6300,6400,6400,6600,6600,6700,6800,6900,7000,7000,1299,0,6100,6076.507989649765,5236.622465999972,6957.9701560032845,2771.5103926097
1790291869,40,,Aggregated,4.500000,0.000000,6100,6300,6400,6400,6600,6600,6700,6800,6900,7000,7000,1304,0,6100,6077.429650213994,5236.622465999972,6957.9701560032845,2771.9792944785277
1790291870,40,,Aggregated,4.700000,0.000000,6100,6300,6400,6400,6600,6600,6700,6800,6900,7000,7000,1306,0,6100,6078.181848947205,5236.622465999972,6957.9701560032845,2772.0964777947934
1790291871,40,,Aggregated,5.500000,0.000000,6100,6300,6400,6400,6600,6600,6700,6800,6900,7000,7000,1318,0,6100,6079.053246439341,5236.622465999972,6957.9701560032845,2772.0470409711684
1790291872,40,,Aggregated,5.500000,0.000000,6100,6300,6400,6400,6600,6600,6700,6800,6900,7000,7000,1323,0,6100,6079.448379346225,5236.622465999972,6957.9701560032845,2772.080120937264
1790291873,40,,Aggregated,4.800000,0.000000,6100,6300,6400,6400,6600,6600,6700,6800,6900,7000,7000,1326,0,6100,6078.462701066405,5236.622465999972,6957.9701560032845,2771.8197586726997
1790291874,40,,Aggregated,5.400000,0.000000,6100,6300,6400,6400,6600,6600,6700,6800,6900,7000,7000,1327,0,6100,6078.343070062586,5236.622465999972,6957.9701560032845,2771.860587792012
1790291875,40,,Aggregated,5.700000,0.000000,6100,6300,6400,6400,6600,6600,6700,6800,6900,7000,7000,1334,0,6100,6077.176904691194,5236.622465999972,6957.9701560032845,2771.352323838081
1790291876,40,,Aggregated,5.200000,0.000000,6100,6300,6400,6400,6600,6600,6700,6800,6900,7000,7000,1342,0,6100,6075.74627236368,5236.622465999972,6957.9701560032845,2771.034277198212
1790291877,40,,Aggregated,4.500000,0.000000,6100,6300,6400,6400,6600,6600,6700,6800,6900,7000,7000,1346,0,6100,6076.100649433915,5236.622465999972,6957.9701560032845,2771.425705794948
1790291878,40,,Aggregated,5.100000,0.000000,6100,6300,6400,6400,6600,6600,6700,6800,6900,7000,7000,1349,0,6100,6075.288274301002,5236.622465999972,6957.9701560032845,2771.3817642698295
1790291879,40,,Aggregated,5.700000,0.000000,6100,6300,6400,6400,6600,6600,6700,6800,6900,7000,7000,1359,0,6100,6075.959949011811,5236.622465999972,6957.9701560032845,2771.2759381898454
1790291880,40,,Aggregated,5.500000,0.000000,6100,6300,6400,6400,6600,6600,6700,6800,6900,7000,7000,1363,0,6100,6076.879981171718,5236.622465999972,6957.9701560032845,2771.741012472487
1790291881,40,,Aggregated,5.000000,0.000000,6100,6300,6400,6400,6600,6600,6700,6800,6900,7000,7000,1367,0,6100,6077.099148998576,5236.622465999972,6957.9701560032845,2771.8119970738844
1790291883,40,,Aggregated,5.500000,0.000000,6100,6300,6400,6400,6600,6600,6700,6800,6900,7000,7000,1369,0,6100,6076.770005091348,5236.622465999972,6957.9701560032845,2771.715850986121
1790291884,40,,Aggregated,5.700000,0.000000,6100,6300,6400,6400,6600,6600,6700,6800,6900,7000,7000,1379,0,6100,6078.351433120418,5236.622465999972,6957.9701560032845,2772.306018854242
1790291885,40,,Aggregated,4.800000,0.000000,6100,6300,6400,6400,6600,6600,6700,6800,6900,7000,7000,1386,0,6100,6078.125205200619,5236.622465999972,6957.9701560032845,2772.2113997113997
1790291886,40,,Aggregated,4.600000,0.000000,6100,6300,6400,6400,6600,6600,6700,6800,6900,7000,7000,1388,0,6100,6078.376646430877,5236.622465999972,6957.9701560032845,2772.4819884726226
1790291887,40,,Aggregated,5.300000,0.000000,6100,6300,6400,6400,6600,6600,6700,6800,6900,7000,7000,1393,0,6100,6077.743997264937,5236.622465999972,6957.9701560032845,2772.2232591529073
1790291888,40,,Aggregated,5.900000,0.000000,6100,6300,6400,6400,6600,6600,6700,6800,6900,7000,7000,1403,0,6100,6079.227804280153,5236.622465999972,6957.9701560032845,2772.4925160370635
1790291889,40,,Aggregated,5.300000,0.000000,6100,6300,6400,6400,6600,6600,6700,6800,6900,7000,7000,1405,0,6100,6079.078548866232,5236.622465999972,6957.9701560032845,2772.4163701067614
1790291890,40,,Aggregated,5.100000,0.000000,6100,6300,6400,6400,6600,6600,6700,6800,6900,7000,7000,1407,0,6100,6079.392706422214,5236.622465999972,6957.9701560032845,2772.4868514570007
1790291891,40,,Aggregated,5.600000,0.000000,6100,6300,6400,6400,6600,6600,6700,6800,6900,7000,7000,1412,0,6100,6079.107243291825,5236.622465999972,6957.9701560032845,2772.14164305949
1790291892,40,,Aggregated,5.600000,0.000000,6100,6300,6400,6400,6600,6600,6700,6800,6900,7000,7000,1419,0,6100,6080.495050007086,5236.622465999972,6957.9701560032845,2772.5715292459477
1790291893,40,,Aggregated,4.800000,0.000000,6100,6300,6400,6400,6600,6600,6700,6800,6900,7000,7000,1428,0,6100,6081.724922731829,5236.622465999972,6957.9701560032845,2773.1967787114845
1790291894,40,,Aggregated,4.800000,0.000000,6100,6300,6400,6400,6600,6600,6700,6800,6900,7000,7000,1430,0,6100,6081.2736907364015,5236.622465999972,6957.9701560032845,2772.867832167832
1790291895,40,,Aggregated,5.200000,0.000000,6100,6300,6400,6400,6600,6600,6700,6800,6900,7000,7000,1439,0,6100,6081.263285946528,5236.622465999972,6957.9701560032845,2772.8797776233496
1790291896,40,,Aggregated,5.100000,0.000000,6100,6300,6400,6400,6600,6600,6700,6800,6900,7000,7000,1445,0,6100,6081.199090020803,5236.622465999972,6957.9701560032845,2773.0131487889275
1790291897,40,,Aggregated,5.100000,0.000000,6100,6300,6400,6400,6600,6600,6700,6800,6900,7000,7000,1448,0,6100,6080.099848804598,5236.622465999972,6957.9701560032845,2772.789364640884
1790291898,40,,Aggregated,5.300000,0.000000,6100,6300,6400,6400,6600,6600,6700,6800,6900,7000,7000,1450,0,6100,6079.340751573833,5236.622465999972,6957.9701560032845,2772.5841379310345
1790291899,40,,Aggregated,5.600000,0.000000,6100,6300,6400,6400,6600,6600,6700,6800,6900,7000,7000,1452,0,6100,6078.947917899488,5236.622465999972,6957.9701560032845,2772.4290633608816
1790291900,40,,Aggregated,4.700000,0.000000,6100,6300,6400,6400,6600,6600,6700,6800,6900,7000,7000,1463,0,6100,6079.992496655538,5236.622465999972,6957.9701560032845,2772.814080656186
1790291901,40,,Aggregated,4.700000,0.000000,6100,6300,6400,6400,6600,6600,6700,6800,6900,7000,7000,1468,0,6100,6080.373271350173,5236.622465999972,6957.9701560032845,2773.016348773842
1790291902,40,,Aggregated,4.700000,0.000000,6100,6300,6400,6400,6600,6600,6700,6800,6900,7000,7000,1476,0,6100,6079.77054174055,5236.622465999972,6957.9701560032845,2772.6456639566395
1790291903,40,,Aggregated,5.700000,0.000000,6100,6300,6400,6400,6600,6600,6700,6800,6900,7000,7000,1484,0,6100,6079.390434252731,5236.622465999972,6957.9701560032845,2772.5269541778976
1790291904,40,,Aggregated,5.700000,0.000000,6100,6300,6400,6400,6600,6600,6700,6800,6900,7000,7000,1488,0,6100,6079.93701774466,5236.622465999972,6957.9701560032845,2772.8461021505377
1790291905,40,,Aggregated,5.500000,0.000000,6100,6300,6400,6400,6600,6600,6700,6800,6900,7000,7000,1489,0,6100,6080.229648851614,5236.622465999972,6957.9701560032845,2772.746809939557
1790291906,40,,Aggregated,5.500000,0.000000,6100,6300,6400,6400,6600,6600,6700,6800,6900,7000,7000,1492,0,6100,6079.552886668935,5236.622465999972,6957.9701560032845,2772.570375335121
1790291907,40,,Aggregated,4.900000,0.000000,6100,6300,6400,6400,6600,6600,6700,6800,6900,7000,7000,1500,0,6100,6078.349659353361,5236.622465999972,6957.9701560032845,2772.352
1790291908,40,,Aggregated,4.800000,0.000000,6100,6300,6400,6400,6600,6600,6700,6800,6900,7000,7000,1508,0,6100,6077.193473856131,5236.622465999972,6957.9701560032845,2771.954907161804
1790291909,40,,Aggregated,5.000000,0.000000,6100,6300,6400,6400,6600,6600,6700,6800,6900,7000,7000,1512,0,6100,6076.996663908763,5236.622465999972,6957.9701560032845,2771.970238095238
1790291910,40,,Aggregated,5.600000,0.000000,6100,6300,6400,6400,6600,6600,6700,6800,6900,7000,7000,1518,0,6100,6077.241315291862,5236.622465999972,6957.9701560032845,2772.1403162055335
1790291911,40,,Aggregated,5.900000,0.000000,6100,6300,6400,6400,6600,6600,6700,6800,6900,7000,7000,1528,0,6100,6077.079762099505,5236.622465999972,6957.9701560032845,2772.2218586387435
1790291912,40,,Aggregated,5.900000,0.000000,6100,6300,6400,6400,6600,6600,6700,6800,6900,7000,7000,1528,0,6100,6077.079762099505,5236.622465999972,6957.9701560032845,2772.2218586387435
1790291913,40,,Aggregated,5.600000,0.000000,6100,6300,6400,6400,6600,6600,6700,6800,6900,7000,7000,1530,0,6100,6077.391147724867,5236.622465999972,6957.9701560032845,2772.42614379085
1790291914,40,,Aggregated,5.200000,0.000000,6100,6300,6400,6400,6600,6600,6700,6800,6900,7000,7000,1537,0,6100,6077.750239884867,5236.622465999972,6957.9701560032845,2772.4560832791153
1790291915,40,,Aggregated,4.600000,0.000000,6100,6300,6400,6400,6600,6600,6700,6800,6900,7000,7000,1545,0,6100,6077.947660793559,5236.622465999972,6957.9701560032845,2772.991585760518
1790291916,40,,Aggregated,4.500000,0.000000,6100,6300,6400,6400,6600,6600,6700,6800,6900,7000,7000,1549,0,6100,6078.217719389316,5236.622465999972,6957.9701560032845,2773.2472562943835
1790291917,40,,Aggregated,5.200000,0.000000,6100,6300,6400,6400,6600,6600,6700,6800,6900,7000,7000,1556,0,6100,6077.415147434482,5236.622465999972,6957.9701560032845,2772.8007712082263
1790291918,40,,Aggregated,5.600000,0.000000,6100,6300,6400,6400,6600,6600,6700,6800,6900,7000,7000,1565,0,6100,6077.594610621763,5236.622465999972,6957.9701560032845,2772.2888178913736
1790291919,40,,Aggregated,5.600000,0.000000,6100,6300,6400,6400,6600,6600,6700,6800,6900,7000,7000,1568,0,6100,6077.904042190088,5236.622465999972,6957.9701560032845,2772.2920918367345
1790291920,40,,Aggregated,5.500000,0.000000,6100,6300,6400,6400,6600,6600,6700,6800,6900,7000,7000,1569,0,6100,6077.770899841337,5236.622465999972,6957.9701560032845,2772.3224984066283
1790291921,40,,Aggregated,5.700000,0.000000,6100,6300,6400,6400,6600,6600,6700,6800,6900,7000,7000,1570,0,6100,6077.655472939527,5236.622465999972,6957.9701560032845,2772.0579617834396
1790291922,40,,Aggregated,5.300000,0.000000,6100,6300,6400,6400,6600,6600,6700,6800,6900,7000,7000,1580,0,6100,6078.410334695607,5236.622465999972,6957.9701560032845,2772.1772151898736
1790291923,40,,Aggregated,4.500000,0.000000,6100,6300,6400,6400,6600,6600,6700,6800,6900,7000,7000,1589,0,6100,6079.57529140155,5236.622465999972,6957.9701560032845,2772.662051604783
1790291924,40,,Aggregated,4.700000,0.000000,6100,6300,6400,6400,6600,6600,6700,6800,6900,7000,7000,1593,0,6100,6080.37098897556,5236.622465999972,6957.9701560032845,2772.7545511613307
1790291925,40,,Aggregated,5.500000,0.000000,6100,6300,6400,6400,6600,6600,6700,6800,6900,7000,7000,1599,0,6100,6079.203267449696,5236.622465999972,6957.9701560032845,2772.243277048155
1790291926,40,,Aggregated,5.900000,0.000000,6100,6300,6400,6400,6600,6600,6700,6800,6900,7000,7000,1607,0,6100,6080.078461705083,5236.622465999972,6957.9701560032845,2772.639079029247
1790291927,40,,Aggregated,5.900000,0.000000,6100,6300,6400,6400,6600,6600,6700,6800,6900,7000,7000,1608,0,6100,6080.257507439096,5236.622465999972,6957.9701560032845,2772.8314676616915
1790291928,40,,Aggregated,5.700000,0.000000,6100,6300,6400,6400,6600,6600,6700,6800,6900,7000,7000,1609,0,6100,6080.34796176511,5236.622465999972,6957.9701560032845,2772.872591671846
1790291929,40,,Aggregated,5.600000,0.000000,6100,6300,6400,6400,6600,6600,6700,6800,6900,7000,7000,1616,0,6100,6079.566568325532,5236.622465999972,6957.9701560032845,2772.595297029703
1790291930,40,,Aggregated,4.700000,0.000000,6100,6300,6400,6400,6600,6600,6700,6800,6900,7000,7000,1624,0,6100,6080.624382643509,5236.622465999972,6957.9701560032845,2772.535714285714
1790291931,40,,Aggregated,4.300000,0.000000,6100,6300,6400,6400,6600,6600,6700,6800,6900,7000,7000,1630,0,6100,6080.474244606783,5236.622465999972,6957.9701560032845,2772.8141104294477
1790291932,40,,Aggregated,5.000000,0.000000,6100,6300,6400,6400,6600,6600,6700,6800,6900,7000,7000,1633,0,6100,6080.654382858577,5236.622465999972,6957.9701560032845,2772.802204531537
1790291933,40,,Aggregated,5.700000,0.000000,6100,6300,6400,6400,6600,6600,6700,6800,6900,7000,7000,1641,0,6100,6081.005279471699,5236.622465999972,6957.9701560032845,2772.873857404022
1790291934,40,,Aggregated,5.700000,0.000000,6100,6300,6400,6400,6600,6600,6700,6800,6900,7000,7000,1648,0,6100,6081.852294115936,5236.622465999972,6957.9701560032845,2773.2888349514565
1790291935,40,,Aggregated,5.700000,0.000000,6100,6300,6400,6400,6600,6600,6700,6800,6900,7000,7000,1649,0,6100,6081.473859060074,5236.622465999972,6957.9701560032845,2773.175864160097
1790291936,40,,Aggregated,5.700000,0.000000,6100,6300,6400,6400,6600,6600,6700,6800,6900,7000,7000,1653,0,6100,6080.822533589874,5236.622465999972,6957.9701560032845,2772.776769509982
1790291937,40,,Aggregated,5.500000,0.000000,6100,6300,6400,6400,6600,6600,6700,6800,6900,7000,7000,1659,0,6100,6081.041172934937,5236.622465999972,6957.9701560032845,2772.7637130801686
1790291938,40,,Aggregated,4.400000,0.000000,6100,6300,6400,6400,6600,6600,6700,6800,6900,7000,7000,1666,0,6100,6082.0801433331735,5236.622465999972,6957.9701560032845,2773.3955582232893
1790291939,40,,Aggregated,4.800000,0.000000,6100,6300,6400,6400,6600,6600,6700,6800,6900,7000,7000,1673,0,6100,6082.122020184737,5236.622465999972,6957.9701560032845,2773.3012552301257
1790291940,40,,Aggregated,5.500000,0.000000,6100,6300,6400,6400,6600,6600,6700,6800,6900,7000,7000,1677,0,6100,6081.092980822341,5236.622465999972,6957.9701560032845,2772.9314251639835
1790291941,40,,Aggregated,5.900000,0.000000,6100,6300,6400,6400,6600,6600,6700,6800,6900,7000,7000,1686,0,6100,6081.154694358876,5236.622465999972,6957.9701560032845,2772.7010676156583
1790291942,40,,Aggregated,5.700000,0.000000,6100,6300,6400,6400,6600,6600,6700,6800,6900,7000,7000,1689,0,6100,6081.0716671522005,5236.622465999972,6957.9701560032845,2772.7412670219064
1790291943,40,,Aggregated,5.700000,0.000000,6100,6300,6400,6400,6600,6600,6700,6800,6900,7000,7000,1690,0,6100,6080.751167902997,5236.622465999972,6957.9701560032845,2772.576331360947
1790291944,40,,Aggregated,5.600000,0.000000,6100,6300,6400,6400,6600,6600,6700,6800,6900,7000,7000,1696,0,6100,6080.882545569023,5236.622465999972,6957.9701560032845,2772.380896226415
1790291945,40,,Aggregated,5.000000,0.000000,6100,6300,6400,6400,6600,6600,6700,6800,6900,7000,7000,1703,0,6100,6080.753293257816,5236.622465999972,6957.9701560032845,2772.1262477980035
1790291946,40,,Aggregated,4.500000,0.000000,6100,6300,6400,6400,6600,6600,6700,6800,6900,7000,7000,1708,0,6100,6081.259272673923,5236.622465999972,6957.9701560032845,2772.018149882904
1790291947,40,,Aggregated,5.000000,0.000000,6100,6300,6400,6400,6600,6600,6700,6800,6900,7000,7000,1713,0,6100,6081.671802914809,5236.622465999972,6957.9701560032845,2772.0980735551666
1790291948,40,,Aggregated,5.600000,0.000000,6100,6300,6400,6400,6600,6600,6700,6800,6900,7000,7000,1719,0,6100,6083.1689299145255,5236.622465999972,6957.9701560032845,2772.4450261780103
1790291949,40,,Aggregated,5.500000,0.000000,6100,6300,6400,6400,6600,6700,6700,6800,6900,7000,7000,1728,0,6100,6084.841199239628,5236.622465999972,6957.9701560032845,2772.9016203703704
1790291950,40,,Aggregated,5.100000,0.000000,6100,6300,6400,6400,6600,6700,6700,6800,6900,7000,7000,1730,0,6100,6084.7155263416635,5236.622465999972,6957.9701560032845,2772.7682080924856
1790291951,40,,Aggregated,5.400000,0.000000,6100,6300,6400,6400,6600,6700,6700,6800,6900,7000,7000,1734,0,6100,6084.7693907514895,5236.622465999972,6957.9701560032845,2772.871972318339
1790291952,40,,Aggregated,5.300000,0.000000,6100,6300,6400,6400,6600,6700,6700,6800,6900,7000,7000,1738,0,6100,6085.303642599587,5236.622465999972,6957.9701560032845,2772.873993095512
1790291953,40,,Aggregated,4.700000,0.000000,6100,6300,6400,6400,6600,6700,6700,6800,6900,7000,7000,1747,0,6100,6086.831252141434,5236.622465999972,6957.9701560032845,2773.5775615340585
1790291954,40,,Aggregated,4.600000,0.000000,6100,6300,6400,6400,6600,6700,6700,6800,6900,7000,7000,1752,0,6100,6086.5245522255045,5236.622465999972,6957.9701560032845,2773.689497716895
1790291955,40,,Aggregated,5.100000,0.000000,6100,6300,6400,6400,6600,6700,6700,6800,6900,7000,7000,1755,0,6100,6085.967393642214,5236.622465999972,6957.9701560032845,2773.5726495726494
1790291956,40,,Aggregated,5.700000,0.000000,6100,6300,6400,6400,6600,6700,6700,6800,6900,7000,7000,1765,0,6100,6086.628870653874,5236.622465999972,6957.9701560032845,2773.571671388102
1790291957,40,,Aggregated,5.500000,0.000000,6100,6300,6400,6400,6600,6700,6700,6800,6900,7000,7000,1770,0,6100,6086.7227263458135,5236.622465999972,6957.9701560032845,2773.4802259887006
1790291958,40,,Aggregated,5.200000,0.000000,6100,6300,6400,6400,6600,6700,6700,6800,6900,7000,7000,1772,0,6100,6086.694686762467,5236.622465999972,6957.9701560032845,2773.329006772009
1790291959,40,,Aggregated,5.400000,0.000000,6100,6300,6400,6400,6600,6700,6700,6800,6900,7000,7000,1774,0,6100,6086.839491705237,5236.622465999972,6957.9701560032845,2773.34611048478
1790291960,40,,Aggregated,5.600000,0.000000,6100,6300,6400,6400,6600,6700,6700,6800,6900,7000,7000,1783,0,6100,6086.608504776834,5236.622465999972,6957.9701560032845,2773.5014021312395
1790291961,40,,Aggregated,4.800000,0.000000,6100,6300,6400,6400,6600,6700,6700,6800,6900,7000,7000,1789,0,6100,6086.505408967071,5236.622465999972,6957.9701560032845,2773.6769144773616
1790291962,40,,Aggregated,4.600000,0.000000,6100,6300,6400,6400,6600,6700,6700,6800,6900,7000,7000,1795,0,6100,6085.962108989466,5236.622465999972,6957.9701560032845,2773.6033426183844
1790291963,40,,Aggregated,5.600000,0.000000,6100,6300,6400,6400,6600,6700,6700,6800,6900,7000,7000,1799,0,6100,6085.734097967259,5236.622465999972,6957.9701560032845,2773.4774874930517
1790291964,40,,Aggregated,5.700000,0.000000,6100,6300,6400,6400,6600,6700,6700,6800,6900,7000,7000,1804,0,6100,6086.162572426332,5236.622465999972,6957.9701560032845,2773.721729490022
1790291965,40,,Aggregated,5.500000,0.000000,6100,6300,6400,6400,6600,6700,6700,6800,6900,7000,7000,1810,0,6100,6087.232489382933,5236.622465999972,6957.9701560032845,2774.034254143646
1790291966,40,,Aggregated,5.000000,0.000000,6100,6300,6400,6400,6600,6700,6700,6800,6900,7000,7000,1812,0,6100,6087.084061468602,5236.622465999972,6957.9701560032845,2774.21357615894
1790291967,40,,Aggregated,5.200000,0.000000,6100,6300,6400,6400,6600,6700,6700,6800,6900,7000,7000,1816,0,6100,6086.861045247306,5236.622465999972,6957.9701560032845,2774.0837004405284
1790291968,40,,Aggregated,5.300000,0.000000,6100,6300,6400,6400,6600,6700,6700,6800,6900,7000,7000,1828,0,6100,6087.780229210126,5236.622465999972,6957.9701560032845,2774.164113785558
1790291969,40,,Aggregated,4.800000,0.000000,6100,6300,6400,6400,6600,6700,6700,6800,6900,7000,7000,1834,0,6100,6087.252636822304,5236.622465999972,6957.9701560032845,2774.163031624864
1790291970,40,,Aggregated,4.800000,0.000000,6100,6300,6400,6400,6600,6700,6700,6800,6900,7000,7000,1837,0,6100,6087.265683454604,5236.622465999972,6957.9701560032845,2774.4153511159498
1790291971,40,,Aggregated,5.900000,0.000000,6100,6300,6400,6400,6600,6700,6700,6800,6900,7000,7000,1841,0,6100,6087.141838102173,5236.622465999972,6957.9701560032845,2774.4323737099403
1790291972,40,,Aggregated,6.100000,0.000000,6100,6300,6400,6400,6600,6700,6700,6800,6900,7000,7000,1847,0,6100,6086.891393101304,5236.622465999972,6957.9701560032845,2774.5311315646995
1790291973,40,,Aggregated,5.100000,0.000000,6100,6300,6400,6400,6600,6700,6700,6800,6900,7000,7000,1852,0,6100,6086.454201289478,5236.622465999972,6957.9701560032845,2774.55939524838
1790291974,40,,Aggregated,5.000000,0.000000,6100,6300,6400,6400,6600,6700,6700,6800,6900,7000,7000,1853,0,6100,6086.442313498173,5236.622465999972,6957.9701560032845,2774.6146788990827
1790291975,40,,Aggregated,5.200000,0.000000,6100,6300,6400,6400,6600,6700,6700,6800,6900,7000,7000,1859,0,6100,6086.653886418566,5236.622465999972,6957.9701560032845,2774.5578267885962
1790291976,40,,Aggregated,5.200000,0.000000,6100,6300,6400,6400,6600,6700,6700,6800,6900,7000,7000,1871,0,6100,6087.748541440465,5236.622465999972,6957.9701560032845,2774.7103153393905
1790291977,40,,Aggregated,4.800000,0.000000,6100,6300,6400,6400,6600,6700,6700,6800,6900,7000,7000,1875,0,6100,6087.7077088603255,5236.622465999972,6957.9701560032845,2774.9781333333335
1790291978,40,,Aggregated,4.900000,0.000000,6100,6300,6400,6400,6600,6700,6700,6800,6900,7000,7000,1879,0,6100,6087.77920184732,5236.622465999972,6957.9701560032845,2775.033528472592
1790291979,40,,Aggregated,5.800000,0.000000,6100,6300,6400,6400,6600,6700,6700,6800,6900,7000,7000,1884,0,6100,6087.400779823315,5236.622465999972,6957.9701560032845,2774.508492569002
1790291980,40,,Aggregated,5.700000,0.000000,6100,6300,6400,6400,6600,6700,6700,6800,6900,7000,7000,1890,0,6100,6086.957860412764,5236.622465999972,6957.9701560032845,2774.4661375661376
1790291981,40,,Aggregated,4.900000,0.000000,6100,6300,6400,6400,6600,6700,6700,6800,6900,7000,7000,1892,0,6100,6086.635321188227,5236.622465999972,6957.9701560032845,2774.375264270613
1790291982,40,,Aggregated,5.000000,0.000000,6100,6300,6400,6400,6600,6700,6700,6800,6900,7000,7000,1894,0,6100,6086.896931192779,5236.622465999972,6957.9701560032845,2774.3759239704327
1790291983,40,,Aggregated,5.400000,0.000000,6100,6300,6400,6400,6600,6700,6700,6800,6900,7000,7000,1906,0,6100,6085.9083673080395,5236.622465999972,6957.9701560032845,2773.865162644281
1790291984,40,,Aggregated,5.100000,0.000000,6100,6300,6400,6400,6600,6700,6700,6800,6900,7000,7000,1914,0,6100,6087.6136504431115,5236.622465999972,6957.9701560032845,2774.435214211076
1790291985,40,,Aggregated,4.700000,0.000000,6100,6300,6400,6400,6600,6700,6700,6800,6900,7000,7000,1917,0,6100,6087.775563351652,5236.622465999972,6957.9701560032845,2774.522170057381
1790291986,40,,Aggregated,5.500000,0.000000,6100,6300,6400,6400,6600,6700,6700,6800,6900,7000,7000,1921,0,6100,6086.788035677311,5236.622465999972,6957.9701560032845,2774.165018219677
1790291987,40,,Aggregated,6.000000,0.000000,6100,6300,6400,6400,6600,6700,6700,6800,6900,7000,7000,1928,0,6100,6086.14256684809,5236.622465999972,6957.9701560032845,2773.7152489626556
1790291988,40,,Aggregated,5.800000,0.000000,6100,6300,6400,6400,6600,6700,6700,6800,6900,7000,7000,1932,0,6100,6086.092873769212,5236.622465999972,6957.9701560032845,2773.582298136646
1790291989,40,,Aggregated,5.000000,0.000000,6100,6300,6400,6400,6600,6700,6700,6800,6900,7000,7000,1933,0,6100,6085.876802560329,5236.622465999972,6957.9701560032845,2773.452146921883
1790291990,40,,Aggregated,5.300000,0.000000,6100,6300,6400,6400,6600,6700,6700,6800,6900,7000,7000,1936,0,6100,6085.869315155537,5236.622465999972,6957.9701560032845,2773.398243801653
1790291991,40,,Aggregated,5.200000,0.000000,6100,6300,6400,6400,6600,6700,6700,6800,6900,7000,7000,1951,0,6100,6086.335068938041,5236.622465999972,6957.9701560032845,2773.288569964121
1790291992,40,,Aggregated,4.800000,0.000000,6100,6300,6400,6400,6600,6700,6700,6800,6900,7000,7000,1955,0,6100,6086.788293239958,5236.622465999972,6957.9701560032845,2773.76368286445
1790291993,40,,Aggregated,4.600000,0.000000,6100,6300,6400,6400,6600,6700,6700,6800,6900,7000,7000,1957,0,6100,6087.21714777063,5236.622465999972,6957.9701560032845,2773.905467552376
1790291994,40,,Aggregated,5.900000,0.000000,6100,6300,6400,6400,6600,6700,6700,6800,6900,7000,7000,1964,0,6100,6087.757594216458,5236.622465999972,6957.9701560032845,2773.8569246435845
1790291995,40,,Aggregated,6.100000,0.000000,6100,6300,6400,6400,6600,6700,6700,6800,6900,7000,7000,1971,0,6100,6088.118466838723,5236.622465999972,6957.9701560032845,2774.1613394216133
1790291996,40,,Aggregated,5.000000,0.000000,6100,6300,6400,6400,6600,6700,6700,6800,6900,7000,7000,1973,0,6100,6087.89388466859,5236.622465999972,6957.9701560032845,2774.27572225038
1790291998,40,,Aggregated,5.000000,0.000000,6100,6300,6400,6400,6600,6700,6700,6800,6900,7000,7000,1973,0,6100,6087.89388466859,5236.622465999972,6957.9701560032845,2774.27572225038
1790291999,40,,Aggregated,5.400000,0.000000,6100,6300,6400,6400,6600,6700,6700,6800,6900,7000,7000,1983,0,6100,6087.729469084786,5236.622465999972,6957.9701560032845,2774.1593545133637
1790292000,40,,Aggregated,5.200000,0.000000,6100,6300,6400,6400,6600,6700,6700,6800,6900,7000,7000,1992,0,6100,6088.377168165732,5236.622465999972,6957.9701560032845,2774.3142570281125
1790292001,40,,Aggregated,4.500000,0.000000,6100,6300,6400,6400,6600,6700,6700,6800,6900,7000,7000,1997,0,6100,6088.114469835822,5236.622465999972,6957.9701560032845,2774.111166750125
1790292002,40,,Aggregated,5.100000,0.000000,6100,6300,6400,6400,6600,6700,6700,6800,6900,7000,7000,1998,0,6100,6088.009523548115,5236.622465999972,6957.9701560032845,2774.1156156156158
1790292003,40,,Aggregated,5.900000,0.000000,6100,6300,6400,6400,6600,6700,6700,6800,6900,7000,7000,2009,0,6100,6087.970067598377,5236.622465999972,6957.9701560032845,2774.1393728222997
1790292004,40,,Aggregated,6.000000,0.000000,6100,6300,6400,6400,6600,6700,6700,6800,6900,7000,7000,2011,0,6100,6088.019848048305,5236.622465999972,6957.9701560032845,2774.1621084037793
1790292005,40,,Aggregated,4.700000,0.000000,6100,6300,6400,6400,6600,6700,6700,6800,6900,7000,7000,2013,0,6100,6088.5244975624155,5236.622465999972,6957.9701560032845,2774.251366120219
1790292006,40,,Aggregated,5.400000,0.000000,6100,6300,6400,6400,6600,6700,6700,6800,6900,7000,7000,2018,0,6100,6088.515567581834,5236.622465999972,6957.9701560032845,2773.950445986125
1790292007,40,,Aggregated,4.900000,0.000000,6100,6300,6400,6400,6600,6700,6700,6800,6900,7000,7000,2029,0,6100,6088.8648844948975,5236.622465999972,6957.9701560032845,2774.0502710694923
1790292008,40,,Aggregated,4.900000,0.000000,6100,6300,6400,6400,6600,6700,6700,6800,6900,7000,7000,2035,0,6100,6089.50257170769,5236.622465999972,6957.9701560032845,2774.0314496314495
1790292009,40,,Aggregated,4.700000,0.000000,6100,6300,6400,6400,6600,6700,6700,6800,6900,7000,7000,2039,0,6100,6089.081151721505,5236.622465999972,6957.9701560032845,2773.831780284453
1790292010,40,,Aggregated,5.400000,0.000000,6100,6300,6400,6400,6600,6700,6700,6800,6900,7000,7000,2044,0,6100,6088.912137505943,5236.622465999972,6957.9701560032845,2773.758806262231
1790292011,40,,Aggregated,5.600000,0.000000,6100,6300,6400,6400,6600,6700,6700,6800,6900,7000,7000,2051,0,6100,6089.550031115137,5236.622465999972,6957.9701560032845,2774.1608971233545
1790292012,40,,Aggregated,5.600000,0.000000,6100,6300,6400,6400,6600,6700,6700,6800,6900,7000,7000,2053,0,6100,6089.268179873428,5236.622465999972,6957.9701560032845,2774.1656113005356
1790292013,40,,Aggregated,5.300000,0.000000,6100,6300,6400,6400,6600,6700,6700,6800,6900,7000,7000,2055,0,6100,6088.978468597639,5236.622465999972,6957.9701560032845,2774.036496350365
1790292014,40,,Aggregated,5.500000,0.000000,6100,6300,6400,6400,6600,6700,6700,6800,6900,7000,7000,2064,0,6100,6088.375210426429,5236.622465999972,6957.9701560032845,2773.8468992248063
1790292015,40,,Aggregated,5.500000,0.000000,6100,6300,6400,6400,6600,6700,6700,6800,6900,7000,7000,2072,0,6100,6088.225520226906,5236.622465999972,6957.9701560032845,2774.0960424710424
1790292016,40,,Aggregated,4.500000,0.000000,6100,6300,6400,6400,6600,6700,6700,6800,6900,7000,7000,2075,0,6100,6088.556542211151,5236.622465999972,6957.9701560032845,2774.4453012048193
1790292017,40,,Aggregated,5.100000,0.000000,6100,6300,6400,6400,6600,6700,6700,6800,6900,7000,7000,2081,0,6100,6088.39831169252,5236.622465999972,6957.9701560032845,2774.571359923114
1790292018,40,,Aggregated,5.900000,0.000000,6100,6300,6400,6400,6600,6700,6700,6800,6900,7000,7000,2087,0,6100,6088.376468820858,5236.622465999972,6957.9701560032845,2774.3670340201247
1790292019,40,,Aggregated,5.700000,0.000000,6100,6300,6400,6400,6600,6700,6700,6800,6900,7000,7000,2091,0,6100,6088.22147263134,5236.622465999972,6957.9701560032845,2774.452893352463
1790292020,40,,Aggregated,5.400000,0.000000,6100,6300,6400,6400,6600,6700,6700,6800,6900,7000,7000,2094,0,6100,6088.305658257464,5236.622465999972,6957.9701560032845,2774.5367717287486
1790292021,40,,Aggregated,5.200000,0.000000,6100,6300,6400,6400,6600,6700,6700,6800,6900,7000,7000,2100,0,6100,6087.4859451986285,5236.622465999972,6957.9701560032845,2774.3385714285714
1790292022,40,,Aggregated,5.200000,0.000000,6100,6300,6400,6400,6600,6700,6700,6800,6900,7000,7000,2107,0,6100,6087.049851185629,5236.622465999972,6957.9701560032845,2774.016136687233
1790292023,40,,Aggregated,5.000000,0.000000,6100,6300,6400,6400,6600,6700,6700,6800,6900,7000,7000,2113,0,6100,6087.493508148664,5236.622465999972,6957.9701560032845,2774.3080927591104
1790292024,40,,Aggregated,4.800000,0.000000,6100,6300,6400,6400,6600,6700,6700,6800,6900,7000,7000,2117,0,6100,6087.4036868233925,5236.622465999972,6957.9701560032845,2774.3675011809164
1790292025,40,,Aggregated,5.900000,0.000000,6100,6300,6400,6400,6600,6700,6700,6800,6900,7000,7000,2123,0,6100,6086.831872562942,5236.622465999972,6957.9701560032845,2774.085727743759
1790292026,40,,Aggregated,5.900000,0.000000,6100,6300,6400,6400,6600,6700,6700,6800,6900,7000,7000,2131,0,6100,6086.580632667351,5236.622465999972,6957.9701560032845,2774.025340215861
1790292027,40,,Aggregated,5.500000,0.000000,6100,6300,6400,6400,6600,6700,6700,6800,6900,7000,7000,2132,0,6100,6086.333887080734,5236.622465999972,6957.9701560032845,2773.9272983114447
1790292028,40,,Aggregated,4.900000,0.000000,6100,6300,6400,6400,6600,6700,6700,6800,6900,7000,7000,2135,0,6100,6086.5369049644605,5236.622465999972,6957.9701560032845,2774.134894613583
1790292029,40,,Aggregated,5.100000,0.000000,6100,6300,6400,6400,6600,6700,6700,6800,6900,7000,7000,2146,0,6100,6085.71469070602,5236.622465999972,6957.9701560032845,2773.9221808014913
1790292030,40,,Aggregated,4.800000,0.000000,6100,6300,6400,6400,6600,6700,6700,6800,6900,7000,7000,2152,0,6100,6085.644812145038,5236.622465999972,6957.9701560032845,2773.815520446097
1790292031,40,,Aggregated,4.800000,0.000000,6100,6300,6400,6400,6600,6700,6700,6800,6900,7000,7000,2155,0,6100,6085.3901235169915,5236.622465999972,6957.9701560032845,2773.7136890951274
1790292032,40,,Aggregated,5.600000,0.000000,6100,6300,6400,6400,6600,6700,6700,6800,6900,7000,7000,2161,0,6100,6085.4431021661785,5236.622465999972,6957.9701560032845,2773.826006478482
1790292033,40,,Aggregated,5.700000,0.000000,6100,6300,6400,6400,6600,6700,6700,6800,6900,7000,7000,2166,0,6100,6085.430948712887,5236.622465999972,6957.9701560032845,2773.754385964912
1790292034,40,,Aggregated,5.300000,0.000000,6100,6300,6400,6400,6600,6700,6700,6800,6900,7000,7000,2172,0,6100,6086.041005206315,5236.622465999972,6957.9701560032845,2773.9028545119704
1790292035,40,,Aggregated,5.300000,0.000000,6100,6300,6400,6400,6600,6700,6700,6800,6900,7000,7000,2173,0,6100,6085.789848613952,5236.622465999972,6957.9701560032845,2773.75379659457
1790292036,40,,Aggregated,5.000000,0.000000,6100,6300,6400,6400,6600,6700,6700,6800,6900,7000,7000,2179,0,6100,6085.459599890827,5236.622465999972,6957.9701560032845,2773.6466268930703
1790292037,40,,Aggregated,5.200000,0.000000,6100,6300,6400,6400,6600,6700,6700,6800,6900,7000,7000,2191,0,6100,6086.202286125568,5236.622465999972,6957.9701560032845,2774.003651300776
1790292038,40,,Aggregated,4.800000,0.000000,6100,6300,6400,6400,6600,6700,6700,6800,6900,7000,7000,2194,0,6100,6086.6562241130905,5236.622465999972,6957.9701560032845,2774.235186873291
1790292039,40,,Aggregated,4.800000,0.000000,6100,6300,6400,6400,6600,6700,6700,6800,6900,7000,7000,2198,0,6100,6086.639814659743,5236.622465999972,6957.9701560032845,2774.433121019108
1790292040,40,,Aggregated,5.800000,0.000000,6100,6300,6400,6400,6600,6700,6700,6800,6900,7000,7000,2202,0,6100,6086.694601364266,5236.622465999972,6957.9701560032845,2774.5272479564032
1790292041,40,,Aggregated,5.500000,0.000000,6100,6300,6400,6400,6600,6700,6700,6800,6900,7000,7000,2208,0,6100,6086.196682222874,5236.622465999972,6957.9701560032845,2774.460144927536
1790292042,40,,Aggregated,5.500000,0.000000,6100,6300,6400,6400,6600,6700,6700,6800,6900,7000,7000,2212,0,6100,6085.9825528083675,5236.622465999972,6957.9701560032845,2774.3449367088606
1790292043,40,,Aggregated,5.000000,0.000000,6100,6300,6400,6400,6600,6700,6700,6800,6900,7000,7000,2218,0,6100,6085.053686424307,5236.622465999972,6957.9701560032845,2774.0229936880073
1790292044,40,,Aggregated,5.200000,0.000000,6100,6300,6400,6400,6600,6700,6700,6800,6900,7000,7000,2222,0,6100,6084.591608695371,5236.622465999972,6957.9701560032845,2773.9473447344735
1790292045,40,,Aggregated,5.500000,0.000000,6100,6300,6400,6400,6600,6700,6700,6800,6900,7000,7000,2233,0,6100,6085.080043962435,5236.622465999972,6957.9701560032845,2774.025974025974
1790292046,40,,Aggregated,5.500000,0.000000,6100,6300,6400,6400,6600,6700,6700,6800,6900,7000,7000,2234,0,6100,6085.197681533177,5236.622465999972,6957.9701560032845,2774.1374216651748
1790292047,40,,Aggregated,5.300000,0.000000,6100,6300,6400,6400,6600,6700,6700,6800,6900,7000,7000,2241,0,6100,6084.704090493135,5236.622465999972,6957.9701560032845,2773.9946452476574
1790292048,40,,Aggregated,5.500000,0.000000,6100,6300,6400,6400,6600,6700,6700,6800,6900,7000,7000,2245,0,6100,6084.9759628307875,5236.622465999972,6957.9701560032845,2773.961692650334
1790292049,40,,Aggregated,5.500000,0.000000,6100,6300,6400,6400,6600,6700,6700,6800,6900,7000,7000,2249,0,6100,6085.198637864436,5236.622465999972,6957.9701560032845,2773.9844375277903
1790292050,40,,Aggregated,4.900000,0.000000,6100,6300,6400,6400,6600,6700,6700,6800,6900,7000,7000,2255,0,6100,6085.228422822223,5236.622465999972,6957.9701560032845,2774.0975609756097
1790292051,40,,Aggregated,5.100000,0.000000,6100,6300,6400,6400,6600,6700,6700,6800,6900,7000,7000,2258,0,6100,6085.5654173401745,5236.622465999972,6957.9701560032845,2774.251992914083
1790292052,40,,Aggregated,5.500000,0.000000,6100,6300,6400,6400,6600,6700,6700,6800,6900,7000,7000,2265,0,6100,6085.3632700464095,5236.622465999972,6957.9701560032845,2774.1845474613688
1790292053,40,,Aggregated,5.500000,0.000000,6100,6300,6400,6400,6600,6700,6700,6800,6900,7000,7000,2272,0,6100,6085.006193122408,5236.622465999972,6957.9701560032845,2774.0369718309857
1790292054,40,,Aggregated,5.200000,0.000000,6100,6300,6400,6400,6600,6700,6700,6800,6900,7000,7000,2276,0,6100,6085.4249512017195,5236.622465999972,6957.9701560032845,2774.1972759226715
1790292055,40,,Aggregated,5.400000,0.000000,6100,6300,6400,6400,6600,6700,6700,6800,6900,7000,7000,2283,0,6100,6085.5459558336015,5236.622465999972,6957.9701560032845,2774.144546649146
1790292056,40,,Aggregated,5.700000,0.000000,6100,6300,6400,6400,6600,6700,6700,6800,6900,7000,7000,2288,0,6100,6085.5657366936675,5236.622465999972,6957.9701560032845,2774.215034965035
1790292057,40,,Aggregated,5.400000,0.000000,6100,6300,6400,6400,6600,6700,6700,6800,6900,7000,7000,2293,0,6100,6085.5109649773685,5236.622465999972,6957.9701560032845,2774.252943741823
1790292058,40,,Aggregated,5.400000,0.000000,6100,6300,6400,6400,6600,6700,6700,6800,6900,7000,7000,2295,0,6100,6085.551160682398,5236.622465999972,6957.9701560032845,2774.261002178649
1790292059,40,,Aggregated,5.200000,0.000000,6100,6300,6400,6400,6600,6700,6700,6800,6900,7000,7000,2300,0,6100,6086.322405066569,5236.622465999972,6957.9701560032845,2774.58
1790292060,40,,Aggregated,5.100000,0.000000,6100,6300,6400,6400,6600,6700,6700,6800,6900,7000,7000,2311,0,6100,6087.423693723975,5236.622465999972,6957.9701560032845,2774.784508870619
1790292061,40,,Aggregated,4.800000,0.000000,6100,6300,6400,6400,6600,6700,6700,6800,6900,7000,7000,2315,0,6100,6087.677614343458,5236.622465999972,6957.9701560032845,2775.029373650108
1790292062,40,,Aggregated,5.100000,0.000000,6100,6300,6400,6400,6600,6700,6700,6800,6900,7000,7000,2320,0,6100,6087.445339945734,5236.622465999972,6957.9701560032845,2774.9918103448276
1790292063,40,,Aggregated,5.500000,0.000000,6100,6300,6400,6400,6600,6700,6700,6800,6900,7000,7000,2325,0,6100,6087.712863234021,5236.622465999972,6957.9701560032845,2775.0202150537634
1790292064,40,,Aggregated,5.400000,0.000000,6100,6300,6400,6400,6600,6700,6700,6800,6900,7000,7000,2331,0,6100,6087.175779263019,5236.622465999972,6957.9701560032845,2774.808665808666
1790292065,40,,Aggregated,5.100000,0.000000,6100,6300,6400,6400,6600,6700,6700,6800,6900,7000,7000,2333,0,6100,6087.306667427817,5236.622465999972,6957.9701560032845,2774.8735533647664
1790292066,40,,Aggregated,5.300000,0.000000,6100,6300,6400,6400,6600,6700,6700,6800,6900,7000,7000,2337,0,6100,6087.495085005602,5236.622465999972,6957.9701560032845,2774.9833119383825
1790292067,40,,Aggregated,5.100000,0.000000,6100,6300,6400,6400,6600,6700,6700,6800,6900,7000,7000,2344,0,6100,6087.392352600295,5236.622465999972,6957.9701560032845,2774.694112627986
1790292068,40,,Aggregated,5.000000,0.000000,6100,6300,6400,6400,6600,6700,6700,6800,6900,7000,7000,2353,0,6100,6087.513461939692,5236.622465999972,6957.9701560032845,2774.9592010199744
1790292069,40,,Aggregated,5.000000,0.000000,6100,6300,6400,6400,6600,6700,6700,6800,6900,7000,7000,2357,0,6100,6087.691225720024,5236.622465999972,6957.9701560032845,2774.983453542639
1790292070,40,,Aggregated,5.600000,0.000000,6100,6300,6400,6400,6600,6700,6700,6800,6900,7000,7000,2360,0,6100,6087.676212692839,5236.622465999972,6957.9701560032845,2775.1055084745763
1790292071,40,,Aggregated,5.800000,0.000000,6100,6300,6400,6400,6600,6700,6700,6800,6900,7000,7000,2369,0,6100,6087.568028652215,5236.622465999972,6957.9701560032845,2775.059940903335
1790292072,40,,Aggregated,5.100000,0.000000,6100,6300,6400,6400,6600,6700,6700,6800,6900,7000,7000,2372,0,6100,6087.94569194397,5236.622465999972,6957.9701560032845,2775.0489038785836
1790292073,40,,Aggregated,5.200000,0.000000,6100,6300,6400,6400,6600,6700,6700,6800,6900,7000,7000,2376,0,6100,6087.323597955848,5236.622465999972,6957.9701560032845,2775.0008417508416
1790292074,40,,Aggregated,5.300000,0.000000,6100,6300,6400,6400,6600,6700,6700,6800,6900,7000,7000,2381,0,6100,6087.152097618687,5236.622465999972,6957.9701560032845,2774.9281814363712
1790292075,40,,Aggregated,5.200000,0.000000,6100,6300,6400,6400,6600,6700,6700,6800,6900,7000,7000,2389,0,6100,6087.093826717495,5236.622465999972,6957.9701560032845,2774.7944746755966
1790292076,40,,Aggregated,4.900000,0.000000,6100,6300,6400,6400,6600,6700,6700,6800,6900,7000,7000,2394,0,6100,6087.092643632456,5236.622465999972,6957.9701560032845,2774.7723475355056
1790292077,40,,Aggregated,5.300000,0.000000,6100,6300,6400,6400,6600,6700,6700,6800,6900,7000,7000,2397,0,6100,6087.238432263287,5236.622465999972,6957.9701560032845,2774.772632457238
1790292078,40,,Aggregated,5.700000,0.000000,6100,6300,6400,6400,6600,6700,6700,6800,6900,7000,7000,2403,0,6100,6087.700321050394,5236.622465999972,6957.9701560032845,2774.9309196837285
1790292079,40,,Aggregated,5.500000,0.000000,6100,6300,6400,6400,6600,6700,6700,6800,6900,7000,7000,2411,0,6100,6088.523731495271,5236.622465999972,6957.9701560032845,2775.2397345499794
1790292080,40,,Aggregated,4.800000,0.000000,6100,6300,6400,6400,6600,6700,6700,6800,6900,7000,7000,2414,0,6100,6088.213849891092,5236.622465999972,6957.9701560032845,2775.274647887324
1790292081,40,,Aggregated,5.300000,0.000000,6100,6300,6400,6400,6600,6700,6700,6800,6900,7000,7000,2417,0,6100,6088.234496936738,5236.622465999972,6957.9701560032845,2775.1654944145635
1790292082,40,,Aggregated,5.600000,0.000000,6100,6300,6400,6400,6600,6700,6700,6800,6900,7000,7000,2422,0,6100,6088.705488318785,5236.622465999972,6957.9701560032845,2775.2947976878613
1790292083,40,,Aggregated,5.100000,0.000000,6100,6300,6400,6400,6600,6700,6700,6800,6900,7000,7000,2429,0,6100,6089.023859309221,5236.622465999972,6957.9701560032845,2775.356113627007
1790292084,40,,Aggregated,5.000000,0.000000,6100,6300,6400,6400,6600,6700,6700,6800,6900,7000,7000,2435,0,6100,6089.834166163487,5236.622465999972,6957.9701560032845,2775.5659137577004
1790292085,40,,Aggregated,5.100000,0.000000,6100,6300,6400,6400,6600,6700,6700,6800,6900,7000,7000,2439,0,6100,6089.675538179207,5236.622465999972,6957.9701560032845,2775.521935219352
1790292086,40,,Aggregated,5.600000,0.000000,6100,6300,6400,6400,6600,6700,6700,6800,6900,7000,7000,2446,0,6100,6089.863116054822,5236.622465999972,6957.9701560032845,2775.846279640229
1790292087,40,,Aggregated,5.300000,0.000000,6100,6300,6400,6400,6600,6700,6700,6800,6900,7000,7000,2453,0,6100,6090.347101231185,5236.622465999972,6957.9701560032845,2776.086832450061
1790292088,40,,Aggregated,5.300000,0.000000,6100,6300,6400,6400,6600,6700,6700,6800,6900,7000,7000,2454,0,6100,6090.503669849672,5236.622465999972,6957.9701560032845,2776.1320293398535
1790292089,40,,Aggregated,5.400000,0.000000,6100,6300,6400,6400,6600,6700,6700,6800,6900,7000,7000,2460,0,6100,6090.196761306949,5236.622465999972,6957.9701560032845,2775.9747967479675
1790292090,40,,Aggregated,5.500000,0.000000,6100,6300,6400,6400,6600,6700,6700,6800,6900,7000,7000,2468,0,6100,6090.242236397932,5236.622465999972,6957.9701560032845,2775.908427876823
1790292091,40,,Aggregated,4.800000,0.000000,6100,6300,6400,6400,6600,6700,6700,6800,6900,7000,7000,2473,0,6100,6090.264326653496,5236.622465999972,6957.9701560032845,2775.8746461787305
1790292092,40,,Aggregated,5.300000,0.000000,6100,6300,6400,6400,6600,6700,6700,6800,6900,7000,7000,2476,0,6100,6090.479940152707,5236.622465999972,6957.9701560032845,2775.9313408723747
1790292093,40,,Aggregated,5.300000,0.000000,6100,6300,6400,6400,6600,6700,6700,6800,6900,7000,7000,2481,0,6100,6089.965322371265,5236.622465999972,6957.9701560032845,2775.732365981459
1790292094,40,,Aggregated,5.300000,0.000000,6100,6300,6400,6400,6600,6700,6700,6800,6900,7000,7000,2490,0,6100,6090.182810019721,5236.622465999972,6957.9701560032845,2775.8253012048194
1790292095,40,,Aggregated,5.100000,0.000000,6100,6300,6400,6400,6600,6700,6700,6800,6900,7000,7000,2493,0,6100,6090.621825983194,5236.622465999972,6957.9701560032845,2775.8588046530285
1790292096,40,,Aggregated,5.200000,0.000000,6100,6300,6400,6400,6600,6700,6700,6800,6900,7000,7000,2496,0,6100,6090.975300840188,5236.622465999972,6957.9701560032845,2775.981971153846
1790292097,40,,Aggregated,5.500000,0.000000,6100,6300,6400,6500,6600,6700,6700,6800,6900,7000,7000,2500,0,6100,6091.132935421244,5236.622465999972,6957.9701560032845,2776.1864
1790292098,40,,Aggregated,5.400000,0.000000,6100,6300,6400,6500,6600,6700,6700,6800,6900,7000,7000,2509,0,6100,6091.660253889644,5236.622465999972,6957.9701560032845,2776.1299322439218
1790292099,40,,Aggregated,4.800000,0.000000,6100,6300,6400,6400,6600,6700,6700,6800,6900,7000,7000,2511,0,6100,6091.563921112751,5236.622465999972,6957.9701560032845,2776.1027479091995
1790292100,40,,Aggregated,5.400000,0.000000,6100,6300,6400,6500,6600,6700,6700,6800,6900,7000,7000,2518,0,6100,6091.9104903650195,5236.622465999972,6957.9701560032845,2776.238681493249
1790292101,40,,Aggregated,5.400000,0.000000,6100,6300,6400,6500,6600,6700,6700,6800,6900,7000,7000,2523,0,6100,6091.99996906703,5236.622465999972,6957.9701560032845,2776.2675386444707
1790292102,40,,Aggregated,4.900000,0.000000,6100,6300,6400,6500,6600,6700,6700,6800,6900,7000,7000,2532,0,6100,6092.50542121213,5236.622465999972,6957.9701560032845,2776.739731437599
1790292103,40,,Aggregated,5.300000,0.000000,6100,6300,6400,6500,6600,6700,6700,6800,6900,7000,7000,2534,0,6100,6092.694313616461,5236.622465999972,6957.9701560032845,2776.895816890292
1790292104,40,,Aggregated,5.600000,0.000000,6100,6300,6400,6500,6600,6700,6700,6800,6900,7000,7000,2540,0,6100,6092.523819621695,5236.622465999972,6957.9701560032845,2776.8047244094487
1790292105,40,,Aggregated,5.600000,0.000000,6100,6300,6400,6500,6600,6700,6700,6800,6900,7000,7000,2544,0,6100,6092.140811479601,5236.622465999972,6957.9701560032845,2776.759040880503
1790292106,40,,Aggregated,4.900000,0.000000,6100,6300,6400,6500,6600,6700,6700,6800,6900,7000,7000,2550,0,6100,6092.583243860041,5236.622465999972,6957.9701560032845,2777.127843137255
1790292107,40,,Aggregated,5.100000,0.000000,6100,6300,6400,6500,6600,6700,6700,6800,6900,7000,7000,2555,0,6100,6092.058964980863,5236.622465999972,6957.9701560032845,2776.974951076321
1790292108,40,,Aggregated,5.300000,0.000000,6100,6300,6400,6500,6600,6700,6700,6800,6900,7000,7000,2561,0,6100,6092.162050371377,5236.622465999972,6957.9701560032845,2777.062866067942
1790292109,40,,Aggregated,5.300000,0.000000,6100,6300,6400,6500,6600,6700,6700,6800,6900,7000,7000,2569,0,6100,6092.402505789449,5236.622465999972,6957.9701560032845,2777.33359283768
1790292110,40,,Aggregated,4.800000,0.000000,6100,6300,6400,6500,6600,6700,6700,6800,6900,7000,7000,2574,0,6100,6092.474737296071,5236.622465999972,6957.9701560032845,2777.4075369075367
1790292111,40,,Aggregated,5.500000,0.000000,6100,6300,6400,6400,6600,6700,6700,6800,6900,7000,7000,2577,0,6100,6092.016922593745,5236.622465999972,6957.9701560032845,2777.255335661622
1790292112,40,,Aggregated,5.600000,0.000000,6100,6300,6400,6400,6600,6700,6700,6800,6900,7000,7000,2581,0,6100,6091.962264853968,5236.622465999972,6957.9701560032845,2777.256102285936
1790292113,40,,Aggregated,5.200000,0.000000,6100,6300,6400,6500,6600,6700,6700,6800,6900,7000,7000,2586,0,6100,6092.0168191612875,5236.622465999972,6957.9701560032845,2777.3654292343385
1790292114,40,,Aggregated,4.700000,0.000000,6100,6300,6400,6500,6600,6700,6700,6800,6900,7000,7000,2591,0,6100,6092.40163090123,5236.622465999972,6957.9701560032845,2777.2701659590894
1790292115,40,,Aggregated,4.900000,0.000000,6100,6300,6400,6500,6600,6700,6700,6800,6900,7000,7000,2596,0,6100,6092.720040138324,5236.622465999972,6957.9701560032845,2777.3555469953776
1790292116,40,,Aggregated,5.400000,0.000000,6100,6300,6400,6500,6600,6700,6700,6800,6900,7000,7000,2605,0,6100,6092.886191956275,5236.622465999972,6957.9701560032845,2777.464491362764
1790292117,40,,Aggregated,5.000000,0.000000,6100,6300,6400,6500,6600,6700,6700,6800,6900,7000,7000,2611,0,6100,6093.101006221408,5236.622465999972,6957.9701560032845,2777.51436231329
1790292118,40,,Aggregated,5.200000,0.000000,6100,6300,6400,6500,6600,6700,6700,6800,6900,7000,7000,2614,0,6100,6093.48255118787,5236.622465999972,6957.9701560032845,2777.599846977812
1790292119,40,,Aggregated,5.500000,0.000000,6100,6300,6400,6500,6600,6700,6700,6800,6900,7000,7000,2618,0,6100,6093.266560176125,5236.622465999972,6957.9701560032845,2777.5317035905273
1790292120,40,,Aggregated,5.500000,0.000000,6100,6300,6400,6500,6600,6700,6700,6800,6900,7000,7000,2623,0,6100,6093.319050730876,5236.622465999972,6957.9701560032845,2777.5699580632863
1790292121,40,,Aggregated,5.000000,0.000000,6100,6300,6400,6500,6600,6700,6700,6800,6900,7000,7000,2627,0,6100,6093.856617108522,5236.622465999972,6957.9701560032845,2777.7674153026264
1790292122,40,,Aggregated,4.800000,0.000000,6100,6300,6400,6500,6600,6700,6700,6800,6900,7000,7000,2634,0,6100,6093.551259389559,5236.622465999972,6957.9701560032845,2777.599088838269
1790292123,40,,Aggregated,5.000000,0.000000,6100,6300,6400,6500,6600,6700,6700,6800,6900,7000,7000,2642,0,6100,6093.777661658631,5236.622465999972,6957.9701560032845,2777.6831945495837
1790292124,40,,Aggregated,5.300000,0.000000,6100,6300,6400,6500,6600,6700,6700,6800,6900,7000,7000,2648,0,6100,6093.891427689614,5236.622465999972,6957.9701560032845,2777.8391238670697
1790292125,40,,Aggregated,5.300000,0.000000,6100,6300,6400,6500,6600,6700,6700,6800,6900,7000,7000,2653,0,6100,6093.80803092842,5236.622465999972,6957.9701560032845,2777.8447041085565
1790292126,40,,Aggregated,5.500000,0.000000,6100,6300,6400,6500,6600,6700,6700,6800,6900,7000,7000,2656,0,6100,6093.376871492883,5236.622465999972,6957.9701560032845,2777.9273343373493
1790292127,40,,Aggregated,5.700000,0.000000,6100,6300,6400,6500,6600,6700,6700,6800,6900,7000,7000,2661,0,6100,6093.4820344773025,5236.622465999972,6957.9701560032845,2778.142803457347
1790292128,40,,Aggregated,5.300000,0.000000,6100,6300,6400,6500,6600,6700,6700,6800,6900,7000,7000,2666,0,6100,6093.0308038147405,5236.622465999972,6957.9701560032845,2777.871342835709
1790292129,40,,Aggregated,5.100000,0.000000,6100,6300,6400,6500,6600,6700,6700,6800,6900,7000,7000,2670,0,6100,6092.831832884683,5236.622465999972,6957.9701560032845,2777.8378277153556
1790292130,40,,Aggregated,5.100000,0.000000,6100,6300,6400,6500,6600,6700,6700,6800,6900,7000,7000,2677,0,6100,6092.620667814008,5236.622465999972,6957.9701560032845,2777.7485991781846
1790292131,40,,Aggregated,5.200000,0.000000,6100,6300,6400,6500,6600,6700,6700,6800,6900,7000,7000,2684,0,6100,6092.708018768667,5236.622465999972,6957.9701560032845,2777.8617734724294
1790292132,40,,Aggregated,5.100000,0.000000,6100,6300,6400,6500,6600,6700,6700,6800,6900,7000,7000,2690,0,6100,6092.268858854312,5236.622465999972,6957.9701560032845,2777.590706319703
1790292133,40,,Aggregated,5.400000,0.000000,6100,6300,6400,6500,6600,6700,6700,6800,6900,7000,7000,2694,0,6100,6092.378466944728,5236.622465999972,6957.9701560032845,2777.576837416481
1790292134,40,,Aggregated,5.400000,0.000000,6100,6300,6400,6500,6600,6700,6700,6800,6900,7000,7000,2698,0,6100,6093.038781750963,5236.622465999972,6957.9701560032845,2777.846553002224
1790292135,40,,Aggregated,5.500000,0.000000,6100,6300,6400,6500,6600,6700,6700,6800,6900,7000,7000,2704,0,6100,6093.146055466753,5236.622465999972,6957.9701560032845,2777.899778106509
1790292136,40,,Aggregated,5.100000,0.000000,6100,6300,6400,6500,6600,6700,6700,6800,6900,7000,7000,2706,0,6100,6092.809127876608,5236.622465999972,6957.9701560032845,2777.7291204730227
1790292137,40,,Aggregated,4.800000,0.000000,6100,6300,6400,6500,6600,6700,6700,6800,6900,7000,7000,2713,0,6100,6093.208221124622,5236.622465999972,6957.9701560032845,2777.8990047917437
1790292138,40,,Aggregated,5.200000,0.000000,6100,6300,6400,6500,6600,6700,6700,6800,6900,7000,7000,2721,0,6100,6093.720172387396,5236.622465999972,6957.9701560032845,2777.7868430723997
1790292139,40,,Aggregated,5.200000,0.000000,6100,6300,6400,6500,6600,6700,6700,6800,6900,7000,7000,2729,0,6100,6093.8410944126435,5236.622465999972,6957.9701560032845,2777.8633198973985
1790292140,40,,Aggregated,5.400000,0.000000,6100,6300,6400,6500,6600,6700,6700,6800,6900,7000,7000,2730,0,6100,6094.064524958646,5236.622465999972,6957.9701560032845,2777.950183150183
1790292141,40,,Aggregated,5.400000,0.000000,6100,6300,6400,6500,6600,6700,6700,6800,6900,7000,7000,2736,0,6100,6094.017714854572,5236.622465999972,6957.9701560032845,2777.8559941520466
1790292142,40,,Aggregated,5.900000,0.000000,6100,6300,6400,6500,6600,6700,6700,6800,6900,7000,7000,2745,0,6100,6094.06420428893,5236.622465999972,6957.9701560032845,2777.8426229508195
1790292143,40,,Aggregated,5.200000,0.000000,6100,6300,6400,6500,6600,6700,6700,6800,6900,7000,7000,2748,0,6100,6093.629376546256,5236.622465999972,6957.9701560032845,2777.848981077147
1790292144,40,,Aggregated,5.200000,0.000000,6100,6300,6400,6500,6600,6700,6700,6800,6900,7000,7000,2750,0,6100,6093.4284960018595,5236.622465999972,6957.9701560032845,2777.814909090909
1790292145,40,,Aggregated,5.500000,0.000000,6100,6300,6400,6500,6600,6700,6700,6800,6900,7000,7000,2757,0,6100,6093.3196292811435,5236.622465999972,6957.9701560032845,2777.8200943054044
1790292146,40,,Aggregated,5.400000,0.000000,6100,6300,6400,6500,6600,6700,6700,6800,6900,7000,7000,2761,0,6100,6093.869633792145,5236.622465999972,6957.9701560032845,2777.9974646867076
1790292147,40,,Aggregated,5.200000,0.000000,6100,6300,6400,6500,6600,6700,6700,6800,6900,7000,7000,2768,0,6100,6094.357790480174,5236.622465999972,6957.9701560032845,2778.0874277456646
1790292148,40,,Aggregated,5.200000,0.000000,6100,6300,6400,6500,6600,6700,6700,6800,6900,7000,7000,2773,0,6100,6094.224231935495,5236.622465999972,6957.9701560032845,2778.0955643707175
1790292149,40,,Aggregated,5.300000,0.000000,6100,6300,6400,6500,6600,6700,6700,6800,6900,7000,7000,2777,0,6100,6093.871634525791,5236.622465999972,6957.9701560032845,2777.93482175009
1790292150,40,,Aggregated,5.200000,0.000000,6100,6300,6400,6500,6600,6700,6700,6800,6900,7000,7000,2788,0,6100,6094.2869845262285,5236.622465999972,6957.9701560032845,2778.0032281205167
1790292151,40,,Aggregated,5.300000,0.000000,6100,6300,6400,6500,6600,6700,6700,6800,6900,7000,7000,2790,0,6100,6094.2106684559585,5236.622465999972,6957.9701560032845,2778.0017921146955
1790292152,40,,Aggregated,4.900000,0.000000,6100,6300,6400,6500,6600,6700,6700,6800,6900,7000,7000,2793,0,6100,6094.0282285016565,5236.622465999972,6957.9701560032845,2777.9108485499464
1790292153,40,,Aggregated,5.800000,0.000000,6100,6300,6400,6500,6600,6700,6700,6800,6900,7000,7000,2798,0,6100,6094.040092937501,5236.622465999972,6957.9701560032845,2777.9092208720513
1790292154,40,,Aggregated,5.400000,0.000000,6100,6300,6400,6500,6600,6700,6700,6800,6900,7000,7000,2807,0,6100,6094.700570560433,5236.622465999972,6957.9701560032845,2778.477021731386
1790292155,40,,Aggregated,4.800000,0.000000,6100,6300,6400,6500,6600,6700,6700,6800,6900,7000,7000,2811,0,6100,6094.752067062661,5236.622465999972,6957.9701560032845,2778.4379224475274
1790292156,40,,Aggregated,5.100000,0.000000,6100,6300,6400,6500,6600,6700,6700,6800,6900,7000,7000,2816,0,6100,6095.137810191809,5236.622465999972,6957.9701560032845,2778.5866477272725
1790292157,40,,Aggregated,5.700000,0.000000,6100,6300,6400,6500,6600,6700,6700,6800,6900,7000,7000,2822,0,6100,6095.062917714433,5236.622465999972,6957.9701560032845,2778.6467044649185
1790292159,40,,Aggregated,5.500000,0.000000,6100,6300,6400,6500,6600,6700,6700,6800,6900,7000,7000,2828,0,6100,6095.57589093993,5236.622465999972,6957.9701560032845,2778.8189533239038
1790292160,40,,Aggregated,5.400000,0.000000,6100,6300,6400,6500,6600,6700,6700,6800,6900,7000,7000,2831,0,6100,6095.53327744865,5236.622465999972,6957.9701560032845,2778.836100317909
1790292161,40,,Aggregated,5.400000,0.000000,6100,6300,6400,6500,6600,6700,6700,6800,6900,7000,7000,2835,0,6100,6095.555391161596,5236.622465999972,6957.9701560032845,2778.8455026455026
1790292162,40,,Aggregated,5.400000,0.000000,6100,6300,6400,6500,6600,6700,6700,6800,6900,7000,7000,2840,0,6100,6095.918495104621,5236.622465999972,6957.9701560032845,2778.823591549296
1790292163,40,,Aggregated,5.300000,0.000000,6100,6300,6400,6500,6600,6700,6700,6800,6900,7000,7000,2849,0,6100,6096.027766054802,5236.622465999972,6957.9701560032845,2778.905931905932
1790292164,40,,Aggregated,4.700000,0.000000,6100,6300,6400,6500,6600,6700,6700,6800,6900,7000,7000,2854,0,6100,6096.095489742862,5236.622465999972,6957.9701560032845,2778.995795374912
1790292165,40,,Aggregated,5.000000,0.000000,6100,6300,6400,6500,6600,6700,6700,6800,6900,7000,7000,2857,0,6100,6095.774769244008,5236.622465999972,6957.9701560032845,2778.935246762338
1790292166,40,,Aggregated,5.600000,0.000000,6100,6300,6400,6500,6600,6700,6700,6800,6900,7000,7000,2862,0,6100,6096.455449392781,5236.622465999972,6957.9701560032845,2778.954577218728
1790292167,40,,Aggregated,5.500000,0.000000,6100,6300,6400,6500,6600,6700,6700,6800,6900,7000,7000,2869,0,6100,6096.978468350346,5236.622465999972,6957.9701560032845,2779.149529452771
1790292168,40,,Aggregated,5.000000,0.000000,6100,6300,6400,6500,6600,6700,6700,6800,6900,7000,7000,2872,0,6100,6096.9554007214965,5236.622465999972,6957.9701560032845,2779.1319637883007
1790292169,40,,Aggregated,5.000000,0.000000,6100,6300,6400,6500,6600,6700,6700,6800,6900,7000,7000,2876,0,6100,6096.5895292670875,5236.622465999972,6957.9701560032845,2779.0125173852575
1790292170,40,,Aggregated,5.000000,0.000000,6100,6300,6400,6500,6600,6700,6700,6800,6900,7000,7000,2887,0,6100,6096.11553301148,5236.622465999972,6957.9701560032845,2778.853827502598
1790292171,40,,Aggregated,5.000000,0.000000,6100,6300,6400,6500,6600,6700,6700,6800,6900,7000,7000,2890,0,6100,6096.57479946441,5236.622465999972,6957.9701560032845,2779.0332179930797
1790292172,40,,Aggregated,4.800000,0.000000,6100,6300,6400,6500,6600,6700,6700,6800,6900,7000,7000,2893,0,6100,6096.787643192584,5236.622465999972,6957.9701560032845,2779.1379191151054
1790292173,40,,Aggregated,5.400000,0.000000,6100,6300,6400,6500,6600,6700,6700,6800,6900,7000,7000,2899,0,6100,6096.552183958655,5236.622465999972,6957.9701560032845,2779.246291824767
1790292174,40,,Aggregated,5.500000,0.000000,6100,6300,6400,6500,6600,6700,6700,6800,6900,7000,7000,2906,0,6100,6096.109157273278,5236.622465999972,6957.9701560032845,2779.291810048176
1790292175,40,,Aggregated,5.300000,0.000000,6100,6300,6400,6500,6600,6700,6700,6800,6900,7000,7000,2911,0,6100,6096.436121587821,5236.622465999972,6957.9701560032845,2779.4682239780145
1790292176,40,,Aggregated,5.000000,0.000000,6100,6300,6400,6500,6600,6700,6700,6800,6900,7000,7000,2914,0,6100,6095.966022349055,5236.622465999972,6957.9701560032845,2779.3256691832535
1790292177,40,,Aggregated,5.400000,0.000000,6100,6300,6400,6500,6600,6700,6700,6800,6900,7000,7000,2921,0,6100,6096.004455232161,5236.622465999972,6957.9701560032845,2779.2560766860665
1790292178,40,,Aggregated,5.200000,0.000000,6100,6300,6400,6500,6600,6700,6700,6800,6900,7000,7000,2926,0,6100,6096.26917178918,5236.622465999972,6957.9701560032845,2779.307928913192
1790292179,40,,Aggregated,5.200000,0.000000,6100,6300,6400,6500,6600,6700,6700,6800,6900,7000,7000,2932,0,6100,6096.542277748685,5236.622465999972,6957.9701560032845,2779.4266712141884
1790292180,40,,Aggregated,5.000000,0.000000,6100,6300,6400,6500,6600,6700,6700,6800,6900,7000,7000,2939,0,6100,6095.998747677492,5236.622465999972,6957.9701560032845,2779.3950323239196
1790292181,40,,Aggregated,5.300000,0.000000,6100,6300,6400,6500,6600,6700,6700,6800,6900,7000,7000,2942,0,6100,6095.920025843352,5236.622465999972,6957.9701560032845,2779.2960571040107
1790292182,40,,Aggregated,5.400000,0.000000,6100,6300,6400,6500,6600,6700,6700,6800,6900,7000,7000,2948,0,6100,6096.044077743601,5236.622465999972,6957.9701560032845,2779.252713704206
1790292183,40,,Aggregated,5.200000,0.000000,6100,6300,6400,6500,6600,6700,6700,6800,6900,7000,7000,2954,0,6100,6096.172309911015,5236.622465999972,6957.9701560032845,2779.3740690589034
1790292184,40,,Aggregated,5.300000,0.000000,6100,6300,6400,6500,6600,6700,6700,6800,6900,7000,7000,2957,0,6100,6096.112320337212,5236.622465999972,6957.9701560032845,2779.3429151166724
1790292185,40,,Aggregated,5.400000,0.000000,6100,6300,6400,6500,6600,6700,6700,6800,6900,7000,7000,2963,0,6100,6096.163818317964,5236.622465999972,6957.9701560032845,2779.425919676004
1790292186,40,,Aggregated,5.400000,0.000000,6100,6300,6400,6500,6600,6700,6700,6800,6900,7000,7000,2970,0,6100,6096.369366974453,5236.622465999972,6957.9701560032845,2779.607407407407
1790292187,40,,Aggregated,5.000000,0.000000,6100,6300,6400,6500,6600,6700,6700,6800,6900,7000,7000,2974,0,6100,6096.278020489619,5236.622465999972,6957.9701560032845,2779.586079354405
1790292188,40,,Aggregated,5.600000,0.000000,6100,6300,6400,6500,6600,6700,6700,6800,6900,7000,7000,2981,0,6100,6096.154174856465,5236.622465999972,6957.9701560032845,2779.4367661858437
1790292189,40,,Aggregated,5.600000,0.000000,6100,6300,6400,6500,6600,6700,6700,6800,6900,7000,7000,2982,0,6100,6095.984210816942,5236.622465999972,6957.9701560032845,2779.354124748491
1790292190,40,,Aggregated,5.500000,0.000000,6100,6300,6400,6500,6600,6700,6700,6800,6900,7000,7000,2989,0,6100,6096.121934637379,5236.622465999972,6957.9701560032845,2779.1987286717967
1790292191,40,,Aggregated,5.500000,0.000000,6100,6300,6400,6500,6600,6700,6700,6800,6900,7000,7000,2994,0,6100,6096.346406818345,5236.622465999972,6957.9701560032845,2779.37207748831
1790292192,40,,Aggregated,5.000000,0.000000,6100,6300,6400,6500,6600,6700,6700,6800,6900,7000,7000,2998,0,6100,6096.535729202508,5236.622465999972,6957.9701560032845,2779.4759839893263
1790292193,40,,Aggregated,4.800000,0.000000,6100,6300,6400,6500,6600,6700,6700,6800,6900,7000,7000,3004,0,6100,6096.485072258364,5236.622465999972,6957.9701560032845,2779.436085219707
1790292194,40,,Aggregated,5.200000,0.000000,6100,6300,6400,6500,6600,6700,6700,6800,6900,7000,7000,3014,0,6100,6096.540203230632,5236.622465999972,6957.9701560032845,2779.395487723955
1790292195,40,,Aggregated,5.100000,0.000000,6100,6300,6400,6500,6600,6700,6700,6800,6900,7000,7000,3017,0,6100,6096.657380970542,5236.622465999972,6957.9701560032845,2779.5147497514085
1790292196,40,,Aggregated,5.100000,0.000000,6100,6300,6400,6500,6600,6700,6700,6800,6900,7000,7000,3020,0,6100,6097.01530375302,5236.622465999972,6957.9701560032845,2779.603973509934
1790292197,40,,Aggregated,5.400000,0.000000,6100,6300,6400,6500,6600,6700,6700,6800,6900,7100,7100,3024,0,6100,6097.268526938533,5236.622465999972,7066.651659999479,2779.643187830688
1790292198,40,,Aggregated,5.000000,0.000000,6100,6300,6400,6500,6600,6700,6700,6800,6900,7100,7100,3033,0,6100,6097.805499587579,5236.622465999972,7066.651659999479,2779.634355423673
1790292199,40,,Aggregated,4.800000,0.000000,6100,6300,6400,6500,6600,6700,6700,6800,6900,7100,7100,3037,0,6100,6097.80168612747,5236.622465999972,7066.651659999479,2779.643727362529
1790292200,40,,Aggregated,4.800000,0.000000,6100,6300,6400,6500,6600,6700,6700,6800,6900,7100,7100,3041,0,6100,6097.510896961238,5236.622465999972,7066.651659999479,2779.4514962183493
1790292201,40,,Aggregated,5.400000,0.000000,6100,6300,6400,6500,6600,6700,6700,6800,6900,7100,7100,3049,0,6100,6097.28228639558,5236.622465999972,7066.651659999479,2779.427025254182
1790292202,40,,Aggregated,5.400000,0.000000,6100,6300,6400,6500,6600,6700,6700,6800,6900,7100,7100,3055,0,6100,6097.443963469763,5236.622465999972,7066.651659999479,2779.3312602291326
1790292203,40,,Aggregated,5.400000,0.000000,6100,6300,6400,6500,6600,6700,6700,6800,6900,7100,7100,3057,0,6100,6097.472289088691,5236.622465999972,7066.651659999479,2779.30978083088
1790292204,40,,Aggregated,5.600000,0.000000,6100,6300,6400,6500,6600,6700,6700,6800,6900,7100,7100,3061,0,6100,6097.541417949405,5236.622465999972,7066.651659999479,2779.3848415550474
1790292205,40,,Aggregated,5.300000,0.000000,6100,6300,6400,6500,6600,6700,6700,6800,6900,7100,7100,3069,0,6100,6097.8897398469,5236.622465999972,7066.651659999479,2779.5057021831217
1790292206,40,,Aggregated,4.800000,0.000000,6100,6300,6400,6500,6600,6700,6700,6800,6900,7100,7100,3076,0,6100,6098.022578066365,5236.622465999972,7066.651659999479,2779.6196358907673
1790292207,40,,Aggregated,4.800000,0.000000,6100,6300,6400,6500,6600,6700,6700,6800,6900,7100,7100,3078,0,6100,6097.70535161603,5236.622465999972,7066.651659999479,2779.5038986354775
1790292208,40,,Aggregated,5.300000,0.000000,6100,6300,6400,6500,6600,6700,6700,6800,6900,7100,7100,3084,0,6100,6097.555668731237,5236.622465999972,7066.651659999479,2779.40402075227
1790292209,40,,Aggregated,5.600000,0.000000,6100,6300,6400,6500,6600,6700,6700,6800,6900,7100,7100,3092,0,6100,6097.689804413045,5236.622465999972,7066.651659999479,2779.454721862872
1790292210,40,,Aggregated,5.400000,0.000000,6100,6300,6400,6500,6600,6700,6700,6800,6900,7100,7100,3096,0,6100,6097.897612769744,5236.622465999972,7066.651659999479,2779.531976744186
1790292211,40,,Aggregated,5.400000,0.000000,6100,6300,6400,6500,6600,6700,6700,6800,6900,7100,7100,3099,0,6100,6098.128024631535,5236.622465999972,7066.651659999479,2779.7134559535334
1790292212,40,,Aggregated,5.400000,0.000000,6100,6300,6400,6500,6600,6700,6700,6800,6900,7100,7100,3106,0,6100,6098.280250700621,5236.622465999972,7066.651659999479,2779.707018673535
1790292213,40,,Aggregated,5.400000,0.000000,6100,6300,6400,6500,6600,6700,6700,6800,6900,7100,7100,3110,0,6100,6098.113777592002,5236.622465999972,7066.651659999479,2779.6289389067524
1790292214,40,,Aggregated,4.600000,0.000000,6100,6300,6400,6500,6600,6700,6700,6800,6900,7100,7100,3117,0,6100,6098.300396132541,5236.622465999972,7066.651659999479,2779.6743663779275
1790292215,40,,Aggregated,4.600000,0.000000,6100,6300,6400,6500,6600,6700,6700,6800,6900,7100,7100,3118,0,6100,6098.465984807291,5236.622465999972,7066.651659999479,2779.7283515073764
1790292216,40,,Aggregated,5.600000,0.000000,6100,6300,6400,6500,6600,6700,6700,6800,6900,7100,7100,3128,0,6100,6098.314174420438,5236.622465999972,7066.651659999479,2779.540601023018
1790292217,40,,Aggregated,5.600000,0.000000,6100,6300,6400,6500,6600,6700,6700,6800,6900,7100,7100,3134,0,6100,6098.340559211592,5236.622465999972,7066.651659999479,2779.4850031908104
1790292218,40,,Aggregated,5.100000,0.000000,6100,6300,6400,6500,6600,6700,6700,6800,6900,7100,7100,3137,0,6100,6098.42296863791,5236.622465999972,7066.651659999479,2779.7150143449157
1790292219,40,,Aggregated,5.100000,0.000000,6100,6300,6400,6500,6600,6700,6700,6800,6900,7100,7100,3139,0,6100,6098.271281518995,5236.622465999972,7066.651659999479,2779.66199426569
1790292220,40,,Aggregated,5.300000,0.000000,6100,6300,6400,6500,6600,6700,6700,6800,6900,7100,7100,3149,0,6100,6098.846074167076,5236.622465999972,7066.651659999479,2779.5141314703083
1790292221,40,,Aggregated,4.900000,0.000000,6100,6300,6400,6500,6600,6700,6700,6800,6900,7100,7100,3154,0,6100,6098.7879243440475,5236.622465999972,7066.651659999479,2779.556119213697
1790292222,40,,Aggregated,5.000000,0.000000,6100,6300,6400,6500,6600,6700,6700,6800,6900,7100,7100,3158,0,6100,6099.097766678319,5236.622465999972,7066.651659999479,2779.680810639645
1790292223,40,,Aggregated,5.400000,0.000000,6100,6300,6400,6500,6600,6700,6700,6800,6900,7100,7100,3161,0,6100,6098.872729100643,5236.622465999972,7066.651659999479,2779.5824106295477
1790292224,40,,Aggregated,5.600000,0.000000,6100,6300,6400,6500,6600,6700,6700,6800,6900,7100,7100,3171,0,6100,6099.178292514074,5236.622465999972,7066.651659999479,2779.519394512772
1790292225,40,,Aggregated,4.900000,0.000000,6100,6300,6400,6500,6600,6700,6700,6800,6900,7100,7100,3177,0,6100,6098.985398305675,5236.622465999972,7066.651659999479,2779.5130626377086
1790292226,40,,Aggregated,4.900000,0.000000,6100,6300,6400,6500,6600,6700,6700,6800,6900,7100,7100,3178,0,6100,6098.957772893055,5236.622465999972,7066.651659999479,2779.5516047828824
1790292227,40,,Aggregated,5.800000,0.000000,6100,6300,6400,6500,6600,6700,6700,6800,6900,7100,7100,3185,0,6100,6098.653185365816,5236.622465999972,7066.651659999479,2779.395918367347
1790292228,40,,Aggregated,5.400000,0.000000,6100,6300,6400,6500,6600,6700,6700,6800,6900,7100,7100,3191,0,6100,6098.878961359486,5236.622465999972,7066.651659999479,2779.5709808837355
1790292229,40,,Aggregated,4.700000,0.000000,6100,6300,6400,6500,6600,6700,6700,6800,6900,7100,7100,3195,0,6100,6098.974407116155,5236.622465999972,7066.651659999479,2779.550234741784
1790292230,40,,Aggregated,5.200000,0.000000,6100,6300,6400,6500,6600,6700,6700,6800,6900,7100,7100,3200,0,6100,6098.875157381914,5236.622465999972,7066.651659999479,2779.5475
1790292231,40,,Aggregated,5.400000,0.000000,6100,6300,6400,6500,6600,6700,6700,6800,6900,7100,7100,3206,0,6100,6098.397846588933,5236.622465999972,7066.651659999479,2779.450717404866
1790292232,40,,Aggregated,5.200000,0.000000,6100,6300,6400,6500,6600,6700,6700,6800,6900,7100,7100,3212,0,6100,6098.733162109626,5236.622465999972,7066.651659999479,2779.4825653798257
1790292233,40,,Aggregated,5.200000,0.000000,6100,6300,6400,6500,6600,6700,6700,6800,6900,7100,7100,3218,0,6100,6099.028146011847,5236.622465999972,7066.651659999479,2779.7004350528277
1790292234,40,,Aggregated,5.400000,0.000000,6100,6300,6400,6500,6600,6700,6700,6800,6900,7100,7100,3220,0,6100,6098.812808469292,5236.622465999972,7066.651659999479,2779.6406832298135
1790292235,40,,Aggregated,5.900000,0.000000,6100,6300,6400,6500,6600,6700,6700,6800,6900,7100,7100,3225,0,6100,6098.746432859882,5236.622465999972,7066.651659999479,2779.6744186046512
1790292236,40,,Aggregated,5.400000,0.000000,6100,6300,6400,6500,6600,6700,6700,6800,6900,7100,7100,3232,0,6100,6098.945943066865,5236.622465999972,7066.651659999479,2779.765160891089
1790292237,40,,Aggregated,4.800000,0.000000,6100,6300,6400,6500,6600,6700,6700,6800,6900,7100,7100,3240,0,6100,6098.696685537069,5236.622465999972,7066.651659999479,2779.7746913580245
1790292238,40,,Aggregated,5.200000,0.000000,6100,6300,6400,6500,6600,6700,6700,6800,6900,7100,7100,3245,0,6100,6098.017930640402,5236.622465999972,7066.651659999479,2779.5057010785827
1790292239,40,,Aggregated,5.300000,0.000000,6100,6300,6400,6500,6600,6700,6700,6800,6900,7100,7100,3247,0,6100,6097.861786655406,5236.622465999972,7066.651659999479,2779.4521096396675
1790292240,40,,Aggregated,5.300000,0.000000,6100,6300,6400,6500,6600,6700,6700,6800,6900,7100,7100,3257,0,6100,6097.651779004943,5236.622465999972,7066.651659999479,2779.174700644765
1790292241,40,,Aggregated,5.300000,0.000000,6100,6300,6400,6500,6600,6700,6700,6800,6900,7100,7100,3259,0,6100,6097.671149637342,5236.622465999972,7066.651659999479,2779.1472844430805
1790292242,40,,Aggregated,5.700000,0.000000,6100,6300,6400,6500,6600,6700,6700,6800,6900,7100,7100,3262,0,6100,6097.652028507387,5236.622465999972,7066.651659999479,2779.196811771919
1790292243,40,,Aggregated,5.600000,0.000000,6100,6300,6400,6500,6600,6700,6700,6800,6900,7100,7100,3270,0,6100,6097.156388663942,5236.622465999972,7066.651659999479,2779.0174311926608
1790292244,40,,Aggregated,4.900000,0.000000,6100,6300,6400,6500,6600,6700,6700,6800,6900,7100,7100,3274,0,6100,6096.886815323791,5236.622465999972,7066.651659999479,2778.91875381796
1790292245,40,,Aggregated,4.700000,0.000000,6100,6300,6400,6500,6600,6700,6700,6800,6900,7100,7100,3281,0,6100,6096.916226510238,5236.622465999972,7066.651659999479,2779.1685461749466
1790292246,40,,Aggregated,5.100000,0.000000,6100,6300,6400,6500,6600,6700,6700,6800,6900,7100,7100,3285,0,6100,6096.904341854822,5236.622465999972,7066.651659999479,2779.212480974125
1790292247,40,,Aggregated,5.400000,0.000000,6100,6300,6400,6500,6600,6700,6700,6800,6900,7100,7100,3290,0,6100,6096.501235143798,5236.622465999972,7066.651659999479,2779.124012158055
1790292248,40,,Aggregated,5.300000,0.000000,6100,6300,6400,6500,6600,6700,6700,6800,6900,7100,7100,3299,0,6100,6096.779095372265,5236.622465999972,7066.651659999479,2779.426189754471
1790292249,40,,Aggregated,5.500000,0.000000,6100,6300,6400,6500,6600,6700,6700,6800,6900,7100,7100,3301,0,6100,6096.754349669828,5236.622465999972,7066.651659999479,2779.4116934262343
1790292250,40,,Aggregated,5.400000,0.000000,6100,6300,6400,6500,6600,6700,6700,6800,6900,7100,7100,3306,0,6100,6096.688040727798,5236.622465999972,7066.651659999479,2779.4621899576528
1790292251,40,,Aggregated,5.300000,0.000000,6100,6300,6400,6500,6600,6700,6700,6800,6900,7100,7100,3310,0,6100,6096.988534864683,5236.622465999972,7066.651659999479,2779.6398791540787
1790292252,40,,Aggregated,4.800000,0.000000,6100,6300,6400,6500,6600,6700,6700,6800,6900,7100,7100,3317,0,6100,6097.259918643987,5236.622465999972,7066.651659999479,2779.808863430811
1790292253,40,,Aggregated,5.000000,0.000000,6100,6300,6400,6500,6600,6700,6700,6800,6900,7100,7100,3323,0,6100,6097.291129484232,5236.622465999972,7066.651659999479,2779.6831176647606
1790292254,40,,Aggregated,5.200000,0.000000,6100,6300,6400,6500,6600,6700,6700,6800,6900,7100,7100,3327,0,6100,6097.446227756867,5236.622465999972,7066.651659999479,2779.6218815749926
1790292255,40,,Aggregated,5.400000,0.000000,6100,6300,6400,6500,6600,6700,6700,6800,6900,7100,7100,3336,0,6100,6097.496065155607,5236.622465999972,7066.651659999479,2779.5872302158273
1790292256,40,,Aggregated,5.600000,0.000000,6100,6300,6400,6500,6600,6700,6700,6800,6900,7100,7100,3340,0,6100,6097.199235298233,5236.622465999972,7066.651659999479,2779.526347305389
1790292257,40,,Aggregated,5.100000,0.000000,6100,6300,6400,6500,6600,6700,6700,6800,6900,7100,7100,3343,0,6100,6097.30900076192,5236.622465999972,7066.651659999479,2779.511217469339
1790292258,40,,Aggregated,5.500000,0.000000,6100,6300,6400,6500,6600,6700,6700,6800,6900,7100,7100,3347,0,6100,6097.391784785213,5236.622465999972,7066.651659999479,2779.5894831192113
1790292259,40,,Aggregated,5.200000,0.000000,6100,6300,6400,6500,6600,6700,6700,6800,6900,7100,7100,3350,0,6100,6097.662636173464,5236.622465999972,7066.651659999479,2779.735223880597
1790292260,40,,Aggregated,4.800000,0.000000,6100,6300,6400,6500,6600,6700,6700,6800,6900,7100,7100,3360,0,6100,6097.919823136637,5236.622465999972,7066.651659999479,2779.8717261904762
1790292261,40,,Aggregated,4.900000,0.000000,6100,6300,6400,6500,6600,6700,6700,6800,6900,7100,7100,3367,0,6100,6097.901221916573,5236.622465999972,7066.651659999479,2779.879120879121
1790292262,40,,Aggregated,5.400000,0.000000,6100,6300,6400,6500,6600,6700,6700,6800,6900,7100,7100,3368,0,6100,6097.901175720933,5236.622465999972,7066.651659999479,2779.866983372922
1790292263,40,,Aggregated,5.400000,0.000000,6100,6300,6400,6500,6600,6700,6700,6800,6900,7100,7100,3377,0,6100,6098.0474735049165,5236.622465999972,7066.651659999479,2779.7989339650576
1790292264,40,,Aggregated,5.600000,0.000000,6100,6300,6400,6500,6600,6700,6700,6800,6900,7100,7100,3380,0,6100,6098.400072025474,5236.622465999972,7066.651659999479,2779.9991124260355
1790292265,40,,Aggregated,5.300000,0.000000,6100,6300,6400,6500,6600,6700,6700,6800,6900,7100,7100,3387,0,6100,6098.111516106911,5236.622465999972,7066.651659999479,2779.915854738707
1790292266,40,,Aggregated,5.300000,0.000000,6100,6300,6400,6500,6600,6700,6700,6800,6900,7100,7100,3387,0,6100,6098.111516106911,5236.622465999972,7066.651659999479,2779.915854738707
1790292267,40,,Aggregated,5.200000,0.000000,6100,6300,6400,6500,6600,6700,6700,6800,6900,7100,7100,3395,0,6100,6098.757672842152,5236.622465999972,7066.651659999479,2780.040942562592
1790292268,40,,Aggregated,4.900000,0.000000,6100,6300,6400,6500,6600,6700,6700,6800,6900,7100,7100,3402,0,6100,6099.090704727544,5236.622465999972,7066.651659999479,2780.1881246325693
1790292269,40,,Aggregated,4.700000,0.000000,6100,6300,6400,6500,6600,6700,6700,6800,6900,7100,7100,3406,0,6100,6099.215599906961,5236.622465999972,7066.651659999479,2780.235760422783
1790292270,40,,Aggregated,5.400000,0.000000,6100,6300,6400,6500,6600,6700,6700,6800,6900,7100,7100,3413,0,6100,6099.15527450897,5236.622465999972,7066.651659999479,2780.431292118371
1790292271,40,,Aggregated,5.500000,0.000000,6100,6300,6400,6500,6600,6700,6700,6800,6900,7100,7100,3419,0,6100,6098.989465859931,5236.622465999972,7066.651659999479,2780.4238081310323
1790292272,40,,Aggregated,5.000000,0.000000,6100,6300,6400,6500,6600,6700,6700,6800,6900,7100,7100,3423,0,6100,6099.096033487907,5236.622465999972,7066.651659999479,2780.555652936021
1790292273,40,,Aggregated,5.200000,0.000000,6100,6300,6400,6500,6600,6700,6700,6800,6900,7100,7100,3427,0,6100,6098.996892389877,5236.622465999972,7066.651659999479,2780.53253574555
1790292274,40,,Aggregated,5.300000,0.000000,6100,6300,6400,6500,6600,6700,6700,6800,6900,7100,7100,3429,0,6100,6098.871437175301,5236.622465999972,7066.651659999479,2780.4135316418783
1790292275,40,,Aggregated,5.300000,0.000000,6100,6300,6400,6500,6600,6700,6700,6800,6900,7100,7100,3440,0,6100,6098.971823372708,5236.622465999972,7066.651659999479,2780.2982558139533
1790292276,40,,Aggregated,4.900000,0.000000,6100,6300,6400,6500,6600,6700,6700,6800,6900,7100,7100,3445,0,6100,6098.69849440729,5236.622465999972,7066.651659999479,2780.2809869375906
1790292277,40,,Aggregated,4.900000,0.000000,6100,6300,6400,6500,6600,6700,6700,6800,6900,7100,7100,3452,0,6100,6098.079717647192,5236.622465999972,7066.651659999479,2780.1260139049828
1790292278,40,,Aggregated,5.600000,0.000000,6100,6300,6400,6500,6600,6700,6700,6800,6900,7100,7100,3456,0,6100,6098.030873923064,5236.622465999972,7066.651659999479,2780.1886574074074
1790292279,40,,Aggregated,5.900000,0.000000,6100,6300,6400,6500,6600,6700,6700,6800,6900,7100,7100,3458,0,6100,6097.946771638262,5236.622465999972,7066.651659999479,2780.2087912087914
1790292280,40,,Aggregated,5.600000,0.000000,6100,6300,6400,6500,6600,6700,6700,6800,6900,7100,7100,3465,0,6100,6098.516455830624,5236.622465999972,7066.651659999479,2780.343434343434
1790292281,40,,Aggregated,5.300000,0.000000,6100,6300,6400,6500,6600,6700,6700,6800,6900,7100,7100,3468,0,6100,6098.40056742362,5236.622465999972,7066.651659999479,2780.2598039215686
1790292282,40,,Aggregated,5.200000,0.000000,6100,6300,6400,6500,6600,6700,6700,6800,6900,7100,7100,3470,0,6100,6098.255007534327,5236.622465999972,7066.651659999479,2780.1829971181555
1790292283,40,,Aggregated,5.100000,0.000000,6100,6300,6400,6500,6600,6700,6700,6800,6900,7100,7100,3478,0,6100,6098.979421578812,5236.622465999972,7066.651659999479,2780.311098332375
1790292284,40,,Aggregated,4.800000,0.000000,6100,6300,6400,6500,6600,6700,6700,6800,6900,7100,7100,3488,0,6100,6100.2777484226235,5236.622465999972,7066.651659999479,2780.5834288990827
1790292285,40,,Aggregated,4.700000,0.000000,6100,6300,6400,6500,6600,6700,6700,6800,6900,7100,7100,3493,0,6100,6100.495557065019,5236.622465999972,7066.651659999479,2780.6472945891783
1790292286,40,,Aggregated,5.500000,0.000000,6100,6300,6400,6500,6600,6700,6700,6800,6900,7100,7100,3497,0,6100,6100.104389446987,5236.622465999972,7066.651659999479,2780.6888761795826
1790292287,40,,Aggregated,5.800000,0.000000,6100,6300,6400,6500,6600,6700,6700,6800,6900,7100,7100,3502,0,6100,6100.0149828889525,5236.622465999972,7066.651659999479,2780.607652769846
1790292288,40,,Aggregated,5.000000,0.000000,6100,6300,6400,6500,6600,6700,6700,6800,6900,7100,7100,3506,0,6100,6099.697389589022,5236.622465999972,7066.651659999479,2780.4905875641757
1790292289,40,,Aggregated,5.000000,0.000000,6100,6300,6400,6500,6600,6700,6700,6800,6900,7100,7100,3510,0,6100,6099.760961256444,5236.622465999972,7066.651659999479,2780.5185185185187
1790292290,40,,Aggregated,5.100000,0.000000,6100,6300,6400,6500,6600,6700,6700,6800,6900,7100,7100,3512,0,6100,6099.929331122756,5236.622465999972,7066.651659999479,2780.5649202733484
1790292291,40,,Aggregated,5.100000,0.000000,6100,6300,6400,6500,6600,6700,6700,6800,6900,7100,7100,3523,0,6100,6100.4311587317925,5236.622465999972,7066.651659999479,2780.741413567982
1790292292,40,,Aggregated,5.200000,0.000000,6100,6300,6400,6500,6600,6700,6700,6800,6900,7100,7100,3530,0,6100,6100.577702524675,5236.622465999972,7066.651659999479,2780.7014164305947
1790292293,40,,Aggregated,4.700000,0.000000,6100,6300,6400,6500,6600,6700,6700,6800,6900,7100,7100,3534,0,6100,6100.630530484184,5236.622465999972,7066.651659999479,2780.71675155631
1790292294,40,,Aggregated,5.500000,0.000000,6100,6300,6400,6500,6600,6700,6700,6800,6900,7100,7100,3539,0,6100,6100.590590957926,5236.622465999972,7066.651659999479,2780.566261655835
1790292295,40,,Aggregated,5.900000,0.000000,6100,6300,6400,6500,6600,6700,6700,6800,6900,7100,7100,3545,0,6100,6100.559251438954,5236.622465999972,7066.651659999479,2780.417771509168
1790292296,40,,Aggregated,5.200000,0.000000,6100,6300,6400,6500,6600,6700,6700,6800,6900,7100,7100,3549,0,6100,6100.517764282921,5236.622465999972,7066.651659999479,2780.5136658213582
1790292297,40,,Aggregated,5.300000,0.000000,6100,6300,6400,6500,6600,6700,6700,6800,6900,7100,7100,3551,0,6100,6100.501143894704,5236.622465999972,7066.651659999479,2780.5029569135454
1790292299,40,,Aggregated,5.200000,0.000000,6100,6300,6400,6500,6600,6700,6700,6800,6900,7100,7100,3559,0,6100,6099.992524329612,5236.622465999972,7066.651659999479,2780.1716774374822
1790292300,40,,Aggregated,5.200000,0.000000,6100,6300,6400,6500,6600,6700,6700,6800,6900,7100,7100,3569,0,6100,6099.654892119105,5236.622465999972,7066.651659999479,2779.994956570468
1790292301,40,,Aggregated,4.700000,0.000000,6100,6300,6400,6500,6600,6700,6700,6800,6900,7100,7100,3573,0,6100,6099.544464451186,5236.622465999972,7066.651659999479,2779.9753708368316
1790292302,40,,Aggregated,5.200000,0.000000,6100,6300,6400,6500,6600,6700,6700,6800,6900,7100,7100,3577,0,6100,6099.186299656162,5236.622465999972,7066.651659999479,2779.9013139502376
1790292303,40,,Aggregated,6.100000,0.000000,6100,6300,6400,6500,6600,6700,6700,6800,6900,7100,7100,3581,0,6100,6099.1361941117275,5236.622465999972,7066.651659999479,2779.8670762356883
1790292304,40,,Aggregated,6.100000,0.000000,6100,6300,6400,6500,6600,6700,6700,6800,6900,7100,7100,3586,0,6100,6099.2358771394565,5236.622465999972,7066.651659999479,2779.9157836029003
1790292305,40,,Aggregated,5.400000,0.000000,6100,6300,6400,6500,6600,6700,6700,6800,6900,7100,7100,3590,0,6100,6098.8752481830315,5236.622465999972,7066.651659999479,2779.844568245125
1790292306,40,,Aggregated,4.900000,0.000000,6100,6300,6400,6500,6600,6700,6700,6800,6900,7100,7100,3593,0,6100,6098.885890104115,5236.622465999972,7066.651659999479,2779.8747564709156
1790292307,40,,Aggregated,4.900000,0.000000,6100,6300,6400,6500,6600,6700,6700,6800,6900,7100,7100,3605,0,6100,6099.237253860493,5236.622465999972,7066.651659999479,2779.9398058252427
1790292308,40,,Aggregated,4.900000,0.000000,6100,6300,6400,6500,6600,6700,6700,6800,6900,7100,7100,3610,0,6100,6099.361862562625,5236.622465999972,7066.651659999479,2779.9041551246537
1790292309,40,,Aggregated,4.800000,0.000000,6100,6300,6400,6500,6600,6700,6700,6800,6900,7100,7100,3617,0,6100,6098.944474449289,5236.622465999972,7066.651659999479,2779.998064694498
1790292310,40,,Aggregated,5.500000,0.000000,6100,6300,6400,6500,6600,6700,6700,6800,6900,7100,7100,3618,0,6100,6098.883609192393,5236.622465999972,7066.651659999479,2779.972913211719
1790292311,40,,Aggregated,5.800000,0.000000,6100,6300,6400,6500,6600,6700,6700,6800,6900,7100,7100,3625,0,6100,6098.720074159193,5236.622465999972,7066.651659999479,2779.9873103448276
1790292312,40,,Aggregated,4.900000,0.000000,6100,6300,6400,6500,6600,6700,6700,6800,6900,7100,7100,3629,0,6100,6098.931415254361,5236.622465999972,7066.651659999479,2780.2435932763847
1790292313,40,,Aggregated,4.900000,0.000000,6100,6300,6400,6500,6600,6700,6700,6800,6900,7100,7100,3629,0,6100,6098.931415254361,5236.622465999972,7066.651659999479,2780.2435932763847
1790292314,40,,Aggregated,5.100000,0.000000,6100,6300,6400,6500,6600,6700,6700,6800,6900,7100,7100,3636,0,6100,6098.731745521747,5236.622465999972,7066.651659999479,2780.0156765676566
1790292315,40,,Aggregated,4.900000,0.000000,6100,6300,6400,6500,6600,6700,6700,6800,6900,7100,7100,3649,0,6100,6099.48995483422,5236.622465999972,7066.651659999479,2780.1011235955057
1790292316,40,,Aggregated,5.000000,0.000000,6100,6300,6400,6500,6600,6700,6700,6800,6900,7100,7100,3655,0,6100,6099.820749583879,5236.622465999972,7066.651659999479,2780.2656634746922
1790292317,40,,Aggregated,5.800000,0.000000,6100,6300,6400,6500,6600,6700,6700,6800,6900,7100,7100,3657,0,6100,6099.940511656297,5236.622465999972,7066.651659999479,2780.353295050588
1790292318,40,,Aggregated,5.800000,0.000000,6100,6300,6400,6500,6600,6700,6700,6800,6900,7100,7100,3659,0,6100,6099.854603795322,5236.622465999972,7066.651659999479,2780.2951626127356
1790292319,40,,Aggregated,5.200000,0.000000,6100,6300,6400,6500,6600,6700,6700,6800,6900,7100,7100,3665,0,6100,6100.206623643132,5236.622465999972,7066.651659999479,2780.2212824010912
1790292320,40,,Aggregated,4.900000,0.000000,6100,6300,6400,6500,6600,6700,6700,6800,6900,7100,7100,3669,0,6100,6100.420779790154,5236.622465999972,7066.651659999479,2780.30825838103
1790292321,40,,Aggregated,4.900000,0.000000,6100,6300,6400,6500,6600,6700,6700,6800,6900,7100,7100,3671,0,6100,6100.320299760031,5236.622465999972,7066.651659999479,2780.332062108417
1790292322,40,,Aggregated,5.000000,0.000000,6100,6300,6400,6500,6600,6700,6700,6800,6900,7100,7100,3681,0,6100,6100.9089334762475,5236.622465999972,7066.651659999479,2780.400162999185
1790292323,40,,Aggregated,4.700000,0.000000,6100,6300,6400,6500,6600,6700,6700,6800,6900,7100,7100,3691,0,6100,6102.035851083197,5236.622465999972,7066.651659999479,2780.5556759685724
1790292324,40,,Aggregated,5.100000,0.000000,6100,6300,6400,6500,6600,6700,6700,6800,6900,7100,7100,3695,0,6100,6102.475195678234,5236.622465999972,7066.651659999479,2780.6966170500677
1790292325,40,,Aggregated,5.100000,0.000000,6100,6300,6400,6500,6600,6700,6700,6800,6900,7100,7100,3699,0,6100,6102.6778419629845,5236.622465999972,7066.651659999479,2780.736415247364
1790292326,40,,Aggregated,5.700000,0.000000,6100,6300,6400,6500,6600,6700,6700,6800,6900,7100,7100,3702,0,6100,6102.508309509207,5236.622465999972,7066.651659999479,2780.6696380334956
1790292327,40,,Aggregated,5.700000,0.000000,6100,6300,6400,6500,6600,6700,6700,6800,6900,7100,7100,3707,0,6100,6102.8911606315305,5236.622465999972,7066.651659999479,2780.7127056919344
1790292328,40,,Aggregated,4.500000,0.000000,6100,6300,6400,6500,6600,6700,6700,6800,6900,7100,7100,3710,0,6100,6102.979793773878,5236.622465999972,7066.651659999479,2780.774663072776
1790292329,40,,Aggregated,5.100000,0.000000,6100,6300,6400,6500,6600,6700,6700,6800,6900,7100,7100,3714,0,6100,6102.9366985352935,5236.622465999972,7066.651659999479,2780.8675282714057
1790292330,40,,Aggregated,5.100000,0.000000,6100,6300,6400,6500,6600,6700,6700,6800,6900,7100,7100,3723,0,6100,6103.062980420384,5236.622465999972,7066.651659999479,2780.976363147999
1790292331,40,,Aggregated,4.700000,0.000000,6100,6300,6400,6500,6600,6700,6700,6800,6900,7100,7100,3732,0,6100,6103.07559385265,5236.622465999972,7066.651659999479,2780.967845659164
1790292332,40,,Aggregated,5.500000,0.000000,6100,6300,6400,6500,6600,6700,6700,6800,6900,7100,7100,3737,0,6100,6103.28928335967,5236.622465999972,7066.651659999479,2780.955044153064
1790292333,40,,Aggregated,5.900000,0.000000,6100,6300,6400,6500,6600,6700,6700,6800,6900,7100,7100,3739,0,6100,6103.343481550973,5236.622465999972,7066.651659999479,2780.9986627440494
1790292334,40,,Aggregated,5.700000,0.000000,6100,6300,6400,6500,6600,6700,6700,6800,6900,7100,7100,3743,0,6100,6103.574528449663,5236.622465999972,7066.651659999479,2781.005877638258
1790292335,40,,Aggregated,5.700000,0.000000,6100,6300,6400,6500,6600,6700,6700,6800,6900,7100,7100,3749,0,6100,6103.441485881592,5236.622465999972,7066.651659999479,2780.860229394505
1790292336,40,,Aggregated,4.800000,0.000000,6100,6300,6400,6500,6600,6700,6700,6800,6900,7100,7100,3750,0,6100,6103.375218548824,5236.622465999972,7066.651659999479,2780.832
1790292337,40,,Aggregated,5.000000,0.000000,6100,6300,6400,6500,6600,6700,6700,6800,6900,7100,7100,3759,0,6100,6103.327027235193,5236.622465999972,7066.651659999479,2780.711891460495
1790292338,40,,Aggregated,5.000000,0.000000,6100,6300,6400,6500,6600,6700,6700,6800,6900,7100,7100,3765,0,6100,6103.151271619945,5236.622465999972,7066.651659999479,2780.631341301461
