Timestamp,User Count,Type,Name,Requests/s,Failures/s,50%,66%,75%,80%,90%,95%,98%,99%,99.9%,99.99%,100%,Total Request Count,Total Failure Count,Total Median Response Time,Total Average Response Time,Total Min Response Time,Total Max Response Time,Total Average Content Size
1790295345,0,,Aggregated,0.000000,0.000000,N/A,N/A,N/A,N/A,N/A,N/A,N/A,N/A,N/A,N/A,N/A,0,0,0,0.0,0,0,0
1790295346,20,,Aggregated,0.000000,0.000000,N/A,N/A,N/A,N/A,N/A,N/A,N/A,N/A,N/A,N/A,N/A,0,0,0,0.0,0,0,0
1790295347,40,,Aggregated,0.000000,0.000000,N/A,N/A,N/A,N/A,N/A,N/A,N/A,N/A,N/A,N/A,N/A,0,0,0,0.0,0,0,0
1790295348,40,,Aggregated,0.000000,0.000000,N/A,N/A,N/A,N/A,N/A,N/A,N/A,N/A,N/A,N/A,N/A,0,0,0,0.0,0,0,0
1790295349,40,,Aggregated,0.000000,0.000000,N/A,N/A,N/A,N/A,N/A,N/A,N/A,N/A,N/A,N/A,N/A,0,0,0,0.0,0,0,0
1790295350,40,,Aggregated,0.000000,0.000000,N/A,N/A,N/A,N/A,N/A,N/A,N/A,N/A,N/A,N/A,N/A,0,0,0,0.0,0,0,0
1790295351,40,,Aggregated,0.000000,0.000000,N/A,N/A,N/A,N/A,N/A,N/A,N/A,N/A,N/A,N/A,N/A,0,0,0,0.0,0,0,0
1790295352,40,,Aggregated,0.000000,0.000000,N/A,N/A,N/A,N/A,N/A,N/A,N/A,N/A,N/A,N/A,N/A,0,0,0,0.0,0,0,0
1790295353,40,,Aggregated,0.000000,0.000000,N/A,N/A,N/A,N/A,N/A,N/A,N/A,N/A,N/A,N/A,N/A,0,0,0,0.0,0,0,0
1790295354,40,,Aggregated,0.000000,0.000000,N/A,N/A,N/A,N/A,N/A,N/A,N/A,N/A,N/A,N/A,N/A,0,0,0,0.0,0,0,0
1790295355,40,,Aggregated,0.000000,0.000000,N/A,N/A,N/A,N/A,N/A,N/A,N/A,N/A,N/A,N/A,N/A,0,0,0,0.0,0,0,0
1790295356,40,,Aggregated,0.000000,0.000000,N/A,N/A,N/A,N/A,N/A,N/A,N/A,N/A,N/A,N/A,N/A,0,0,0,0.0,0,0,0
1790295357,40,,Aggregated,0.000000,0.000000,N/A,N/A,N/A,N/A,N/A,N/A,N/A,N/A,N/A,N/A,N/A,0,0,0,0.0,0,0,0
1790295358,40,,Aggregated,0.000000,0.000000,N/A,N/A,N/A,N/A,N/A,N/A,N/A,N/A,N/A,N/A,N/A,0,0,0,0.0,0,0,0
1790295359,40,,Aggregated,0.000000,0.000000,N/A,N/A,N/A,N/A,N/A,N/A,N/A,N/A,N/A,N/A,N/A,0,0,0,0.0,0,0,0
1790295360,40,,Aggregated,0.000000,0.000000,N/A,N/A,N/A,N/A,N/A,N/A,N/A,N/A,N/A,N/A,N/A,0,0,0,0.0,0,0,0
1790295361,40,,Aggregated,0.000000,0.000000,N/A,N/A,N/A,N/A,N/A,N/A,N/A,N/A,N/A,N/A,N/A,0,0,0,0.0,0,0,0
1790295362,40,,Aggregated,0.000000,0.000000,16000,16000,17000,17000,17000,17000,17000,17000,17000,17000,17000,3,0,16436.57267099843,16510.66448566659,16436.57267099843,16656.09555899937,6681.333333333333
1790295363,40,,Aggregated,0.000000,0.000000,17000,17000,17000,17000,17000,18000,18000,18000,18000,18000,18000,13,0,17000,17029.471162615104,16436.57267099843,17803.23740899985,6571.384615384615
1790295364,40,,Aggregated,0.000000,0.000000,17000,18000,18000,18000,19000,19000,19000,19000,19000,19000,19000,24,0,17000,17443.79288012472,16436.57267099843,18702.18636899881,6716.458333333333
1790295365,40,,Aggregated,0.700000,0.000000,18000,18000,19000,19000,19000,20000,20000,20000,20000,20000,20000,36,0,18000,17947.83960686093,16436.57267099843,20047.23217799983,6882.083333333333
1790295366,40,,Aggregated,1.700000,0.000000,18000,19000,19000,19000,20000,20000,20000,20000,20000,20000,20000,39,0,18000,18089.497146743386,16436.57267099843,20047.23217799983,6940.128205128205
1790295367,40,,Aggregated,1.700000,0.000000,18000,19000,19000,19000,20000,20000,20000,20000,20000,20000,20000,40,0,18000,18143.524115749824,16436.57267099843,20250.575907000893,6960.825
1790295368,40,,Aggregated,1.700000,0.000000,18000,19000,19000,19000,20000,20000,20000,20000,20000,20000,20000,40,0,18000,18143.524115749824,16436.57267099843,20250.575907000893,6960.825
1790295369,40,,Aggregated,1.700000,0.000000,18000,19000,19000,19000,20000,20000,20000,20000,20000,20000,20000,40,0,18000,18143.524115749824,16436.57267099843,20250.575907000893,6960.825
1790295370,40,,Aggregated,1.700000,0.000000,18000,19000,19000,19000,20000,20000,20000,20000,20000,20000,20000,40,0,18000,18143.524115749824,16436.57267099843,20250.575907000893,6960.825
1790295371,40,,Aggregated,1.700000,0.000000,18000,19000,19000,19000,20000,20000,20000,20000,20000,20000,20000,40,0,18000,18143.524115749824,16436.57267099843,20250.575907000893,6960.825
1790295372,40,,Aggregated,1.700000,0.000000,18000,19000,19000,19000,20000,20000,20000,20000,20000,20000,20000,40,0,18000,18143.524115749824,16436.57267099843,20250.575907000893,6960.825
1790295373,40,,Aggregated,1.700000,0.000000,18000,19000,19000,19000,20000,20000,20000,20000,20000,20000,20000,40,0,18000,18143.524115749824,16436.57267099843,20250.575907000893,6960.825
1790295374,40,,Aggregated,1.700000,0.000000,18000,19000,19000,19000,20000,20000,20000,20000,20000,20000,20000,40,0,18000,18143.524115749824,16436.57267099843,20250.575907000893,6960.825
1790295375,40,,Aggregated,1.700000,0.000000,18000,19000,19000,19000,20000,20000,20000,20000,20000,20000,20000,40,0,18000,18143.524115749824,16436.57267099843,20250.575907000893,6960.825
1790295376,40,,Aggregated,1.700000,0.000000,18000,19000,19000,19000,20000,20000,20000,20000,20000,20000,20000,40,0,18000,18143.524115749824,16436.57267099843,20250.575907000893,6960.825
1790295377,40,,Aggregated,1.700000,0.000000,18000,19000,19000,19000,20000,20000,20000,20000,20000,20000,20000,40,0,18000,18143.524115749824,16436.57267099843,20250.575907000893,6960.825
1790295378,40,,Aggregated,1.700000,0.000000,18000,19000,19000,19000,20000,20000,20000,20000,20000,20000,20000,40,0,18000,18143.524115749824,16436.57267099843,20250.575907000893,6960.825
1790295379,40,,Aggregated,1.700000,0.000000,18000,19000,19000,19000,20000,20000,20000,20000,20000,20000,20000,40,0,18000,18143.524115749824,16436.57267099843,20250.575907000893,6960.825
1790295380,40,,Aggregated,1.700000,0.000000,18000,19000,19000,19000,20000,20000,20000,20000,20000,20000,20000,40,0,18000,18143.524115749824,16436.57267099843,20250.575907000893,6960.825
1790295381,40,,Aggregated,0.000000,0.000000,18000,19000,19000,19000,20000,20000,20000,20000,20000,20000,20000,41,0,18000,18115.858196316833,16436.57267099843,20250.575907000893,6952.170731707317
1790295382,40,,Aggregated,0.000000,0.000000,18000,18000,19000,19000,20000,20000,20000,20000,20000,20000,20000,49,0,18000,18034.759009428388,16436.57267099843,20250.575907000893,6947.959183673469
1790295383,40,,Aggregated,0.000000,0.000000,18000,19000,19000,19000,20000,20000,20000,20000,20000,20000,20000,55,0,18000,18072.47071396361,16436.57267099843,20250.575907000893,6980.490909090909
1790295384,40,,Aggregated,0.200000,0.000000,18000,18000,19000,19000,20000,20000,20000,20000,20000,20000,20000,68,0,18000,18070.881700485294,16436.57267099843,20250.575907000893,7006.338235294118
1790295385,40,,Aggregated,1.000000,0.000000,18000,18000,19000,19000,20000,20000,20000,20000,20000,20000,20000,75,0,18000,18121.752659466634,16436.57267099843,20250.575907000893,7050.0
1790295386,40,,Aggregated,1.000000,0.000000,18000,19000,19000,19000,20000,20000,20000,20000,20000,20000,20000,78,0,18000,18174.761669371765,16436.57267099843,20250.575907000893,7073.7692307692305
1790295387,40,,Aggregated,3.000000,0.000000,18000,19000,19000,19000,20000,20000,20000,20000,20000,20000,20000,80,0,18000,18201.964580599957,16436.57267099843,20250.575907000893,7084.0
1790295388,40,,Aggregated,3.000000,0.000000,18000,19000,19000,19000,20000,20000,20000,20000,20000,20000,20000,80,0,18000,18201.964580599957,16436.57267099843,20250.575907000893,7084.0
1790295389,40,,Aggregated,3.000000,0.000000,18000,19000,19000,19000,20000,20000,20000,20000,20000,20000,20000,80,0,18000,18201.964580599957,16436.57267099843,20250.575907000893,7084.0
1790295390,40,,Aggregated,3.000000,0.000000,18000,19000,19000,19000,20000,20000,20000,20000,20000,20000,20000,80,0,18000,18201.964580599957,16436.57267099843,20250.575907000893,7084.0
1790295391,40,,Aggregated,3.000000,0.000000,18000,19000,19000,19000,20000,20000,20000,20000,20000,20000,20000,80,0,18000,18201.964580599957,16436.57267099843,20250.575907000893,7084.0
1790295392,40,,Aggregated,3.000000,0.000000,18000,19000,19000,19000,20000,20000,20000,20000,20000,20000,20000,80,0,18000,18201.964580599957,16436.57267099843,20250.575907000893,7084.0
1790295393,40,,Aggregated,3.000000,0.000000,18000,19000,19000,19000,20000,20000,20000,20000,20000,20000,20000,80,0,18000,18201.964580599957,16436.57267099843,20250.575907000893,7084.0
1790295394,40,,Aggregated,3.000000,0.000000,18000,19000,19000,19000,20000,20000,20000,20000,20000,20000,20000,80,0,18000,18201.964580599957,16436.57267099843,20250.575907000893,7084.0
1790295395,40,,Aggregated,3.000000,0.000000,18000,19000,19000,19000,20000,20000,20000,20000,20000,20000,20000,80,0,18000,18201.964580599957,16436.57267099843,20250.575907000893,7084.0
1790295396,40,,Aggregated,3.000000,0.000000,18000,19000,19000,19000,20000,20000,20000,20000,20000,20000,20000,80,0,18000,18201.964580599957,16436.57267099843,20250.575907000893,7084.0
1790295397,40,,Aggregated,3.000000,0.000000,18000,19000,19000,19000,20000,20000,20000,20000,20000,20000,20000,80,0,18000,18201.964580599957,16436.57267099843,20250.575907000893,7084.0
1790295398,40,,Aggregated,3.000000,0.000000,18000,19000,19000,19000,20000,20000,20000,20000,20000,20000,20000,80,0,18000,18201.964580599957,16436.57267099843,20250.575907000893,7084.0
1790295399,40,,Aggregated,3.000000,0.000000,18000,19000,19000,19000,20000,20000,20000,20000,20000,20000,20000,80,0,18000,18201.964580599957,16436.57267099843,20250.575907000893,7084.0
1790295400,40,,Aggregated,3.000000,0.000000,18000,19000,19000,19000,20000,20000,20000,20000,20000,20000,20000,80,0,18000,18201.964580599957,16436.57267099843,20250.575907000893,7084.0
1790295401,40,,Aggregated,0.000000,0.000000,18000,19000,19000,19000,20000,20000,20000,20000,20000,20000,20000,83,0,18000,18170.21513987945,16436.57267099843,20250.575907000893,7072.759036144578
1790295402,40,,Aggregated,0.000000,0.000000,18000,19000,19000,19000,20000,20000,20000,20000,20000,20000,20000,88,0,18000,18157.42488259077,16436.57267099843,20250.575907000893,7072.806818181818
1790295403,40,,Aggregated,0.000000,0.000000,18000,19000,19000,19000,20000,20000,20000,20000,20000,20000,20000,98,0,18000,18189.889502173362,16436.57267099843,20268.91434999925,7059.4795918367345
1790295404,40,,Aggregated,0.300000,0.000000,18000,19000,19000,19000,20000,20000,20000,20000,20000,20000,20000,107,0,18000,18254.011476616757,16436.57267099843,20370.746364002116,7060.92523364486
1790295405,40,,Aggregated,0.800000,0.000000,18000,19000,19000,19000,20000,20000,20000,20000,20000,20000,20000,115,0,18000,18286.328978991205,16436.57267099843,20370.746364002116,7069.417391304348
1790295406,40,,Aggregated,1.800000,0.000000,18000,19000,19000,19000,20000,20000,20000,20000,20000,20000,20000,118,0,18000,18306.387408194812,16436.57267099843,20370.746364002116,7077.177966101695
1790295407,40,,Aggregated,2.700000,0.000000,18000,19000,19000,19000,20000,20000,20000,20000,20000,20000,20000,120,0,18000,18312.17853545823,16436.57267099843,20370.746364002116,7079.8
1790295408,40,,Aggregated,2.700000,0.000000,18000,19000,19000,19000,20000,20000,20000,20000,20000,20000,20000,120,0,18000,18312.17853545823,16436.57267099843,20370.746364002116,7079.8
1790295409,40,,Aggregated,2.700000,0.000000,18000,19000,19000,19000,20000,20000,20000,20000,20000,20000,20000,120,0,18000,18312.17853545823,16436.57267099843,20370.746364002116,7079.8
1790295410,40,,Aggregated,2.700000,0.000000,18000,19000,19000,19000,20000,20000,20000,20000,20000,20000,20000,120,0,18000,18312.17853545823,16436.57267099843,20370.746364002116,7079.8
1790295412,40,,Aggregated,2.700000,0.000000,18000,19000,19000,19000,20000,20000,20000,20000,20000,20000,20000,120,0,18000,18312.17853545823,16436.57267099843,20370.746364002116,7079.8
1790295413,40,,Aggregated,2.700000,0.000000,18000,19000,19000,19000,20000,20000,20000,20000,20000,20000,20000,120,0,18000,18312.17853545823,16436.57267099843,20370.746364002116,7079.8
1790295414,40,,Aggregated,2.700000,0.000000,18000,19000,19000,19000,20000,20000,20000,20000,20000,20000,20000,120,0,18000,18312.17853545823,16436.57267099843,20370.746364002116,7079.8
1790295415,40,,Aggregated,2.700000,0.000000,18000,19000,19000,19000,20000,20000,20000,20000,20000,20000,20000,120,0,18000,18312.17853545823,16436.57267099843,20370.746364002116,7079.8
1790295416,40,,Aggregated,2.700000,0.000000,18000,19000,19000,19000,20000,20000,20000,20000,20000,20000,20000,120,0,18000,18312.17853545823,16436.57267099843,20370.746364002116,7079.8
1790295417,40,,Aggregated,2.700000,0.000000,18000,19000,19000,19000,20000,20000,20000,20000,20000,20000,20000,120,0,18000,18312.17853545823,16436.57267099843,20370.746364002116,7079.8
1790295418,40,,Aggregated,2.700000,0.000000,18000,19000,19000,19000,20000,20000,20000,20000,20000,20000,20000,120,0,18000,18312.17853545823,16436.57267099843,20370.746364002116,7079.8
1790295419,40,,Aggregated,2.700000,0.000000,18000,19000,19000,19000,20000,20000,20000,20000,20000,20000,20000,120,0,18000,18312.17853545823,16436.57267099843,20370.746364002116,7079.8
1790295420,40,,Aggregated,0.200000,0.000000,18000,19000,19000,19000,20000,20000,20000,20000,20000,20000,20000,121,0,18000,18299.086633743715,16436.57267099843,20370.746364002116,7078.247933884298
1790295421,40,,Aggregated,0.000000,0.000000,18000,19000,19000,19000,20000,20000,20000,20000,20000,20000,20000,122,0,18000,18290.31731464746,16436.57267099843,20370.746364002116,7076.3442622950815
1790295422,40,,Aggregated,0.000000,0.000000,18000,19000,19000,19000,20000,20000,20000,20000,20000,20000,20000,123,0,18000,18284.456704138127,16436.57267099843,20370.746364002116,7074.658536585366
1790295423,40,,Aggregated,0.100000,0.000000,18000,19000,19000,19000,20000,20000,20000,20000,20000,20000,20000,128,0,18000,18259.408727835766,16436.57267099843,20370.746364002116,7060.03125
1790295424,40,,Aggregated,0.300000,0.000000,18000,19000,19000,19000,20000,20000,20000,20000,20000,20000,20000,137,0,18000,18269.583134576467,16436.57267099843,20370.746364002116,7041.335766423358
1790295425,40,,Aggregated,0.800000,0.000000,18000,19000,19000,19000,20000,20000,20000,20000,20000,20000,20000,143,0,18000,18279.35590810475,16436.57267099843,20370.746364002116,7038.643356643357
1790295426,40,,Aggregated,0.800000,0.000000,18000,19000,19000,19000,20000,20000,20000,20000,20000,20000,20000,149,0,18000,18331.31999225491,16436.57267099843,20370.746364002116,7051.959731543624
1790295427,40,,Aggregated,1.600000,0.000000,18000,19000,19000,19000,20000,20000,20000,20000,20000,20000,20000,159,0,18000,18400.54455459112,16436.57267099843,20370.746364002116,7072.7106918239
1790295428,40,,Aggregated,2.200000,0.000000,18000,19000,19000,19000,20000,20000,20000,20000,20000,20000,20000,160,0,18000,18403.393106831187,16436.57267099843,20370.746364002116,7076.65
1790295429,40,,Aggregated,2.200000,0.000000,18000,19000,19000,19000,20000,20000,20000,20000,20000,20000,20000,160,0,18000,18403.393106831187,16436.57267099843,20370.746364002116,7076.65
1790295430,40,,Aggregated,2.200000,0.000000,18000,19000,19000,19000,20000,20000,20000,20000,20000,20000,20000,160,0,18000,18403.393106831187,16436.57267099843,20370.746364002116,7076.65
1790295431,40,,Aggregated,2.200000,0.000000,18000,19000,19000,19000,20000,20000,20000,20000,20000,20000,20000,160,0,18000,18403.393106831187,16436.57267099843,20370.746364002116,7076.65
1790295432,40,,Aggregated,2.200000,0.000000,18000,19000,19000,19000,20000,20000,20000,20000,20000,20000,20000,160,0,18000,18403.393106831187,16436.57267099843,20370.746364002116,7076.65
1790295433,40,,Aggregated,2.200000,0.000000,18000,19000,19000,19000,20000,20000,20000,20000,20000,20000,20000,160,0,18000,18403.393106831187,16436.57267099843,20370.746364002116,7076.65
1790295434,40,,Aggregated,2.200000,0.000000,18000,19000,19000,19000,20000,20000,20000,20000,20000,20000,20000,160,0,18000,18403.393106831187,16436.57267099843,20370.746364002116,7076.65
1790295435,40,,Aggregated,2.200000,0.000000,18000,19000,19000,19000,20000,20000,20000,20000,20000,20000,20000,160,0,18000,18403.393106831187,16436.57267099843,20370.746364002116,7076.65
1790295436,40,,Aggregated,2.200000,0.000000,18000,19000,19000,19000,20000,20000,20000,20000,20000,20000,20000,160,0,18000,18403.393106831187,16436.57267099843,20370.746364002116,7076.65
1790295437,40,,Aggregated,2.200000,0.000000,18000,19000,19000,19000,20000,20000,20000,20000,20000,20000,20000,160,0,18000,18403.393106831187,16436.57267099843,20370.746364002116,7076.65
1790295438,40,,Aggregated,2.200000,0.000000,18000,19000,19000,19000,20000,20000,20000,20000,20000,20000,20000,160,0,18000,18403.393106831187,16436.57267099843,20370.746364002116,7076.65
1790295439,40,,Aggregated,2.200000,0.000000,18000,19000,19000,19000,20000,20000,20000,20000,20000,20000,20000,160,0,18000,18403.393106831187,16436.57267099843,20370.746364002116,7076.65
1790295440,40,,Aggregated,0.100000,0.000000,18000,19000,19000,19000,20000,20000,20000,20000,20000,20000,20000,161,0,18000,18402.15763102479,16436.57267099843,20370.746364002116,7073.291925465838
1790295441,40,,Aggregated,0.000000,0.000000,18000,19000,19000,19000,20000,20000,20000,20000,20000,20000,20000,163,0,18000,18383.699594791357,16436.57267099843,20370.746364002116,7066.423312883436
1790295442,40,,Aggregated,0.000000,0.000000,18000,19000,19000,19000,20000,20000,20000,20000,20000,20000,20000,167,0,18000,18377.68204647897,16436.57267099843,20370.746364002116,7061.874251497006
1790295443,40,,Aggregated,0.100000,0.000000,18000,19000,19000,19000,20000,20000,20000,20000,20000,20000,20000,169,0,18000,18379.264945869745,16436.57267099843,20370.746364002116,7058.532544378698
1790295444,40,,Aggregated,0.700000,0.000000,18000,19000,19000,19000,20000,20000,20000,20000,20000,20000,20000,175,0,18000,18392.479511022768,16436.57267099843,20370.746364002116,7062.851428571428
1790295445,40,,Aggregated,0.900000,0.000000,18000,19000,19000,19000,20000,20000,20000,20000,20000,20000,20000,183,0,18000,18380.042655316865,16436.57267099843,20370.746364002116,7056.808743169399
1790295446,40,,Aggregated,1.200000,0.000000,18000,19000,19000,19000,20000,20000,20000,20000,20000,20000,20000,190,0,18000,18402.461924257812,16436.57267099843,20370.746364002116,7057.878947368421
1790295447,40,,Aggregated,2.100000,0.000000,18000,19000,19000,19000,20000,20000,20000,20000,21000,21000,21000,197,0,18000,18440.151807050665,16436.57267099843,20535.179678998247,7074.705583756345
1790295448,40,,Aggregated,2.900000,0.000000,18000,19000,19000,19000,20000,20000,20000,20000,21000,21000,21000,198,0,18000,18447.138466403932,16436.57267099843,20535.179678998247,7077.156565656565
1790295449,40,,Aggregated,2.900000,0.000000,18000,19000,19000,19000,20000,20000,20000,20000,21000,21000,21000,200,0,18000,18459.46523849989,16436.57267099843,20535.179678998247,7082.765
1790295450,40,,Aggregated,2.900000,0.000000,18000,19000,19000,19000,20000,20000,20000,20000,21000,21000,21000,200,0,18000,18459.46523849989,16436.57267099843,20535.179678998247,7082.765
1790295451,40,,Aggregated,2.900000,0.000000,18000,19000,19000,19000,20000,20000,20000,20000,21000,21000,21000,200,0,18000,18459.46523849989,16436.57267099843,20535.179678998247,7082.765
1790295452,40,,Aggregated,2.900000,0.000000,18000,19000,19000,19000,20000,20000,20000,20000,21000,21000,21000,200,0,18000,18459.46523849989,16436.57267099843,20535.179678998247,7082.765
1790295453,40,,Aggregated,2.900000,0.000000,18000,19000,19000,19000,20000,20000,20000,20000,21000,21000,21000,200,0,18000,18459.46523849989,16436.57267099843,20535.179678998247,7082.765
1790295454,40,,Aggregated,2.900000,0.000000,18000,19000,19000,19000,20000,20000,20000,20000,21000,21000,21000,200,0,18000,18459.46523849989,16436.57267099843,20535.179678998247,7082.765
1790295455,40,,Aggregated,2.900000,0.000000,18000,19000,19000,19000,20000,20000,20000,20000,21000,21000,21000,200,0,18000,18459.46523849989,16436.57267099843,20535.179678998247,7082.765
1790295456,40,,Aggregated,2.900000,0.000000,18000,19000,19000,19000,20000,20000,20000,20000,21000,21000,21000,200,0,18000,18459.46523849989,16436.57267099843,20535.179678998247,7082.765
1790295457,40,,Aggregated,2.900000,0.000000,18000,19000,19000,19000,20000,20000,20000,20000,21000,21000,21000,200,0,18000,18459.46523849989,16436.57267099843,20535.179678998247,7082.765
1790295458,40,,Aggregated,2.900000,0.000000,18000,19000,19000,19000,20000,20000,20000,20000,21000,21000,21000,200,0,18000,18459.46523849989,16436.57267099843,20535.179678998247,7082.765
1790295459,40,,Aggregated,1.100000,0.000000,18000,19000,19000,19000,20000,20000,20000,20000,21000,21000,21000,201,0,18000,18450.171919631735,16436.57267099843,20535.179678998247,7080.776119402985
1790295460,40,,Aggregated,0.300000,0.000000,18000,19000,19000,19000,20000,20000,20000,20000,21000,21000,21000,202,0,18000,18448.309664084038,16436.57267099843,20535.179678998247,7081.3861386138615
1790295461,40,,Aggregated,0.100000,0.000000,18000,19000,19000,19000,20000,20000,20000,20000,21000,21000,21000,206,0,18000,18435.620776363987,16436.57267099843,20535.179678998247,7071.592233009709
1790295462,40,,Aggregated,0.100000,0.000000,18000,19000,19000,19000,20000,20000,20000,20000,21000,21000,21000,206,0,18000,18435.620776363987,16436.57267099843,20535.179678998247,7071.592233009709
1790295463,40,,Aggregated,0.500000,0.000000,18000,19000,19000,20000,20000,20000,20000,20000,21000,21000,21000,213,0,18000,18448.20484803744,16436.57267099843,20535.179678998247,7076.0
1790295464,40,,Aggregated,0.600000,0.000000,18000,19000,19000,19000,20000,20000,20000,20000,21000,21000,21000,218,0,18000,18436.905827339324,16436.57267099843,20535.179678998247,7068.114678899083
1790295465,40,,Aggregated,0.600000,0.000000,18000,19000,19000,19000,20000,20000,20000,20000,21000,21000,21000,220,0,18000,18436.720940299874,16436.57267099843,20535.179678998247,7070.181818181818
1790295466,40,,Aggregated,1.600000,0.000000,18000,19000,19000,20000,20000,20000,20000,20000,21000,21000,21000,227,0,18000,18459.01581692057,16436.57267099843,20535.179678998247,7074.462555066079
1790295467,40,,Aggregated,2.000000,0.000000,18000,19000,19000,20000,20000,20000,20000,20000,21000,21000,21000,233,0,18000,18480.537794338918,16436.57267099843,20535.179678998247,7082.798283261803
1790295468,40,,Aggregated,2.400000,0.000000,18000,19000,19000,20000,20000,20000,20000,20000,21000,21000,21000,238,0,18000,18498.394036638503,16436.57267099843,20535.179678998247,7094.575630252101
1790295469,40,,Aggregated,2.400000,0.000000,18000,19000,19000,20000,20000,20000,20000,20000,21000,21000,21000,239,0,18000,18500.598852627474,16436.57267099843,20535.179678998247,7094.937238493724
1790295470,40,,Aggregated,3.100000,0.000000,18000,19000,19000,20000,20000,20000,20000,20000,21000,21000,21000,240,0,18000,18506.785001524866,16436.57267099843,20535.179678998247,7098.920833333334
1790295471,40,,Aggregated,3.100000,0.000000,18000,19000,19000,20000,20000,20000,20000,20000,21000,21000,21000,240,0,18000,18506.785001524866,16436.57267099843,20535.179678998247,7098.920833333334
1790295472,40,,Aggregated,3.100000,0.000000,18000,19000,19000,20000,20000,20000,20000,20000,21000,21000,21000,240,0,18000,18506.785001524866,16436.57267099843,20535.179678998247,7098.920833333334
1790295473,40,,Aggregated,3.100000,0.000000,18000,19000,19000,20000,20000,20000,20000,20000,21000,21000,21000,240,0,18000,18506.785001524866,16436.57267099843,20535.179678998247,7098.920833333334
1790295474,40,,Aggregated,3.100000,0.000000,18000,19000,19000,20000,20000,20000,20000,20000,21000,21000,21000,240,0,18000,18506.785001524866,16436.57267099843,20535.179678998247,7098.920833333334
1790295475,40,,Aggregated,3.100000,0.000000,18000,19000,19000,20000,20000,20000,20000,20000,21000,21000,21000,240,0,18000,18506.785001524866,16436.57267099843,20535.179678998247,7098.920833333334
1790295476,40,,Aggregated,3.100000,0.000000,18000,19000,19000,20000,20000,20000,20000,20000,21000,21000,21000,240,0,18000,18506.785001524866,16436.57267099843,20535.179678998247,7098.920833333334
1790295477,40,,Aggregated,3.100000,0.000000,18000,19000,19000,20000,20000,20000,20000,20000,21000,21000,21000,240,0,18000,18506.785001524866,16436.57267099843,20535.179678998247,7098.920833333334
1790295478,40,,Aggregated,3.100000,0.000000,18000,19000,19000,20000,20000,20000,20000,20000,21000,21000,21000,240,0,18000,18506.785001524866,16436.57267099843,20535.179678998247,7098.920833333334
1790295479,40,,Aggregated,3.100000,0.000000,18000,19000,19000,20000,20000,20000,20000,20000,21000,21000,21000,240,0,18000,18506.785001524866,16436.57267099843,20535.179678998247,7098.920833333334
1790295480,40,,Aggregated,0.900000,0.000000,18000,19000,19000,20000,20000,20000,20000,20000,21000,21000,21000,241,0,18000,18504.5929067841,16436.57267099843,20535.179678998247,7098.161825726141
1790295481,40,,Aggregated,0.100000,0.000000,18000,19000,19000,20000,20000,20000,20000,20000,21000,21000,21000,246,0,18000,18502.737131434802,16436.57267099843,20535.179678998247,7098.951219512195
1790295482,40,,Aggregated,0.100000,0.000000,18000,19000,19000,20000,20000,20000,20000,20000,21000,21000,21000,249,0,18000,18499.954283485775,16436.57267099843,20535.179678998247,7096.265060240964
1790295483,40,,Aggregated,0.400000,0.000000,18000,19000,19000,20000,20000,20000,20000,20000,21000,21000,21000,255,0,18000,18480.818330399856,16436.57267099843,20535.179678998247,7090.1098039215685
1790295484,40,,Aggregated,0.700000,0.000000,18000,19000,19000,20000,20000,20000,20000,20000,21000,21000,21000,260,0,18000,18476.7274603383,16436.57267099843,20535.179678998247,7090.407692307693
1790295485,40,,Aggregated,1.200000,0.000000,18000,19000,19000,20000,20000,20000,20000,20000,21000,21000,21000,265,0,18000,18464.527283682874,16436.57267099843,20535.179678998247,7085.456603773585
1790295486,40,,Aggregated,1.700000,0.000000,18000,19000,19000,20000,20000,20000,20000,20000,21000,21000,21000,269,0,18000,18463.17926239391,16436.57267099843,20535.179678998247,7083.382899628253
1790295487,40,,Aggregated,2.100000,0.000000,18000,19000,19000,20000,20000,20000,20000,20000,21000,21000,21000,273,0,18000,18457.506303428418,16436.57267099843,20535.179678998247,7083.3003663003665
1790295488,40,,Aggregated,2.600000,0.000000,18000,19000,19000,20000,20000,20000,20000,20000,21000,21000,21000,275,0,18000,18466.235261672577,16436.57267099843,20535.179678998247,7088.345454545454
1790295489,40,,Aggregated,2.600000,0.000000,18000,19000,19000,20000,20000,20000,20000,20000,21000,21000,21000,278,0,18000,18471.944066891945,16436.57267099843,20535.179678998247,7090.658273381295
1790295490,40,,Aggregated,3.400000,0.000000,18000,19000,19000,20000,20000,20000,20000,20000,21000,21000,21000,280,0,18000,18482.308534803433,16436.57267099843,20535.179678998247,7094.464285714285
1790295491,40,,Aggregated,3.400000,0.000000,18000,19000,19000,20000,20000,20000,20000,20000,21000,21000,21000,280,0,18000,18482.308534803433,16436.57267099843,20535.179678998247,7094.464285714285
1790295492,40,,Aggregated,3.400000,0.000000,18000,19000,19000,20000,20000,20000,20000,20000,21000,21000,21000,280,0,18000,18482.308534803433,16436.57267099843,20535.179678998247,7094.464285714285
1790295493,40,,Aggregated,3.400000,0.000000,18000,19000,19000,20000,20000,20000,20000,20000,21000,21000,21000,280,0,18000,18482.308534803433,16436.57267099843,20535.179678998247,7094.464285714285
1790295494,40,,Aggregated,3.400000,0.000000,18000,19000,19000,20000,20000,20000,20000,20000,21000,21000,21000,280,0,18000,18482.308534803433,16436.57267099843,20535.179678998247,7094.464285714285
1790295495,40,,Aggregated,3.400000,0.000000,18000,19000,19000,20000,20000,20000,20000,20000,21000,21000,21000,280,0,18000,18482.308534803433,16436.57267099843,20535.179678998247,7094.464285714285
1790295496,40,,Aggregated,3.400000,0.000000,18000,19000,19000,20000,20000,20000,20000,20000,21000,21000,21000,280,0,18000,18482.308534803433,16436.57267099843,20535.179678998247,7094.464285714285
1790295497,40,,Aggregated,3.400000,0.000000,18000,19000,19000,20000,20000,20000,20000,20000,21000,21000,21000,280,0,18000,18482.308534803433,16436.57267099843,20535.179678998247,7094.464285714285
1790295498,40,,Aggregated,1.400000,0.000000,18000,19000,19000,20000,20000,20000,20000,20000,21000,21000,21000,281,0,18000,18478.450285277446,16436.57267099843,20535.179678998247,7092.270462633452
1790295499,40,,Aggregated,1.400000,0.000000,18000,19000,19000,20000,20000,20000,20000,20000,21000,21000,21000,282,0,18000,18472.478588241007,16436.57267099843,20535.179678998247,7089.641843971631
1790295500,40,,Aggregated,1.400000,0.000000,18000,19000,19000,20000,20000,20000,20000,20000,21000,21000,21000,282,0,18000,18472.478588241007,16436.57267099843,20535.179678998247,7089.641843971631
1790295501,40,,Aggregated,0.400000,0.000000,18000,19000,19000,20000,20000,20000,20000,20000,21000,21000,21000,285,0,18000,18468.11382481741,16436.57267099843,20535.179678998247,7087.968421052631
1790295502,40,,Aggregated,0.300000,0.000000,18000,19000,19000,20000,20000,20000,20000,20000,21000,21000,21000,291,0,18000,18461.01653090022,16436.57267099843,20535.179678998247,7086.498281786941
1790295503,40,,Aggregated,0.200000,0.000000,18000,19000,19000,20000,20000,20000,20000,20000,21000,21000,21000,297,0,18000,18452.08960612109,16436.57267099843,20535.179678998247,7081.804713804714
1790295504,40,,Aggregated,0.700000,0.000000,18000,19000,19000,20000,20000,20000,20000,20000,21000,21000,21000,300,0,18000,18464.291856463227,16436.57267099843,20535.179678998247,7087.636666666666
1790295505,40,,Aggregated,1.200000,0.000000,18000,19000,19000,20000,20000,20000,20000,20000,21000,21000,21000,304,0,18000,18460.275499855157,16436.57267099843,20535.179678998247,7087.483552631579
1790295506,40,,Aggregated,1.800000,0.000000,18000,19000,19000,20000,20000,20000,20000,20000,21000,21000,21000,311,0,18000,18458.384497495084,16436.57267099843,20535.179678998247,7089.520900321543
1790295507,40,,Aggregated,2.000000,0.000000,18000,19000,19000,19000,20000,20000,20000,20000,21000,21000,21000,316,0,18000,18449.84829881637,16436.57267099843,20535.179678998247,7086.857594936709
1790295508,40,,Aggregated,2.000000,0.000000,18000,19000,19000,19000,20000,20000,20000,20000,21000,21000,21000,317,0,18000,18448.08084737215,16436.57267099843,20535.179678998247,7086.630914826498
1790295509,40,,Aggregated,2.000000,0.000000,18000,19000,19000,19000,20000,20000,20000,20000,21000,21000,21000,317,0,18000,18448.08084737215,16436.57267099843,20535.179678998247,7086.630914826498
1790295510,40,,Aggregated,3.300000,0.000000,18000,19000,19000,19000,20000,20000,20000,20000,21000,21000,21000,319,0,18000,18449.157978589254,16436.57267099843,20535.179678998247,7087.620689655172
1790295511,40,,Aggregated,3.700000,0.000000,18000,19000,19000,20000,20000,20000,20000,20000,21000,21000,21000,320,0,18000,18453.097782518664,16436.57267099843,20535.179678998247,7088.4875
1790295512,40,,Aggregated,3.700000,0.000000,18000,19000,19000,20000,20000,20000,20000,20000,21000,21000,21000,320,0,18000,18453.097782518664,16436.57267099843,20535.179678998247,7088.4875
1790295513,40,,Aggregated,3.700000,0.000000,18000,19000,19000,20000,20000,20000,20000,20000,21000,21000,21000,320,0,18000,18453.097782518664,16436.57267099843,20535.179678998247,7088.4875
1790295514,40,,Aggregated,3.700000,0.000000,18000,19000,19000,20000,20000,20000,20000,20000,21000,21000,21000,320,0,18000,18453.097782518664,16436.57267099843,20535.179678998247,7088.4875
1790295515,40,,Aggregated,3.700000,0.000000,18000,19000,19000,20000,20000,20000,20000,20000,21000,21000,21000,320,0,18000,18453.097782518664,16436.57267099843,20535.179678998247,7088.4875
1790295516,40,,Aggregated,3.700000,0.000000,18000,19000,19000,20000,20000,20000,20000,20000,21000,21000,21000,320,0,18000,18453.097782518664,16436.57267099843,20535.179678998247,7088.4875
1790295517,40,,Aggregated,3.700000,0.000000,18000,19000,19000,20000,20000,20000,20000,20000,21000,21000,21000,320,0,18000,18453.097782518664,16436.57267099843,20535.179678998247,7088.4875
1790295518,40,,Aggregated,3.700000,0.000000,18000,19000,19000,20000,20000,20000,20000,20000,21000,21000,21000,320,0,18000,18453.097782518664,16436.57267099843,20535.179678998247,7088.4875
1790295519,40,,Aggregated,1.400000,0.000000,18000,19000,19000,20000,20000,20000,20000,20000,21000,21000,21000,321,0,18000,18456.53785508091,16436.57267099843,20535.179678998247,7088.8348909657325
1790295520,40,,Aggregated,0.300000,0.000000,18000,19000,19000,19000,20000,20000,20000,20000,21000,21000,21000,326,0,18000,18442.2158446134,16436.57267099843,20535.179678998247,7085.073619631902
1790295521,40,,Aggregated,0.400000,0.000000,18000,19000,19000,19000,20000,20000,20000,20000,21000,21000,21000,328,0,18000,18435.826956740755,16436.57267099843,20535.179678998247,7083.637195121952
1790295522,40,,Aggregated,0.400000,0.000000,18000,19000,19000,19000,20000,20000,20000,20000,21000,21000,21000,333,0,18000,18433.980108558462,16436.57267099843,20535.179678998247,7082.951951951952
1790295523,40,,Aggregated,0.700000,0.000000,18000,19000,19000,19000,20000,20000,20000,20000,21000,21000,21000,336,0,18000,18433.46268548503,16436.57267099843,20535.179678998247,7083.696428571428
1790295524,40,,Aggregated,0.800000,0.000000,18000,19000,19000,20000,20000,20000,20000,20000,21000,21000,21000,341,0,18000,18437.93262312601,16436.57267099843,20535.179678998247,7081.75366568915
1790295525,40,,Aggregated,1.300000,0.000000,18000,19000,19000,20000,20000,20000,20000,20000,21000,21000,21000,346,0,18000,18440.70569740456,16436.57267099843,20535.179678998247,7084.49710982659
1790295526,40,,Aggregated,1.800000,0.000000,18000,19000,19000,20000,20000,20000,20000,20000,21000,21000,21000,352,0,18000,18443.68184566471,16436.57267099843,20535.179678998247,7081.071022727273
1790295527,40,,Aggregated,2.100000,0.000000,18000,19000,19000,20000,20000,20000,20000,20000,21000,21000,21000,353,0,18000,18443.241751977275,16436.57267099843,20535.179678998247,7080.484419263456
1790295528,40,,Aggregated,2.600000,0.000000,18000,19000,19000,20000,20000,20000,20000,20000,21000,21000,21000,357,0,18000,18461.519586999933,16436.57267099843,20614.08556400056,7083.044817927171
1790295529,40,,Aggregated,3.200000,0.000000,18000,19000,19000,20000,20000,20000,20000,20000,21000,21000,21000,358,0,18000,18459.344707734566,16436.57267099843,20614.08556400056,7081.54748603352
1790295530,40,,Aggregated,3.200000,0.000000,18000,19000,19000,20000,20000,20000,20000,20000,21000,21000,21000,358,0,18000,18459.344707734566,16436.57267099843,20614.08556400056,7081.54748603352
1790295531,40,,Aggregated,3.600000,0.000000,18000,19000,19000,20000,20000,20000,20000,20000,21000,21000,21000,359,0,18000,18464.488435570962,16436.57267099843,20614.08556400056,7083.428969359332
1790295532,40,,Aggregated,3.600000,0.000000,18000,19000,19000,20000,20000,20000,20000,20000,21000,21000,21000,360,0,18000,18467.00735276938,16436.57267099843,20614.08556400056,7083.8694444444445
1790295533,40,,Aggregated,3.600000,0.000000,18000,19000,19000,20000,20000,20000,20000,20000,21000,21000,21000,360,0,18000,18467.00735276938,16436.57267099843,20614.08556400056,7083.8694444444445
1790295534,40,,Aggregated,3.600000,0.000000,18000,19000,19000,20000,20000,20000,20000,20000,21000,21000,21000,360,0,18000,18467.00735276938,16436.57267099843,20614.08556400056,7083.8694444444445
1790295535,40,,Aggregated,3.600000,0.000000,18000,19000,19000,20000,20000,20000,20000,20000,21000,21000,21000,360,0,18000,18467.00735276938,16436.57267099843,20614.08556400056,7083.8694444444445
1790295536,40,,Aggregated,3.600000,0.000000,18000,19000,19000,20000,20000,20000,20000,20000,21000,21000,21000,360,0,18000,18467.00735276938,16436.57267099843,20614.08556400056,7083.8694444444445
1790295537,40,,Aggregated,3.600000,0.000000,18000,19000,19000,20000,20000,20000,20000,20000,21000,21000,21000,360,0,18000,18467.00735276938,16436.57267099843,20614.08556400056,7083.8694444444445
1790295538,40,,Aggregated,3.600000,0.000000,18000,19000,19000,20000,20000,20000,20000,20000,21000,21000,21000,360,0,18000,18467.00735276938,16436.57267099843,20614.08556400056,7083.8694444444445
1790295539,40,,Aggregated,0.800000,0.000000,18000,19000,19000,20000,20000,20000,20000,20000,21000,21000,21000,364,0,18000,18466.803760296625,16436.57267099843,20614.08556400056,7082.469780219781
1790295540,40,,Aggregated,0.600000,0.000000,18000,19000,19000,20000,20000,20000,20000,20000,21000,21000,21000,366,0,18000,18461.468465702106,16436.57267099843,20614.08556400056,7080.672131147541
1790295541,40,,Aggregated,0.300000,0.000000,18000,19000,19000,20000,20000,20000,20000,20000,21000,21000,21000,369,0,18000,18455.86785160698,16436.57267099843,20614.08556400056,7079.029810298103
1790295542,40,,Aggregated,0.600000,0.000000,18000,19000,19000,20000,20000,20000,20000,20000,21000,21000,21000,374,0,18000,18450.997838026666,16436.57267099843,20614.08556400056,7076.470588235294
1790295543,40,,Aggregated,0.800000,0.000000,18000,19000,19000,20000,20000,20000,20000,20000,21000,21000,21000,378,0,18000,18461.488006124255,16436.57267099843,20614.08556400056,7081.7962962962965
1790295544,40,,Aggregated,1.100000,0.000000,18000,19000,19000,20000,20000,20000,20000,20000,21000,21000,21000,382,0,18000,18456.175423633413,16436.57267099843,20614.08556400056,7079.4502617801045
1790295545,40,,Aggregated,1.400000,0.000000,18000,19000,19000,20000,20000,20000,20000,20000,21000,21000,21000,385,0,18000,18458.52714753238,16436.57267099843,20614.08556400056,7082.620779220779
1790295546,40,,Aggregated,1.800000,0.000000,18000,19000,19000,20000,20000,20000,20000,20000,21000,21000,21000,387,0,18000,18460.623301449526,16436.57267099843,20614.08556400056,7082.806201550387
1790295547,40,,Aggregated,2.200000,0.000000,18000,19000,19000,20000,20000,20000,20000,20000,21000,21000,21000,393,0,18000,18467.42131898211,16436.57267099843,20614.08556400056,7083.788804071247
1790295548,40,,Aggregated,2.500000,0.000000,18000,19000,19000,20000,20000,20000,20000,20000,21000,21000,21000,397,0,18000,18477.3892837858,16436.57267099843,20614.08556400056,7088.277078085643
1790295549,40,,Aggregated,2.500000,0.000000,18000,19000,19000,20000,20000,20000,20000,20000,21000,21000,21000,397,0,18000,18477.3892837858,16436.57267099843,20614.08556400056,7088.277078085643
1790295550,40,,Aggregated,3.300000,0.000000,18000,19000,19000,20000,20000,20000,20000,20000,21000,21000,21000,398,0,18000,18482.425230085333,16436.57267099843,20614.08556400056,7089.158291457286
1790295551,40,,Aggregated,3.700000,0.000000,18000,19000,19000,20000,20000,20000,20000,20000,21000,21000,21000,399,0,18000,18482.648639195388,16436.57267099843,20614.08556400056,7089.714285714285
1790295552,40,,Aggregated,3.300000,0.000000,18000,19000,19000,20000,20000,20000,20000,20000,21000,21000,21000,400,0,18000,18486.280559969902,16436.57267099843,20614.08556400056,7091.07
1790295553,40,,Aggregated,3.300000,0.000000,18000,19000,19000,20000,20000,20000,20000,20000,21000,21000,21000,400,0,18000,18486.280559969902,16436.57267099843,20614.08556400056,7091.07
1790295554,40,,Aggregated,3.300000,0.000000,18000,19000,19000,20000,20000,20000,20000,20000,21000,21000,21000,400,0,18000,18486.280559969902,16436.57267099843,20614.08556400056,7091.07
1790295555,40,,Aggregated,3.300000,0.000000,18000,19000,19000,20000,20000,20000,20000,20000,21000,21000,21000,400,0,18000,18486.280559969902,16436.57267099843,20614.08556400056,7091.07
1790295557,40,,Aggregated,3.300000,0.000000,18000,19000,19000,20000,20000,20000,20000,20000,21000,21000,21000,400,0,18000,18486.280559969902,16436.57267099843,20614.08556400056,7091.07
1790295558,40,,Aggregated,1.800000,0.000000,18000,19000,19000,20000,20000,20000,20000,20000,21000,21000,21000,401,0,18000,18483.510486339062,16436.57267099843,20614.08556400056,7091.174563591023
1790295559,40,,Aggregated,1.500000,0.000000,18000,19000,19000,20000,20000,20000,20000,20000,21000,21000,21000,402,0,18000,18482.553998039708,16436.57267099843,20614.08556400056,7092.2164179104475
1790295560,40,,Aggregated,1.300000,0.000000,18000,19000,19000,20000,20000,20000,20000,20000,21000,21000,21000,404,0,18000,18481.298448606336,16436.57267099843,20614.08556400056,7093.029702970297
1790295561,40,,Aggregated,0.800000,0.000000,18000,19000,19000,20000,20000,20000,20000,20000,21000,21000,21000,406,0,18000,18478.105875817644,16436.57267099843,20614.08556400056,7091.743842364532
1790295562,40,,Aggregated,0.700000,0.000000,18000,19000,19000,20000,20000,20000,20000,20000,21000,21000,21000,409,0,18000,18476.738104784752,16436.57267099843,20614.08556400056,7090.244498777506
1790295563,40,,Aggregated,0.800000,0.000000,18000,19000,19000,20000,20000,20000,20000,20000,21000,21000,21000,413,0,18000,18482.6316389079,16436.57267099843,20614.08556400056,7091.307506053269
1790295564,40,,Aggregated,0.800000,0.000000,18000,19000,19000,20000,20000,20000,20000,20000,21000,21000,21000,420,0,18000,18489.173778933255,16436.57267099843,20614.08556400056,7093.742857142857
1790295565,40,,Aggregated,0.900000,0.000000,18000,19000,19000,20000,20000,20000,20000,20000,21000,21000,21000,421,0,18000,18487.058044923913,16436.57267099843,20614.08556400056,7093.636579572447
1790295566,40,,Aggregated,1.200000,0.000000,18000,19000,19000,20000,20000,20000,20000,20000,21000,21000,21000,424,0,18000,18493.47515368153,16436.57267099843,20614.08556400056,7095.502358490566
1790295567,40,,Aggregated,2.000000,0.000000,18000,19000,19000,20000,20000,20000,20000,20000,21000,21000,21000,427,0,18000,18496.165059229443,16436.57267099843,20614.08556400056,7096.264637002342
1790295568,40,,Aggregated,2.100000,0.000000,18000,19000,19000,20000,20000,20000,20000,20000,21000,21000,21000,429,0,18000,18493.941430167768,16436.57267099843,20614.08556400056,7095.850815850816
1790295569,40,,Aggregated,2.400000,0.000000,18000,19000,19000,20000,20000,20000,20000,20000,21000,21000,21000,433,0,18000,18506.194494108484,16436.57267099843,20614.08556400056,7101.3279445727485
1790295570,40,,Aggregated,2.700000,0.000000,18000,19000,19000,20000,20000,20000,20000,20000,21000,21000,21000,438,0,18000,18520.40246405244,16436.57267099843,20702.92839299873,7107.7168949771685
1790295571,40,,Aggregated,2.700000,0.000000,18000,19000,19000,20000,20000,20000,20000,20000,21000,21000,21000,438,0,18000,18520.40246405244,16436.57267099843,20702.92839299873,7107.7168949771685
1790295572,40,,Aggregated,3.100000,0.000000,18000,19000,19000,20000,20000,20000,20000,20000,21000,21000,21000,439,0,18000,18520.788248366673,16436.57267099843,20702.92839299873,7108.501138952164
1790295573,40,,Aggregated,3.100000,0.000000,18000,19000,19000,20000,20000,20000,20000,20000,21000,21000,21000,439,0,18000,18520.788248366673,16436.57267099843,20702.92839299873,7108.501138952164
1790295574,40,,Aggregated,3.200000,0.000000,18000,19000,19000,20000,20000,20000,20000,20000,21000,21000,21000,440,0,18000,18523.485094459025,16436.57267099843,20702.92839299873,7108.290909090909
1790295575,40,,Aggregated,3.200000,0.000000,18000,19000,19000,20000,20000,20000,20000,20000,21000,21000,21000,440,0,18000,18523.485094459025,16436.57267099843,20702.92839299873,7108.290909090909
1790295576,40,,Aggregated,3.200000,0.000000,18000,19000,19000,20000,20000,20000,20000,20000,21000,21000,21000,440,0,18000,18523.485094459025,16436.57267099843,20702.92839299873,7108.290909090909
1790295577,40,,Aggregated,3.200000,0.000000,18000,19000,19000,20000,20000,20000,20000,20000,21000,21000,21000,440,0,18000,18523.485094459025,16436.57267099843,20702.92839299873,7108.290909090909
1790295578,40,,Aggregated,3.200000,0.000000,18000,19000,19000,20000,20000,20000,20000,20000,21000,21000,21000,440,0,18000,18523.485094459025,16436.57267099843,20702.92839299873,7108.290909090909
1790295579,40,,Aggregated,1.600000,0.000000,18000,19000,19000,20000,20000,20000,20000,20000,21000,21000,21000,441,0,18000,18521.272359262977,16436.57267099843,20702.92839299873,7107.836734693878
1790295580,40,,Aggregated,1.300000,0.000000,18000,19000,19000,20000,20000,20000,20000,20000,21000,21000,21000,445,0,18000,18521.414398213423,16436.57267099843,20702.92839299873,7108.591011235955
1790295581,40,,Aggregated,1.100000,0.000000,18000,19000,19000,20000,20000,20000,20000,20000,21000,21000,21000,446,0,18000,18519.662347239853,16436.57267099843,20702.92839299873,7107.908071748879
1790295582,40,,Aggregated,0.700000,0.000000,18000,19000,19000,20000,20000,20000,20000,20000,21000,21000,21000,449,0,18000,18524.88290178836,16436.57267099843,20702.92839299873,7107.122494432071
1790295583,40,,Aggregated,0.700000,0.000000,18000,19000,19000,20000,20000,20000,20000,20000,21000,21000,21000,453,0,18000,18529.775400428203,16436.57267099843,20702.92839299873,7106.079470198675
1790295584,40,,Aggregated,0.700000,0.000000,18000,19000,19000,20000,20000,20000,20000,20000,21000,21000,21000,456,0,18000,18534.552924892494,16436.57267099843,20702.92839299873,7108.513157894737
1790295585,40,,Aggregated,0.700000,0.000000,18000,19000,19000,20000,20000,20000,20000,20000,21000,21000,21000,458,0,18000,18539.69571465716,16436.57267099843,20702.92839299873,7109.668122270742
1790295586,40,,Aggregated,1.500000,0.000000,18000,19000,19000,20000,20000,20000,20000,20000,21000,21000,21000,463,0,18000,18544.130167330422,16436.57267099843,20702.92839299873,7108.784017278617
1790295587,40,,Aggregated,1.500000,0.000000,18000,19000,19000,20000,20000,20000,20000,20000,21000,21000,21000,467,0,18000,18545.34699208777,16436.57267099843,20702.92839299873,7107.972162740899
1790295588,40,,Aggregated,2.200000,0.000000,18000,19000,19000,20000,20000,20000,20000,20000,21000,21000,21000,469,0,18000,18545.161027724927,16436.57267099843,20702.92839299873,7108.300639658849
1790295589,40,,Aggregated,2.200000,0.000000,18000,19000,19000,20000,20000,20000,20000,20000,21000,21000,21000,471,0,18000,18548.104163014847,16436.57267099843,20702.92839299873,7109.490445859873
1790295590,40,,Aggregated,2.700000,0.000000,18000,19000,19000,20000,20000,20000,20000,20000,21000,21000,21000,475,0,18000,18551.001790381044,16436.57267099843,20702.92839299873,7111.974736842105
1790295591,40,,Aggregated,3.000000,0.000000,19000,19000,19000,20000,20000,20000,20000,20000,21000,21000,21000,478,0,19000,18553.58289793723,16436.57267099843,20702.92839299873,7114.037656903765
1790295592,40,,Aggregated,3.000000,0.000000,19000,19000,19000,20000,20000,20000,20000,20000,21000,21000,21000,479,0,19000,18556.695548137777,16436.57267099843,20702.92839299873,7114.70146137787
1790295593,40,,Aggregated,3.000000,0.000000,19000,19000,19000,20000,20000,20000,20000,20000,21000,21000,21000,480,0,19000,18556.4543026979,16436.57267099843,20702.92839299873,7114.227083333333
1790295594,40,,Aggregated,3.000000,0.000000,19000,19000,19000,20000,20000,20000,20000,20000,21000,21000,21000,480,0,19000,18556.4543026979,16436.57267099843,20702.92839299873,7114.227083333333
1790295595,40,,Aggregated,3.000000,0.000000,19000,19000,19000,20000,20000,20000,20000,20000,21000,21000,21000,480,0,19000,18556.4543026979,16436.57267099843,20702.92839299873,7114.227083333333
1790295596,40,,Aggregated,3.000000,0.000000,19000,19000,19000,20000,20000,20000,20000,20000,21000,21000,21000,480,0,19000,18556.4543026979,16436.57267099843,20702.92839299873,7114.227083333333
1790295597,40,,Aggregated,3.000000,0.000000,19000,19000,19000,20000,20000,20000,20000,20000,21000,21000,21000,480,0,19000,18556.4543026979,16436.57267099843,20702.92839299873,7114.227083333333
1790295598,40,,Aggregated,1.800000,0.000000,18000,19000,19000,20000,20000,20000,20000,20000,21000,21000,21000,481,0,18000,18555.145872866924,16436.57267099843,20702.92839299873,7112.933471933472
1790295599,40,,Aggregated,1.300000,0.000000,18000,19000,19000,20000,20000,20000,20000,20000,21000,21000,21000,483,0,18000,18554.298573024826,16436.57267099843,20702.92839299873,7112.068322981367
1790295600,40,,Aggregated,1.200000,0.000000,18000,19000,19000,20000,20000,20000,20000,20000,21000,21000,21000,484,0,18000,18552.95056024585,16436.57267099843,20702.92839299873,7111.512396694215
1790295601,40,,Aggregated,1.100000,0.000000,18000,19000,19000,20000,20000,20000,20000,20000,21000,21000,21000,487,0,18000,18547.76826119094,16436.57267099843,20702.92839299873,7107.1601642710475
1790295602,40,,Aggregated,1.100000,0.000000,18000,19000,19000,20000,20000,20000,20000,20000,21000,21000,21000,489,0,18000,18550.7173153149,16436.57267099843,20708.07401899947,7107.453987730061
1790295603,40,,Aggregated,1.100000,0.000000,18000,19000,19000,20000,20000,20000,20000,20000,21000,21000,21000,489,0,18000,18550.7173153149,16436.57267099843,20708.07401899947,7107.453987730061
1790295604,40,,Aggregated,1.000000,0.000000,18000,19000,19000,20000,20000,20000,20000,21000,21000,21000,21000,495,0,18000,18554.35739416967,16436.57267099843,20724.005912001303,7108.826262626262
1790295605,40,,Aggregated,1.000000,0.000000,18000,19000,19000,20000,20000,20000,20000,21000,21000,21000,21000,499,0,18000,18556.90419449296,16436.57267099843,20724.005912001303,7110.619238476954
1790295606,40,,Aggregated,1.300000,0.000000,18000,19000,19000,20000,20000,20000,20000,20000,21000,21000,21000,503,0,18000,18557.102427220645,16436.57267099843,20724.005912001303,7109.8946322067595
1790295607,40,,Aggregated,1.700000,0.000000,18000,19000,19000,20000,20000,20000,20000,20000,21000,21000,21000,505,0,18000,18562.59809761383,16436.57267099843,20724.005912001303,7111.081188118812
1790295608,40,,Aggregated,2.100000,0.000000,18000,19000,19000,20000,20000,20000,20000,20000,21000,21000,21000,508,0,18000,18565.938902060985,16436.57267099843,20724.005912001303,7109.2322834645665
1790295609,40,,Aggregated,2.400000,0.000000,19000,19000,19000,20000,20000,20000,20000,21000,21000,21000,21000,512,0,19000,18569.955987308553,16436.57267099843,20724.005912001303,7108.095703125
1790295610,40,,Aggregated,2.400000,0.000000,19000,19000,19000,20000,20000,20000,20000,21000,21000,21000,21000,513,0,19000,18570.70904446195,16436.57267099843,20724.005912001303,7108.836257309941
1790295611,40,,Aggregated,2.800000,0.000000,19000,19000,19000,20000,20000,20000,20000,21000,21000,21000,21000,516,0,19000,18572.527759994147,16436.57267099843,20724.005912001303,7109.335271317829
1790295612,40,,Aggregated,2.800000,0.000000,19000,19000,19000,20000,20000,20000,20000,21000,21000,21000,21000,517,0,19000,18576.143331719497,16436.57267099843,20724.005912001303,7110.063829787234
1790295613,40,,Aggregated,2.900000,0.000000,19000,19000,19000,20000,20000,20000,20000,21000,21000,21000,21000,519,0,19000,18582.733123628084,16436.57267099843,20724.005912001303,7112.281310211946
1790295614,40,,Aggregated,2.900000,0.000000,19000,19000,19000,20000,20000,20000,20000,21000,21000,21000,21000,519,0,19000,18582.733123628084,16436.57267099843,20724.005912001303,7112.281310211946
1790295615,40,,Aggregated,2.900000,0.000000,19000,19000,19000,20000,20000,20000,20000,21000,21000,21000,21000,519,0,19000,18582.733123628084,16436.57267099843,20724.005912001303,7112.281310211946
1790295616,40,,Aggregated,2.900000,0.000000,19000,19000,20000,20000,20000,20000,20000,21000,21000,21000,21000,520,0,19000,18586.922531492266,16436.57267099843,20761.225213002035,7112.275
1790295617,40,,Aggregated,2.200000,0.000000,19000,19000,19000,20000,20000,20000,20000,21000,21000,21000,21000,521,0,19000,18585.325916491325,16436.57267099843,20761.225213002035,7112.046065259117
1790295618,40,,Aggregated,2.200000,0.000000,19000,19000,19000,20000,20000,20000,20000,21000,21000,21000,21000,521,0,19000,18585.325916491325,16436.57267099843,20761.225213002035,7112.046065259117
1790295619,40,,Aggregated,2.200000,0.000000,19000,19000,19000,20000,20000,20000,20000,21000,21000,21000,21000,521,0,19000,18585.325916491325,16436.57267099843,20761.225213002035,7112.046065259117
1790295620,40,,Aggregated,1.600000,0.000000,19000,19000,19000,20000,20000,20000,20000,21000,21000,21000,21000,522,0,19000,18584.190258245166,16436.57267099843,20761.225213002035,7111.090038314176
1790295621,40,,Aggregated,1.100000,0.000000,19000,19000,20000,20000,20000,20000,20000,21000,21000,21000,21000,526,0,19000,18591.85888515013,16436.57267099843,20761.225213002035,7111.2433460076045
1790295622,40,,Aggregated,0.900000,0.000000,19000,19000,20000,20000,20000,20000,20000,21000,21000,21000,21000,529,0,19000,18596.42443536856,16436.57267099843,20761.225213002035,7111.674858223062
1790295623,40,,Aggregated,0.900000,0.000000,19000,19000,20000,20000,20000,20000,20000,21000,21000,21000,21000,530,0,19000,18595.290045413145,16436.57267099843,20761.225213002035,7110.398113207547
1790295624,40,,Aggregated,1.000000,0.000000,19000,19000,20000,20000,20000,20000,20000,21000,21000,21000,21000,534,0,19000,18591.330953338904,16436.57267099843,20761.225213002035,7108.4925093632955
1790295625,40,,Aggregated,1.200000,0.000000,19000,19000,20000,20000,20000,20000,20000,21000,21000,21000,21000,538,0,19000,18590.759658228588,16436.57267099843,20761.225213002035,7106.693308550186
1790295626,40,,Aggregated,1.400000,0.000000,19000,19000,20000,20000,20000,20000,20000,21000,21000,21000,21000,542,0,19000,18594.21064041694,16436.57267099843,20761.225213002035,7105.212177121771
1790295627,40,,Aggregated,1.700000,0.000000,19000,19000,20000,20000,20000,20000,20000,21000,21000,21000,21000,546,0,19000,18599.391634331456,16436.57267099843,20842.437008999696,7105.260073260073
1790295628,40,,Aggregated,1.700000,0.000000,19000,19000,20000,20000,20000,20000,20000,21000,21000,21000,21000,547,0,19000,18597.804903168144,16436.57267099843,20842.437008999696,7103.963436928702
1790295629,40,,Aggregated,2.300000,0.000000,19000,19000,20000,20000,20000,20000,20000,21000,21000,21000,21000,549,0,19000,18600.84580664477,16436.57267099843,20842.437008999696,7105.025500910747
1790295630,40,,Aggregated,2.600000,0.000000,19000,19000,20000,20000,20000,20000,20000,21000,21000,21000,21000,552,0,19000,18601.943031302497,16436.57267099843,20842.437008999696,7104.594202898551
1790295631,40,,Aggregated,2.600000,0.000000,19000,19000,20000,20000,20000,20000,20000,21000,21000,21000,21000,554,0,19000,18607.1980685505,16436.57267099843,20842.437008999696,7105.617328519856
1790295632,40,,Aggregated,2.600000,0.000000,19000,19000,20000,20000,20000,20000,21000,21000,21000,21000,21000,556,0,19000,18610.059876142048,16436.57267099843,20866.90454500058,7106.591726618705
1790295633,40,,Aggregated,2.700000,0.000000,19000,19000,20000,20000,20000,20000,21000,21000,21000,21000,21000,558,0,19000,18613.810500894237,16436.57267099843,20866.90454500058,7106.673835125448
1790295634,40,,Aggregated,2.900000,0.000000,19000,19000,20000,20000,20000,20000,21000,21000,21000,21000,21000,560,0,19000,18612.576202851753,16436.57267099843,20866.90454500058,7106.066071428571
1790295635,40,,Aggregated,2.900000,0.000000,19000,19000,20000,20000,20000,20000,21000,21000,21000,21000,21000,560,0,19000,18612.576202851753,16436.57267099843,20866.90454500058,7106.066071428571
1790295636,40,,Aggregated,2.600000,0.000000,19000,19000,20000,20000,20000,20000,21000,21000,21000,21000,21000,561,0,19000,18611.030778853805,16436.57267099843,20866.90454500058,7105.25311942959
1790295637,40,,Aggregated,2.600000,0.000000,19000,19000,20000,20000,20000,20000,21000,21000,21000,21000,21000,561,0,19000,18611.030778853805,16436.57267099843,20866.90454500058,7105.25311942959
1790295638,40,,Aggregated,2.600000,0.000000,19000,19000,20000,20000,20000,20000,21000,21000,21000,21000,21000,561,0,19000,18611.030778853805,16436.57267099843,20866.90454500058,7105.25311942959
1790295639,40,,Aggregated,2.100000,0.000000,19000,19000,20000,20000,20000,20000,21000,21000,21000,21000,21000,562,0,19000,18609.356188855847,16436.57267099843,20866.90454500058,7104.129893238434
1790295640,40,,Aggregated,1.800000,0.000000,19000,19000,20000,20000,20000,20000,21000,21000,21000,21000,21000,564,0,19000,18604.916373251748,16436.57267099843,20866.90454500058,7101.599290780142
1790295641,40,,Aggregated,1.500000,0.000000,19000,19000,20000,20000,20000,20000,21000,21000,21000,21000,21000,566,0,19000,18601.883937028237,16436.57267099843,20866.90454500058,7099.840989399293
1790295642,40,,Aggregated,1.500000,0.000000,19000,19000,20000,20000,20000,20000,21000,21000,21000,21000,21000,569,0,19000,18602.531724864646,16436.57267099843,20866.90454500058,7100.984182776801
1790295643,40,,Aggregated,1.200000,0.000000,19000,19000,20000,20000,20000,20000,21000,21000,21000,21000,21000,572,0,19000,18602.565786594376,16436.57267099843,20866.90454500058,7101.526223776224
1790295644,40,,Aggregated,1.300000,0.000000,19000,19000,20000,20000,20000,20000,21000,21000,21000,21000,21000,574,0,19000,18601.313692034815,16436.57267099843,20866.90454500058,7101.315331010453
1790295645,40,,Aggregated,1.300000,0.000000,19000,19000,20000,20000,20000,20000,21000,21000,21000,21000,21000,578,0,19000,18604.62741608648,16436.57267099843,20866.90454500058,7100.730103806229
1790295646,40,,Aggregated,1.300000,0.000000,19000,19000,20000,20000,20000,20000,21000,21000,21000,21000,21000,580,0,19000,18603.733561849975,16436.57267099843,20866.90454500058,7100.556896551724
1790295647,40,,Aggregated,1.300000,0.000000,19000,19000,20000,20000,20000,20000,21000,21000,21000,21000,21000,581,0,19000,18604.292388161764,16436.57267099843,20866.90454500058,7100.2616179001725
1790295648,40,,Aggregated,1.900000,0.000000,19000,19000,20000,20000,20000,20000,21000,21000,21000,21000,21000,586,0,19000,18606.765395682574,16436.57267099843,20866.90454500058,7099.759385665529
1790295649,40,,Aggregated,2.000000,0.000000,19000,19000,20000,20000,20000,20000,21000,21000,21000,21000,21000,589,0,19000,18616.472053397272,16436.57267099843,20866.90454500058,7101.780984719864
1790295650,40,,Aggregated,2.000000,0.000000,19000,19000,20000,20000,20000,20000,21000,21000,21000,21000,21000,590,0,19000,18614.376247928798,16436.57267099843,20866.90454500058,7100.705084745763
1790295651,40,,Aggregated,2.600000,0.000000,19000,19000,20000,20000,20000,20000,21000,21000,21000,21000,21000,592,0,19000,18615.861775890182,16436.57267099843,20866.90454500058,7100.819256756757
1790295652,40,,Aggregated,2.600000,0.000000,19000,19000,20000,20000,20000,20000,21000,21000,21000,21000,21000,595,0,19000,18619.57242753948,16436.57267099843,20866.90454500058,7101.418487394958
1790295653,40,,Aggregated,2.600000,0.000000,19000,19000,20000,20000,20000,20000,21000,21000,21000,21000,21000,596,0,19000,18622.643760692932,16436.57267099843,20866.90454500058,7103.23322147651
1790295654,40,,Aggregated,2.500000,0.000000,19000,19000,20000,20000,20000,20000,21000,21000,21000,21000,21000,598,0,19000,18624.233214008334,16436.57267099843,20866.90454500058,7103.673913043478
1790295655,40,,Aggregated,2.500000,0.000000,19000,19000,20000,20000,20000,20000,21000,21000,21000,21000,21000,600,0,19000,18628.95630459164,16436.57267099843,20866.90454500058,7104.418333333333
1790295656,40,,Aggregated,2.400000,0.000000,19000,19000,20000,20000,20000,20000,21000,21000,21000,21000,21000,601,0,19000,18628.786930950057,16436.57267099843,20866.90454500058,7104.029950083194
1790295657,40,,Aggregated,2.400000,0.000000,19000,19000,20000,20000,20000,20000,21000,21000,21000,21000,21000,601,0,19000,18628.786930950057,16436.57267099843,20866.90454500058,7104.029950083194
1790295658,40,,Aggregated,2.400000,0.000000,19000,19000,20000,20000,20000,20000,21000,21000,21000,21000,21000,601,0,19000,18628.786930950057,16436.57267099843,20866.90454500058,7104.029950083194
1790295659,40,,Aggregated,2.000000,0.000000,19000,19000,20000,20000,20000,20000,21000,21000,21000,21000,21000,602,0,19000,18630.266844494985,16436.57267099843,20866.90454500058,7105.14950166113
1790295660,40,,Aggregated,2.000000,0.000000,19000,19000,20000,20000,20000,20000,21000,21000,21000,21000,21000,604,0,19000,18629.52672349004,16436.57267099843,20866.90454500058,7103.816225165563
1790295661,40,,Aggregated,1.300000,0.000000,19000,19000,20000,20000,20000,20000,21000,21000,21000,21000,21000,605,0,19000,18628.605616971876,16436.57267099843,20866.90454500058,7102.823140495868
1790295662,40,,Aggregated,1.400000,0.000000,19000,19000,20000,20000,20000,20000,21000,21000,21000,21000,21000,609,0,19000,18628.56353496714,16436.57267099843,20866.90454500058,7102.809523809524
1790295663,40,,Aggregated,1.400000,0.000000,19000,19000,20000,20000,20000,20000,21000,21000,21000,21000,21000,610,0,19000,18631.8543326049,16436.57267099843,20866.90454500058,7103.554098360656
1790295664,40,,Aggregated,1.100000,0.000000,19000,19000,20000,20000,20000,20000,21000,21000,21000,21000,21000,614,0,19000,18631.29693251138,16436.57267099843,20866.90454500058,7101.369706840391
1790295665,40,,Aggregated,1.400000,0.000000,19000,19000,20000,20000,20000,20000,21000,21000,21000,21000,21000,616,0,19000,18634.361044501606,16436.57267099843,20866.90454500058,7101.974025974026
1790295666,40,,Aggregated,1.400000,0.000000,19000,19000,20000,20000,20000,20000,21000,21000,21000,21000,21000,619,0,19000,18634.357153184148,16436.57267099843,20866.90454500058,7102.943457189014
1790295667,40,,Aggregated,1.400000,0.000000,19000,19000,20000,20000,20000,20000,21000,21000,21000,21000,21000,620,0,19000,18635.703612490306,16436.57267099843,20866.90454500058,7102.827419354839
1790295668,40,,Aggregated,1.700000,0.000000,19000,19000,20000,20000,20000,20000,21000,21000,21000,21000,21000,624,0,19000,18635.416410197096,16436.57267099843,20866.90454500058,7101.63782051282
1790295669,40,,Aggregated,1.900000,0.000000,19000,19000,20000,20000,20000,20000,21000,21000,21000,21000,21000,628,0,19000,18639.79527368469,16436.57267099843,20866.90454500058,7101.294585987262
1790295670,40,,Aggregated,2.200000,0.000000,19000,19000,20000,20000,20000,20000,21000,21000,21000,21000,21000,631,0,19000,18638.13836356574,16436.57267099843,20866.90454500058,7099.415213946118
1790295671,40,,Aggregated,2.500000,0.000000,19000,19000,20000,20000,20000,20000,21000,21000,21000,21000,21000,633,0,19000,18638.5347024976,16436.57267099843,20866.90454500058,7099.0663507109
1790295672,40,,Aggregated,2.600000,0.000000,19000,19000,20000,20000,20000,20000,21000,21000,21000,21000,21000,635,0,19000,18636.856858667692,16436.57267099843,20866.90454500058,7098.162204724409
1790295673,40,,Aggregated,2.800000,0.000000,19000,19000,20000,20000,20000,20000,21000,21000,21000,21000,21000,637,0,19000,18637.953089693852,16436.57267099843,20866.90454500058,7098.160125588697
1790295674,40,,Aggregated,2.800000,0.000000,19000,19000,20000,20000,20000,20000,21000,21000,21000,21000,21000,637,0,19000,18637.953089693852,16436.57267099843,20866.90454500058,7098.160125588697
1790295675,40,,Aggregated,2.700000,0.000000,19000,19000,20000,20000,20000,20000,21000,21000,21000,21000,21000,640,0,19000,18638.039610595293,16436.57267099843,20866.90454500058,7098.5203125
1790295676,40,,Aggregated,2.700000,0.000000,19000,19000,20000,20000,20000,20000,21000,21000,21000,21000,21000,640,0,19000,18638.039610595293,16436.57267099843,20866.90454500058,7098.5203125
1790295677,40,,Aggregated,2.300000,0.000000,19000,19000,20000,20000,20000,20000,21000,21000,21000,21000,21000,641,0,19000,18639.416632375956,16436.57267099843,20866.90454500058,7099.226209048362
1790295678,40,,Aggregated,2.300000,0.000000,19000,19000,20000,20000,20000,20000,21000,21000,21000,21000,21000,643,0,19000,18636.038996371673,16436.57267099843,20866.90454500058,7098.830482115086
1790295679,40,,Aggregated,2.300000,0.000000,19000,19000,20000,20000,20000,20000,21000,21000,21000,21000,21000,643,0,19000,18636.038996371673,16436.57267099843,20866.90454500058,7098.830482115086
1790295680,40,,Aggregated,1.800000,0.000000,19000,19000,20000,20000,20000,20000,21000,21000,21000,21000,21000,645,0,19000,18634.860514792228,16436.57267099843,20866.90454500058,7098.506976744186
1790295681,40,,Aggregated,1.700000,0.000000,19000,19000,20000,20000,20000,20000,21000,21000,21000,21000,21000,647,0,19000,18631.653923752685,16436.57267099843,20866.90454500058,7097.106646058733
1790295682,40,,Aggregated,1.300000,0.000000,19000,19000,20000,20000,20000,20000,21000,21000,21000,21000,21000,650,0,19000,18627.88244937998,16436.57267099843,20866.90454500058,7094.970769230769
1790295683,40,,Aggregated,1.300000,0.000000,19000,19000,20000,20000,20000,20000,21000,21000,21000,21000,21000,651,0,19000,18625.620907628247,16436.57267099843,20866.90454500058,7093.735791090629
1790295684,40,,Aggregated,1.500000,0.000000,19000,19000,20000,20000,20000,20000,21000,21000,21000,21000,21000,654,0,19000,18622.389376553507,16436.57267099843,20866.90454500058,7091.463302752293
1790295685,40,,Aggregated,1.400000,0.000000,19000,19000,20000,20000,20000,20000,21000,21000,21000,21000,21000,655,0,19000,18622.20706005801,16436.57267099843,20866.90454500058,7090.35572519084
1790295686,40,,Aggregated,1.500000,0.000000,19000,19000,20000,20000,20000,20000,21000,21000,21000,21000,21000,657,0,19000,18623.37522174885,16436.57267099843,20866.90454500058,7090.86301369863
1790295687,40,,Aggregated,1.600000,0.000000,19000,19000,20000,20000,20000,20000,21000,21000,21000,21000,21000,662,0,19000,18627.105172993957,16436.57267099843,20971.149568002147,7091.237160120846
1790295688,40,,Aggregated,1.500000,0.000000,19000,19000,20000,20000,20000,20000,21000,21000,21000,21000,21000,666,0,19000,18626.69545128828,16436.57267099843,20971.149568002147,7090.726726726727
1790295689,40,,Aggregated,1.800000,0.000000,19000,19000,20000,20000,20000,20000,21000,21000,21000,21000,21000,667,0,19000,18626.573017710638,16436.57267099843,20971.149568002147,7090.44227886057
1790295690,40,,Aggregated,2.100000,0.000000,19000,19000,20000,20000,20000,20000,21000,21000,21000,21000,21000,670,0,19000,18631.5736187388,16436.57267099843,20971.149568002147,7091.934328358209
1790295691,40,,Aggregated,2.300000,0.000000,19000,19000,20000,20000,20000,20000,21000,21000,21000,21000,21000,672,0,19000,18630.333760671125,16436.57267099843,20971.149568002147,7090.834821428572
1790295692,40,,Aggregated,2.500000,0.000000,19000,19000,20000,20000,20000,20000,21000,21000,21000,21000,21000,675,0,19000,18631.84369311703,16436.57267099843,20971.149568002147,7090.466666666666
1790295693,40,,Aggregated,2.500000,0.000000,19000,19000,20000,20000,20000,20000,21000,21000,21000,21000,21000,677,0,19000,18630.599156485954,16436.57267099843,20971.149568002147,7089.571639586411
1790295694,40,,Aggregated,2.500000,0.000000,19000,19000,20000,20000,20000,20000,21000,21000,21000,21000,21000,679,0,19000,18630.163598537547,16436.57267099843,20971.149568002147,7089.359351988218
1790295695,40,,Aggregated,2.500000,0.000000,19000,19000,20000,20000,20000,20000,21000,21000,21000,21000,21000,679,0,19000,18630.163598537547,16436.57267099843,20971.149568002147,7089.359351988218
1790295696,40,,Aggregated,2.500000,0.000000,19000,19000,20000,20000,20000,20000,21000,21000,21000,21000,21000,679,0,19000,18630.163598537547,16436.57267099843,20971.149568002147,7089.359351988218
1790295697,40,,Aggregated,2.500000,0.000000,19000,19000,20000,20000,20000,20000,21000,21000,21000,21000,21000,681,0,19000,18631.80971716446,16436.57267099843,20971.149568002147,7089.466960352423
1790295698,40,,Aggregated,2.400000,0.000000,19000,19000,20000,20000,20000,20000,21000,21000,21000,21000,21000,682,0,19000,18633.0751349736,16436.57267099843,20971.149568002147,7089.49706744868
1790295699,40,,Aggregated,2.200000,0.000000,19000,19000,20000,20000,20000,20000,21000,21000,21000,21000,21000,684,0,19000,18632.01491741227,16436.57267099843,20971.149568002147,7090.1154970760235
1790295700,40,,Aggregated,1.900000,0.000000,19000,19000,20000,20000,20000,20000,21000,21000,21000,21000,21000,685,0,19000,18631.533916581007,16436.57267099843,20971.149568002147,7089.3197080291975
1790295701,40,,Aggregated,1.600000,0.000000,19000,19000,20000,20000,20000,20000,21000,21000,21000,21000,21000,687,0,19000,18630.29663464482,16436.57267099843,20971.149568002147,7089.116448326055
1790295702,40,,Aggregated,1.600000,0.000000,19000,19000,20000,20000,20000,20000,21000,21000,21000,21000,21000,688,0,19000,18629.941254209287,16436.57267099843,20971.149568002147,7088.540697674419
1790295703,40,,Aggregated,1.600000,0.000000,19000,19000,20000,20000,20000,20000,21000,21000,21000,21000,21000,691,0,19000,18632.7706879913,16436.57267099843,20971.149568002147,7088.65991316932
1790295704,40,,Aggregated,1.300000,0.000000,19000,19000,20000,20000,20000,20000,21000,21000,21000,21000,21000,692,0,19000,18631.363317962405,16436.57267099843,20971.149568002147,7088.28323699422
1790295705,40,,Aggregated,1.300000,0.000000,19000,19000,20000,20000,20000,20000,21000,21000,21000,21000,21000,693,0,19000,18633.18731161325,16436.57267099843,20971.149568002147,7088.994227994228
1790295706,40,,Aggregated,1.300000,0.000000,19000,19000,20000,20000,20000,20000,21000,21000,21000,21000,21000,695,0,19000,18634.58656365609,16436.57267099843,20971.149568002147,7091.807194244604
1790295707,40,,Aggregated,1.400000,0.000000,19000,19000,20000,20000,20000,20000,21000,21000,21000,21000,21000,698,0,19000,18638.56314235097,16436.57267099843,20971.149568002147,7092.9742120343835
1790295708,40,,Aggregated,1.500000,0.000000,19000,19000,20000,20000,20000,20000,21000,21000,21000,21000,21000,707,0,19000,18641.53729009474,16436.57267099843,20971.149568002147,7093.514851485149
1790295709,40,,Aggregated,1.700000,0.000000,19000,19000,20000,20000,20000,20000,21000,21000,21000,21000,21000,708,0,19000,18641.80314525421,16436.57267099843,20971.149568002147,7094.896892655367
1790295710,40,,Aggregated,1.700000,0.000000,19000,19000,20000,20000,20000,20000,21000,21000,21000,21000,21000,708,0,19000,18641.80314525421,16436.57267099843,20971.149568002147,7094.896892655367
1790295711,40,,Aggregated,2.500000,0.000000,19000,19000,20000,20000,20000,20000,21000,21000,21000,21000,21000,711,0,19000,18645.972166341744,16436.57267099843,20971.149568002147,7096.706047819972
1790295712,40,,Aggregated,2.400000,0.000000,19000,19000,20000,20000,20000,20000,21000,21000,21000,21000,21000,714,0,19000,18645.429631228257,16436.57267099843,20971.149568002147,7095.63025210084
1790295713,40,,Aggregated,2.200000,0.000000,19000,19000,20000,20000,20000,20000,21000,21000,21000,21000,21000,716,0,19000,18646.85523710192,16436.57267099843,20971.149568002147,7096.149441340782
1790295714,40,,Aggregated,2.400000,0.000000,19000,19000,20000,20000,20000,20000,21000,21000,21000,21000,21000,718,0,19000,18650.23609323952,16436.57267099843,20971.149568002147,7097.140668523677
1790295715,40,,Aggregated,2.400000,0.000000,19000,19000,20000,20000,20000,20000,21000,21000,21000,21000,21000,718,0,19000,18650.23609323952,16436.57267099843,20971.149568002147,7097.140668523677
1790295717,40,,Aggregated,2.500000,0.000000,19000,19000,20000,20000,20000,20000,21000,21000,21000,21000,21000,719,0,19000,18652.608701485366,16436.57267099843,20971.149568002147,7097.920723226704
1790295718,40,,Aggregated,2.500000,0.000000,19000,19000,20000,20000,20000,20000,21000,21000,21000,21000,21000,720,0,19000,18652.93004074719,16436.57267099843,20971.149568002147,7098.1625
1790295719,40,,Aggregated,2.400000,0.000000,19000,19000,20000,20000,20000,20000,21000,21000,21000,21000,21000,721,0,19000,18654.279536965296,16436.57267099843,20971.149568002147,7098.576976421637
1790295720,40,,Aggregated,2.200000,0.000000,19000,19000,20000,20000,20000,20000,21000,21000,21000,21000,21000,722,0,19000,18654.481666211883,16436.57267099843,20971.149568002147,7098.736842105263
1790295721,40,,Aggregated,2.100000,0.000000,19000,19000,20000,20000,20000,20000,21000,21000,21000,21000,21000,723,0,19000,18656.46417244534,16436.57267099843,20971.149568002147,7099.955739972337
1790295722,40,,Aggregated,1.400000,0.000000,19000,19000,20000,20000,20000,20000,21000,21000,21000,21000,21000,725,0,19000,18659.403730787562,16436.57267099843,20971.149568002147,7100.6151724137935
1790295723,40,,Aggregated,1.400000,0.000000,19000,19000,20000,20000,20000,20000,21000,21000,21000,21000,21000,727,0,19000,18659.59758116917,16436.57267099843,20971.149568002147,7100.8830811554335
1790295724,40,,Aggregated,1.500000,0.000000,19000,19000,20000,20000,20000,20000,21000,21000,21000,21000,21000,729,0,19000,18664.725817491068,16436.57267099843,20971.149568002147,7101.876543209876
1790295725,40,,Aggregated,1.300000,0.000000,19000,19000,20000,20000,20000,20000,21000,21000,21000,21000,21000,731,0,19000,18664.437973701763,16436.57267099843,20971.149568002147,7101.55950752394
1790295726,40,,Aggregated,1.300000,0.000000,19000,19000,20000,20000,20000,20000,21000,21000,21000,21000,21000,733,0,19000,18667.25313070667,16436.57267099843,20971.149568002147,7102.6084583901775
1790295727,40,,Aggregated,1.300000,0.000000,19000,19000,20000,20000,20000,20000,21000,21000,21000,21000,21000,735,0,19000,18669.97593741495,16436.57267099843,20971.149568002147,7103.344217687075
1790295728,40,,Aggregated,1.200000,0.000000,19000,19000,20000,20000,20000,20000,21000,21000,21000,21000,21000,741,0,19000,18669.713829299577,16436.57267099843,20971.149568002147,7101.985155195682
1790295729,40,,Aggregated,1.500000,0.000000,19000,19000,20000,20000,20000,20000,21000,21000,21000,21000,21000,746,0,19000,18670.406345880678,16436.57267099843,20971.149568002147,7100.92091152815
1790295730,40,,Aggregated,1.600000,0.000000,19000,19000,20000,20000,20000,20000,21000,21000,21000,21000,21000,749,0,19000,18667.37512760746,16436.57267099843,20971.149568002147,7099.154873164219
1790295731,40,,Aggregated,1.600000,0.000000,19000,19000,20000,20000,20000,20000,21000,21000,21000,21000,21000,749,0,19000,18667.37512760746,16436.57267099843,20971.149568002147,7099.154873164219
1790295732,40,,Aggregated,2.500000,0.000000,19000,19000,20000,20000,20000,20000,21000,21000,21000,21000,21000,752,0,19000,18666.838454933495,16436.57267099843,20971.149568002147,7097.901595744681
1790295733,40,,Aggregated,2.700000,0.000000,19000,19000,20000,20000,20000,20000,21000,21000,21000,21000,21000,753,0,19000,18665.27471183664,16436.57267099843,20971.149568002147,7097.025232403718
1790295734,40,,Aggregated,2.700000,0.000000,19000,19000,20000,20000,20000,20000,21000,21000,21000,21000,21000,754,0,19000,18667.102403478766,16436.57267099843,20971.149568002147,7097.035809018567
1790295735,40,,Aggregated,2.600000,0.000000,19000,19000,20000,20000,20000,20000,21000,21000,21000,21000,21000,756,0,19000,18666.72257610846,16436.57267099843,20971.149568002147,7096.939153439153
1790295736,40,,Aggregated,2.600000,0.000000,19000,19000,20000,20000,20000,20000,21000,21000,21000,21000,21000,759,0,19000,18669.671201729907,16436.57267099843,20971.149568002147,7097.440052700922
1790295737,40,,Aggregated,2.400000,0.000000,19000,19000,20000,20000,20000,20000,21000,21000,21000,21000,21000,760,0,19000,18672.219347149996,16436.57267099843,20971.149568002147,7098.771052631579
1790295738,40,,Aggregated,2.400000,0.000000,19000,19000,20000,20000,20000,20000,21000,21000,21000,21000,21000,760,0,19000,18672.219347149996,16436.57267099843,20971.149568002147,7098.771052631579
1790295739,40,,Aggregated,2.500000,0.000000,19000,19000,20000,20000,20000,20000,21000,21000,21000,21000,21000,762,0,19000,18670.299107346455,16436.57267099843,20971.149568002147,7097.300524934383
1790295740,40,,Aggregated,2.500000,0.000000,19000,19000,20000,20000,20000,20000,21000,21000,21000,21000,21000,762,0,19000,18670.299107346455,16436.57267099843,20971.149568002147,7097.300524934383
1790295741,40,,Aggregated,1.900000,0.000000,19000,19000,20000,20000,20000,20000,21000,21000,21000,21000,21000,763,0,19000,18668.644016555696,16436.57267099843,20971.149568002147,7097.5504587155965
1790295742,40,,Aggregated,1.500000,0.000000,19000,19000,20000,20000,20000,20000,21000,21000,21000,21000,21000,764,0,19000,18666.697523990835,16436.57267099843,20971.149568002147,7096.835078534032
1790295743,40,,Aggregated,1.300000,0.000000,19000,19000,20000,20000,20000,20000,21000,21000,21000,21000,21000,766,0,19000,18670.835346925578,16436.57267099843,20971.149568002147,7097.751958224543
1790295744,40,,Aggregated,1.200000,0.000000,19000,19000,20000,20000,20000,20000,21000,21000,21000,21000,21000,768,0,19000,18670.744305188797,16436.57267099843,20971.149568002147,7097.54296875
1790295745,40,,Aggregated,1.200000,0.000000,19000,19000,20000,20000,20000,20000,21000,21000,21000,21000,21000,770,0,19000,18668.717315122074,16436.57267099843,20971.149568002147,7096.781818181818
1790295746,40,,Aggregated,1.400000,0.000000,19000,19000,20000,20000,20000,20000,21000,21000,21000,21000,21000,773,0,19000,18671.649177509687,16436.57267099843,20971.149568002147,7097.135834411384
1790295747,40,,Aggregated,1.400000,0.000000,19000,19000,20000,20000,20000,20000,21000,21000,21000,21000,21000,775,0,19000,18668.698700399986,16436.57267099843,20971.149568002147,7095.554838709678
1790295748,40,,Aggregated,1.300000,0.000000,19000,19000,20000,20000,20000,20000,21000,21000,21000,21000,21000,777,0,19000,18670.383705620316,16436.57267099843,20971.149568002147,7094.930501930502
1790295749,40,,Aggregated,1.500000,0.000000,19000,19000,20000,20000,20000,20000,21000,21000,21000,21000,21000,782,0,19000,18677.500129230153,16436.57267099843,20971.149568002147,7096.803069053708
1790295750,40,,Aggregated,1.600000,0.000000,19000,19000,20000,20000,20000,20000,21000,21000,21000,21000,21000,785,0,19000,18682.552843047106,16436.57267099843,20971.149568002147,7096.4394904458595
1790295751,40,,Aggregated,1.600000,0.000000,19000,19000,20000,20000,20000,20000,21000,21000,21000,21000,21000,790,0,19000,18688.35988594554,16436.57267099843,20971.149568002147,7096.583544303798
1790295752,40,,Aggregated,1.700000,0.000000,19000,19000,20000,20000,20000,20000,21000,21000,21000,21000,21000,791,0,19000,18688.495879195925,16436.57267099843,20971.149568002147,7096.962073324905
1790295753,40,,Aggregated,2.100000,0.000000,19000,19000,20000,20000,20000,20000,21000,21000,21000,21000,21000,792,0,19000,18687.68517609719,16436.57267099843,20971.149568002147,7096.550505050505
1790295754,40,,Aggregated,2.700000,0.000000,19000,19000,20000,20000,20000,20000,21000,21000,21000,21000,21000,795,0,19000,18688.715572895566,16436.57267099843,20975.350935997994,7095.320754716981
1790295755,40,,Aggregated,2.600000,0.000000,19000,19000,20000,20000,20000,20000,21000,21000,21000,21000,21000,798,0,19000,18688.408552051344,16436.57267099843,20975.350935997994,7094.672932330827
1790295756,40,,Aggregated,2.600000,0.000000,19000,19000,20000,20000,20000,20000,21000,21000,21000,21000,21000,798,0,19000,18688.408552051344,16436.57267099843,20975.350935997994,7094.672932330827
1790295757,40,,Aggregated,2.600000,0.000000,19000,19000,20000,20000,20000,20000,21000,21000,21000,21000,21000,798,0,19000,18688.408552051344,16436.57267099843,20975.350935997994,7094.672932330827
1790295758,40,,Aggregated,2.700000,0.000000,19000,19000,20000,20000,20000,20000,21000,21000,21000,21000,21000,800,0,19000,18691.907955316216,16436.57267099843,20975.350935997994,7095.0475
1790295759,40,,Aggregated,2.600000,0.000000,19000,19000,20000,20000,20000,20000,21000,21000,21000,21000,21000,801,0,19000,18691.286750180992,16436.57267099843,20975.350935997994,7094.765293383271
1790295760,40,,Aggregated,2.600000,0.000000,19000,19000,20000,20000,20000,20000,21000,21000,21000,21000,21000,801,0,19000,18691.286750180992,16436.57267099843,20975.350935997994,7094.765293383271
1790295761,40,,Aggregated,2.300000,0.000000,19000,19000,20000,20000,20000,20000,21000,21000,21000,21000,21000,802,0,19000,18694.158143493732,16436.57267099843,20994.14418699962,7095.581047381546
1790295762,40,,Aggregated,1.800000,0.000000,19000,19000,20000,20000,20000,20000,21000,21000,21000,21000,21000,804,0,19000,18693.691836795988,16436.57267099843,20994.14418699962,7095.145522388059
1790295763,40,,Aggregated,1.800000,0.000000,19000,19000,20000,20000,20000,20000,21000,21000,21000,21000,21000,804,0,19000,18693.691836795988,16436.57267099843,20994.14418699962,7095.145522388059
1790295764,40,,Aggregated,1.100000,0.000000,19000,19000,20000,20000,20000,20000,21000,21000,21000,21000,21000,808,0,19000,18696.72861966829,16436.57267099843,20994.14418699962,7095.610148514851
1790295765,40,,Aggregated,1.100000,0.000000,19000,19000,20000,20000,20000,20000,21000,21000,21000,21000,21000,808,0,19000,18696.72861966829,16436.57267099843,20994.14418699962,7095.610148514851
1790295766,40,,Aggregated,1.400000,0.000000,19000,19000,20000,20000,20000,20000,21000,21000,21000,21000,21000,813,0,19000,18698.968872879435,16436.57267099843,20994.14418699962,7095.108241082411
1790295767,40,,Aggregated,1.100000,0.000000,19000,19000,20000,20000,20000,20000,21000,21000,21000,21000,21000,815,0,19000,18698.40207561225,16436.57267099843,20994.14418699962,7094.263803680981
1790295768,40,,Aggregated,1.300000,0.000000,19000,19000,20000,20000,20000,20000,21000,21000,21000,21000,21000,816,0,19000,18700.446170302675,16436.57267099843,20994.14418699962,7095.0232843137255
1790295769,40,,Aggregated,1.600000,0.000000,19000,19000,20000,20000,20000,20000,21000,21000,21000,21000,21000,819,0,19000,18700.391398739903,16436.57267099843,20994.14418699962,7095.2295482295485
1790295770,40,,Aggregated,1.500000,0.000000,19000,19000,20000,20000,20000,20000,21000,21000,21000,21000,21000,822,0,19000,18702.53483177249,16436.57267099843,20994.14418699962,7097.204379562044
1790295771,40,,Aggregated,1.500000,0.000000,19000,19000,20000,20000,20000,20000,21000,21000,21000,21000,21000,827,0,19000,18703.9092354619,16436.57267099843,20994.14418699962,7097.555018137848
1790295772,40,,Aggregated,1.600000,0.000000,19000,19000,20000,20000,20000,20000,21000,21000,21000,21000,21000,828,0,19000,18705.818962247573,16436.57267099843,20994.14418699962,7097.820048309179
1790295773,40,,Aggregated,2.600000,0.000000,19000,19000,20000,20000,20000,20000,21000,21000,21000,21000,21000,832,0,19000,18710.09874760936,16436.57267099843,20999.164877997828,7097.123798076923
1790295774,40,,Aggregated,2.600000,0.000000,19000,19000,20000,20000,20000,20000,21000,21000,21000,21000,21000,834,0,19000,18711.627817224206,16436.57267099843,20999.164877997828,7097.496402877698
1790295775,40,,Aggregated,2.400000,0.000000,19000,19000,20000,20000,20000,20000,21000,21000,21000,21000,21000,836,0,19000,18712.820324721277,16436.57267099843,20999.164877997828,7097.608851674641
1790295776,40,,Aggregated,2.700000,0.000000,19000,19000,20000,20000,20000,20000,21000,21000,21000,21000,21000,837,0,19000,18713.76510625686,16436.57267099843,20999.164877997828,7098.026284348865
1790295777,40,,Aggregated,2.700000,0.000000,19000,19000,20000,20000,20000,20000,21000,21000,21000,21000,21000,838,0,19000,18712.56781638304,16436.57267099843,20999.164877997828,7098.284009546539
1790295778,40,,Aggregated,2.700000,0.000000,19000,19000,20000,20000,20000,21000,21000,21000,21000,21000,21000,839,0,19000,18714.774289648376,16436.57267099843,20999.164877997828,7098.909415971394
1790295779,40,,Aggregated,2.700000,0.000000,19000,19000,20000,20000,20000,21000,21000,21000,21000,21000,21000,839,0,19000,18714.774289648376,16436.57267099843,20999.164877997828,7098.909415971394
1790295780,40,,Aggregated,2.400000,0.000000,19000,19000,20000,20000,20000,21000,21000,21000,21000,21000,21000,840,0,19000,18717.041335661892,16436.57267099843,20999.164877997828,7099.211904761904
1790295781,40,,Aggregated,2.200000,0.000000,19000,19000,20000,20000,20000,21000,21000,21000,21000,21000,21000,842,0,19000,18718.732515146065,16436.57267099843,20999.164877997828,7099.153206650832
1790295782,40,,Aggregated,2.200000,0.000000,19000,19000,20000,20000,20000,21000,21000,21000,21000,21000,21000,844,0,19000,18718.017752902826,16436.57267099843,20999.164877997828,7097.464454976303
1790295783,40,,Aggregated,2.200000,0.000000,19000,19000,20000,20000,20000,21000,21000,21000,21000,21000,21000,844,0,19000,18718.017752902826,16436.57267099843,20999.164877997828,7097.464454976303
1790295784,40,,Aggregated,1.600000,0.000000,19000,19000,20000,20000,20000,21000,21000,21000,21000,21000,21000,847,0,19000,18718.040544255004,16436.57267099843,20999.164877997828,7097.353010625738
1790295785,40,,Aggregated,1.600000,0.000000,19000,19000,20000,20000,20000,21000,21000,21000,21000,21000,21000,847,0,19000,18718.040544255004,16436.57267099843,20999.164877997828,7097.353010625738
1790295786,40,,Aggregated,1.300000,0.000000,19000,19000,20000,20000,20000,21000,21000,21000,21000,21000,21000,851,0,19000,18719.090112952985,16436.57267099843,20999.164877997828,7097.333725029377
1790295787,40,,Aggregated,1.200000,0.000000,19000,19000,20000,20000,20000,21000,21000,21000,21000,21000,21000,854,0,19000,18718.8638948384,16436.57267099843,20999.164877997828,7096.8829039812645
1790295788,40,,Aggregated,1.200000,0.000000,19000,19000,20000,20000,20000,21000,21000,21000,21000,21000,21000,854,0,19000,18718.8638948384,16436.57267099843,20999.164877997828,7096.8829039812645
1790295789,40,,Aggregated,1.300000,0.000000,19000,19000,20000,20000,20000,21000,21000,21000,21000,21000,21000,860,0,19000,18719.55804856046,16436.57267099843,20999.164877997828,7096.262790697674
1790295790,40,,Aggregated,1.500000,0.000000,19000,19000,20000,20000,20000,21000,21000,21000,21000,21000,21000,866,0,19000,18719.530491334866,16436.57267099843,20999.164877997828,7095.554272517321
1790295791,40,,Aggregated,1.500000,0.000000,19000,19000,20000,20000,20000,21000,21000,21000,21000,21000,21000,866,0,19000,18719.530491334866,16436.57267099843,20999.164877997828,7095.554272517321
1790295792,40,,Aggregated,2.200000,0.000000,19000,19000,20000,20000,20000,21000,21000,21000,21000,21000,21000,868,0,19000,18718.25765470391,16436.57267099843,20999.164877997828,7094.882488479263
1790295793,40,,Aggregated,2.500000,0.000000,19000,19000,20000,20000,20000,21000,21000,21000,21000,21000,21000,869,0,19000,18720.449520460294,16436.57267099843,20999.164877997828,7095.542002301496
1790295794,40,,Aggregated,2.500000,0.000000,19000,19000,20000,20000,20000,21000,21000,21000,21000,21000,21000,871,0,19000,18718.650643762332,16436.57267099843,20999.164877997828,7095.05625717566
1790295795,40,,Aggregated,2.400000,0.000000,19000,19000,20000,20000,20000,21000,21000,21000,21000,21000,21000,875,0,19000,18723.917553279985,16436.57267099843,20999.164877997828,7096.488
1790295796,40,,Aggregated,2.500000,0.000000,19000,19000,20000,20000,20000,21000,21000,21000,21000,21000,21000,876,0,19000,18724.683090052495,16436.57267099843,20999.164877997828,7096.5502283105025
1790295797,40,,Aggregated,2.500000,0.000000,19000,19000,20000,20000,20000,21000,21000,21000,21000,21000,21000,878,0,19000,18725.71865552504,16436.57267099843,20999.164877997828,7097.133257403189
1790295798,40,,Aggregated,2.500000,0.000000,19000,19000,20000,20000,20000,21000,21000,21000,21000,21000,21000,878,0,19000,18725.71865552504,16436.57267099843,20999.164877997828,7097.133257403189
1790295799,40,,Aggregated,2.600000,0.000000,19000,19000,20000,20000,20000,21000,21000,21000,21000,21000,21000,879,0,19000,18727.139426122852,16436.57267099843,20999.164877997828,7097.903299203641
1790295800,40,,Aggregated,2.400000,0.000000,19000,19000,20000,20000,20000,21000,21000,21000,21000,21000,21000,880,0,19000,18727.191803181806,16436.57267099843,20999.164877997828,7098.020454545454
1790295801,40,,Aggregated,2.400000,0.000000,19000,19000,20000,20000,20000,21000,21000,21000,21000,21000,21000,880,0,19000,18727.191803181806,16436.57267099843,20999.164877997828,7098.020454545454
1790295802,40,,Aggregated,1.800000,0.000000,19000,19000,20000,20000,20000,21000,21000,21000,21000,21000,21000,884,0,19000,18728.812463378945,16436.57267099843,20999.164877997828,7097.513574660634
1790295803,40,,Aggregated,1.400000,0.000000,19000,19000,20000,20000,20000,21000,21000,21000,21000,21000,21000,886,0,19000,18726.440394425492,16436.57267099843,20999.164877997828,7097.395033860045
1790295804,40,,Aggregated,1.400000,0.000000,19000,19000,20000,20000,20000,21000,21000,21000,21000,21000,21000,886,0,19000,18726.440394425492,16436.57267099843,20999.164877997828,7097.395033860045
1790295805,40,,Aggregated,1.600000,0.000000,19000,19000,20000,20000,20000,21000,21000,21000,21000,21000,21000,889,0,19000,18725.442837743518,16436.57267099843,20999.164877997828,7097.184476940382
1790295806,40,,Aggregated,1.500000,0.000000,19000,19000,20000,20000,20000,21000,21000,21000,21000,21000,21000,891,0,19000,18722.89563014477,16436.57267099843,20999.164877997828,7095.821548821549
1790295807,40,,Aggregated,1.400000,0.000000,19000,19000,20000,20000,20000,21000,21000,21000,21000,21000,21000,893,0,19000,18721.473532338172,16436.57267099843,20999.164877997828,7094.489361702128
1790295808,40,,Aggregated,1.400000,0.000000,19000,19000,20000,20000,20000,21000,21000,21000,21000,21000,21000,898,0,19000,18721.1772358452,16436.57267099843,20999.164877997828,7094.255011135858
1790295809,40,,Aggregated,1.600000,0.000000,19000,19000,20000,20000,20000,21000,21000,21000,21000,21000,21000,900,0,19000,18718.123096199986,16436.57267099843,20999.164877997828,7093.1611111111115
1790295810,40,,Aggregated,1.700000,0.000000,19000,19000,20000,20000,20000,21000,21000,21000,21000,21000,21000,904,0,19000,18718.980370090696,16436.57267099843,20999.164877997828,7094.325221238938
1790295811,40,,Aggregated,1.700000,0.000000,19000,19000,20000,20000,20000,21000,21000,21000,21000,21000,21000,905,0,19000,18719.44965837236,16436.57267099843,20999.164877997828,7094.211049723757
1790295812,40,,Aggregated,2.300000,0.000000,19000,19000,20000,20000,20000,21000,21000,21000,21000,21000,21000,908,0,19000,18720.969662611216,16436.57267099843,20999.164877997828,7095.6640969163
1790295813,40,,Aggregated,2.300000,0.000000,19000,19000,20000,20000,20000,21000,21000,21000,21000,21000,21000,909,0,19000,18720.787284544538,16436.57267099843,20999.164877997828,7095.639163916391
1790295814,40,,Aggregated,2.400000,0.000000,19000,19000,20000,20000,20000,21000,21000,21000,21000,21000,21000,910,0,19000,18720.435520760424,16436.57267099843,20999.164877997828,7095.481318681319
1790295815,40,,Aggregated,2.500000,0.000000,19000,19000,20000,20000,20000,21000,21000,21000,21000,21000,21000,913,0,19000,18720.45208107337,16436.57267099843,20999.164877997828,7094.598028477547
1790295816,40,,Aggregated,2.300000,0.000000,19000,19000,20000,20000,20000,21000,21000,21000,21000,21000,21000,916,0,19000,18722.0536889323,16436.57267099843,20999.164877997828,7094.316593886463
1790295817,40,,Aggregated,2.400000,0.000000,19000,19000,20000,20000,20000,21000,21000,21000,21000,21000,21000,918,0,19000,18723.5423444989,16436.57267099843,20999.164877997828,7095.776688453159
1790295818,40,,Aggregated,2.400000,0.000000,19000,19000,20000,20000,20000,21000,21000,21000,21000,21000,21000,918,0,19000,18723.5423444989,16436.57267099843,20999.164877997828,7095.776688453159
1790295819,40,,Aggregated,2.500000,0.000000,19000,19000,20000,20000,20000,21000,21000,21000,21000,21000,21000,919,0,19000,18722.50107417627,16436.57267099843,20999.164877997828,7095.213275299238
1790295820,40,,Aggregated,2.300000,0.000000,19000,19000,20000,20000,20000,21000,21000,21000,21000,21000,21000,920,0,19000,18724.054734054338,16436.57267099843,20999.164877997828,7095.753260869566
1790295821,40,,Aggregated,2.000000,0.000000,19000,19000,20000,20000,20000,21000,21000,21000,21000,21000,21000,921,0,19000,18722.480134880552,16436.57267099843,20999.164877997828,7095.334419109663
1790295822,40,,Aggregated,1.700000,0.000000,19000,19000,20000,20000,20000,21000,21000,21000,21000,21000,21000,922,0,19000,18722.43121079608,16436.57267099843,20999.164877997828,7095.074837310195
1790295823,40,,Aggregated,1.500000,0.000000,19000,19000,20000,20000,20000,21000,21000,21000,21000,21000,21000,927,0,19000,18724.507293706563,16436.57267099843,20999.164877997828,7096.335490830636
1790295824,40,,Aggregated,1.500000,0.000000,19000,19000,20000,20000,20000,21000,21000,21000,21000,21000,21000,927,0,19000,18724.507293706563,16436.57267099843,20999.164877997828,7096.335490830636
1790295825,40,,Aggregated,1.500000,0.000000,19000,19000,20000,20000,20000,21000,21000,21000,21000,21000,21000,930,0,19000,18723.267345662345,16436.57267099843,20999.164877997828,7095.581720430107
1790295826,40,,Aggregated,1.500000,0.000000,19000,19000,20000,20000,20000,21000,21000,21000,21000,21000,21000,931,0,19000,18722.104287143913,16436.57267099843,20999.164877997828,7095.107411385607
1790295827,40,,Aggregated,1.500000,0.000000,19000,19000,20000,20000,20000,21000,21000,21000,21000,21000,21000,931,0,19000,18722.104287143913,16436.57267099843,20999.164877997828,7095.107411385607
1790295828,40,,Aggregated,1.700000,0.000000,19000,19000,20000,20000,20000,21000,21000,21000,21000,21000,21000,932,0,19000,18724.509513773588,16436.57267099843,20999.164877997828,7096.192060085837
1790295829,40,,Aggregated,1.400000,0.000000,19000,19000,20000,20000,20000,21000,21000,21000,21000,21000,21000,938,0,19000,18722.893513363535,16436.57267099843,20999.164877997828,7096.356076759062
1790295830,40,,Aggregated,1.300000,0.000000,19000,19000,20000,20000,20000,21000,21000,21000,21000,21000,21000,942,0,19000,18731.412129829074,16436.57267099843,21106.8660719975,7098.089171974522
1790295831,40,,Aggregated,1.500000,0.000000,19000,19000,20000,20000,20000,21000,21000,21000,21000,21000,21000,945,0,19000,18733.601365166127,16436.57267099843,21106.8660719975,7098.574603174603
1790295832,40,,Aggregated,1.900000,0.000000,19000,19000,20000,20000,20000,21000,21000,21000,21000,21000,21000,947,0,19000,18734.39568678246,16436.57267099843,21106.8660719975,7099.41393875396
1790295833,40,,Aggregated,1.900000,0.000000,19000,19000,20000,20000,20000,21000,21000,21000,21000,21000,21000,947,0,19000,18734.39568678246,16436.57267099843,21106.8660719975,7099.41393875396
1790295834,40,,Aggregated,2.200000,0.000000,19000,19000,20000,20000,20000,21000,21000,21000,21000,21000,21000,948,0,19000,18736.473028139226,16436.57267099843,21106.8660719975,7099.398734177215
1790295835,40,,Aggregated,2.300000,0.000000,19000,19000,20000,20000,20000,21000,21000,21000,21000,21000,21000,952,0,19000,18740.023896367635,16436.57267099843,21106.8660719975,7099.165966386555
1790295836,40,,Aggregated,2.100000,0.000000,19000,19000,20000,20000,20000,21000,21000,21000,21000,21000,21000,955,0,19000,18739.584674402082,16436.57267099843,21106.8660719975,7098.514136125655
1790295837,40,,Aggregated,2.200000,0.000000,19000,19000,20000,20000,20000,21000,21000,21000,21000,21000,21000,957,0,19000,18742.085640552756,16436.57267099843,21106.8660719975,7099.496342737722
1790295838,40,,Aggregated,2.200000,0.000000,19000,19000,20000,20000,20000,21000,21000,21000,21000,21000,21000,958,0,19000,18740.582429863243,16436.57267099843,21106.8660719975,7098.799582463465
1790295839,40,,Aggregated,2.400000,0.000000,19000,19000,20000,20000,20000,21000,21000,21000,21000,21000,21000,959,0,19000,18742.184797778922,16436.57267099843,21106.8660719975,7099.386861313868
1790295840,40,,Aggregated,2.700000,0.000000,19000,19000,20000,20000,20000,21000,21000,21000,21000,21000,21000,960,0,19000,18741.921118621864,16436.57267099843,21106.8660719975,7099.290625
1790295841,40,,Aggregated,2.500000,0.000000,19000,19000,20000,20000,20000,21000,21000,21000,21000,21000,21000,962,0,19000,18739.69898668502,16436.57267099843,21106.8660719975,7098.51975051975
1790295842,40,,Aggregated,2.500000,0.000000,19000,19000,20000,20000,20000,21000,21000,21000,21000,21000,21000,962,0,19000,18739.69898668502,16436.57267099843,21106.8660719975,7098.51975051975
1790295843,40,,Aggregated,1.800000,0.000000,19000,19000,20000,20000,20000,21000,21000,21000,21000,21000,21000,963,0,19000,18739.550685928334,16436.57267099843,21106.8660719975,7098.6116303219105
1790295844,40,,Aggregated,1.700000,0.000000,19000,19000,20000,20000,20000,21000,21000,21000,21000,21000,21000,967,0,19000,18738.8941401458,16436.57267099843,21106.8660719975,7097.265770423992
1790295845,40,,Aggregated,1.500000,0.000000,19000,19000,20000,20000,20000,21000,21000,21000,21000,21000,21000,968,0,19000,18740.538836717962,16436.57267099843,21106.8660719975,7097.915289256199
1790295846,40,,Aggregated,1.600000,0.000000,19000,19000,20000,20000,20000,21000,21000,21000,21000,21000,21000,971,0,19000,18744.179416559207,16436.57267099843,21106.8660719975,7098.993820803295
1790295847,40,,Aggregated,1.600000,0.000000,19000,19000,20000,20000,20000,21000,21000,21000,21000,21000,21000,971,0,19000,18744.179416559207,16436.57267099843,21106.8660719975,7098.993820803295
1790295848,40,,Aggregated,1.600000,0.000000,19000,19000,20000,20000,20000,21000,21000,21000,21000,21000,21000,972,0,19000,18743.105576203696,16436.57267099843,21106.8660719975,7098.668724279835
1790295849,40,,Aggregated,1.600000,0.000000,19000,19000,20000,20000,20000,21000,21000,21000,21000,21000,21000,975,0,19000,18741.229857312814,16436.57267099843,21106.8660719975,7097.6451282051285
1790295850,40,,Aggregated,1.300000,0.000000,19000,19000,20000,20000,20000,21000,21000,21000,21000,21000,21000,979,0,19000,18745.996536948925,16436.57267099843,21106.8660719975,7098.2349336057205
1790295851,40,,Aggregated,1.400000,0.000000,19000,19000,20000,20000,20000,21000,21000,21000,21000,21000,21000,983,0,19000,18747.821235623604,16436.57267099843,21106.8660719975,7099.070193285859
1790295852,40,,Aggregated,1.800000,0.000000,19000,19000,20000,20000,20000,21000,21000,21000,21000,21000,21000,984,0,19000,18747.529345033538,16436.57267099843,21106.8660719975,7098.6880081300815
1790295853,40,,Aggregated,1.900000,0.000000,19000,19000,20000,20000,20000,21000,21000,21000,21000,21000,21000,987,0,19000,18749.724958216822,16436.57267099843,21106.8660719975,7098.458966565349
1790295854,40,,Aggregated,2.100000,0.000000,19000,19000,20000,20000,20000,21000,21000,21000,21000,21000,21000,988,0,19000,18751.546825025307,16436.57267099843,21106.8660719975,7099.102226720648
1790295855,40,,Aggregated,2.200000,0.000000,19000,19000,20000,20000,20000,21000,21000,21000,21000,21000,21000,990,0,19000,18750.259286625253,16436.57267099843,21106.8660719975,7097.767676767677
1790295856,40,,Aggregated,2.300000,0.000000,19000,19000,20000,20000,20000,21000,21000,21000,21000,21000,21000,993,0,19000,18753.054852021152,16436.57267099843,21106.8660719975,7097.691842900302
1790295857,40,,Aggregated,2.100000,0.000000,19000,19000,20000,20000,20000,21000,21000,21000,21000,21000,21000,996,0,19000,18756.710526289156,16436.57267099843,21106.8660719975,7098.373493975903
1790295858,40,,Aggregated,2.100000,0.000000,19000,19000,20000,20000,20000,21000,21000,21000,21000,21000,21000,997,0,19000,18757.15230166299,16436.57267099843,21106.8660719975,7098.626880641926
1790295859,40,,Aggregated,2.200000,0.000000,19000,19000,20000,20000,20000,21000,21000,21000,21000,21000,21000,998,0,19000,18758.05307588377,16436.57267099843,21106.8660719975,7098.690380761523
1790295860,40,,Aggregated,2.200000,0.000000,19000,19000,20000,20000,20000,21000,21000,21000,21000,21000,21000,998,0,19000,18758.05307588377,16436.57267099843,21106.8660719975,7098.690380761523
1790295861,40,,Aggregated,2.500000,0.000000,19000,19000,20000,20000,20000,21000,21000,21000,21000,21000,21000,999,0,19000,18759.526257105106,16436.57267099843,21106.8660719975,7098.143143143143
1790295862,40,,Aggregated,2.100000,0.000000,19000,19000,20000,20000,20000,21000,21000,21000,21000,21000,21000,1002,0,19000,18762.71744125848,16436.57267099843,21106.8660719975,7098.9800399201595
1790295863,40,,Aggregated,1.900000,0.000000,19000,19000,20000,20000,20000,21000,21000,21000,21000,21000,21000,1006,0,19000,18759.34936291054,16436.57267099843,21106.8660719975,7097.1043737574555
1790295864,40,,Aggregated,1.600000,0.000000,19000,19000,20000,20000,20000,21000,21000,21000,21000,21000,21000,1007,0,19000,18759.6865884856,16436.57267099843,21106.8660719975,7097.302879841112
1790295865,40,,Aggregated,1.800000,0.000000,19000,19000,20000,20000,20000,21000,21000,21000,21000,21000,21000,1008,0,19000,18760.207857161706,16436.57267099843,21106.8660719975,7097.7599206349205
1790295866,40,,Aggregated,1.800000,0.000000,19000,19000,20000,20000,20000,21000,21000,21000,21000,21000,21000,1008,0,19000,18760.207857161706,16436.57267099843,21106.8660719975,7097.7599206349205
1790295867,40,,Aggregated,1.900000,0.000000,19000,19000,20000,20000,20000,21000,21000,21000,21000,21000,21000,1010,0,19000,18759.57749799604,16436.57267099843,21106.8660719975,7097.523762376238
1790295868,40,,Aggregated,1.700000,0.000000,19000,19000,20000,20000,20000,21000,21000,21000,21000,21000,21000,1012,0,19000,18760.141896908102,16436.57267099843,21106.8660719975,7097.370553359684
1790295869,40,,Aggregated,1.500000,0.000000,19000,19000,20000,20000,20000,21000,21000,21000,21000,21000,21000,1016,0,19000,18760.92971433956,16436.57267099843,21106.8660719975,7095.991141732284
1790295870,40,,Aggregated,1.300000,0.000000,19000,19000,20000,20000,20000,21000,21000,21000,21000,21000,21000,1018,0,19000,18760.945662732796,16436.57267099843,21106.8660719975,7094.860510805501
1790295871,40,,Aggregated,1.600000,0.000000,19000,19000,20000,20000,20000,21000,21000,21000,21000,21000,21000,1021,0,19000,18762.492891808022,16436.57267099843,21106.8660719975,7095.478942213516
1790295872,40,,Aggregated,1.800000,0.000000,19000,19000,20000,20000,20000,21000,21000,21000,21000,21000,21000,1024,0,19000,18760.400763644524,16436.57267099843,21106.8660719975,7094.8388671875
1790295873,40,,Aggregated,2.000000,0.000000,19000,19000,20000,20000,20000,21000,21000,21000,21000,21000,21000,1025,0,19000,18761.38448405658,16436.57267099843,21106.8660719975,7094.961951219512
1790295874,40,,Aggregated,2.200000,0.000000,19000,19000,20000,20000,20000,21000,21000,21000,21000,21000,21000,1027,0,19000,18763.27990621421,16436.57267099843,21106.8660719975,7094.734177215189
1790295876,40,,Aggregated,2.200000,0.000000,19000,19000,20000,20000,20000,21000,21000,21000,21000,21000,21000,1029,0,19000,18763.04597403984,16436.57267099843,21106.8660719975,7095.0767735665695
1790295877,40,,Aggregated,1.900000,0.000000,19000,19000,20000,20000,20000,21000,21000,21000,21000,21000,21000,1034,0,19000,18762.69435249904,16436.57267099843,21106.8660719975,7094.204061895552
1790295878,40,,Aggregated,2.000000,0.000000,19000,19000,20000,20000,20000,21000,21000,21000,21000,21000,21000,1035,0,19000,18761.99774802416,16436.57267099843,21106.8660719975,7093.531400966183
1790295879,40,,Aggregated,2.100000,0.000000,19000,19000,20000,20000,20000,21000,21000,21000,21000,21000,21000,1037,0,19000,18763.82620388525,16436.57267099843,21106.8660719975,7094.050144648023
1790295880,40,,Aggregated,2.100000,0.000000,19000,19000,20000,20000,20000,21000,21000,21000,21000,21000,21000,1037,0,19000,18763.82620388525,16436.57267099843,21106.8660719975,7094.050144648023
1790295881,40,,Aggregated,2.100000,0.000000,19000,19000,20000,20000,20000,21000,21000,21000,21000,21000,21000,1037,0,19000,18763.82620388525,16436.57267099843,21106.8660719975,7094.050144648023
1790295882,40,,Aggregated,2.400000,0.000000,19000,19000,20000,20000,20000,21000,21000,21000,21000,21000,21000,1039,0,19000,18765.6443931078,16436.57267099843,21106.8660719975,7093.41385948027
1790295883,40,,Aggregated,1.900000,0.000000,19000,19000,20000,20000,20000,21000,21000,21000,21000,21000,21000,1042,0,19000,18763.88703486469,16436.57267099843,21106.8660719975,7091.6717850287905
1790295884,40,,Aggregated,1.800000,0.000000,19000,19000,20000,20000,20000,21000,21000,21000,21000,21000,21000,1045,0,19000,18765.33204690335,16436.57267099843,21106.8660719975,7091.06985645933
1790295885,40,,Aggregated,1.800000,0.000000,19000,19000,20000,20000,20000,21000,21000,21000,21000,21000,21000,1047,0,19000,18767.01063418147,16436.57267099843,21106.8660719975,7091.224450811844
1790295886,40,,Aggregated,1.800000,0.000000,19000,19000,20000,20000,20000,21000,21000,21000,21000,21000,21000,1047,0,19000,18767.01063418147,16436.57267099843,21106.8660719975,7091.224450811844
1790295887,40,,Aggregated,1.800000,0.000000,19000,19000,20000,20000,20000,21000,21000,21000,21000,21000,21000,1047,0,19000,18767.01063418147,16436.57267099843,21106.8660719975,7091.224450811844
1790295888,40,,Aggregated,1.800000,0.000000,19000,19000,20000,20000,20000,21000,21000,21000,21000,21000,21000,1047,0,19000,18767.01063418147,16436.57267099843,21106.8660719975,7091.224450811844
1790295889,40,,Aggregated,1.800000,0.000000,19000,19000,20000,20000,20000,21000,21000,21000,21000,21000,21000,1048,0,19000,18768.727957042942,16436.57267099843,21106.8660719975,7091.694656488549
1790295890,40,,Aggregated,1.300000,0.000000,19000,19000,20000,20000,20000,21000,21000,21000,21000,21000,21000,1055,0,19000,18771.535065076776,16436.57267099843,21106.8660719975,7091.616113744076
1790295891,40,,Aggregated,1.100000,0.000000,19000,19000,20000,20000,20000,21000,21000,21000,21000,21000,21000,1057,0,19000,18771.048312029325,16436.57267099843,21106.8660719975,7091.106906338694
1790295892,40,,Aggregated,1.100000,0.000000,19000,19000,20000,20000,20000,21000,21000,21000,21000,21000,21000,1060,0,19000,18769.112481983957,16436.57267099843,21106.8660719975,7090.15
1790295893,40,,Aggregated,1.800000,0.000000,19000,19000,20000,20000,20000,21000,21000,21000,21000,21000,21000,1063,0,19000,18770.549136158985,16436.57267099843,21106.8660719975,7089.932267168391
1790295894,40,,Aggregated,1.900000,0.000000,19000,19000,20000,20000,20000,21000,21000,21000,21000,21000,21000,1065,0,19000,18770.961227741784,16436.57267099843,21106.8660719975,7090.210328638497
1790295895,40,,Aggregated,2.100000,0.000000,19000,19000,20000,20000,20000,21000,21000,21000,21000,21000,21000,1067,0,19000,18774.752600593256,16436.57267099843,21106.8660719975,7090.395501405811
1790295896,40,,Aggregated,2.200000,0.000000,19000,19000,20000,20000,20000,21000,21000,21000,21000,21000,21000,1068,0,19000,18773.641064731277,16436.57267099843,21106.8660719975,7090.024344569289
1790295897,40,,Aggregated,2.000000,0.000000,19000,19000,20000,20000,20000,21000,21000,21000,21000,21000,21000,1071,0,19000,18775.949024126054,16436.57267099843,21106.8660719975,7090.22502334267
1790295898,40,,Aggregated,2.000000,0.000000,19000,19000,20000,20000,20000,21000,21000,21000,21000,21000,21000,1074,0,19000,18775.71847295065,16436.57267099843,21106.8660719975,7090.459962756052
1790295899,40,,Aggregated,2.100000,0.000000,19000,19000,20000,20000,20000,21000,21000,21000,21000,21000,21000,1075,0,19000,18777.53829114698,16436.57267099843,21106.8660719975,7091.181395348837
1790295900,40,,Aggregated,2.300000,0.000000,19000,19000,20000,20000,20000,21000,21000,21000,21000,21000,21000,1077,0,19000,18780.332833266482,16436.57267099843,21106.8660719975,7091.851439182916
1790295901,40,,Aggregated,2.700000,0.000000,19000,19000,20000,20000,20000,21000,21000,21000,21000,21000,21000,1078,0,19000,18779.89221245362,16436.57267099843,21106.8660719975,7091.754174397031
1790295902,40,,Aggregated,2.700000,0.000000,19000,19000,20000,20000,20000,21000,21000,21000,21000,21000,21000,1078,0,19000,18779.89221245362,16436.57267099843,21106.8660719975,7091.754174397031
1790295903,40,,Aggregated,2.100000,0.000000,19000,19000,20000,20000,20000,21000,21000,21000,21000,21000,21000,1080,0,19000,18780.73256620185,16436.57267099843,21106.8660719975,7092.09074074074
1790295904,40,,Aggregated,2.100000,0.000000,19000,19000,20000,20000,20000,21000,21000,21000,21000,21000,21000,1081,0,19000,18781.906209925994,16436.57267099843,21106.8660719975,7092.3015726179465
1790295905,40,,Aggregated,1.800000,0.000000,19000,19000,20000,20000,20000,21000,21000,21000,21000,21000,21000,1082,0,19000,18783.049247896488,16436.57267099843,21106.8660719975,7093.3391866913125
1790295906,40,,Aggregated,1.600000,0.000000,19000,19000,20000,20000,20000,21000,21000,21000,21000,21000,21000,1086,0,19000,18788.21988064825,16436.57267099843,21106.8660719975,7095.4162062615105
1790295907,40,,Aggregated,1.600000,0.000000,19000,19000,20000,20000,20000,21000,21000,21000,21000,21000,21000,1087,0,19000,18789.814320513335,16436.57267099843,21106.8660719975,7096.030358785649
1790295908,40,,Aggregated,1.600000,0.000000,19000,19000,20000,20000,20000,21000,21000,21000,21000,21000,21000,1088,0,19000,18788.594694661762,16436.57267099843,21106.8660719975,7095.63143382353
1790295909,40,,Aggregated,1.700000,0.000000,19000,19000,20000,20000,20000,21000,21000,21000,21000,21000,21000,1090,0,19000,18787.925079718345,16436.57267099843,21106.8660719975,7095.075229357798
1790295910,40,,Aggregated,1.700000,0.000000,19000,19000,20000,20000,20000,21000,21000,21000,21000,21000,21000,1092,0,19000,18786.73737392399,16436.57267099843,21106.8660719975,7094.85989010989
1790295911,40,,Aggregated,1.300000,0.000000,19000,19000,20000,20000,20000,21000,21000,21000,21000,21000,21000,1096,0,19000,18788.68178253375,16436.57267099843,21106.8660719975,7095.955291970803
1790295912,40,,Aggregated,1.500000,0.000000,19000,19000,20000,20000,20000,21000,21000,21000,21000,21000,21000,1100,0,19000,18786.123766909994,16436.57267099843,21106.8660719975,7095.557272727273
1790295913,40,,Aggregated,1.900000,0.000000,19000,19000,20000,20000,20000,21000,21000,21000,21000,21000,21000,1102,0,19000,18785.521543954623,16436.57267099843,21106.8660719975,7095.269509981851
1790295914,40,,Aggregated,1.900000,0.000000,19000,19000,20000,20000,20000,21000,21000,21000,21000,21000,21000,1105,0,19000,18787.811560243437,16436.57267099843,21106.8660719975,7096.627149321267
1790295915,40,,Aggregated,1.900000,0.000000,19000,19000,20000,20000,20000,21000,21000,21000,21000,21000,21000,1105,0,19000,18787.811560243437,16436.57267099843,21106.8660719975,7096.627149321267
1790295916,40,,Aggregated,2.300000,0.000000,19000,19000,20000,20000,20000,21000,21000,21000,21000,21000,21000,1107,0,19000,18789.016498261062,16436.57267099843,21106.8660719975,7096.556458897922
1790295917,40,,Aggregated,2.400000,0.000000,19000,19000,20000,20000,20000,21000,21000,21000,21000,21000,21000,1109,0,19000,18789.858485368793,16436.57267099843,21106.8660719975,7097.420198376916
1790295918,40,,Aggregated,2.300000,0.000000,19000,19000,20000,20000,20000,21000,21000,21000,21000,21000,21000,1110,0,19000,18788.652903453145,16436.57267099843,21106.8660719975,7096.992792792793
1790295919,40,,Aggregated,2.200000,0.000000,19000,19000,20000,20000,20000,21000,21000,21000,21000,21000,21000,1114,0,19000,18788.997042254032,16436.57267099843,21106.8660719975,7097.548473967684
1790295920,40,,Aggregated,2.200000,0.000000,19000,19000,20000,20000,20000,21000,21000,21000,21000,21000,21000,1116,0,19000,18791.126720362,16436.57267099843,21106.8660719975,7097.697132616488
1790295921,40,,Aggregated,2.300000,0.000000,19000,19000,20000,20000,20000,21000,21000,21000,21000,21000,21000,1117,0,19000,18792.872658190685,16436.57267099843,21106.8660719975,7098.972247090421
1790295922,40,,Aggregated,2.400000,0.000000,19000,19000,20000,20000,20000,21000,21000,21000,21000,21000,21000,1118,0,19000,18791.92326380232,16436.57267099843,21106.8660719975,7098.466905187835
1790295923,40,,Aggregated,2.100000,0.000000,19000,19000,20000,20000,20000,21000,21000,21000,21000,21000,21000,1120,0,19000,18792.77480684017,16436.57267099843,21106.8660719975,7098.440178571429
1790295924,40,,Aggregated,2.100000,0.000000,19000,19000,20000,20000,20000,21000,21000,21000,21000,21000,21000,1120,0,19000,18792.77480684017,16436.57267099843,21106.8660719975,7098.440178571429
1790295925,40,,Aggregated,1.800000,0.000000,19000,19000,20000,20000,20000,21000,21000,21000,21000,21000,21000,1122,0,19000,18792.239703100702,16436.57267099843,21106.8660719975,7098.422459893048
1790295926,40,,Aggregated,1.700000,0.000000,19000,19000,20000,20000,20000,21000,21000,21000,21000,21000,21000,1124,0,19000,18793.514186801593,16436.57267099843,21106.8660719975,7098.372775800712
1790295927,40,,Aggregated,1.700000,0.000000,19000,19000,20000,20000,20000,21000,21000,21000,21000,21000,21000,1124,0,19000,18793.514186801593,16436.57267099843,21106.8660719975,7098.372775800712
1790295928,40,,Aggregated,1.700000,0.000000,19000,19000,20000,20000,20000,21000,21000,21000,21000,21000,21000,1126,0,19000,18794.34952041207,16436.57267099843,21106.8660719975,7097.510657193606
1790295929,40,,Aggregated,1.500000,0.000000,19000,19000,20000,20000,20000,21000,21000,21000,21000,21000,21000,1130,0,19000,18797.19348046636,16436.57267099843,21106.8660719975,7097.326548672567
1790295930,40,,Aggregated,1.500000,0.000000,19000,19000,20000,20000,20000,21000,21000,21000,21000,21000,21000,1133,0,19000,18796.944464862307,16436.57267099843,21106.8660719975,7096.437775816416
1790295931,40,,Aggregated,1.400000,0.000000,19000,19000,20000,20000,20000,21000,21000,21000,21000,21000,21000,1135,0,19000,18795.79400085198,16436.57267099843,21106.8660719975,7096.6704845814975
1790295932,40,,Aggregated,1.700000,0.000000,19000,19000,20000,20000,20000,21000,21000,21000,21000,21000,21000,1139,0,19000,18795.51238974627,16436.57267099843,21106.8660719975,7096.9701492537315
1790295933,40,,Aggregated,1.800000,0.000000,19000,19000,20000,20000,20000,21000,21000,21000,21000,21000,21000,1141,0,19000,18796.674391532866,16436.57267099843,21106.8660719975,7097.056091148116
1790295934,40,,Aggregated,1.800000,0.000000,19000,19000,20000,20000,20000,21000,21000,21000,21000,21000,21000,1143,0,19000,18798.662726681538,16436.57267099843,21106.8660719975,7097.658792650918
1790295935,40,,Aggregated,2.200000,0.000000,19000,19000,20000,20000,20000,21000,21000,21000,21000,21000,21000,1145,0,19000,18798.163817986893,16436.57267099843,21106.8660719975,7097.586899563319
1790295936,40,,Aggregated,2.200000,0.000000,19000,19000,20000,20000,20000,21000,21000,21000,21000,21000,21000,1146,0,19000,18797.639600529663,16436.57267099843,21106.8660719975,7096.984293193717
1790295937,40,,Aggregated,2.300000,0.000000,19000,19000,20000,20000,20000,21000,21000,21000,21000,21000,21000,1148,0,19000,18799.296046482566,16436.57267099843,21106.8660719975,7097.3815331010455
1790295938,40,,Aggregated,2.200000,0.000000,19000,19000,20000,20000,20000,21000,21000,21000,21000,21000,21000,1150,0,19000,18799.218961519124,16436.57267099843,21106.8660719975,7096.698260869565
1790295939,40,,Aggregated,2.400000,0.000000,19000,19000,20000,20000,20000,21000,21000,21000,21000,21000,21000,1152,0,19000,18800.82949943055,16436.57267099843,21106.8660719975,7097.6328125
1790295940,40,,Aggregated,2.500000,0.000000,19000,19000,20000,20000,20000,21000,21000,21000,21000,21000,21000,1155,0,19000,18802.787354336797,16436.57267099843,21106.8660719975,7097.717748917749
1790295941,40,,Aggregated,2.500000,0.000000,19000,19000,20000,20000,20000,21000,21000,21000,21000,21000,21000,1155,0,19000,18802.787354336797,16436.57267099843,21106.8660719975,7097.717748917749
1790295942,40,,Aggregated,2.300000,0.000000,19000,19000,20000,20000,20000,21000,21000,21000,21000,21000,21000,1158,0,19000,18804.177221986178,16436.57267099843,21106.8660719975,7098.3298791019
1790295943,40,,Aggregated,2.300000,0.000000,19000,19000,20000,20000,20000,21000,21000,21000,21000,21000,21000,1158,0,19000,18804.177221986178,16436.57267099843,21106.8660719975,7098.3298791019
1790295944,40,,Aggregated,2.100000,0.000000,19000,19000,20000,20000,20000,21000,21000,21000,21000,21000,21000,1162,0,19000,18801.831306075732,16436.57267099843,21106.8660719975,7096.326161790017
1790295945,40,,Aggregated,2.100000,0.000000,19000,19000,20000,20000,20000,21000,21000,21000,21000,21000,21000,1163,0,19000,18803.115989103182,16436.57267099843,21106.8660719975,7096.429062768701
1790295946,40,,Aggregated,2.100000,0.000000,19000,19000,20000,20000,20000,21000,21000,21000,21000,21000,21000,1163,0,19000,18803.115989103182,16436.57267099843,21106.8660719975,7096.429062768701
1790295947,40,,Aggregated,2.100000,0.000000,19000,19000,20000,20000,20000,21000,21000,21000,21000,21000,21000,1163,0,19000,18803.115989103182,16436.57267099843,21106.8660719975,7096.429062768701
1790295948,40,,Aggregated,1.700000,0.000000,19000,19000,20000,20000,20000,21000,21000,21000,21000,21000,21000,1166,0,19000,18802.86962709777,16436.57267099843,21106.8660719975,7096.805317324185
1790295949,40,,Aggregated,1.500000,0.000000,19000,19000,20000,20000,20000,21000,21000,21000,21000,21000,21000,1170,0,19000,18799.710576263253,16436.57267099843,21106.8660719975,7094.888034188034
1790295950,40,,Aggregated,1.500000,0.000000,19000,19000,20000,20000,20000,21000,21000,21000,21000,21000,21000,1171,0,19000,18800.93566041076,16436.57267099843,21106.8660719975,7095.179333902647
1790295951,40,,Aggregated,1.700000,0.000000,19000,19000,20000,20000,20000,21000,21000,21000,21000,21000,21000,1175,0,19000,18801.089418068936,16436.57267099843,21106.8660719975,7094.984680851064
1790295952,40,,Aggregated,1.700000,0.000000,19000,19000,20000,20000,20000,21000,21000,21000,21000,21000,21000,1179,0,19000,18804.216382068706,16436.57267099843,21106.8660719975,7095.394402035623
1790295953,40,,Aggregated,1.700000,0.000000,19000,19000,20000,20000,20000,21000,21000,21000,21000,21000,21000,1181,0,19000,18803.525682342934,16436.57267099843,21106.8660719975,7095.10584250635
1790295954,40,,Aggregated,1.800000,0.000000,19000,19000,20000,20000,20000,21000,21000,21000,21000,21000,21000,1182,0,19000,18803.579398824033,16436.57267099843,21106.8660719975,7094.6057529610825
1790295955,40,,Aggregated,2.300000,0.000000,19000,19000,20000,20000,20000,21000,21000,21000,21000,21000,21000,1185,0,19000,18804.030618533336,16436.57267099843,21106.8660719975,7094.403375527426
1790295956,40,,Aggregated,2.300000,0.000000,19000,19000,20000,20000,20000,21000,21000,21000,21000,21000,21000,1186,0,19000,18804.305203395452,16436.57267099843,21106.8660719975,7094.129848229342
1790295957,40,,Aggregated,2.300000,0.000000,19000,19000,20000,20000,20000,21000,21000,21000,21000,21000,21000,1186,0,19000,18804.305203395452,16436.57267099843,21106.8660719975,7094.129848229342
1790295958,40,,Aggregated,2.200000,0.000000,19000,19000,20000,20000,20000,21000,21000,21000,21000,21000,21000,1190,0,19000,18804.156270952106,16436.57267099843,21106.8660719975,7094.128571428571
1790295959,40,,Aggregated,2.300000,0.000000,19000,19000,20000,20000,20000,21000,21000,21000,21000,21000,21000,1192,0,19000,18803.925130747488,16436.57267099843,21106.8660719975,7093.488255033557
1790295960,40,,Aggregated,2.400000,0.000000,19000,19000,20000,20000,20000,21000,21000,21000,21000,21000,21000,1193,0,19000,18804.83551826488,16436.57267099843,21106.8660719975,7093.94719195306
1790295961,40,,Aggregated,2.300000,0.000000,19000,19000,20000,20000,20000,21000,21000,21000,21000,21000,21000,1195,0,19000,18805.796824257744,16436.57267099843,21106.8660719975,7094.383263598326
1790295962,40,,Aggregated,2.100000,0.000000,19000,19000,20000,20000,20000,21000,21000,21000,21000,21000,21000,1198,0,19000,18805.647375772965,16436.57267099843,21106.8660719975,7094.312186978297
1790295963,40,,Aggregated,2.100000,0.000000,19000,19000,20000,20000,20000,21000,21000,21000,21000,21000,21000,1199,0,19000,18804.838608985832,16436.57267099843,21106.8660719975,7094.105087572977
1790295964,40,,Aggregated,2.000000,0.000000,19000,19000,20000,20000,20000,21000,21000,21000,21000,21000,21000,1201,0,19000,18803.078888055796,16436.57267099843,21106.8660719975,7092.482930890924
1790295965,40,,Aggregated,2.000000,0.000000,19000,19000,20000,20000,20000,21000,21000,21000,21000,21000,21000,1202,0,19000,18802.808376673886,16436.57267099843,21106.8660719975,7092.635607321132
1790295966,40,,Aggregated,1.800000,0.000000,19000,19000,20000,20000,20000,21000,21000,21000,21000,21000,21000,1203,0,19000,18804.0564340823,16436.57267099843,21106.8660719975,7092.842061512884
1790295967,40,,Aggregated,1.900000,0.000000,19000,19000,20000,20000,20000,21000,21000,21000,21000,21000,21000,1205,0,19000,18802.190634143575,16436.57267099843,21106.8660719975,7092.191701244813
1790295968,40,,Aggregated,1.700000,0.000000,19000,19000,20000,20000,20000,21000,21000,21000,21000,21000,21000,1207,0,19000,18801.781765959415,16436.57267099843,21106.8660719975,7092.285004142502
1790295969,40,,Aggregated,1.700000,0.000000,19000,19000,20000,20000,20000,21000,21000,21000,21000,21000,21000,1207,0,19000,18801.781765959415,16436.57267099843,21106.8660719975,7092.285004142502
1790295970,40,,Aggregated,1.600000,0.000000,19000,19000,20000,20000,20000,21000,21000,21000,21000,21000,21000,1209,0,19000,18802.501602412747,16436.57267099843,21106.8660719975,7092.27129859388
1790295971,40,,Aggregated,1.600000,0.000000,19000,19000,20000,20000,20000,21000,21000,21000,21000,21000,21000,1213,0,19000,18804.3302798747,16436.57267099843,21106.8660719975,7093.575432811212
1790295972,40,,Aggregated,1.500000,0.000000,19000,19000,20000,20000,20000,21000,21000,21000,21000,21000,21000,1218,0,19000,18806.13731917735,16436.57267099843,21106.8660719975,7094.632183908046
1790295973,40,,Aggregated,1.600000,0.000000,19000,19000,20000,20000,20000,21000,21000,21000,21000,21000,21000,1221,0,19000,18809.93193213433,16436.57267099843,21106.8660719975,7095.733824733825
1790295974,40,,Aggregated,1.600000,0.000000,19000,19000,20000,20000,20000,21000,21000,21000,21000,21000,21000,1221,0,19000,18809.93193213433,16436.57267099843,21106.8660719975,7095.733824733825
1790295975,40,,Aggregated,1.700000,0.000000,19000,19000,20000,20000,20000,21000,21000,21000,21000,21000,21000,1223,0,19000,18809.424435998375,16436.57267099843,21106.8660719975,7094.940310711366
1790295976,40,,Aggregated,2.100000,0.000000,19000,19000,20000,20000,20000,21000,21000,21000,21000,21000,21000,1226,0,19000,18808.74620397799,16436.57267099843,21106.8660719975,7094.989396411093
1790295977,40,,Aggregated,2.100000,0.000000,19000,19000,20000,20000,20000,21000,21000,21000,21000,21000,21000,1227,0,19000,18810.099629903027,16436.57267099843,21106.8660719975,7095.37326813366
1790295978,40,,Aggregated,2.100000,0.000000,19000,19000,20000,20000,20000,21000,21000,21000,21000,21000,21000,1228,0,19000,18810.36024169871,16436.57267099843,21106.8660719975,7095.526872964169
1790295979,40,,Aggregated,2.400000,0.000000,19000,19000,20000,20000,20000,21000,21000,21000,21000,21000,21000,1231,0,19000,18811.39196331195,16436.57267099843,21106.8660719975,7094.831844029244
1790295980,40,,Aggregated,2.400000,0.000000,19000,19000,20000,20000,20000,21000,21000,21000,21000,21000,21000,1233,0,19000,18810.806960179252,16436.57267099843,21106.8660719975,7094.592051905921
1790295981,40,,Aggregated,2.200000,0.000000,19000,19000,20000,20000,20000,21000,21000,21000,21000,21000,21000,1236,0,19000,18809.94740613836,16436.57267099843,21106.8660719975,7093.63996763754
1790295982,40,,Aggregated,2.600000,0.000000,19000,19000,20000,20000,20000,21000,21000,21000,21000,21000,21000,1238,0,19000,18808.66734523991,16436.57267099843,21106.8660719975,7093.035541195477
1790295983,40,,Aggregated,2.500000,0.000000,19000,19000,20000,20000,20000,21000,21000,21000,21000,21000,21000,1240,0,19000,18809.63881513227,16436.57267099843,21106.8660719975,7092.970161290323
1790295984,40,,Aggregated,2.200000,0.000000,19000,19000,20000,20000,20000,21000,21000,21000,21000,21000,21000,1241,0,19000,18808.96598927882,16436.57267099843,21106.8660719975,7092.6277195809835
1790295985,40,,Aggregated,2.200000,0.000000,19000,19000,20000,20000,20000,21000,21000,21000,21000,21000,21000,1241,0,19000,18808.96598927882,16436.57267099843,21106.8660719975,7092.6277195809835
1790295986,40,,Aggregated,1.900000,0.000000,19000,19000,20000,20000,20000,21000,21000,21000,21000,21000,21000,1243,0,19000,18809.80778944249,16436.57267099843,21106.8660719975,7092.963797264682
1790295987,40,,Aggregated,1.800000,0.000000,19000,19000,20000,20000,20000,21000,21000,21000,21000,21000,21000,1244,0,19000,18810.67428692686,16436.57267099843,21106.8660719975,7093.164790996784
1790295988,40,,Aggregated,1.800000,0.000000,19000,19000,20000,20000,20000,21000,21000,21000,21000,21000,21000,1245,0,19000,18810.699101345395,16436.57267099843,21106.8660719975,7092.677108433735
1790295989,40,,Aggregated,1.600000,0.000000,19000,19000,20000,20000,20000,21000,21000,21000,21000,21000,21000,1247,0,19000,18809.436130349655,16436.57267099843,21106.8660719975,7092.546110665598
1790295990,40,,Aggregated,1.800000,0.000000,19000,19000,20000,20000,20000,21000,21000,21000,21000,21000,21000,1248,0,19000,18808.80985450562,16436.57267099843,21106.8660719975,7092.408653846154
1790295991,40,,Aggregated,1.700000,0.000000,19000,19000,20000,20000,20000,21000,21000,21000,21000,21000,21000,1252,0,19000,18809.46613626838,16436.57267099843,21106.8660719975,7092.821884984026
1790295992,40,,Aggregated,1.400000,0.000000,19000,19000,20000,20000,20000,21000,21000,21000,21000,21000,21000,1255,0,19000,18809.79151118009,16436.57267099843,21106.8660719975,7092.7625498007965
1790295993,40,,Aggregated,1.600000,0.000000,19000,19000,20000,20000,20000,21000,21000,21000,21000,21000,21000,1258,0,19000,18809.456162571554,16436.57267099843,21106.8660719975,7092.282988871224
1790295994,40,,Aggregated,1.700000,0.000000,19000,19000,20000,20000,20000,21000,21000,21000,21000,21000,21000,1259,0,19000,18810.989721648144,16436.57267099843,21106.8660719975,7092.670373312152
1790295995,40,,Aggregated,1.700000,0.000000,19000,19000,20000,20000,20000,21000,21000,21000,21000,21000,21000,1261,0,19000,18813.451767487717,16436.57267099843,21106.8660719975,7092.988897700238
1790295996,40,,Aggregated,1.800000,0.000000,19000,19000,20000,20000,20000,21000,21000,21000,21000,21000,21000,1264,0,19000,18815.111586923267,16436.57267099843,21106.8660719975,7092.890822784811
1790295997,40,,Aggregated,1.800000,0.000000,19000,19000,20000,20000,20000,21000,21000,21000,21000,21000,21000,1266,0,19000,18816.113425502375,16436.57267099843,21106.8660719975,7093.20458135861
1790295998,40,,Aggregated,2.200000,0.000000,19000,19000,20000,20000,20000,21000,21000,21000,21000,21000,21000,1267,0,19000,18817.48104571192,16436.57267099843,21106.8660719975,7093.697711128651
1790295999,40,,Aggregated,2.100000,0.000000,19000,19000,20000,20000,20000,21000,21000,21000,21000,21000,21000,1268,0,19000,18816.958438826503,16436.57267099843,21106.8660719975,7093.543375394322
1790296000,40,,Aggregated,2.100000,0.000000,19000,19000,20000,20000,20000,21000,21000,21000,21000,21000,21000,1271,0,19000,18817.096333608188,16436.57267099843,21106.8660719975,7093.154209284028
1790296001,40,,Aggregated,2.100000,0.000000,19000,19000,20000,20000,20000,21000,21000,21000,21000,21000,21000,1276,0,19000,18820.10074316536,16436.57267099843,21106.8660719975,7094.347962382445
1790296002,40,,Aggregated,2.100000,0.000000,19000,19000,20000,20000,20000,21000,21000,21000,21000,21000,21000,1277,0,19000,18819.333872641346,16436.57267099843,21106.8660719975,7094.397807361002
1790296003,40,,Aggregated,2.400000,0.000000,19000,19000,20000,20000,20000,21000,21000,21000,21000,21000,21000,1278,0,19000,18820.339071179973,16436.57267099843,21106.8660719975,7094.657276995305
1790296004,40,,Aggregated,2.300000,0.000000,19000,19000,20000,20000,20000,21000,21000,21000,21000,21000,21000,1280,0,19000,18821.700165703907,16436.57267099843,21106.8660719975,7094.6296875
1790296005,40,,Aggregated,2.100000,0.000000,19000,19000,20000,20000,20000,21000,21000,21000,21000,21000,21000,1281,0,19000,18822.467524580017,16436.57267099843,21106.8660719975,7094.630757220921
1790296006,40,,Aggregated,2.100000,0.000000,19000,19000,20000,20000,20000,21000,21000,21000,21000,21000,21000,1283,0,19000,18820.94775392674,16436.57267099843,21106.8660719975,7093.7225253312545
1790296007,40,,Aggregated,2.100000,0.000000,19000,19000,20000,20000,20000,21000,21000,21000,21000,21000,21000,1283,0,19000,18820.94775392674,16436.57267099843,21106.8660719975,7093.7225253312545
1790296008,40,,Aggregated,1.900000,0.000000,19000,19000,20000,20000,20000,21000,21000,21000,21000,21000,21000,1284,0,19000,18821.78795595094,16436.57267099843,21106.8660719975,7093.865264797508
1790296009,40,,Aggregated,1.900000,0.000000,19000,19000,20000,20000,20000,21000,21000,21000,21000,21000,21000,1285,0,19000,18820.868211438916,16436.57267099843,21106.8660719975,7093.31673151751
1790296010,40,,Aggregated,1.700000,0.000000,19000,19000,20000,20000,20000,21000,21000,21000,21000,21000,21000,1288,0,19000,18822.89599468246,16436.57267099843,21106.8660719975,7094.890527950311
1790296011,40,,Aggregated,1.700000,0.000000,19000,19000,20000,20000,20000,21000,21000,21000,21000,21000,21000,1291,0,19000,18824.30160396515,16436.57267099843,21106.8660719975,7095.213013168087
1790296012,40,,Aggregated,1.700000,0.000000,19000,19000,20000,20000,20000,21000,21000,21000,21000,21000,21000,1294,0,19000,18823.924754952866,16436.57267099843,21106.8660719975,7094.5193199381765
1790296013,40,,Aggregated,1.300000,0.000000,19000,19000,20000,20000,20000,21000,21000,21000,21000,21000,21000,1296,0,19000,18824.683935827165,16436.57267099843,21106.8660719975,7094.753858024691
1790296014,40,,Aggregated,1.600000,0.000000,19000,19000,20000,20000,20000,21000,21000,21000,21000,21000,21000,1298,0,19000,18826.798599446847,16436.57267099843,21106.8660719975,7095.617103235747
1790296015,40,,Aggregated,1.700000,0.000000,19000,19000,20000,20000,20000,21000,21000,21000,21000,21000,21000,1301,0,19000,18825.471715212916,16436.57267099843,21106.8660719975,7095.010760953113
1790296016,40,,Aggregated,1.700000,0.000000,19000,19000,20000,20000,20000,21000,21000,21000,21000,21000,21000,1302,0,19000,18824.2752214424,16436.57267099843,21106.8660719975,7094.736559139785
1790296017,40,,Aggregated,1.800000,0.000000,19000,19000,20000,20000,20000,21000,21000,21000,21000,21000,21000,1304,0,19000,18826.093012927915,16436.57267099843,21106.8660719975,7095.300613496933
1790296018,40,,Aggregated,2.000000,0.000000,19000,19000,20000,20000,20000,21000,21000,21000,21000,21000,21000,1306,0,19000,18827.927329359114,16436.57267099843,21106.8660719975,7095.521439509954
1790296019,40,,Aggregated,1.900000,0.000000,19000,19000,20000,20000,20000,21000,21000,21000,21000,21000,21000,1307,0,19000,18827.368303960215,16436.57267099843,21106.8660719975,7095.367253251721
1790296020,40,,Aggregated,2.100000,0.000000,19000,19000,20000,20000,20000,21000,21000,21000,21000,21000,21000,1310,0,19000,18828.3818183771,16436.57267099843,21106.8660719975,7095.504580152672
1790296021,40,,Aggregated,2.200000,0.000000,19000,19000,20000,20000,20000,21000,21000,21000,21000,21000,21000,1312,0,19000,18829.451816380337,16436.57267099843,21106.8660719975,7095.663871951219
1790296022,40,,Aggregated,2.200000,0.000000,19000,19000,20000,20000,20000,21000,21000,21000,21000,21000,21000,1315,0,19000,18830.588700038785,16436.57267099843,21106.8660719975,7096.05247148289
1790296023,40,,Aggregated,2.200000,0.000000,19000,19000,20000,20000,20000,21000,21000,21000,21000,21000,21000,1317,0,19000,18833.556265082007,16436.57267099843,21106.8660719975,7097.049354593773
1790296024,40,,Aggregated,2.000000,0.000000,19000,19000,20000,20000,20000,21000,21000,21000,21000,21000,21000,1318,0,19000,18834.413523946132,16436.57267099843,21106.8660719975,7096.7389984825495
1790296025,40,,Aggregated,2.100000,0.000000,19000,19000,20000,20000,20000,21000,21000,21000,21000,21000,21000,1319,0,19000,18835.711850952997,16436.57267099843,21106.8660719975,7096.90219863533
1790296026,40,,Aggregated,2.100000,0.000000,19000,19000,20000,20000,20000,21000,21000,21000,21000,21000,21000,1321,0,19000,18835.614099118095,16436.57267099843,21106.8660719975,7096.772142316427
1790296028,40,,Aggregated,2.000000,0.000000,19000,19000,20000,20000,20000,21000,21000,21000,21000,21000,21000,1324,0,19000,18837.791804569493,16436.57267099843,21106.8660719975,7097.2590634441085
1790296029,40,,Aggregated,2.000000,0.000000,19000,19000,20000,20000,20000,21000,21000,21000,21000,21000,21000,1324,0,19000,18837.791804569493,16436.57267099843,21106.8660719975,7097.2590634441085
1790296030,40,,Aggregated,1.900000,0.000000,19000,19000,20000,20000,20000,21000,21000,21000,21000,21000,21000,1325,0,19000,18836.7579486717,16436.57267099843,21106.8660719975,7096.738113207547
1790296031,40,,Aggregated,2.000000,0.000000,19000,19000,20000,20000,20000,21000,21000,21000,21000,21000,21000,1327,0,19000,18837.578461118315,16436.57267099843,21106.8660719975,7097.197437829691
1790296032,40,,Aggregated,1.800000,0.000000,19000,19000,20000,20000,20000,21000,21000,21000,21000,21000,21000,1328,0,19000,18837.690846060996,16436.57267099843,21106.8660719975,7097.064006024097
1790296033,40,,Aggregated,1.800000,0.000000,19000,19000,20000,20000,20000,21000,21000,21000,21000,21000,21000,1332,0,19000,18839.137517843843,16436.57267099843,21106.8660719975,7097.816816816817
1790296034,40,,Aggregated,1.700000,0.000000,19000,19000,20000,20000,20000,21000,21000,21000,21000,21000,21000,1334,0,19000,18840.846475511244,16436.57267099843,21106.8660719975,7098.5247376311845
1790296035,40,,Aggregated,1.600000,0.000000,19000,19000,20000,20000,20000,21000,21000,21000,21000,21000,21000,1336,0,19000,18840.676744337572,16436.57267099843,21106.8660719975,7097.978293413174
1790296036,40,,Aggregated,1.700000,0.000000,19000,19000,20000,20000,20000,21000,21000,21000,21000,21000,21000,1338,0,19000,18841.924989106126,16436.57267099843,21106.8660719975,7098.144992526159
1790296037,40,,Aggregated,1.700000,0.000000,19000,19000,20000,20000,20000,21000,21000,21000,21000,21000,21000,1342,0,19000,18843.536943371088,16436.57267099843,21106.8660719975,7097.98956780924
1790296038,40,,Aggregated,1.800000,0.000000,19000,19000,20000,20000,20000,21000,21000,21000,21000,21000,21000,1344,0,19000,18845.507430112346,16436.57267099843,21106.8660719975,7098.411458333333
1790296039,40,,Aggregated,1.900000,0.000000,19000,19000,20000,20000,20000,21000,21000,21000,21000,21000,21000,1345,0,19000,18845.704708026762,16436.57267099843,21106.8660719975,7098.504089219331
1790296040,40,,Aggregated,2.100000,0.000000,19000,19000,20000,20000,20000,21000,21000,21000,21000,21000,21000,1346,0,19000,18845.250527060176,16436.57267099843,21106.8660719975,7098.124814264487
1790296041,40,,Aggregated,2.100000,0.000000,19000,19000,20000,20000,20000,21000,21000,21000,21000,21000,21000,1349,0,19000,18844.95863944032,16436.57267099843,21106.8660719975,7097.905114899926
1790296042,40,,Aggregated,2.100000,0.000000,19000,19000,20000,20000,20000,21000,21000,21000,21000,21000,21000,1352,0,19000,18846.96250502514,16436.57267099843,21106.8660719975,7098.1042899408285
1790296043,40,,Aggregated,2.100000,0.000000,19000,19000,20000,20000,20000,21000,21000,21000,21000,21000,21000,1353,0,19000,18846.383870832957,16436.57267099843,21106.8660719975,7097.744271988175
1790296044,40,,Aggregated,2.400000,0.000000,19000,19000,20000,20000,20000,21000,21000,21000,21000,21000,21000,1356,0,19000,18848.145867400435,16436.57267099843,21106.8660719975,7098.204277286136
1790296045,40,,Aggregated,2.400000,0.000000,19000,19000,20000,20000,20000,21000,21000,21000,21000,21000,21000,1358,0,19000,18848.882667974216,16436.57267099843,21106.8660719975,7098.132547864507
1790296046,40,,Aggregated,2.100000,0.000000,19000,19000,20000,20000,20000,21000,21000,21000,21000,21000,21000,1359,0,19000,18848.290577874162,16436.57267099843,21106.8660719975,7097.794701986755
1790296047,40,,Aggregated,2.100000,0.000000,19000,19000,20000,20000,20000,21000,21000,21000,21000,21000,21000,1360,0,19000,18848.078684964697,16436.57267099843,21106.8660719975,7097.5536764705885
1790296048,40,,Aggregated,2.100000,0.000000,19000,19000,20000,20000,20000,21000,21000,21000,21000,21000,21000,1365,0,19000,18848.180922886433,16436.57267099843,21106.8660719975,7096.914285714286
1790296049,40,,Aggregated,2.100000,0.000000,19000,19000,20000,20000,20000,21000,21000,21000,21000,21000,21000,1365,0,19000,18848.180922886433,16436.57267099843,21106.8660719975,7096.914285714286
1790296050,40,,Aggregated,2.100000,0.000000,19000,19000,20000,20000,20000,21000,21000,21000,21000,21000,21000,1365,0,19000,18848.180922886433,16436.57267099843,21106.8660719975,7096.914285714286
1790296051,40,,Aggregated,2.000000,0.000000,19000,19000,20000,20000,20000,21000,21000,21000,21000,21000,21000,1367,0,19000,18846.92723391879,16436.57267099843,21106.8660719975,7096.44769568398
1790296052,40,,Aggregated,2.000000,0.000000,19000,19000,20000,20000,20000,21000,21000,21000,21000,21000,21000,1367,0,19000,18846.92723391879,16436.57267099843,21106.8660719975,7096.44769568398
1790296053,40,,Aggregated,1.800000,0.000000,19000,19000,20000,20000,20000,21000,21000,21000,21000,21000,21000,1371,0,19000,18845.7925161714,16436.57267099843,21106.8660719975,7096.405543398979
1790296054,40,,Aggregated,1.800000,0.000000,19000,19000,20000,20000,20000,21000,21000,21000,21000,21000,21000,1373,0,19000,18846.527718029127,16436.57267099843,21106.8660719975,7096.611070648216
1790296055,40,,Aggregated,1.500000,0.000000,19000,19000,20000,20000,20000,21000,21000,21000,21000,21000,21000,1377,0,19000,18846.939357623087,16436.57267099843,21106.8660719975,7096.533042846769
1790296056,40,,Aggregated,1.700000,0.000000,19000,19000,20000,20000,20000,21000,21000,21000,21000,21000,21000,1380,0,19000,18844.914286155792,16436.57267099843,21106.8660719975,7095.399275362319
1790296057,40,,Aggregated,1.700000,0.000000,19000,19000,20000,20000,20000,21000,21000,21000,21000,21000,21000,1380,0,19000,18844.914286155792,16436.57267099843,21106.8660719975,7095.399275362319
1790296058,40,,Aggregated,1.900000,0.000000,19000,19000,20000,20000,20000,21000,21000,21000,21000,21000,21000,1383,0,19000,18845.717605016627,16436.57267099843,21106.8660719975,7095.245842371656
1790296059,40,,Aggregated,2.100000,0.000000,19000,19000,20000,20000,20000,21000,21000,21000,21000,21000,21000,1384,0,19000,18846.743540039737,16436.57267099843,21106.8660719975,7095.7153179190755
1790296060,40,,Aggregated,2.000000,0.000000,19000,19000,20000,20000,20000,21000,21000,21000,21000,21000,21000,1385,0,19000,18846.29997801444,16436.57267099843,21106.8660719975,7095.737906137184
1790296061,40,,Aggregated,1.900000,0.000000,19000,19000,20000,20000,20000,21000,21000,21000,21000,21000,21000,1389,0,19000,18845.48871680849,16436.57267099843,21106.8660719975,7095.267098632109
1790296062,40,,Aggregated,1.900000,0.000000,19000,19000,20000,20000,20000,21000,21000,21000,21000,21000,21000,1392,0,19000,18844.20236267385,16436.57267099843,21106.8660719975,7093.979166666667
1790296063,40,,Aggregated,2.200000,0.000000,19000,19000,20000,20000,20000,21000,21000,21000,21000,21000,21000,1393,0,19000,18844.425843037327,16436.57267099843,21106.8660719975,7094.334529791816
1790296064,40,,Aggregated,2.200000,0.000000,19000,19000,20000,20000,20000,21000,21000,21000,21000,21000,21000,1395,0,19000,18844.906774184943,16436.57267099843,21106.8660719975,7094.10752688172
