Timestamp,User Count,Type,Name,Requests/s,Failures/s,50%,66%,75%,80%,90%,95%,98%,99%,99.9%,99.99%,100%,Total Request Count,Total Failure Count,Total Median Response Time,Total Average Response Time,Total Min Response Time,Total Max Response Time,Total Average Content Size
1790293482,0,,Aggregated,0.000000,0.000000,N/A,N/A,N/A,N/A,N/A,N/A,N/A,N/A,N/A,N/A,N/A,0,0,0,0.0,0,0,0
1790293483,20,,Aggregated,0.000000,0.000000,N/A,N/A,N/A,N/A,N/A,N/A,N/A,N/A,N/A,N/A,N/A,0,0,0,0.0,0,0,0
1790293484,40,,Aggregated,0.000000,0.000000,N/A,N/A,N/A,N/A,N/A,N/A,N/A,N/A,N/A,N/A,N/A,0,0,0,0.0,0,0,0
1790293485,40,,Aggregated,0.000000,0.000000,N/A,N/A,N/A,N/A,N/A,N/A,N/A,N/A,N/A,N/A,N/A,0,0,0,0.0,0,0,0
1790293486,40,,Aggregated,0.000000,0.000000,N/A,N/A,N/A,N/A,N/A,N/A,N/A,N/A,N/A,N/A,N/A,0,0,0,0.0,0,0,0
1790293487,40,,Aggregated,0.000000,0.000000,N/A,N/A,N/A,N/A,N/A,N/A,N/A,N/A,N/A,N/A,N/A,0,0,0,0.0,0,0,0
1790293488,40,,Aggregated,0.000000,0.000000,N/A,N/A,N/A,N/A,N/A,N/A,N/A,N/A,N/A,N/A,N/A,0,0,0,0.0,0,0,0
1790293489,40,,Aggregated,0.000000,0.000000,N/A,N/A,N/A,N/A,N/A,N/A,N/A,N/A,N/A,N/A,N/A,0,0,0,0.0,0,0,0
1790293490,40,,Aggregated,0.000000,0.000000,N/A,N/A,N/A,N/A,N/A,N/A,N/A,N/A,N/A,N/A,N/A,0,0,0,0.0,0,0,0
1790293491,40,,Aggregated,0.000000,0.000000,N/A,N/A,N/A,N/A,N/A,N/A,N/A,N/A,N/A,N/A,N/A,0,0,0,0.0,0,0,0
1790293492,40,,Aggregated,0.000000,0.000000,N/A,N/A,N/A,N/A,N/A,N/A,N/A,N/A,N/A,N/A,N/A,0,0,0,0.0,0,0,0
1790293493,40,,Aggregated,0.000000,0.000000,11000,11000,11000,11000,11000,11000,11000,11000,11000,11000,11000,1,0,10964.173024000047,10964.173024000047,10964.173024000047,10964.173024000047,4574.0
1790293494,40,,Aggregated,0.000000,0.000000,12000,12000,12000,12000,12000,12000,12000,12000,12000,12000,12000,7,0,11989.150855999469,11597.61414714272,10964.173024000047,11989.150855999469,4655.571428571428
1790293495,40,,Aggregated,0.000000,0.000000,12000,13000,13000,13000,13000,13000,13000,13000,13000,13000,13000,20,0,12000,12031.027275149972,10964.173024000047,12824.401237001439,4736.95
1790293496,40,,Aggregated,0.100000,0.000000,13000,13000,13000,13000,13000,14000,14000,14000,14000,14000,14000,36,0,13000,12399.69294319447,10964.173024000047,13700.862756999413,4835.638888888889
1790293497,40,,Aggregated,0.700000,0.000000,13000,13000,13000,13000,14000,14000,14000,14000,14000,14000,14000,40,0,13000,12485.403989825045,10964.173024000047,13700.862756999413,4879.675
1790293498,40,,Aggregated,0.700000,0.000000,13000,13000,13000,13000,14000,14000,14000,14000,14000,14000,14000,40,0,13000,12485.403989825045,10964.173024000047,13700.862756999413,4879.675
1790293499,40,,Aggregated,0.700000,0.000000,13000,13000,13000,13000,14000,14000,14000,14000,14000,14000,14000,40,0,13000,12485.403989825045,10964.173024000047,13700.862756999413,4879.675
1790293500,40,,Aggregated,0.700000,0.000000,13000,13000,13000,13000,14000,14000,14000,14000,14000,14000,14000,40,0,13000,12485.403989825045,10964.173024000047,13700.862756999413,4879.675
1790293501,40,,Aggregated,0.700000,0.000000,13000,13000,13000,13000,14000,14000,14000,14000,14000,14000,14000,40,0,13000,12485.403989825045,10964.173024000047,13700.862756999413,4879.675
1790293502,40,,Aggregated,0.700000,0.000000,13000,13000,13000,13000,14000,14000,14000,14000,14000,14000,14000,40,0,13000,12485.403989825045,10964.173024000047,13700.862756999413,4879.675
1790293503,40,,Aggregated,0.700000,0.000000,13000,13000,13000,13000,14000,14000,14000,14000,14000,14000,14000,40,0,13000,12485.403989825045,10964.173024000047,13700.862756999413,4879.675
1790293504,40,,Aggregated,0.700000,0.000000,13000,13000,13000,13000,14000,14000,14000,14000,14000,14000,14000,40,0,13000,12485.403989825045,10964.173024000047,13700.862756999413,4879.675
1790293505,40,,Aggregated,0.700000,0.000000,13000,13000,13000,13000,14000,14000,14000,14000,14000,14000,14000,40,0,13000,12485.403989825045,10964.173024000047,13700.862756999413,4879.675
1790293506,40,,Aggregated,0.700000,0.000000,13000,13000,13000,13000,14000,14000,14000,14000,14000,14000,14000,40,0,13000,12485.403989825045,10964.173024000047,13700.862756999413,4879.675
1790293507,40,,Aggregated,3.300000,0.000000,12000,13000,13000,13000,13000,14000,14000,14000,14000,14000,14000,45,0,12000,12366.912277177957,10964.173024000047,13700.862756999413,4873.0
1790293508,40,,Aggregated,1.600000,0.000000,12000,13000,13000,13000,13000,14000,14000,14000,14000,14000,14000,55,0,12000,12189.067019691196,10915.05311000219,13700.862756999413,4872.418181818181
1790293509,40,,Aggregated,0.200000,0.000000,12000,13000,13000,13000,13000,14000,14000,14000,14000,14000,14000,68,0,12000,12135.830352044277,10807.544176997908,13700.862756999413,4859.926470588235
1790293510,40,,Aggregated,0.600000,0.000000,12000,13000,13000,13000,13000,14000,14000,14000,14000,14000,14000,78,0,12000,12169.636824397645,10807.544176997908,13700.862756999413,4888.24358974359
1790293511,40,,Aggregated,1.500000,0.000000,12000,13000,13000,13000,13000,14000,14000,14000,14000,14000,14000,80,0,12000,12179.700935837718,10807.544176997908,13700.862756999413,4895.6375
1790293512,40,,Aggregated,1.500000,0.000000,12000,13000,13000,13000,13000,14000,14000,14000,14000,14000,14000,80,0,12000,12179.700935837718,10807.544176997908,13700.862756999413,4895.6375
1790293513,40,,Aggregated,1.500000,0.000000,12000,13000,13000,13000,13000,14000,14000,14000,14000,14000,14000,80,0,12000,12179.700935837718,10807.544176997908,13700.862756999413,4895.6375
1790293514,40,,Aggregated,1.500000,0.000000,12000,13000,13000,13000,13000,14000,14000,14000,14000,14000,14000,80,0,12000,12179.700935837718,10807.544176997908,13700.862756999413,4895.6375
1790293515,40,,Aggregated,1.500000,0.000000,12000,13000,13000,13000,13000,14000,14000,14000,14000,14000,14000,80,0,12000,12179.700935837718,10807.544176997908,13700.862756999413,4895.6375
1790293516,40,,Aggregated,1.500000,0.000000,12000,13000,13000,13000,13000,14000,14000,14000,14000,14000,14000,80,0,12000,12179.700935837718,10807.544176997908,13700.862756999413,4895.6375
1790293517,40,,Aggregated,1.500000,0.000000,12000,13000,13000,13000,13000,14000,14000,14000,14000,14000,14000,80,0,12000,12179.700935837718,10807.544176997908,13700.862756999413,4895.6375
1790293518,40,,Aggregated,1.500000,0.000000,12000,13000,13000,13000,13000,14000,14000,14000,14000,14000,14000,80,0,12000,12179.700935837718,10807.544176997908,13700.862756999413,4895.6375
1790293520,40,,Aggregated,4.000000,0.000000,12000,13000,13000,13000,13000,13000,14000,14000,14000,14000,14000,81,0,12000,12163.936199148373,10807.544176997908,13700.862756999413,4891.83950617284
1790293521,40,,Aggregated,3.400000,0.000000,12000,13000,13000,13000,13000,13000,14000,14000,14000,14000,14000,83,0,12000,12152.929641289395,10807.544176997908,13700.862756999413,4890.204819277108
1790293522,40,,Aggregated,2.500000,0.000000,12000,12000,13000,13000,13000,13000,14000,14000,14000,14000,14000,89,0,12000,12118.930826786744,10807.544176997908,13700.862756999413,4886.6741573033705
1790293523,40,,Aggregated,0.400000,0.000000,12000,12000,13000,13000,13000,13000,14000,14000,14000,14000,14000,99,0,12000,12128.215744606267,10807.544176997908,13700.862756999413,4900.50505050505
1790293524,40,,Aggregated,0.400000,0.000000,12000,12000,13000,13000,13000,13000,14000,14000,14000,14000,14000,114,0,12000,12116.073862465086,10807.544176997908,13700.862756999413,4909.640350877193
1790293525,40,,Aggregated,0.900000,0.000000,12000,12000,13000,13000,13000,13000,14000,14000,14000,14000,14000,117,0,12000,12108.516501068607,10807.544176997908,13700.862756999413,4918.82905982906
1790293526,40,,Aggregated,1.800000,0.000000,12000,13000,13000,13000,13000,13000,14000,14000,14000,14000,14000,120,0,12000,12126.410146316908,10807.544176997908,13700.862756999413,4926.183333333333
1790293527,40,,Aggregated,1.800000,0.000000,12000,13000,13000,13000,13000,13000,14000,14000,14000,14000,14000,120,0,12000,12126.410146316908,10807.544176997908,13700.862756999413,4926.183333333333
1790293528,40,,Aggregated,1.800000,0.000000,12000,13000,13000,13000,13000,13000,14000,14000,14000,14000,14000,120,0,12000,12126.410146316908,10807.544176997908,13700.862756999413,4926.183333333333
1790293529,40,,Aggregated,1.800000,0.000000,12000,13000,13000,13000,13000,13000,14000,14000,14000,14000,14000,120,0,12000,12126.410146316908,10807.544176997908,13700.862756999413,4926.183333333333
1790293530,40,,Aggregated,1.800000,0.000000,12000,13000,13000,13000,13000,13000,14000,14000,14000,14000,14000,120,0,12000,12126.410146316908,10807.544176997908,13700.862756999413,4926.183333333333
1790293531,40,,Aggregated,1.800000,0.000000,12000,13000,13000,13000,13000,13000,14000,14000,14000,14000,14000,120,0,12000,12126.410146316908,10807.544176997908,13700.862756999413,4926.183333333333
1790293532,40,,Aggregated,1.800000,0.000000,12000,13000,13000,13000,13000,13000,14000,14000,14000,14000,14000,120,0,12000,12126.410146316908,10807.544176997908,13700.862756999413,4926.183333333333
1790293533,40,,Aggregated,3.900000,0.000000,12000,12000,13000,13000,13000,13000,14000,14000,14000,14000,14000,122,0,12000,12116.732540951076,10807.544176997908,13700.862756999413,4920.868852459016
1790293534,40,,Aggregated,3.900000,0.000000,12000,12000,13000,13000,13000,13000,14000,14000,14000,14000,14000,122,0,12000,12116.732540951076,10807.544176997908,13700.862756999413,4920.868852459016
1790293535,40,,Aggregated,3.100000,0.000000,12000,12000,13000,13000,13000,13000,14000,14000,14000,14000,14000,125,0,12000,12107.692348776243,10807.544176997908,13700.862756999413,4922.552
1790293536,40,,Aggregated,0.800000,0.000000,12000,13000,13000,13000,13000,13000,14000,14000,14000,14000,14000,134,0,12000,12125.469490977881,10807.544176997908,13700.862756999413,4924.679104477612
1790293537,40,,Aggregated,0.800000,0.000000,12000,12000,13000,13000,13000,13000,14000,14000,14000,14000,14000,148,0,12000,12127.248591804297,10807.544176997908,13700.862756999413,4923.635135135135
1790293538,40,,Aggregated,1.300000,0.000000,12000,13000,13000,13000,13000,13000,14000,14000,14000,14000,14000,158,0,12000,12125.959258057173,10773.98006599833,13700.862756999413,4917.9240506329115
1790293539,40,,Aggregated,2.700000,0.000000,12000,13000,13000,13000,13000,13000,14000,14000,14000,14000,14000,160,0,12000,12133.845059675219,10773.98006599833,13700.862756999413,4917.625
1790293540,40,,Aggregated,2.700000,0.000000,12000,13000,13000,13000,13000,13000,14000,14000,14000,14000,14000,160,0,12000,12133.845059675219,10773.98006599833,13700.862756999413,4917.625
1790293541,40,,Aggregated,2.700000,0.000000,12000,13000,13000,13000,13000,13000,14000,14000,14000,14000,14000,160,0,12000,12133.845059675219,10773.98006599833,13700.862756999413,4917.625
1790293542,40,,Aggregated,2.700000,0.000000,12000,13000,13000,13000,13000,13000,14000,14000,14000,14000,14000,160,0,12000,12133.845059675219,10773.98006599833,13700.862756999413,4917.625
1790293543,40,,Aggregated,2.700000,0.000000,12000,13000,13000,13000,13000,13000,14000,14000,14000,14000,14000,160,0,12000,12133.845059675219,10773.98006599833,13700.862756999413,4917.625
1790293544,40,,Aggregated,2.700000,0.000000,12000,13000,13000,13000,13000,13000,14000,14000,14000,14000,14000,160,0,12000,12133.845059675219,10773.98006599833,13700.862756999413,4917.625
1790293545,40,,Aggregated,3.800000,0.000000,12000,13000,13000,13000,13000,13000,14000,14000,14000,14000,14000,161,0,12000,12127.812561664801,10773.98006599833,13700.862756999413,4915.621118012423
1790293546,40,,Aggregated,3.800000,0.000000,12000,13000,13000,13000,13000,13000,14000,14000,14000,14000,14000,161,0,12000,12127.812561664801,10773.98006599833,13700.862756999413,4915.621118012423
1790293547,40,,Aggregated,3.800000,0.000000,12000,13000,13000,13000,13000,13000,14000,14000,14000,14000,14000,162,0,12000,12124.478985555761,10773.98006599833,13700.862756999413,4913.592592592592
1790293548,40,,Aggregated,2.800000,0.000000,12000,13000,13000,13000,13000,13000,14000,14000,14000,14000,14000,164,0,12000,12113.088649146535,10773.98006599833,13700.862756999413,4908.615853658536
1790293549,40,,Aggregated,1.500000,0.000000,12000,12000,13000,13000,13000,13000,14000,14000,14000,14000,14000,173,0,12000,12075.459171849936,10773.98006599833,13700.862756999413,4892.901734104046
1790293550,40,,Aggregated,0.500000,0.000000,12000,12000,13000,13000,13000,13000,14000,14000,14000,14000,14000,181,0,12000,12071.477474403548,10773.98006599833,13700.862756999413,4886.469613259668
1790293551,40,,Aggregated,1.200000,0.000000,12000,12000,13000,13000,13000,13000,14000,14000,14000,14000,14000,193,0,12000,12074.720002647897,10773.98006599833,13700.862756999413,4879.663212435233
1790293552,40,,Aggregated,1.700000,0.000000,12000,12000,13000,13000,13000,13000,14000,14000,14000,14000,14000,199,0,12000,12082.532074558007,10773.98006599833,13700.862756999413,4886.195979899498
1790293553,40,,Aggregated,1.700000,0.000000,12000,12000,13000,13000,13000,13000,14000,14000,14000,14000,14000,200,0,12000,12087.752033370232,10773.98006599833,13700.862756999413,4889.14
1790293554,40,,Aggregated,1.700000,0.000000,12000,12000,13000,13000,13000,13000,14000,14000,14000,14000,14000,200,0,12000,12087.752033370232,10773.98006599833,13700.862756999413,4889.14
1790293555,40,,Aggregated,1.700000,0.000000,12000,12000,13000,13000,13000,13000,14000,14000,14000,14000,14000,200,0,12000,12087.752033370232,10773.98006599833,13700.862756999413,4889.14
1790293556,40,,Aggregated,1.700000,0.000000,12000,12000,13000,13000,13000,13000,14000,14000,14000,14000,14000,200,0,12000,12087.752033370232,10773.98006599833,13700.862756999413,4889.14
1790293557,40,,Aggregated,1.700000,0.000000,12000,12000,13000,13000,13000,13000,14000,14000,14000,14000,14000,200,0,12000,12087.752033370232,10773.98006599833,13700.862756999413,4889.14
1790293558,40,,Aggregated,1.700000,0.000000,12000,12000,13000,13000,13000,13000,14000,14000,14000,14000,14000,200,0,12000,12087.752033370232,10773.98006599833,13700.862756999413,4889.14
1790293559,40,,Aggregated,1.700000,0.000000,12000,12000,13000,13000,13000,13000,14000,14000,14000,14000,14000,200,0,12000,12087.752033370232,10773.98006599833,13700.862756999413,4889.14
1790293560,40,,Aggregated,3.800000,0.000000,12000,12000,13000,13000,13000,13000,13000,14000,14000,14000,14000,202,0,12000,12092.604452713093,10773.98006599833,13700.862756999413,4892.336633663366
1790293561,40,,Aggregated,2.900000,0.000000,12000,12000,13000,13000,13000,13000,13000,14000,14000,14000,14000,205,0,12000,12080.165253385594,10773.98006599833,13700.862756999413,4888.087804878049
1790293562,40,,Aggregated,2.500000,0.000000,12000,12000,13000,13000,13000,13000,13000,14000,14000,14000,14000,208,0,12000,12074.007155269468,10773.98006599833,13700.862756999413,4886.850961538462
1790293563,40,,Aggregated,1.400000,0.000000,12000,12000,13000,13000,13000,13000,13000,14000,14000,14000,14000,216,0,12000,12067.414294657669,10773.98006599833,13700.862756999413,4885.402777777777
1790293564,40,,Aggregated,0.900000,0.000000,12000,12000,13000,13000,13000,13000,13000,14000,14000,14000,14000,229,0,12000,12062.168398493715,10773.98006599833,13700.862756999413,4884.113537117904
1790293565,40,,Aggregated,1.300000,0.000000,12000,12000,13000,13000,13000,13000,13000,14000,14000,14000,14000,238,0,12000,12064.515682088495,10773.98006599833,13700.862756999413,4891.764705882353
1790293566,40,,Aggregated,2.700000,0.000000,12000,12000,13000,13000,13000,13000,13000,14000,14000,14000,14000,240,0,12000,12072.736161954434,10773.98006599833,13700.862756999413,4895.920833333334
1790293567,40,,Aggregated,2.700000,0.000000,12000,12000,13000,13000,13000,13000,13000,14000,14000,14000,14000,240,0,12000,12072.736161954434,10773.98006599833,13700.862756999413,4895.920833333334
1790293568,40,,Aggregated,2.700000,0.000000,12000,12000,13000,13000,13000,13000,13000,14000,14000,14000,14000,240,0,12000,12072.736161954434,10773.98006599833,13700.862756999413,4895.920833333334
1790293569,40,,Aggregated,2.700000,0.000000,12000,12000,13000,13000,13000,13000,13000,14000,14000,14000,14000,240,0,12000,12072.736161954434,10773.98006599833,13700.862756999413,4895.920833333334
1790293570,40,,Aggregated,2.700000,0.000000,12000,12000,13000,13000,13000,13000,13000,14000,14000,14000,14000,240,0,12000,12072.736161954434,10773.98006599833,13700.862756999413,4895.920833333334
1790293571,40,,Aggregated,2.700000,0.000000,12000,12000,13000,13000,13000,13000,13000,14000,14000,14000,14000,240,0,12000,12072.736161954434,10773.98006599833,13700.862756999413,4895.920833333334
1790293572,40,,Aggregated,2.700000,0.000000,12000,12000,13000,13000,13000,13000,13000,14000,14000,14000,14000,240,0,12000,12072.736161954434,10773.98006599833,13700.862756999413,4895.920833333334
1790293573,40,,Aggregated,3.800000,0.000000,12000,12000,13000,13000,13000,13000,13000,14000,14000,14000,14000,241,0,12000,12071.898711821848,10773.98006599833,13700.862756999413,4894.323651452282
1790293574,40,,Aggregated,3.300000,0.000000,12000,12000,13000,13000,13000,13000,13000,14000,14000,14000,14000,244,0,12000,12064.144274557648,10773.98006599833,13700.862756999413,4885.577868852459
1790293575,40,,Aggregated,3.300000,0.000000,12000,12000,13000,13000,13000,13000,13000,14000,14000,14000,14000,246,0,12000,12064.95711642304,10773.98006599833,13700.862756999413,4887.264227642277
1790293576,40,,Aggregated,1.600000,0.000000,12000,12000,13000,13000,13000,13000,13000,14000,14000,14000,14000,252,0,12000,12053.272783909004,10773.98006599833,13700.862756999413,4879.710317460317
1790293577,40,,Aggregated,1.000000,0.000000,12000,12000,13000,13000,13000,13000,13000,14000,14000,14000,14000,260,0,12000,12059.428920504108,10773.98006599833,13700.862756999413,4880.615384615385
1790293578,40,,Aggregated,1.100000,0.000000,12000,12000,13000,13000,13000,13000,13000,14000,14000,14000,14000,270,0,12000,12069.178008581714,10773.98006599833,13700.862756999413,4881.185185185185
1790293579,40,,Aggregated,1.600000,0.000000,12000,13000,13000,13000,13000,13000,13000,14000,14000,14000,14000,279,0,12000,12086.789347889115,10773.98006599833,13700.862756999413,4887.204301075269
1790293580,40,,Aggregated,1.600000,0.000000,12000,13000,13000,13000,13000,13000,13000,14000,14000,14000,14000,280,0,12000,12085.193813118085,10773.98006599833,13700.862756999413,4886.864285714286
1790293581,40,,Aggregated,1.600000,0.000000,12000,13000,13000,13000,13000,13000,13000,14000,14000,14000,14000,280,0,12000,12085.193813118085,10773.98006599833,13700.862756999413,4886.864285714286
1790293582,40,,Aggregated,1.600000,0.000000,12000,13000,13000,13000,13000,13000,13000,14000,14000,14000,14000,280,0,12000,12085.193813118085,10773.98006599833,13700.862756999413,4886.864285714286
1790293583,40,,Aggregated,1.600000,0.000000,12000,13000,13000,13000,13000,13000,13000,14000,14000,14000,14000,280,0,12000,12085.193813118085,10773.98006599833,13700.862756999413,4886.864285714286
1790293584,40,,Aggregated,1.600000,0.000000,12000,13000,13000,13000,13000,13000,13000,14000,14000,14000,14000,280,0,12000,12085.193813118085,10773.98006599833,13700.862756999413,4886.864285714286
1790293585,40,,Aggregated,1.600000,0.000000,12000,13000,13000,13000,13000,13000,13000,14000,14000,14000,14000,280,0,12000,12085.193813118085,10773.98006599833,13700.862756999413,4886.864285714286
1790293586,40,,Aggregated,3.700000,0.000000,12000,13000,13000,13000,13000,13000,13000,14000,14000,14000,14000,281,0,12000,12082.867888256453,10773.98006599833,13700.862756999413,4885.654804270463
1790293587,40,,Aggregated,3.700000,0.000000,12000,13000,13000,13000,13000,13000,13000,14000,14000,14000,14000,282,0,12000,12080.031846202353,10773.98006599833,13700.862756999413,4883.765957446809
1790293588,40,,Aggregated,3.000000,0.000000,12000,13000,13000,13000,13000,13000,13000,14000,14000,14000,14000,285,0,12000,12079.31255492654,10773.98006599833,13700.862756999413,4884.249122807018
1790293589,40,,Aggregated,2.600000,0.000000,12000,13000,13000,13000,13000,13000,13000,14000,14000,14000,14000,290,0,12000,12075.649933755401,10773.98006599833,13700.862756999413,4884.910344827586
1790293590,40,,Aggregated,1.800000,0.000000,12000,12000,13000,13000,13000,13000,13000,14000,14000,14000,14000,295,0,12000,12066.309027712094,10773.98006599833,13700.862756999413,4877.3830508474575
1790293591,40,,Aggregated,1.200000,0.000000,12000,12000,13000,13000,13000,13000,13000,14000,14000,14000,14000,303,0,12000,12075.643034947423,10773.98006599833,13700.862756999413,4881.772277227723
1790293592,40,,Aggregated,1.200000,0.000000,12000,12000,13000,13000,13000,13000,13000,14000,14000,14000,14000,311,0,12000,12073.29096997771,10773.98006599833,13700.862756999413,4880.540192926045
1790293593,40,,Aggregated,1.300000,0.000000,12000,13000,13000,13000,13000,13000,13000,14000,14000,14000,14000,316,0,12000,12086.838752629943,10773.98006599833,13700.862756999413,4884.787974683544
1790293594,40,,Aggregated,3.100000,0.000000,12000,13000,13000,13000,13000,13000,13000,14000,14000,14000,14000,319,0,12000,12098.240191417122,10773.98006599833,13700.862756999413,4890.313479623825
1790293595,40,,Aggregated,3.100000,0.000000,12000,13000,13000,13000,13000,13000,13000,14000,14000,14000,14000,320,0,12000,12102.20831882519,10773.98006599833,13700.862756999413,4892.390625
1790293596,40,,Aggregated,3.100000,0.000000,12000,13000,13000,13000,13000,13000,13000,14000,14000,14000,14000,320,0,12000,12102.20831882519,10773.98006599833,13700.862756999413,4892.390625
1790293597,40,,Aggregated,3.100000,0.000000,12000,13000,13000,13000,13000,13000,13000,14000,14000,14000,14000,320,0,12000,12102.20831882519,10773.98006599833,13700.862756999413,4892.390625
1790293598,40,,Aggregated,3.100000,0.000000,12000,13000,13000,13000,13000,13000,13000,14000,14000,14000,14000,320,0,12000,12102.20831882519,10773.98006599833,13700.862756999413,4892.390625
1790293599,40,,Aggregated,3.800000,0.000000,12000,13000,13000,13000,13000,13000,13000,14000,14000,14000,14000,321,0,12000,12099.814799152837,10773.98006599833,13700.862756999413,4891.538940809969
1790293600,40,,Aggregated,3.800000,0.000000,12000,13000,13000,13000,13000,13000,13000,14000,14000,14000,14000,321,0,12000,12099.814799152837,10773.98006599833,13700.862756999413,4891.538940809969
1790293601,40,,Aggregated,3.100000,0.000000,12000,13000,13000,13000,13000,13000,13000,14000,14000,14000,14000,324,0,12000,12096.409048777963,10773.98006599833,13700.862756999413,4889.919753086419
1790293602,40,,Aggregated,2.800000,0.000000,12000,13000,13000,13000,13000,13000,13000,14000,14000,14000,14000,329,0,12000,12091.052996772229,10773.98006599833,13700.862756999413,4886.948328267477
1790293603,40,,Aggregated,2.600000,0.000000,12000,13000,13000,13000,13000,13000,13000,14000,14000,14000,14000,332,0,12000,12092.461574708022,10773.98006599833,13700.862756999413,4886.394578313253
1790293604,40,,Aggregated,1.500000,0.000000,12000,13000,13000,13000,13000,13000,13000,14000,14000,14000,14000,341,0,12000,12079.866643472318,10773.98006599833,13700.862756999413,4880.3020527859235
1790293605,40,,Aggregated,1.500000,0.000000,12000,12000,13000,13000,13000,13000,13000,14000,14000,14000,14000,351,0,12000,12078.514437242358,10773.98006599833,13700.862756999413,4881.037037037037
1790293606,40,,Aggregated,2.000000,0.000000,12000,12000,13000,13000,13000,13000,13000,14000,14000,14000,14000,354,0,12000,12073.282008036918,10773.98006599833,13700.862756999413,4881.186440677966
1790293607,40,,Aggregated,2.700000,0.000000,12000,12000,13000,13000,13000,13000,13000,14000,14000,14000,14000,358,0,12000,12074.597380821426,10773.98006599833,13700.862756999413,4882.005586592179
1790293608,40,,Aggregated,2.700000,0.000000,12000,12000,13000,13000,13000,13000,13000,14000,14000,14000,14000,360,0,12000,12079.194990400194,10773.98006599833,13700.862756999413,4884.8694444444445
1790293609,40,,Aggregated,2.700000,0.000000,12000,12000,13000,13000,13000,13000,13000,14000,14000,14000,14000,360,0,12000,12079.194990400194,10773.98006599833,13700.862756999413,4884.8694444444445
1790293610,40,,Aggregated,2.700000,0.000000,12000,12000,13000,13000,13000,13000,13000,14000,14000,14000,14000,360,0,12000,12079.194990400194,10773.98006599833,13700.862756999413,4884.8694444444445
1790293611,40,,Aggregated,2.700000,0.000000,12000,12000,13000,13000,13000,13000,13000,14000,14000,14000,14000,360,0,12000,12079.194990400194,10773.98006599833,13700.862756999413,4884.8694444444445
1790293612,40,,Aggregated,2.700000,0.000000,12000,12000,13000,13000,13000,13000,13000,14000,14000,14000,14000,360,0,12000,12079.194990400194,10773.98006599833,13700.862756999413,4884.8694444444445
1790293613,40,,Aggregated,3.700000,0.000000,12000,12000,13000,13000,13000,13000,13000,14000,14000,14000,14000,361,0,12000,12081.11803707499,10773.98006599833,13700.862756999413,4887.476454293629
1790293614,40,,Aggregated,3.400000,0.000000,12000,12000,13000,13000,13000,13000,13000,14000,14000,14000,14000,363,0,12000,12077.530838768778,10773.98006599833,13700.862756999413,4886.3140495867765
1790293615,40,,Aggregated,2.900000,0.000000,12000,12000,13000,13000,13000,13000,13000,14000,14000,14000,14000,365,0,12000,12077.617802942645,10773.98006599833,13700.862756999413,4886.821917808219
1790293616,40,,Aggregated,2.400000,0.000000,12000,12000,13000,13000,13000,13000,13000,14000,14000,14000,14000,367,0,12000,12079.305891125516,10773.98006599833,13700.862756999413,4885.760217983651
1790293617,40,,Aggregated,1.700000,0.000000,12000,12000,13000,13000,13000,13000,13000,14000,14000,14000,14000,377,0,12000,12083.835205976318,10773.98006599833,13700.862756999413,4886.392572944297
1790293618,40,,Aggregated,1.300000,0.000000,12000,12000,13000,13000,13000,13000,13000,14000,14000,14000,14000,386,0,12000,12083.101541103808,10773.98006599833,13700.862756999413,4886.375647668394
1790293619,40,,Aggregated,1.200000,0.000000,12000,12000,13000,13000,13000,13000,13000,14000,14000,14000,14000,395,0,12000,12088.538132410296,10773.98006599833,13700.862756999413,4885.969620253165
1790293620,40,,Aggregated,1.200000,0.000000,12000,12000,13000,13000,13000,13000,13000,14000,14000,14000,14000,395,0,12000,12088.538132410296,10773.98006599833,13700.862756999413,4885.969620253165
1790293621,40,,Aggregated,3.000000,0.000000,12000,13000,13000,13000,13000,13000,13000,14000,14000,14000,14000,397,0,12000,12093.314985612264,10773.98006599833,13700.862756999413,4887.528967254408
1790293622,40,,Aggregated,3.500000,0.000000,12000,13000,13000,13000,13000,13000,13000,14000,14000,14000,14000,400,0,12000,12098.715546677673,10773.98006599833,13700.862756999413,4888.49
1790293623,40,,Aggregated,3.500000,0.000000,12000,13000,13000,13000,13000,13000,13000,14000,14000,14000,14000,400,0,12000,12098.715546677673,10773.98006599833,13700.862756999413,4888.49
1790293624,40,,Aggregated,3.500000,0.000000,12000,13000,13000,13000,13000,13000,13000,14000,14000,14000,14000,400,0,12000,12098.715546677673,10773.98006599833,13700.862756999413,4888.49
1790293625,40,,Aggregated,3.500000,0.000000,12000,13000,13000,13000,13000,13000,13000,14000,14000,14000,14000,400,0,12000,12098.715546677673,10773.98006599833,13700.862756999413,4888.49
1790293626,40,,Aggregated,3.500000,0.000000,12000,13000,13000,13000,13000,13000,13000,14000,14000,14000,14000,400,0,12000,12098.715546677673,10773.98006599833,13700.862756999413,4888.49
1790293627,40,,Aggregated,3.800000,0.000000,12000,13000,13000,13000,13000,13000,13000,14000,14000,14000,14000,402,0,12000,12097.858405656887,10773.98006599833,13700.862756999413,4887.94776119403
1790293628,40,,Aggregated,3.500000,0.000000,12000,13000,13000,13000,13000,13000,13000,14000,14000,14000,14000,404,0,12000,12096.021132935806,10773.98006599833,13700.862756999413,4887.712871287129
1790293629,40,,Aggregated,3.300000,0.000000,12000,13000,13000,13000,13000,13000,13000,14000,14000,14000,14000,405,0,12000,12095.895071343377,10773.98006599833,13700.862756999413,4888.358024691358
1790293630,40,,Aggregated,2.300000,0.000000,12000,12000,13000,13000,13000,13000,13000,14000,14000,14000,14000,413,0,12000,12089.085080774968,10773.98006599833,13700.862756999413,4887.48426150121
1790293631,40,,Aggregated,1.400000,0.000000,12000,12000,13000,13000,13000,13000,13000,14000,14000,14000,14000,422,0,12000,12090.319215142323,10773.98006599833,13700.862756999413,4887.315165876777
1790293632,40,,Aggregated,1.200000,0.000000,12000,12000,13000,13000,13000,13000,13000,14000,14000,14000,14000,430,0,12000,12096.309857114102,10773.98006599833,13700.862756999413,4887.439534883721
1790293633,40,,Aggregated,2.000000,0.000000,12000,12000,13000,13000,13000,13000,13000,14000,14000,14000,14000,435,0,12000,12098.847689416238,10773.98006599833,13700.862756999413,4887.756321839081
1790293634,40,,Aggregated,2.600000,0.000000,12000,12000,13000,13000,13000,13000,13000,14000,14000,14000,14000,439,0,12000,12094.196312560509,10773.98006599833,13700.862756999413,4885.7585421412305
1790293635,40,,Aggregated,2.600000,0.000000,12000,12000,13000,13000,13000,13000,13000,14000,14000,14000,14000,439,0,12000,12094.196312560509,10773.98006599833,13700.862756999413,4885.7585421412305
1790293636,40,,Aggregated,2.600000,0.000000,12000,12000,13000,13000,13000,13000,13000,14000,14000,14000,14000,439,0,12000,12094.196312560509,10773.98006599833,13700.862756999413,4885.7585421412305
1790293637,40,,Aggregated,3.900000,0.000000,12000,12000,13000,13000,13000,13000,13000,14000,14000,14000,14000,440,0,12000,12097.593016784229,10773.98006599833,13700.862756999413,4886.4
1790293638,40,,Aggregated,3.900000,0.000000,12000,12000,13000,13000,13000,13000,13000,14000,14000,14000,14000,440,0,12000,12097.593016784229,10773.98006599833,13700.862756999413,4886.4
1790293639,40,,Aggregated,3.700000,0.000000,12000,12000,13000,13000,13000,13000,13000,14000,14000,14000,14000,441,0,12000,12095.943020494462,10773.98006599833,13700.862756999413,4885.9410430839
1790293640,40,,Aggregated,3.700000,0.000000,12000,12000,13000,13000,13000,13000,13000,14000,14000,14000,14000,441,0,12000,12095.943020494462,10773.98006599833,13700.862756999413,4885.9410430839
1790293641,40,,Aggregated,3.600000,0.000000,12000,12000,13000,13000,13000,13000,13000,14000,14000,14000,14000,444,0,12000,12096.525891171294,10773.98006599833,13700.862756999413,4885.592342342342
1790293642,40,,Aggregated,3.400000,0.000000,12000,12000,13000,13000,13000,13000,13000,14000,14000,14000,14000,446,0,12000,12093.90847460775,10773.98006599833,13700.862756999413,4885.85201793722
1790293643,40,,Aggregated,2.600000,0.000000,12000,12000,13000,13000,13000,13000,13000,14000,14000,14000,14000,448,0,12000,12091.771284712187,10773.98006599833,13700.862756999413,4884.783482142857
1790293644,40,,Aggregated,2.100000,0.000000,12000,12000,13000,13000,13000,13000,13000,14000,14000,14000,14000,458,0,12000,12094.324259242478,10773.98006599833,13700.862756999413,4882.906113537118
1790293645,40,,Aggregated,1.600000,0.000000,12000,12000,13000,13000,13000,13000,13000,14000,14000,14000,14000,463,0,12000,12092.544227635119,10773.98006599833,13700.862756999413,4881.272138228942
1790293646,40,,Aggregated,1.100000,0.000000,12000,12000,13000,13000,13000,13000,13000,14000,14000,14000,14000,471,0,12000,12090.847744193325,10773.98006599833,13700.862756999413,4881.16135881104
1790293647,40,,Aggregated,2.000000,0.000000,12000,12000,13000,13000,13000,13000,13000,14000,14000,14000,14000,476,0,12000,12094.747062222807,10773.98006599833,13700.862756999413,4881.176470588235
1790293648,40,,Aggregated,2.700000,0.000000,12000,12000,13000,13000,13000,13000,13000,14000,14000,14000,14000,479,0,12000,12095.562825534556,10773.98006599833,13700.862756999413,4882.273486430063
1790293649,40,,Aggregated,2.700000,0.000000,12000,12000,13000,13000,13000,13000,13000,14000,14000,14000,14000,479,0,12000,12095.562825534556,10773.98006599833,13700.862756999413,4882.273486430063
1790293650,40,,Aggregated,2.700000,0.000000,12000,12000,13000,13000,13000,13000,13000,14000,14000,14000,14000,479,0,12000,12095.562825534556,10773.98006599833,13700.862756999413,4882.273486430063
1790293651,40,,Aggregated,3.900000,0.000000,12000,12000,13000,13000,13000,13000,13000,14000,14000,14000,14000,480,0,12000,12096.77021753969,10773.98006599833,13700.862756999413,4882.408333333334
1790293652,40,,Aggregated,3.800000,0.000000,12000,12000,13000,13000,13000,13000,13000,14000,14000,14000,14000,481,0,12000,12095.421431621726,10773.98006599833,13700.862756999413,4881.758835758836
1790293653,40,,Aggregated,3.800000,0.000000,12000,12000,13000,13000,13000,13000,13000,14000,14000,14000,14000,481,0,12000,12095.421431621726,10773.98006599833,13700.862756999413,4881.758835758836
1790293654,40,,Aggregated,3.600000,0.000000,12000,12000,13000,13000,13000,13000,13000,14000,14000,14000,14000,482,0,12000,12093.923320022926,10773.98006599833,13700.862756999413,4880.8734439834025
1790293655,40,,Aggregated,3.600000,0.000000,12000,12000,13000,13000,13000,13000,13000,14000,14000,14000,14000,482,0,12000,12093.923320022926,10773.98006599833,13700.862756999413,4880.8734439834025
1790293656,40,,Aggregated,3.300000,0.000000,12000,12000,13000,13000,13000,13000,13000,14000,14000,14000,14000,487,0,12000,12096.38624490155,10773.98006599833,13700.862756999413,4882.445585215606
1790293657,40,,Aggregated,2.300000,0.000000,12000,12000,13000,13000,13000,13000,13000,14000,14000,14000,14000,495,0,12000,12094.704358084962,10773.98006599833,13700.862756999413,4881.0282828282825
1790293658,40,,Aggregated,1.600000,0.000000,12000,12000,13000,13000,13000,13000,13000,14000,14000,14000,14000,502,0,12000,12092.68131297421,10773.98006599833,13700.862756999413,4879.896414342629
1790293659,40,,Aggregated,1.400000,0.000000,12000,12000,13000,13000,13000,13000,13000,14000,14000,14000,14000,507,0,12000,12093.855561743712,10773.98006599833,13700.862756999413,4880.297830374753
1790293660,40,,Aggregated,1.700000,0.000000,12000,12000,13000,13000,13000,13000,13000,14000,14000,14000,14000,511,0,12000,12095.014948293667,10773.98006599833,13700.862756999413,4880.043052837574
1790293661,40,,Aggregated,2.500000,0.000000,12000,12000,13000,13000,13000,13000,13000,14000,14000,14000,14000,517,0,12000,12106.083078663576,10773.98006599833,13700.862756999413,4884.684719535783
1790293662,40,,Aggregated,2.800000,0.000000,12000,12000,13000,13000,13000,13000,13000,14000,14000,14000,14000,519,0,12000,12110.479896664878,10773.98006599833,13700.862756999413,4885.6319845857415
1790293663,40,,Aggregated,2.800000,0.000000,12000,12000,13000,13000,13000,13000,13000,14000,14000,14000,14000,519,0,12000,12110.479896664878,10773.98006599833,13700.862756999413,4885.6319845857415
1790293664,40,,Aggregated,2.800000,0.000000,12000,12000,13000,13000,13000,13000,13000,14000,14000,14000,14000,519,0,12000,12110.479896664878,10773.98006599833,13700.862756999413,4885.6319845857415
1790293665,40,,Aggregated,3.800000,0.000000,12000,12000,13000,13000,13000,13000,13000,14000,14000,14000,14000,520,0,12000,12110.40578652706,10773.98006599833,13700.862756999413,4883.992307692308
1790293666,40,,Aggregated,3.800000,0.000000,12000,12000,13000,13000,13000,13000,13000,14000,14000,14000,14000,520,0,12000,12110.40578652706,10773.98006599833,13700.862756999413,4883.992307692308
1790293667,40,,Aggregated,3.800000,0.000000,12000,12000,13000,13000,13000,13000,13000,14000,14000,14000,14000,520,0,12000,12110.40578652706,10773.98006599833,13700.862756999413,4883.992307692308
1790293668,40,,Aggregated,3.800000,0.000000,12000,13000,13000,13000,13000,13000,13000,14000,14000,14000,14000,522,0,12000,12115.1150896553,10773.98006599833,13700.862756999413,4885.676245210728
1790293669,40,,Aggregated,3.200000,0.000000,12000,12000,13000,13000,13000,13000,13000,14000,14000,14000,14000,526,0,12000,12110.007390528644,10773.98006599833,13700.862756999413,4884.804182509506
1790293670,40,,Aggregated,3.200000,0.000000,12000,12000,13000,13000,13000,13000,13000,14000,14000,14000,14000,526,0,12000,12110.007390528644,10773.98006599833,13700.862756999413,4884.804182509506
1790293671,40,,Aggregated,1.800000,0.000000,12000,12000,13000,13000,13000,13000,14000,14000,14000,14000,14000,539,0,12000,12112.347658373033,10773.98006599833,13857.985389000532,4884.5677179962895
1790293672,40,,Aggregated,1.900000,0.000000,12000,13000,13000,13000,13000,13000,14000,14000,14000,14000,14000,547,0,12000,12116.19797041145,10773.98006599833,13857.985389000532,4886.014625228519
1790293673,40,,Aggregated,1.500000,0.000000,12000,13000,13000,13000,13000,13000,14000,14000,14000,14000,14000,550,0,12000,12115.366975380122,10773.98006599833,13857.985389000532,4885.743636363636
1790293674,40,,Aggregated,2.200000,0.000000,12000,13000,13000,13000,13000,13000,13000,14000,14000,14000,14000,553,0,12000,12113.222133285832,10773.98006599833,13857.985389000532,4885.052441229656
1790293676,40,,Aggregated,2.800000,0.000000,12000,13000,13000,13000,13000,13000,13000,14000,14000,14000,14000,557,0,12000,12115.70024540766,10773.98006599833,13857.985389000532,4884.81328545781
1790293677,40,,Aggregated,3.100000,0.000000,12000,13000,13000,13000,13000,13000,13000,14000,14000,14000,14000,559,0,12000,12118.55158931854,10773.98006599833,13857.985389000532,4886.441860465116
1790293678,40,,Aggregated,3.100000,0.000000,12000,13000,13000,13000,13000,13000,13000,14000,14000,14000,14000,559,0,12000,12118.55158931854,10773.98006599833,13857.985389000532,4886.441860465116
1790293679,40,,Aggregated,3.100000,0.000000,12000,13000,13000,13000,13000,13000,13000,14000,14000,14000,14000,559,0,12000,12118.55158931854,10773.98006599833,13857.985389000532,4886.441860465116
1790293680,40,,Aggregated,3.900000,0.000000,12000,13000,13000,13000,13000,13000,14000,14000,14000,14000,14000,560,0,12000,12121.425893309044,10773.98006599833,13857.985389000532,4887.533928571429
1790293681,40,,Aggregated,3.900000,0.000000,12000,13000,13000,13000,13000,13000,14000,14000,14000,14000,14000,560,0,12000,12121.425893309044,10773.98006599833,13857.985389000532,4887.533928571429
1790293682,40,,Aggregated,3.900000,0.000000,12000,13000,13000,13000,13000,13000,14000,14000,14000,14000,14000,560,0,12000,12121.425893309044,10773.98006599833,13857.985389000532,4887.533928571429
1790293683,40,,Aggregated,3.400000,0.000000,12000,13000,13000,13000,13000,13000,14000,14000,14000,14000,14000,563,0,12000,12121.427246422849,10773.98006599833,13857.985389000532,4887.955595026643
1790293684,40,,Aggregated,3.400000,0.000000,12000,13000,13000,13000,13000,13000,14000,14000,14000,14000,14000,566,0,12000,12120.36788112202,10773.98006599833,13857.985389000532,4887.008833922261
1790293685,40,,Aggregated,1.500000,0.000000,12000,13000,13000,13000,13000,13000,14000,14000,14000,14000,14000,576,0,12000,12117.124548147687,10773.98006599833,13857.985389000532,4884.644097222223
1790293686,40,,Aggregated,1.500000,0.000000,12000,13000,13000,13000,13000,13000,14000,14000,14000,14000,14000,579,0,12000,12118.36175441117,10773.98006599833,13857.985389000532,4884.967184801381
1790293687,40,,Aggregated,1.600000,0.000000,12000,13000,13000,13000,13000,13000,14000,14000,14000,14000,14000,587,0,12000,12120.057763788867,10773.98006599833,13857.985389000532,4883.931856899489
1790293688,40,,Aggregated,2.200000,0.000000,12000,13000,13000,13000,13000,13000,14000,14000,14000,14000,14000,590,0,12000,12123.63801238994,10773.98006599833,13857.985389000532,4885.540677966102
1790293689,40,,Aggregated,2.200000,0.000000,12000,13000,13000,13000,13000,13000,14000,14000,14000,14000,14000,593,0,12000,12126.831046416633,10773.98006599833,13857.985389000532,4885.976391231029
1790293690,40,,Aggregated,2.800000,0.000000,12000,13000,13000,13000,13000,13000,14000,14000,14000,14000,14000,599,0,12000,12127.837039220472,10773.98006599833,13857.985389000532,4886.727879799666
1790293691,40,,Aggregated,2.800000,0.000000,12000,13000,13000,13000,13000,13000,14000,14000,14000,14000,14000,599,0,12000,12127.837039220472,10773.98006599833,13857.985389000532,4886.727879799666
1790293692,40,,Aggregated,2.800000,0.000000,12000,13000,13000,13000,13000,13000,14000,14000,14000,14000,14000,599,0,12000,12127.837039220472,10773.98006599833,13857.985389000532,4886.727879799666
1790293693,40,,Aggregated,2.800000,0.000000,12000,13000,13000,13000,13000,13000,14000,14000,14000,14000,14000,599,0,12000,12127.837039220472,10773.98006599833,13857.985389000532,4886.727879799666
1790293694,40,,Aggregated,3.900000,0.000000,12000,13000,13000,13000,13000,13000,14000,14000,14000,14000,14000,600,0,12000,12127.782260438436,10773.98006599833,13857.985389000532,4886.305
1790293695,40,,Aggregated,3.900000,0.000000,12000,13000,13000,13000,13000,13000,14000,14000,14000,14000,14000,600,0,12000,12127.782260438436,10773.98006599833,13857.985389000532,4886.305
1790293696,40,,Aggregated,3.400000,0.000000,12000,13000,13000,13000,13000,13000,13000,14000,14000,14000,14000,602,0,12000,12129.136501006746,10773.98006599833,13857.985389000532,4886.820598006644
1790293697,40,,Aggregated,3.400000,0.000000,12000,13000,13000,13000,13000,13000,13000,14000,14000,14000,14000,603,0,12000,12128.820040519175,10773.98006599833,13857.985389000532,4886.252072968491
1790293698,40,,Aggregated,2.200000,0.000000,12000,13000,13000,13000,13000,13000,13000,14000,14000,14000,14000,608,0,12000,12129.175218648123,10773.98006599833,13857.985389000532,4886.049342105263
1790293699,40,,Aggregated,1.600000,0.000000,12000,13000,13000,13000,13000,13000,14000,14000,14000,14000,14000,617,0,12000,12133.539105500899,10773.98006599833,13857.985389000532,4885.419773095624
1790293700,40,,Aggregated,1.600000,0.000000,12000,13000,13000,13000,13000,13000,14000,14000,14000,14000,14000,623,0,12000,12132.404349608436,10773.98006599833,13857.985389000532,4884.229534510433
1790293701,40,,Aggregated,1.600000,0.000000,12000,13000,13000,13000,13000,13000,14000,14000,14000,14000,14000,626,0,12000,12133.683540179009,10773.98006599833,13857.985389000532,4884.653354632588
1790293702,40,,Aggregated,2.200000,0.000000,12000,13000,13000,13000,13000,13000,14000,14000,14000,14000,14000,628,0,12000,12138.576350379075,10773.98006599833,13938.442172999203,4885.966560509554
1790293703,40,,Aggregated,2.700000,0.000000,12000,13000,13000,13000,13000,13000,14000,14000,14000,14000,14000,635,0,12000,12142.721616192215,10773.98006599833,13938.442172999203,4883.644094488189
1790293704,40,,Aggregated,2.700000,0.000000,12000,13000,13000,13000,13000,13000,14000,14000,14000,14000,14000,639,0,12000,12147.420402406979,10773.98006599833,13938.442172999203,4884.311424100157
1790293705,40,,Aggregated,2.700000,0.000000,12000,13000,13000,13000,13000,13000,14000,14000,14000,14000,14000,639,0,12000,12147.420402406979,10773.98006599833,13938.442172999203,4884.311424100157
1790293706,40,,Aggregated,2.700000,0.000000,12000,13000,13000,13000,13000,13000,14000,14000,14000,14000,14000,639,0,12000,12147.420402406979,10773.98006599833,13938.442172999203,4884.311424100157
1790293707,40,,Aggregated,2.700000,0.000000,12000,13000,13000,13000,13000,13000,14000,14000,14000,14000,14000,639,0,12000,12147.420402406979,10773.98006599833,13938.442172999203,4884.311424100157
1790293708,40,,Aggregated,2.700000,0.000000,12000,13000,13000,13000,13000,13000,14000,14000,14000,14000,14000,639,0,12000,12147.420402406979,10773.98006599833,13938.442172999203,4884.311424100157
1790293709,40,,Aggregated,3.600000,0.000000,12000,13000,13000,13000,13000,13000,14000,14000,14000,14000,14000,640,0,12000,12149.806500804776,10773.98006599833,13938.442172999203,4885.11875
1790293710,40,,Aggregated,3.600000,0.000000,12000,13000,13000,13000,13000,13000,14000,14000,14000,14000,14000,640,0,12000,12149.806500804776,10773.98006599833,13938.442172999203,4885.11875
1790293711,40,,Aggregated,3.300000,0.000000,12000,13000,13000,13000,13000,13000,14000,14000,14000,14000,14000,644,0,12000,12151.794239496989,10773.98006599833,13938.442172999203,4886.130434782609
1790293712,40,,Aggregated,2.400000,0.000000,12000,13000,13000,13000,13000,13000,14000,14000,14000,14000,14000,649,0,12000,12150.766650453093,10773.98006599833,13938.442172999203,4885.570107858243
1790293713,40,,Aggregated,1.800000,0.000000,12000,13000,13000,13000,13000,13000,14000,14000,14000,14000,14000,657,0,12000,12154.706229056414,10773.98006599833,13938.442172999203,4885.500761035008
1790293714,40,,Aggregated,2.100000,0.000000,12000,13000,13000,13000,13000,13000,14000,14000,14000,14000,14000,662,0,12000,12161.186121651155,10773.98006599833,13938.442172999203,4888.416918429003
1790293715,40,,Aggregated,2.000000,0.000000,12000,13000,13000,13000,13000,13000,14000,14000,14000,14000,14000,667,0,12000,12164.769717362922,10773.98006599833,13938.442172999203,4889.079460269865
1790293716,40,,Aggregated,2.100000,0.000000,12000,13000,13000,13000,13000,13000,14000,14000,14000,14000,14000,671,0,12000,12163.296735403981,10773.98006599833,13938.442172999203,4888.861400894188
1790293717,40,,Aggregated,2.100000,0.000000,12000,13000,13000,13000,13000,13000,14000,14000,14000,14000,14000,676,0,12000,12163.447166594775,10773.98006599833,13938.442172999203,4889.997041420118
1790293718,40,,Aggregated,2.700000,0.000000,12000,13000,13000,13000,13000,13000,14000,14000,14000,14000,14000,679,0,12000,12165.6213808808,10773.98006599833,13938.442172999203,4889.6259204712815
1790293719,40,,Aggregated,2.700000,0.000000,12000,13000,13000,13000,13000,13000,14000,14000,14000,14000,14000,679,0,12000,12165.6213808808,10773.98006599833,13938.442172999203,4889.6259204712815
1790293720,40,,Aggregated,2.700000,0.000000,12000,13000,13000,13000,13000,13000,14000,14000,14000,14000,14000,679,0,12000,12165.6213808808,10773.98006599833,13938.442172999203,4889.6259204712815
1790293721,40,,Aggregated,2.700000,0.000000,12000,13000,13000,13000,13000,13000,14000,14000,14000,14000,14000,679,0,12000,12165.6213808808,10773.98006599833,13938.442172999203,4889.6259204712815
1790293722,40,,Aggregated,3.900000,0.000000,12000,13000,13000,13000,13000,13000,14000,14000,14000,14000,14000,680,0,12000,12164.530942542742,10773.98006599833,13938.442172999203,4889.363235294118
1790293723,40,,Aggregated,3.900000,0.000000,12000,13000,13000,13000,13000,13000,14000,14000,14000,14000,14000,680,0,12000,12164.530942542742,10773.98006599833,13938.442172999203,4889.363235294118
1790293724,40,,Aggregated,3.000000,0.000000,12000,13000,13000,13000,13000,13000,14000,14000,14000,14000,14000,682,0,12000,12162.922567743499,10773.98006599833,13938.442172999203,4888.450146627566
1790293725,40,,Aggregated,3.000000,0.000000,12000,13000,13000,13000,13000,13000,14000,14000,14000,14000,14000,685,0,12000,12164.264756210307,10773.98006599833,13938.442172999203,4889.451094890511
1790293726,40,,Aggregated,2.000000,0.000000,12000,13000,13000,13000,13000,13000,14000,14000,14000,14000,14000,690,0,12000,12168.281081834864,10773.98006599833,13938.442172999203,4889.527536231884
1790293727,40,,Aggregated,1.900000,0.000000,12000,13000,13000,13000,13000,13000,14000,14000,14000,14000,14000,701,0,12000,12164.212474907357,10773.98006599833,13938.442172999203,4887.639087018545
1790293728,40,,Aggregated,2.100000,0.000000,12000,13000,13000,13000,13000,13000,14000,14000,14000,14000,14000,704,0,12000,12165.742150890705,10773.98006599833,13938.442172999203,4887.315340909091
1790293729,40,,Aggregated,2.000000,0.000000,12000,13000,13000,13000,13000,13000,14000,14000,14000,14000,14000,708,0,12000,12167.064723370131,10773.98006599833,13938.442172999203,4888.281073446327
1790293730,40,,Aggregated,2.400000,0.000000,12000,13000,13000,13000,13000,13000,14000,14000,14000,14000,14000,715,0,12000,12165.872346167895,10773.98006599833,13938.442172999203,4886.398601398601
1790293731,40,,Aggregated,2.800000,0.000000,12000,13000,13000,13000,13000,13000,14000,14000,14000,14000,14000,718,0,12000,12165.341432402573,10773.98006599833,13938.442172999203,4886.118384401114
1790293732,40,,Aggregated,3.500000,0.000000,12000,13000,13000,13000,13000,13000,14000,14000,14000,14000,14000,719,0,12000,12166.481340954164,10773.98006599833,13938.442172999203,4886.351877607789
1790293733,40,,Aggregated,3.500000,0.000000,12000,13000,13000,13000,13000,13000,14000,14000,14000,14000,14000,719,0,12000,12166.481340954164,10773.98006599833,13938.442172999203,4886.351877607789
1790293734,40,,Aggregated,3.500000,0.000000,12000,13000,13000,13000,13000,13000,14000,14000,14000,14000,14000,719,0,12000,12166.481340954164,10773.98006599833,13938.442172999203,4886.351877607789
1790293735,40,,Aggregated,3.500000,0.000000,12000,13000,13000,13000,13000,13000,14000,14000,14000,14000,14000,719,0,12000,12166.481340954164,10773.98006599833,13938.442172999203,4886.351877607789
1790293736,40,,Aggregated,3.500000,0.000000,12000,13000,13000,13000,13000,13000,14000,14000,14000,14000,14000,719,0,12000,12166.481340954164,10773.98006599833,13938.442172999203,4886.351877607789
1790293737,40,,Aggregated,3.400000,0.000000,12000,13000,13000,13000,13000,13000,14000,14000,14000,14000,14000,721,0,12000,12167.139889195621,10773.98006599833,13938.442172999203,4887.019417475728
1790293738,40,,Aggregated,3.100000,0.000000,12000,13000,13000,13000,13000,13000,14000,14000,14000,14000,14000,726,0,12000,12165.553890522095,10773.98006599833,13938.442172999203,4886.658402203857
1790293739,40,,Aggregated,2.400000,0.000000,12000,13000,13000,13000,13000,13000,14000,14000,14000,14000,14000,731,0,12000,12164.261754116324,10773.98006599833,13938.442172999203,4885.971272229822
1790293740,40,,Aggregated,1.800000,0.000000,12000,13000,13000,13000,13000,13000,14000,14000,14000,14000,14000,735,0,12000,12163.393116691199,10773.98006599833,13938.442172999203,4885.659863945578
1790293741,40,,Aggregated,1.800000,0.000000,12000,13000,13000,13000,13000,13000,14000,14000,14000,14000,14000,742,0,12000,12163.060764796537,10773.98006599833,13938.442172999203,4886.047169811321
1790293742,40,,Aggregated,1.800000,0.000000,12000,13000,13000,13000,13000,13000,14000,14000,14000,14000,14000,747,0,12000,12162.220885491346,10773.98006599833,13938.442172999203,4886.2717536813925
1790293743,40,,Aggregated,1.800000,0.000000,12000,13000,13000,13000,13000,13000,14000,14000,14000,14000,14000,752,0,12000,12160.499558279309,10773.98006599833,13938.442172999203,4886.086436170212
1790293744,40,,Aggregated,2.500000,0.000000,12000,13000,13000,13000,13000,13000,14000,14000,14000,14000,14000,754,0,12000,12160.609808949657,10773.98006599833,13938.442172999203,4886.364721485411
1790293745,40,,Aggregated,3.300000,0.000000,12000,13000,13000,13000,13000,13000,14000,14000,14000,14000,14000,758,0,12000,12164.160577465746,10773.98006599833,13938.442172999203,4887.861477572559
1790293746,40,,Aggregated,3.300000,0.000000,12000,13000,13000,13000,13000,13000,14000,14000,14000,14000,14000,758,0,12000,12164.160577465746,10773.98006599833,13938.442172999203,4887.861477572559
1790293747,40,,Aggregated,3.500000,0.000000,12000,13000,13000,13000,13000,13000,14000,14000,14000,14000,14000,759,0,12000,12165.269019798463,10773.98006599833,13938.442172999203,4888.844532279315
1790293748,40,,Aggregated,3.500000,0.000000,12000,13000,13000,13000,13000,13000,14000,14000,14000,14000,14000,759,0,12000,12165.269019798463,10773.98006599833,13938.442172999203,4888.844532279315
1790293749,40,,Aggregated,3.500000,0.000000,12000,13000,13000,13000,13000,13000,14000,14000,14000,14000,14000,759,0,12000,12165.269019798463,10773.98006599833,13938.442172999203,4888.844532279315
1790293750,40,,Aggregated,3.500000,0.000000,12000,13000,13000,13000,13000,13000,14000,14000,14000,14000,14000,759,0,12000,12165.269019798463,10773.98006599833,13938.442172999203,4888.844532279315
1790293751,40,,Aggregated,3.800000,0.000000,12000,13000,13000,13000,13000,13000,14000,14000,14000,14000,14000,760,0,12000,12165.821873871095,10773.98006599833,13938.442172999203,4888.992105263158
1790293752,40,,Aggregated,3.200000,0.000000,12000,13000,13000,13000,13000,13000,14000,14000,14000,14000,14000,765,0,12000,12165.778370454946,10773.98006599833,13938.442172999203,4888.675816993464
1790293753,40,,Aggregated,1.800000,0.000000,12000,13000,13000,13000,13000,13000,14000,14000,14000,14000,14000,773,0,12000,12165.962981263947,10773.98006599833,13938.442172999203,4887.333764553687
1790293754,40,,Aggregated,2.100000,0.000000,12000,13000,13000,13000,13000,13000,14000,14000,14000,14000,14000,779,0,12000,12168.290463029565,10773.98006599833,13938.442172999203,4887.150192554557
1790293755,40,,Aggregated,1.600000,0.000000,12000,13000,13000,13000,13000,13000,14000,14000,14000,14000,14000,782,0,12000,12166.913603957837,10773.98006599833,13938.442172999203,4886.615089514066
1790293756,40,,Aggregated,2.200000,0.000000,12000,13000,13000,13000,13000,13000,14000,14000,14000,14000,14000,789,0,12000,12169.501383546301,10773.98006599833,13938.442172999203,4887.198986058302
1790293757,40,,Aggregated,2.400000,0.000000,12000,13000,13000,13000,13000,13000,14000,14000,14000,14000,14000,793,0,12000,12169.778953820974,10773.98006599833,13938.442172999203,4886.861286254729
1790293758,40,,Aggregated,2.400000,0.000000,12000,13000,13000,13000,13000,13000,14000,14000,14000,14000,14000,796,0,12000,12170.519723584213,10773.98006599833,13938.442172999203,4887.604271356784
1790293759,40,,Aggregated,3.200000,0.000000,12000,13000,13000,13000,13000,13000,14000,14000,14000,14000,14000,797,0,12000,12171.227499297405,10773.98006599833,13938.442172999203,4887.570890840652
1790293760,40,,Aggregated,3.200000,0.000000,12000,13000,13000,13000,13000,13000,14000,14000,14000,14000,14000,797,0,12000,12171.227499297405,10773.98006599833,13938.442172999203,4887.570890840652
1790293761,40,,Aggregated,3.700000,0.000000,12000,13000,13000,13000,13000,13000,14000,14000,14000,14000,14000,799,0,12000,12173.681317946222,10773.98006599833,13938.442172999203,4888.655819774718
1790293762,40,,Aggregated,3.700000,0.000000,12000,13000,13000,13000,13000,13000,14000,14000,14000,14000,14000,799,0,12000,12173.681317946222,10773.98006599833,13938.442172999203,4888.655819774718
1790293763,40,,Aggregated,3.700000,0.000000,12000,13000,13000,13000,13000,13000,14000,14000,14000,14000,14000,799,0,12000,12173.681317946222,10773.98006599833,13938.442172999203,4888.655819774718
1790293764,40,,Aggregated,3.700000,0.000000,12000,13000,13000,13000,13000,13000,14000,14000,14000,14000,14000,799,0,12000,12173.681317946222,10773.98006599833,13938.442172999203,4888.655819774718
1790293765,40,,Aggregated,3.100000,0.000000,12000,13000,13000,13000,13000,13000,14000,14000,14000,14000,14000,802,0,12000,12173.006188071116,10773.98006599833,13938.442172999203,4887.8403990024935
1790293766,40,,Aggregated,3.100000,0.000000,12000,13000,13000,13000,13000,13000,14000,14000,14000,14000,14000,804,0,12000,12173.33060700128,10773.98006599833,13938.442172999203,4888.504975124378
1790293767,40,,Aggregated,2.000000,0.000000,12000,13000,13000,13000,13000,13000,14000,14000,14000,14000,14000,814,0,12000,12176.090311662196,10773.98006599833,13938.442172999203,4891.585995085995
1790293768,40,,Aggregated,1.800000,0.000000,12000,13000,13000,13000,13000,13000,14000,14000,14000,14000,14000,816,0,12000,12175.13259193876,10773.98006599833,13938.442172999203,4891.286764705882
1790293769,40,,Aggregated,1.900000,0.000000,12000,13000,13000,13000,13000,13000,14000,14000,14000,14000,14000,823,0,12000,12178.347177933207,10773.98006599833,13938.442172999203,4891.741190765492
1790293770,40,,Aggregated,1.900000,0.000000,12000,13000,13000,13000,13000,13000,14000,14000,14000,14000,14000,830,0,12000,12180.130700049434,10773.98006599833,13938.442172999203,4892.322891566265
1790293771,40,,Aggregated,2.600000,0.000000,12000,13000,13000,13000,13000,13000,14000,14000,14000,14000,14000,834,0,12000,12182.56410536334,10773.98006599833,13938.442172999203,4892.377697841726
1790293772,40,,Aggregated,2.900000,0.000000,12000,13000,13000,13000,13000,13000,14000,14000,14000,14000,14000,835,0,12000,12183.281345007215,10773.98006599833,13938.442172999203,4892.88622754491
1790293773,40,,Aggregated,2.900000,0.000000,12000,13000,13000,13000,13000,13000,14000,14000,14000,14000,14000,836,0,12000,12184.749122795487,10773.98006599833,13938.442172999203,4893.491626794258
1790293774,40,,Aggregated,3.500000,0.000000,12000,13000,13000,13000,13000,13000,14000,14000,14000,14000,14000,838,0,12000,12186.251235225567,10773.98006599833,13938.442172999203,4894.211217183771
1790293775,40,,Aggregated,3.700000,0.000000,12000,13000,13000,13000,13000,13000,14000,14000,14000,14000,14000,839,0,12000,12186.809768469639,10773.98006599833,13938.442172999203,4893.911799761621
1790293776,40,,Aggregated,3.700000,0.000000,12000,13000,13000,13000,13000,13000,14000,14000,14000,14000,14000,839,0,12000,12186.809768469639,10773.98006599833,13938.442172999203,4893.911799761621
1790293777,40,,Aggregated,3.700000,0.000000,12000,13000,13000,13000,13000,13000,14000,14000,14000,14000,14000,839,0,12000,12186.809768469639,10773.98006599833,13938.442172999203,4893.911799761621
1790293778,40,,Aggregated,3.700000,0.000000,12000,13000,13000,13000,13000,13000,14000,14000,14000,14000,14000,839,0,12000,12186.809768469639,10773.98006599833,13938.442172999203,4893.911799761621
1790293779,40,,Aggregated,2.900000,0.000000,12000,13000,13000,13000,13000,13000,14000,14000,14000,14000,14000,843,0,12000,12186.15646653503,10773.98006599833,13938.442172999203,4892.510083036774
1790293780,40,,Aggregated,2.400000,0.000000,12000,13000,13000,13000,13000,13000,14000,14000,14000,14000,14000,847,0,12000,12186.027959283389,10773.98006599833,13938.442172999203,4891.760330578512
1790293781,40,,Aggregated,1.900000,0.000000,12000,13000,13000,13000,13000,13000,14000,14000,14000,14000,14000,850,0,12000,12188.398302140038,10773.98006599833,13938.442172999203,4892.210588235294
1790293782,40,,Aggregated,2.000000,0.000000,12000,13000,13000,13000,13000,13000,14000,14000,14000,14000,14000,861,0,12000,12193.151848818854,10773.98006599833,13938.442172999203,4893.35656213705
1790293783,40,,Aggregated,1.700000,0.000000,12000,13000,13000,13000,13000,13000,14000,14000,14000,14000,14000,863,0,12000,12194.556614954845,10773.98006599833,13938.442172999203,4893.460023174971
1790293784,40,,Aggregated,2.100000,0.000000,12000,13000,13000,13000,13000,13000,14000,14000,14000,14000,14000,866,0,12000,12195.900719607433,10773.98006599833,13938.442172999203,4894.306004618938
1790293785,40,,Aggregated,2.600000,0.000000,12000,13000,13000,13000,13000,13000,14000,14000,14000,14000,14000,872,0,12000,12202.038265004629,10773.98006599833,13938.442172999203,4895.533256880734
1790293786,40,,Aggregated,2.600000,0.000000,12000,13000,13000,13000,13000,13000,14000,14000,14000,14000,14000,875,0,12000,12203.572540386325,10773.98006599833,13938.442172999203,4895.827428571429
1790293787,40,,Aggregated,2.900000,0.000000,12000,13000,13000,13000,13000,13000,14000,14000,14000,14000,14000,876,0,12000,12204.048379021731,10773.98006599833,13938.442172999203,4895.885844748858
1790293788,40,,Aggregated,3.600000,0.000000,12000,13000,13000,13000,13000,13000,14000,14000,14000,14000,14000,877,0,12000,12204.314037562188,10773.98006599833,13938.442172999203,4895.619156214367
1790293789,40,,Aggregated,3.600000,0.000000,12000,13000,13000,13000,13000,13000,14000,14000,14000,14000,14000,878,0,12000,12204.855116736946,10773.98006599833,13938.442172999203,4895.789293849658
1790293790,40,,Aggregated,3.700000,0.000000,12000,13000,13000,13000,13000,13000,14000,14000,14000,14000,14000,879,0,12000,12206.37417310357,10773.98006599833,13938.442172999203,4896.259385665529
1790293791,40,,Aggregated,3.700000,0.000000,12000,13000,13000,13000,13000,13000,14000,14000,14000,14000,14000,880,0,12000,12205.290963570496,10773.98006599833,13938.442172999203,4895.881818181818
1790293792,40,,Aggregated,3.200000,0.000000,12000,13000,13000,13000,13000,13000,14000,14000,14000,14000,14000,881,0,12000,12204.349660877453,10773.98006599833,13938.442172999203,4895.465380249716
1790293793,40,,Aggregated,3.000000,0.000000,12000,13000,13000,13000,13000,13000,14000,14000,14000,14000,14000,885,0,12000,12201.865988014733,10773.98006599833,13938.442172999203,4893.685875706215
1790293794,40,,Aggregated,2.500000,0.000000,12000,13000,13000,13000,13000,13000,14000,14000,14000,14000,14000,890,0,12000,12203.037238241619,10773.98006599833,13938.442172999203,4893.689887640449
1790293795,40,,Aggregated,2.200000,0.000000,12000,13000,13000,13000,13000,13000,14000,14000,14000,14000,14000,893,0,12000,12201.71126958347,10773.98006599833,13938.442172999203,4893.727883538634
1790293796,40,,Aggregated,2.200000,0.000000,12000,13000,13000,13000,13000,13000,14000,14000,14000,14000,14000,902,0,12000,12201.268139698488,10773.98006599833,13938.442172999203,4893.8337028824835
1790293797,40,,Aggregated,2.000000,0.000000,12000,13000,13000,13000,13000,13000,14000,14000,14000,14000,14000,904,0,12000,12203.844203975705,10773.98006599833,13938.442172999203,4894.076327433629
1790293798,40,,Aggregated,2.100000,0.000000,12000,13000,13000,13000,13000,13000,14000,14000,14000,14000,14000,908,0,12000,12203.643749603563,10773.98006599833,13938.442172999203,4893.72026431718
1790293799,40,,Aggregated,2.600000,0.000000,12000,13000,13000,13000,13000,13000,14000,14000,14000,14000,14000,911,0,12000,12204.313139452292,10773.98006599833,13938.442172999203,4894.0944017563115
1790293800,40,,Aggregated,2.900000,0.000000,12000,13000,13000,13000,13000,13000,14000,14000,14000,14000,14000,916,0,12000,12208.954819210741,10773.98006599833,13938.442172999203,4895.03056768559
1790293801,40,,Aggregated,2.900000,0.000000,12000,13000,13000,13000,13000,13000,14000,14000,14000,14000,14000,916,0,12000,12208.954819210741,10773.98006599833,13938.442172999203,4895.03056768559
1790293802,40,,Aggregated,3.400000,0.000000,12000,13000,13000,13000,13000,13000,14000,14000,14000,14000,14000,918,0,12000,12208.597119474993,10773.98006599833,13938.442172999203,4894.60348583878
1790293803,40,,Aggregated,3.400000,0.000000,12000,13000,13000,13000,13000,13000,14000,14000,14000,14000,14000,918,0,12000,12208.597119474993,10773.98006599833,13938.442172999203,4894.60348583878
1790293804,40,,Aggregated,3.600000,0.000000,12000,13000,13000,13000,13000,13000,14000,14000,14000,14000,14000,919,0,12000,12209.131744241615,10773.98006599833,13938.442172999203,4895.501632208923
1790293805,40,,Aggregated,3.600000,0.000000,12000,13000,13000,13000,13000,13000,14000,14000,14000,14000,14000,919,0,12000,12209.131744241615,10773.98006599833,13938.442172999203,4895.501632208923
1790293806,40,,Aggregated,3.100000,0.000000,12000,13000,13000,13000,13000,13000,14000,14000,14000,14000,14000,920,0,12000,12209.577684607659,10773.98006599833,13938.442172999203,4895.566304347826
1790293807,40,,Aggregated,2.900000,0.000000,12000,13000,13000,13000,13000,13000,14000,14000,14000,14000,14000,926,0,12000,12213.325791751668,10773.98006599833,13938.442172999203,4895.605831533478
1790293808,40,,Aggregated,2.300000,0.000000,12000,13000,13000,13000,13000,13000,14000,14000,14000,14000,14000,928,0,12000,12215.686806344878,10773.98006599833,13938.442172999203,4896.441810344828
1790293809,40,,Aggregated,1.800000,0.000000,12000,13000,13000,13000,13000,13000,14000,14000,14000,14000,14000,931,0,12000,12217.838321728299,10773.98006599833,13938.442172999203,4897.102040816327
1790293810,40,,Aggregated,2.100000,0.000000,12000,13000,13000,13000,13000,13000,14000,14000,14000,14000,14000,940,0,12000,12223.858214100048,10773.98006599833,13938.442172999203,4897.934042553192
1790293811,40,,Aggregated,1.900000,0.000000,12000,13000,13000,13000,13000,13000,14000,14000,14000,14000,14000,944,0,12000,12224.360660114451,10773.98006599833,13938.442172999203,4897.677966101695
1790293812,40,,Aggregated,2.000000,0.000000,12000,13000,13000,13000,13000,13000,14000,14000,14000,14000,14000,949,0,12000,12225.22462920236,10773.98006599833,13938.442172999203,4897.486828240253
1790293813,40,,Aggregated,2.400000,0.000000,12000,13000,13000,13000,13000,13000,14000,14000,14000,14000,14000,952,0,12000,12226.32909134878,10773.98006599833,13938.442172999203,4897.961134453782
1790293814,40,,Aggregated,2.900000,0.000000,12000,13000,13000,13000,13000,13000,14000,14000,14000,14000,14000,955,0,12000,12226.931058319411,10773.98006599833,13938.442172999203,4898.284816753927
1790293815,40,,Aggregated,3.200000,0.000000,12000,13000,13000,13000,13000,13000,14000,14000,14000,14000,14000,957,0,12000,12227.681697136923,10773.98006599833,13938.442172999203,4898.318704284222
1790293816,40,,Aggregated,3.600000,0.000000,12000,13000,13000,13000,13000,13000,14000,14000,14000,14000,14000,958,0,12000,12228.557936134692,10773.98006599833,13938.442172999203,4899.203549060543
1790293817,40,,Aggregated,3.600000,0.000000,12000,13000,13000,13000,13000,13000,14000,14000,14000,14000,14000,958,0,12000,12228.557936134692,10773.98006599833,13938.442172999203,4899.203549060543
1790293818,40,,Aggregated,3.600000,0.000000,12000,13000,13000,13000,13000,13000,14000,14000,14000,14000,14000,958,0,12000,12228.557936134692,10773.98006599833,13938.442172999203,4899.203549060543
1790293819,40,,Aggregated,3.600000,0.000000,12000,13000,13000,13000,13000,13000,14000,14000,14000,14000,14000,958,0,12000,12228.557936134692,10773.98006599833,13938.442172999203,4899.203549060543
1790293820,40,,Aggregated,3.200000,0.000000,12000,13000,13000,13000,13000,13000,14000,14000,14000,14000,14000,961,0,12000,12229.610380512007,10773.98006599833,13938.442172999203,4899.4068678459935
1790293821,40,,Aggregated,3.000000,0.000000,12000,13000,13000,13000,13000,13000,14000,14000,14000,14000,14000,964,0,12000,12230.895464057097,10773.98006599833,13938.442172999203,4900.004149377593
1790293822,40,,Aggregated,2.600000,0.000000,12000,13000,13000,13000,13000,13000,14000,14000,14000,14000,14000,969,0,12000,12230.093370025843,10773.98006599833,13938.442172999203,4899.985552115583
1790293823,40,,Aggregated,2.100000,0.000000,12000,13000,13000,13000,13000,13000,14000,14000,14000,14000,14000,978,0,12000,12229.293275571617,10773.98006599833,13938.442172999203,4899.327198364008
1790293824,40,,Aggregated,2.000000,0.000000,12000,13000,13000,13000,13000,13000,14000,14000,14000,14000,14000,983,0,12000,12227.961210482235,10773.98006599833,13938.442172999203,4898.548321464903
1790293825,40,,Aggregated,1.900000,0.000000,12000,13000,13000,13000,13000,13000,14000,14000,14000,14000,14000,985,0,12000,12228.198659041662,10773.98006599833,13938.442172999203,4898.697461928934
1790293826,40,,Aggregated,2.400000,0.000000,12000,13000,13000,13000,13000,13000,14000,14000,14000,14000,14000,987,0,12000,12228.127048719392,10773.98006599833,13938.442172999203,4899.024316109422
1790293827,40,,Aggregated,2.800000,0.000000,12000,13000,13000,13000,13000,13000,14000,14000,14000,14000,14000,993,0,12000,12230.862955255836,10773.98006599833,13938.442172999203,4899.693856998993
1790293828,40,,Aggregated,2.800000,0.000000,12000,13000,13000,13000,13000,13000,14000,14000,14000,14000,14000,995,0,12000,12231.492927911606,10773.98006599833,13938.442172999203,4899.928643216081
1790293829,40,,Aggregated,3.100000,0.000000,12000,13000,13000,13000,13000,13000,14000,14000,14000,14000,14000,997,0,12000,12233.188140452405,10773.98006599833,13938.442172999203,4901.390170511535
1790293830,40,,Aggregated,3.100000,0.000000,12000,13000,13000,13000,13000,13000,14000,14000,14000,14000,14000,997,0,12000,12233.188140452405,10773.98006599833,13938.442172999203,4901.390170511535
1790293831,40,,Aggregated,3.700000,0.000000,12000,13000,13000,13000,13000,13000,14000,14000,14000,14000,14000,998,0,12000,12234.619641826703,10773.98006599833,13938.442172999203,4901.896793587174
1790293832,40,,Aggregated,3.700000,0.000000,12000,13000,13000,13000,13000,13000,14000,14000,14000,14000,14000,998,0,12000,12234.619641826703,10773.98006599833,13938.442172999203,4901.896793587174
1790293833,40,,Aggregated,3.600000,0.000000,12000,13000,13000,13000,13000,13000,14000,14000,14000,14000,14000,999,0,12000,12234.126581517563,10773.98006599833,13938.442172999203,4901.550550550551
1790293834,40,,Aggregated,3.300000,0.000000,12000,13000,13000,13000,13000,13000,14000,14000,14000,14000,14000,1004,0,12000,12233.144413533915,10773.98006599833,13938.442172999203,4901.021912350598
1790293835,40,,Aggregated,2.900000,0.000000,12000,13000,13000,13000,13000,13000,14000,14000,14000,14000,14000,1008,0,12000,12230.476384000049,10773.98006599833,13938.442172999203,4899.632936507936
1790293836,40,,Aggregated,2.100000,0.000000,12000,13000,13000,13000,13000,13000,14000,14000,14000,14000,14000,1013,0,12000,12230.529755744376,10773.98006599833,13938.442172999203,4899.13228035538
1790293838,40,,Aggregated,2.100000,0.000000,12000,13000,13000,13000,13000,13000,14000,14000,14000,14000,14000,1018,0,12000,12229.594173572745,10773.98006599833,13938.442172999203,4899.533398821218
1790293839,40,,Aggregated,2.300000,0.000000,12000,13000,13000,13000,13000,13000,14000,14000,14000,14000,14000,1022,0,12000,12230.665969674223,10773.98006599833,13938.442172999203,4900.108610567515
1790293840,40,,Aggregated,2.500000,0.000000,12000,13000,13000,13000,13000,13000,14000,14000,14000,14000,14000,1026,0,12000,12232.476911727152,10773.98006599833,13938.442172999203,4900.381091617934
1790293841,40,,Aggregated,2.500000,0.000000,12000,13000,13000,13000,13000,13000,14000,14000,14000,14000,14000,1030,0,12000,12231.791794095203,10773.98006599833,13938.442172999203,4900.159223300971
1790293842,40,,Aggregated,2.700000,0.000000,12000,13000,13000,13000,13000,13000,14000,14000,14000,14000,14000,1032,0,12000,12233.192336771375,10773.98006599833,13938.442172999203,4900.476744186047
1790293843,40,,Aggregated,2.800000,0.000000,12000,13000,13000,13000,13000,13000,14000,14000,14000,14000,14000,1034,0,12000,12233.698836141257,10773.98006599833,13938.442172999203,4900.623791102515
1790293844,40,,Aggregated,3.300000,0.000000,12000,13000,13000,13000,13000,13000,14000,14000,14000,14000,14000,1036,0,12000,12235.40987397882,10773.98006599833,13938.442172999203,4901.2972972972975
1790293845,40,,Aggregated,3.400000,0.000000,12000,13000,13000,13000,13000,13000,14000,14000,14000,14000,14000,1037,0,12000,12235.787304380965,10773.98006599833,13938.442172999203,4901.337512054002
1790293846,40,,Aggregated,3.600000,0.000000,12000,13000,13000,13000,13000,13000,14000,14000,14000,14000,14000,1038,0,12000,12235.817316824721,10773.98006599833,13938.442172999203,4901.796724470135
1790293847,40,,Aggregated,3.700000,0.000000,12000,13000,13000,13000,13000,13000,14000,14000,14000,14000,14000,1040,0,12000,12234.529087567364,10773.98006599833,13938.442172999203,4901.524038461538
1790293848,40,,Aggregated,3.300000,0.000000,12000,13000,13000,13000,13000,13000,14000,14000,14000,14000,14000,1042,0,12000,12233.571886060516,10773.98006599833,13938.442172999203,4900.979846449136
1790293849,40,,Aggregated,2.700000,0.000000,12000,13000,13000,13000,13000,13000,14000,14000,14000,14000,14000,1044,0,12000,12232.694598927257,10773.98006599833,13938.442172999203,4900.652298850575
1790293850,40,,Aggregated,2.700000,0.000000,12000,13000,13000,13000,13000,13000,14000,14000,14000,14000,14000,1047,0,12000,12235.684991383052,10773.98006599833,13938.442172999203,4901.696275071633
1790293851,40,,Aggregated,2.100000,0.000000,12000,13000,13000,13000,13000,13000,14000,14000,14000,14000,14000,1054,0,12000,12235.458721390945,10773.98006599833,13938.442172999203,4901.628083491461
1790293852,40,,Aggregated,2.200000,0.000000,12000,13000,13000,13000,13000,13000,14000,14000,14000,14000,14000,1061,0,12000,12235.698697810609,10773.98006599833,13938.442172999203,4901.183788878417
1790293853,40,,Aggregated,2.200000,0.000000,12000,13000,13000,13000,13000,13000,14000,14000,14000,14000,14000,1062,0,12000,12235.796162422837,10773.98006599833,13938.442172999203,4901.2551789077215
1790293854,40,,Aggregated,2.300000,0.000000,12000,13000,13000,13000,13000,13000,14000,14000,14000,14000,14000,1067,0,12000,12235.827832613924,10773.98006599833,13938.442172999203,4900.22961574508
1790293855,40,,Aggregated,2.800000,0.000000,12000,13000,13000,13000,13000,13000,14000,14000,14000,14000,14000,1070,0,12000,12238.227429325287,10773.98006599833,13938.442172999203,4900.994392523365
1790293856,40,,Aggregated,2.800000,0.000000,12000,13000,13000,13000,13000,13000,14000,14000,14000,14000,14000,1072,0,12000,12238.09522049632,10773.98006599833,13938.442172999203,4900.257462686567
1790293857,40,,Aggregated,3.100000,0.000000,12000,13000,13000,13000,13000,13000,14000,14000,14000,14000,14000,1075,0,12000,12238.315284346098,10773.98006599833,13938.442172999203,4900.068837209303
1790293858,40,,Aggregated,3.300000,0.000000,12000,13000,13000,13000,13000,13000,14000,14000,14000,14000,14000,1076,0,12000,12239.671358681277,10773.98006599833,13938.442172999203,4900.474907063197
1790293859,40,,Aggregated,3.400000,0.000000,12000,13000,13000,13000,13000,13000,14000,14000,14000,14000,14000,1078,0,12000,12240.202922521385,10773.98006599833,13938.442172999203,4900.441558441558
1790293860,40,,Aggregated,3.400000,0.000000,12000,13000,13000,13000,13000,13000,14000,14000,14000,14000,14000,1078,0,12000,12240.202922521385,10773.98006599833,13938.442172999203,4900.441558441558
1790293861,40,,Aggregated,3.400000,0.000000,12000,13000,13000,13000,13000,13000,14000,14000,14000,14000,14000,1079,0,12000,12240.177870347596,10773.98006599833,13938.442172999203,4900.411492122335
1790293862,40,,Aggregated,3.500000,0.000000,12000,13000,13000,13000,13000,13000,14000,14000,14000,14000,14000,1082,0,12000,12239.812881287478,10773.98006599833,13938.442172999203,4899.870609981515
1790293863,40,,Aggregated,3.100000,0.000000,12000,13000,13000,13000,13000,13000,14000,14000,14000,14000,14000,1084,0,12000,12239.121126665175,10773.98006599833,13938.442172999203,4900.038745387454
1790293864,40,,Aggregated,2.200000,0.000000,12000,13000,13000,13000,13000,13000,14000,14000,14000,14000,14000,1089,0,12000,12238.491201326027,10773.98006599833,13938.442172999203,4899.552800734619
1790293865,40,,Aggregated,2.200000,0.000000,12000,13000,13000,13000,13000,13000,14000,14000,14000,14000,14000,1094,0,12000,12238.022889249585,10773.98006599833,13938.442172999203,4898.91042047532
1790293866,40,,Aggregated,2.100000,0.000000,12000,13000,13000,13000,13000,13000,14000,14000,14000,14000,14000,1099,0,12000,12242.03531682716,10773.98006599833,13938.442172999203,4899.739763421292
1790293867,40,,Aggregated,2.100000,0.000000,12000,13000,13000,13000,13000,13000,14000,14000,14000,14000,14000,1103,0,12000,12244.462453725337,10773.98006599833,13938.442172999203,4900.38803263826
1790293868,40,,Aggregated,2.400000,0.000000,12000,13000,13000,13000,13000,13000,14000,14000,14000,14000,14000,1107,0,12000,12245.003625486035,10773.98006599833,13938.442172999203,4901.70189701897
1790293869,40,,Aggregated,2.800000,0.000000,12000,13000,13000,13000,13000,13000,14000,14000,14000,14000,14000,1111,0,12000,12245.39276491183,10773.98006599833,13938.442172999203,4900.8397839783975
1790293870,40,,Aggregated,2.800000,0.000000,12000,13000,13000,13000,13000,13000,14000,14000,14000,14000,14000,1113,0,12000,12246.136401331576,10773.98006599833,13938.442172999203,4901.29739442947
1790293871,40,,Aggregated,3.100000,0.000000,12000,13000,13000,13000,13000,13000,14000,14000,14000,14000,14000,1114,0,12000,12246.642450191242,10773.98006599833,13938.442172999203,4901.354578096948
1790293872,40,,Aggregated,3.200000,0.000000,12000,13000,13000,13000,13000,13000,14000,14000,14000,14000,14000,1116,0,12000,12248.40424767029,10773.98006599833,13938.442172999203,4901.597670250896
1790293873,40,,Aggregated,3.500000,0.000000,12000,13000,13000,13000,13000,13000,14000,14000,14000,14000,14000,1117,0,12000,12248.707052008995,10773.98006599833,13938.442172999203,4901.565801253357
1790293874,40,,Aggregated,3.500000,0.000000,12000,13000,13000,13000,13000,13000,14000,14000,14000,14000,14000,1119,0,12000,12248.961718026852,10773.98006599833,13938.442172999203,4901.729222520107
1790293875,40,,Aggregated,3.400000,0.000000,12000,13000,13000,13000,13000,13000,14000,14000,14000,14000,14000,1120,0,12000,12248.735964107183,10773.98006599833,13938.442172999203,4901.503571428571
1790293876,40,,Aggregated,3.300000,0.000000,12000,13000,13000,13000,13000,13000,14000,14000,14000,14000,14000,1122,0,12000,12250.210244359221,10773.98006599833,13938.442172999203,4901.401960784314
1790293877,40,,Aggregated,3.100000,0.000000,12000,13000,13000,13000,13000,13000,14000,14000,14000,14000,14000,1123,0,12000,12249.467108228895,10773.98006599833,13938.442172999203,4901.016028495103
1790293878,40,,Aggregated,2.600000,0.000000,12000,13000,13000,13000,13000,13000,14000,14000,14000,14000,14000,1130,0,12000,12250.966195230129,10773.98006599833,13938.442172999203,4900.977876106194
1790293879,40,,Aggregated,2.000000,0.000000,12000,13000,13000,13000,13000,13000,14000,14000,14000,14000,14000,1134,0,12000,12252.321193379228,10773.98006599833,13938.442172999203,4901.584656084656
1790293880,40,,Aggregated,2.000000,0.000000,12000,13000,13000,13000,13000,13000,14000,14000,14000,14000,14000,1139,0,12000,12253.141593053591,10773.98006599833,13938.442172999203,4901.726075504829
1790293881,40,,Aggregated,2.300000,0.000000,12000,13000,13000,13000,13000,13000,14000,14000,14000,14000,14000,1142,0,12000,12255.783419933487,10773.98006599833,13938.442172999203,4901.436952714536
1790293882,40,,Aggregated,2.600000,0.000000,12000,13000,13000,13000,13000,13000,14000,14000,14000,14000,14000,1146,0,12000,12257.271885827264,10773.98006599833,13938.442172999203,4901.971204188481
1790293883,40,,Aggregated,2.600000,0.000000,12000,13000,13000,13000,13000,13000,14000,14000,14000,14000,14000,1150,0,12000,12260.274006209604,10773.98006599833,13938.442172999203,4902.5817391304345
1790293884,40,,Aggregated,2.800000,0.000000,12000,13000,13000,13000,13000,13000,14000,14000,14000,14000,14000,1152,0,12000,12261.771123745695,10773.98006599833,13938.442172999203,4902.850694444444
1790293885,40,,Aggregated,2.700000,0.000000,12000,13000,13000,13000,13000,13000,14000,14000,14000,14000,14000,1154,0,12000,12262.853141007836,10773.98006599833,13938.442172999203,4903.603986135182
1790293886,40,,Aggregated,3.300000,0.000000,12000,13000,13000,13000,13000,13000,14000,14000,14000,14000,14000,1155,0,12000,12263.666614218217,10773.98006599833,13938.442172999203,4903.776623376623
1790293887,40,,Aggregated,3.300000,0.000000,12000,13000,13000,13000,13000,13000,14000,14000,14000,14000,14000,1157,0,12000,12265.476405937803,10773.98006599833,13938.442172999203,4904.118409680207
1790293888,40,,Aggregated,3.300000,0.000000,12000,13000,13000,13000,13000,13000,14000,14000,14000,14000,14000,1157,0,12000,12265.476405937803,10773.98006599833,13938.442172999203,4904.118409680207
1790293889,40,,Aggregated,3.300000,0.000000,12000,13000,13000,13000,13000,13000,14000,14000,14000,14000,14000,1161,0,12000,12265.921744391073,10773.98006599833,13938.442172999203,4903.933677863911
1790293890,40,,Aggregated,3.400000,0.000000,12000,13000,13000,13000,13000,13000,14000,14000,14000,14000,14000,1163,0,12000,12266.342555080859,10773.98006599833,13938.442172999203,4904.033533963887
1790293891,40,,Aggregated,2.800000,0.000000,12000,13000,13000,13000,13000,13000,14000,14000,14000,14000,14000,1166,0,12000,12265.72160221187,10773.98006599833,13938.442172999203,4903.668953687821
1790293892,40,,Aggregated,2.400000,0.000000,12000,13000,13000,13000,13000,13000,14000,14000,14000,14000,14000,1170,0,12000,12267.095894180376,10773.98006599833,13938.442172999203,4903.752136752137
1790293893,40,,Aggregated,2.400000,0.000000,12000,13000,13000,13000,13000,13000,14000,14000,14000,14000,14000,1174,0,12000,12266.997106495777,10773.98006599833,13938.442172999203,4903.445485519591
1790293894,40,,Aggregated,2.600000,0.000000,12000,13000,13000,13000,13000,13000,14000,14000,14000,14000,14000,1179,0,12000,12269.565521464838,10773.98006599833,13938.442172999203,4904.367260390161
1790293895,40,,Aggregated,2.600000,0.000000,12000,13000,13000,13000,13000,13000,14000,14000,14000,14000,14000,1183,0,12000,12269.624390431141,10773.98006599833,13938.442172999203,4903.9087066779375
1790293896,40,,Aggregated,2.400000,0.000000,12000,13000,13000,13000,13000,13000,14000,14000,14000,14000,14000,1186,0,12000,12268.589462129881,10773.98006599833,13938.442172999203,4903.212478920742
1790293897,40,,Aggregated,2.900000,0.000000,12000,13000,13000,13000,13000,13000,14000,14000,14000,14000,14000,1190,0,12000,12269.938862638688,10773.98006599833,13938.442172999203,4903.118487394958
1790293898,40,,Aggregated,2.900000,0.000000,12000,13000,13000,13000,13000,13000,14000,14000,14000,14000,14000,1194,0,12000,12271.343495000034,10773.98006599833,13938.442172999203,4903.030988274707
1790293899,40,,Aggregated,3.200000,0.000000,12000,13000,13000,13000,13000,13000,14000,14000,14000,14000,14000,1195,0,12000,12270.803104438528,10773.98006599833,13938.442172999203,4902.687866108787
1790293900,40,,Aggregated,3.200000,0.000000,12000,13000,13000,13000,13000,13000,14000,14000,14000,14000,14000,1195,0,12000,12270.803104438528,10773.98006599833,13938.442172999203,4902.687866108787
1790293901,40,,Aggregated,3.300000,0.000000,12000,13000,13000,13000,13000,13000,14000,14000,14000,14000,14000,1196,0,12000,12271.658303444015,10773.98006599833,13938.442172999203,4902.829431438127
1790293902,40,,Aggregated,3.200000,0.000000,12000,13000,13000,13000,13000,13000,14000,14000,14000,14000,14000,1199,0,12000,12272.62470285825,10773.98006599833,13938.442172999203,4902.658882402002
1790293903,40,,Aggregated,3.000000,0.000000,12000,13000,13000,13000,13000,13000,14000,14000,14000,14000,14000,1200,0,12000,12273.228910630869,10773.98006599833,13938.442172999203,4902.859166666667
1790293904,40,,Aggregated,3.000000,0.000000,12000,13000,13000,13000,13000,13000,14000,14000,14000,14000,14000,1202,0,12000,12274.678398992548,10773.98006599833,13938.442172999203,4902.328618968386
1790293905,40,,Aggregated,2.500000,0.000000,12000,13000,13000,13000,13000,13000,14000,14000,14000,14000,14000,1208,0,12000,12275.823639931328,10773.98006599833,14014.62451900079,4902.003311258278
1790293906,40,,Aggregated,2.600000,0.000000,12000,13000,13000,13000,13000,13000,14000,14000,14000,14000,14000,1211,0,12000,12275.832101677166,10773.98006599833,14014.62451900079,4901.925681255161
1790293907,40,,Aggregated,2.200000,0.000000,12000,13000,13000,13000,13000,13000,14000,14000,14000,14000,14000,1214,0,12000,12276.33699426363,10773.98006599833,14014.62451900079,4901.625205930807
1790293908,40,,Aggregated,2.600000,0.000000,12000,13000,13000,13000,13000,13000,14000,14000,14000,14000,14000,1219,0,12000,12278.06520370143,10773.98006599833,14014.62451900079,4902.036095159967
1790293909,40,,Aggregated,2.400000,0.000000,12000,13000,13000,13000,13000,13000,14000,14000,14000,14000,14000,1221,0,12000,12278.689356306339,10773.98006599833,14014.62451900079,4902.041769041769
1790293910,40,,Aggregated,2.500000,0.000000,12000,13000,13000,13000,13000,13000,14000,14000,14000,14000,14000,1226,0,12000,12281.06818298453,10773.98006599833,14014.62451900079,4902.220228384992
1790293911,40,,Aggregated,2.600000,0.000000,12000,13000,13000,13000,13000,13000,14000,14000,14000,14000,14000,1232,0,12000,12282.372519271132,10773.98006599833,14014.62451900079,4902.247564935065
1790293912,40,,Aggregated,2.600000,0.000000,12000,13000,13000,13000,13000,13000,14000,14000,14000,14000,14000,1232,0,12000,12282.372519271132,10773.98006599833,14014.62451900079,4902.247564935065
1790293913,40,,Aggregated,3.500000,0.000000,12000,13000,13000,13000,13000,13000,14000,14000,14000,14000,14000,1235,0,12000,12284.753911624315,10773.98006599833,14014.62451900079,4901.871255060729
1790293914,40,,Aggregated,3.500000,0.000000,12000,13000,13000,13000,13000,13000,14000,14000,14000,14000,14000,1235,0,12000,12284.753911624315,10773.98006599833,14014.62451900079,4901.871255060729
1790293915,40,,Aggregated,3.300000,0.000000,12000,13000,13000,13000,13000,13000,14000,14000,14000,14000,14000,1239,0,12000,12283.415226615843,10773.98006599833,14014.62451900079,4900.708635996772
1790293916,40,,Aggregated,3.300000,0.000000,12000,13000,13000,13000,13000,13000,14000,14000,14000,14000,14000,1239,0,12000,12283.415226615843,10773.98006599833,14014.62451900079,4900.708635996772
1790293917,40,,Aggregated,3.300000,0.000000,12000,13000,13000,13000,13000,13000,14000,14000,14000,14000,14000,1239,0,12000,12283.415226615843,10773.98006599833,14014.62451900079,4900.708635996772
1790293918,40,,Aggregated,2.900000,0.000000,12000,13000,13000,13000,13000,13000,14000,14000,14000,14000,14000,1245,0,12000,12284.82701189721,10773.98006599833,14014.62451900079,4899.889959839357
1790293919,40,,Aggregated,2.900000,0.000000,12000,13000,13000,13000,13000,13000,14000,14000,14000,14000,14000,1248,0,12000,12285.802975596978,10773.98006599833,14014.62451900079,4899.653044871795
1790293920,40,,Aggregated,2.100000,0.000000,12000,13000,13000,13000,13000,13000,14000,14000,14000,14000,14000,1254,0,12000,12284.960649481682,10773.98006599833,14014.62451900079,4898.813397129186
1790293921,40,,Aggregated,2.100000,0.000000,12000,13000,13000,13000,13000,13000,14000,14000,14000,14000,14000,1255,0,12000,12285.00246027094,10773.98006599833,14014.62451900079,4898.792828685259
1790293922,40,,Aggregated,2.600000,0.000000,12000,13000,13000,13000,13000,13000,14000,14000,14000,14000,14000,1262,0,12000,12284.912957278155,10773.98006599833,14014.62451900079,4899.103011093503
1790293923,40,,Aggregated,2.500000,0.000000,12000,13000,13000,13000,13000,13000,14000,14000,14000,14000,14000,1264,0,12000,12284.60206932202,10773.98006599833,14014.62451900079,4899.12420886076
1790293924,40,,Aggregated,2.500000,0.000000,12000,13000,13000,13000,13000,13000,14000,14000,14000,14000,14000,1268,0,12000,12284.161500918011,10773.98006599833,14014.62451900079,4898.58596214511
1790293925,40,,Aggregated,3.000000,0.000000,12000,13000,13000,13000,13000,13000,14000,14000,14000,14000,14000,1272,0,12000,12285.71667501025,10773.98006599833,14014.62451900079,4899.345911949686
1790293926,40,,Aggregated,3.000000,0.000000,12000,13000,13000,13000,13000,13000,14000,14000,14000,14000,14000,1273,0,12000,12284.872906900266,10773.98006599833,14014.62451900079,4899.025923016497
1790293927,40,,Aggregated,3.300000,0.000000,12000,13000,13000,13000,13000,13000,14000,14000,14000,14000,14000,1274,0,12000,12285.445455285742,10773.98006599833,14014.62451900079,4899.276295133438
1790293928,40,,Aggregated,3.400000,0.000000,12000,13000,13000,13000,13000,13000,14000,14000,14000,14000,14000,1276,0,12000,12285.606108905986,10773.98006599833,14014.62451900079,4899.079153605016
1790293929,40,,Aggregated,3.400000,0.000000,12000,13000,13000,13000,13000,13000,14000,14000,14000,14000,14000,1279,0,12000,12285.853090331539,10773.98006599833,14014.62451900079,4898.753713838937
1790293930,40,,Aggregated,3.400000,0.000000,12000,13000,13000,13000,13000,13000,14000,14000,14000,14000,14000,1279,0,12000,12285.853090331539,10773.98006599833,14014.62451900079,4898.753713838937
1790293931,40,,Aggregated,3.400000,0.000000,12000,13000,13000,13000,13000,13000,14000,14000,14000,14000,14000,1279,0,12000,12285.853090331539,10773.98006599833,14014.62451900079,4898.753713838937
1790293932,40,,Aggregated,2.800000,0.000000,12000,13000,13000,13000,13000,13000,14000,14000,14000,14000,14000,1283,0,12000,12284.796577137204,10773.98006599833,14014.62451900079,4898.383476227592
1790293933,40,,Aggregated,2.400000,0.000000,12000,13000,13000,13000,13000,13000,14000,14000,14000,14000,14000,1289,0,12000,12287.429311913129,10773.98006599833,14014.62451900079,4899.1955003878975
1790293934,40,,Aggregated,2.500000,0.000000,12000,13000,13000,13000,13000,13000,14000,14000,14000,14000,14000,1292,0,12000,12288.648523250793,10773.98006599833,14014.62451900079,4899.6346749226
1790293935,40,,Aggregated,2.200000,0.000000,12000,13000,13000,13000,13000,13000,14000,14000,14000,14000,14000,1297,0,12000,12288.385633834247,10773.98006599833,14014.62451900079,4899.016191210486
1790293936,40,,Aggregated,2.600000,0.000000,12000,13000,13000,13000,13000,13000,14000,14000,14000,14000,14000,1299,0,12000,12289.290117022336,10773.98006599833,14014.62451900079,4899.64896073903
1790293937,40,,Aggregated,2.600000,0.000000,12000,13000,13000,13000,13000,13000,14000,14000,14000,14000,14000,1305,0,12000,12290.350951659788,10773.98006599833,14014.62451900079,4899.375478927203
1790293938,40,,Aggregated,2.400000,0.000000,12000,13000,13000,13000,13000,13000,14000,14000,14000,14000,14000,1309,0,12000,12290.914867154335,10773.98006599833,14014.62451900079,4899.349121466768
1790293939,40,,Aggregated,2.900000,0.000000,12000,13000,13000,13000,13000,13000,14000,14000,14000,14000,14000,1312,0,12000,12292.618461241633,10773.98006599833,14014.62451900079,4899.989329268293
1790293940,40,,Aggregated,3.000000,0.000000,12000,13000,13000,13000,13000,13000,14000,14000,14000,14000,14000,1314,0,12000,12293.367392016,10773.98006599833,14014.62451900079,4900.238203957382
1790293941,40,,Aggregated,3.200000,0.000000,12000,13000,13000,13000,13000,13000,14000,14000,14000,14000,14000,1315,0,12000,12293.093266839562,10773.98006599833,14014.62451900079,4899.856273764259
1790293942,40,,Aggregated,3.300000,0.000000,12000,13000,13000,13000,13000,13000,14000,14000,14000,14000,14000,1317,0,12000,12293.012683723635,10773.98006599833,14014.62451900079,4899.845102505695
1790293943,40,,Aggregated,3.300000,0.000000,12000,13000,13000,13000,13000,13000,14000,14000,14000,14000,14000,1318,0,12000,12293.30111179289,10773.98006599833,14014.62451900079,4900.00531107739
1790293944,40,,Aggregated,3.400000,0.000000,12000,13000,13000,13000,13000,13000,14000,14000,14000,14000,14000,1319,0,12000,12292.480072212304,10773.98006599833,14014.62451900079,4899.877179681577
1790293945,40,,Aggregated,3.400000,0.000000,12000,13000,13000,13000,13000,13000,14000,14000,14000,14000,14000,1323,0,12000,12292.48005251249,10773.98006599833,14014.62451900079,4899.526077097506
1790293946,40,,Aggregated,2.700000,0.000000,12000,13000,13000,13000,13000,13000,14000,14000,14000,14000,14000,1325,0,12000,12291.649235837753,10773.98006599833,14014.62451900079,4899.206037735849
1790293947,40,,Aggregated,2.700000,0.000000,12000,13000,13000,13000,13000,13000,14000,14000,14000,14000,14000,1329,0,12000,12290.535708640346,10773.98006599833,14014.62451900079,4898.982693754703
1790293948,40,,Aggregated,2.600000,0.000000,12000,13000,13000,13000,13000,13000,14000,14000,14000,14000,14000,1332,0,12000,12291.321636240255,10773.98006599833,14014.62451900079,4899.230480480481
1790293949,40,,Aggregated,2.700000,0.000000,12000,13000,13000,13000,13000,13000,14000,14000,14000,14000,14000,1335,0,12000,12291.998335289152,10773.98006599833,14014.62451900079,4899.086142322098
1790293950,40,,Aggregated,2.500000,0.000000,12000,13000,13000,13000,13000,13000,14000,14000,14000,14000,14000,1342,0,12000,12294.062726946358,10773.98006599833,14014.62451900079,4899.763785394933
1790293951,40,,Aggregated,2.500000,0.000000,12000,13000,13000,13000,13000,13000,14000,14000,14000,14000,14000,1345,0,12000,12292.977663610418,10773.98006599833,14014.62451900079,4899.417100371747
1790293952,40,,Aggregated,2.700000,0.000000,12000,13000,13000,13000,13000,13000,14000,14000,14000,14000,14000,1349,0,12000,12294.35095153967,10773.98006599833,14014.62451900079,4899.743513713862
1790293953,40,,Aggregated,3.100000,0.000000,12000,13000,13000,13000,13000,13000,14000,14000,14000,14000,14000,1351,0,12000,12295.441024170997,10773.98006599833,14014.62451900079,4900.4715025906735
1790293954,40,,Aggregated,3.000000,0.000000,12000,13000,13000,13000,13000,13000,14000,14000,14000,14000,14000,1354,0,12000,12295.686756260719,10773.98006599833,14014.62451900079,4900.697193500739
1790293955,40,,Aggregated,3.100000,0.000000,12000,13000,13000,13000,13000,13000,14000,14000,14000,14000,14000,1357,0,12000,12295.863891062645,10773.98006599833,14014.62451900079,4900.5490051584375
1790293956,40,,Aggregated,3.300000,0.000000,12000,13000,13000,13000,13000,13000,14000,14000,14000,14000,14000,1358,0,12000,12295.84098462519,10773.98006599833,14014.62451900079,4900.2385861561115
1790293957,40,,Aggregated,3.300000,0.000000,12000,13000,13000,13000,13000,13000,14000,14000,14000,14000,14000,1358,0,12000,12295.84098462519,10773.98006599833,14014.62451900079,4900.2385861561115
1790293958,40,,Aggregated,3.400000,0.000000,12000,13000,13000,13000,13000,13000,14000,14000,14000,14000,14000,1360,0,12000,12294.870848536037,10773.98006599833,14014.62451900079,4900.002941176471
1790293959,40,,Aggregated,2.900000,0.000000,12000,13000,13000,13000,13000,13000,14000,14000,14000,14000,14000,1363,0,12000,12295.00554796773,10773.98006599833,14014.62451900079,4899.942039618489
1790293960,40,,Aggregated,2.800000,0.000000,12000,13000,13000,13000,13000,13000,14000,14000,14000,14000,14000,1365,0,12000,12295.744935822722,10773.98006599833,14014.62451900079,4900.282783882784
1790293961,40,,Aggregated,2.900000,0.000000,12000,13000,13000,13000,13000,13000,14000,14000,14000,14000,14000,1370,0,12000,12296.876315362786,10773.98006599833,14014.62451900079,4899.919708029197
1790293962,40,,Aggregated,2.500000,0.000000,12000,13000,13000,13000,13000,13000,14000,14000,14000,14000,14000,1373,0,12000,12296.826026129656,10773.98006599833,14014.62451900079,4899.547705753824
1790293963,40,,Aggregated,2.300000,0.000000,12000,13000,13000,13000,13000,13000,14000,14000,14000,14000,14000,1378,0,12000,12296.687882455748,10773.98006599833,14014.62451900079,4899.994194484761
1790293964,40,,Aggregated,2.400000,0.000000,12000,13000,13000,13000,13000,13000,14000,14000,14000,14000,14000,1382,0,12000,12297.513205941408,10773.98006599833,14014.62451900079,4899.897973950796
1790293965,40,,Aggregated,2.500000,0.000000,12000,13000,13000,13000,13000,13000,14000,14000,14000,14000,14000,1386,0,12000,12298.294538766251,10773.98006599833,14014.62451900079,4899.781385281385
1790293966,40,,Aggregated,2.900000,0.000000,12000,13000,13000,13000,13000,13000,14000,14000,14000,14000,14000,1390,0,12000,12300.109802054694,10773.98006599833,14014.62451900079,4900.265467625899
1790293967,40,,Aggregated,3.000000,0.000000,12000,13000,13000,13000,13000,13000,14000,14000,14000,14000,14000,1391,0,12000,12299.570739121515,10773.98006599833,14014.62451900079,4899.89575844716
1790293968,40,,Aggregated,2.900000,0.000000,12000,13000,13000,13000,13000,13000,14000,14000,14000,14000,14000,1393,0,12000,12300.190573350344,10773.98006599833,14014.62451900079,4899.81263460158
1790293969,40,,Aggregated,3.200000,0.000000,12000,13000,13000,13000,13000,13000,14000,14000,14000,14000,14000,1395,0,12000,12301.045034269551,10773.98006599833,14014.62451900079,4899.943369175628
1790293970,40,,Aggregated,3.400000,0.000000,12000,13000,13000,13000,13000,13000,14000,14000,14000,14000,14000,1398,0,12000,12302.90722004079,10773.98006599833,14014.62451900079,4900.695994277539
1790293971,40,,Aggregated,3.100000,0.000000,12000,13000,13000,13000,13000,13000,14000,14000,14000,14000,14000,1400,0,12000,12301.837989476446,10773.98006599833,14014.62451900079,4900.237142857143
1790293972,40,,Aggregated,3.200000,0.000000,12000,13000,13000,13000,13000,13000,14000,14000,14000,14000,14000,1401,0,12000,12302.102444304086,10773.98006599833,14014.62451900079,4900.284796573876
1790293973,40,,Aggregated,3.200000,0.000000,12000,13000,13000,13000,13000,13000,14000,14000,14000,14000,14000,1402,0,12000,12301.947393032115,10773.98006599833,14014.62451900079,4900.248930099858
1790293974,40,,Aggregated,3.000000,0.000000,12000,13000,13000,13000,13000,13000,14000,14000,14000,14000,14000,1406,0,12000,12302.255316118084,10773.98006599833,14014.62451900079,4899.9089615931725
1790293975,40,,Aggregated,2.800000,0.000000,12000,13000,13000,13000,13000,13000,14000,14000,14000,14000,14000,1411,0,12000,12302.972473379896,10773.98006599833,14014.62451900079,4900.2246633593195
1790293976,40,,Aggregated,2.300000,0.000000,12000,13000,13000,13000,13000,13000,14000,14000,14000,14000,14000,1414,0,12000,12303.308375645,10773.98006599833,14014.62451900079,4900.204384724187
1790293977,40,,Aggregated,2.200000,0.000000,12000,13000,13000,13000,13000,13000,14000,14000,14000,14000,14000,1416,0,12000,12303.626371774033,10773.98006599833,14014.62451900079,4900.483757062147
1790293978,40,,Aggregated,2.500000,0.000000,12000,13000,13000,13000,13000,13000,14000,14000,14000,14000,14000,1423,0,12000,12305.57751081169,10773.98006599833,14014.62451900079,4900.688685874912
1790293979,40,,Aggregated,2.400000,0.000000,12000,13000,13000,13000,13000,13000,14000,14000,14000,14000,14000,1426,0,12000,12306.69500631629,10773.98006599833,14014.62451900079,4901.157082748948
1790293980,40,,Aggregated,2.600000,0.000000,12000,13000,13000,13000,13000,13000,14000,14000,14000,14000,14000,1430,0,12000,12306.266712713306,10773.98006599833,14014.62451900079,4901.794405594405
1790293981,40,,Aggregated,3.100000,0.000000,12000,13000,13000,13000,13000,13000,14000,14000,14000,14000,14000,1431,0,12000,12306.850077568157,10773.98006599833,14014.62451900079,4902.029350104822
1790293982,40,,Aggregated,3.000000,0.000000,12000,13000,13000,13000,13000,13000,14000,14000,14000,14000,14000,1434,0,12000,12306.974165002814,10773.98006599833,14014.62451900079,4901.915620641562
1790293983,40,,Aggregated,3.100000,0.000000,12000,13000,13000,13000,13000,13000,14000,14000,14000,14000,14000,1436,0,12000,12306.77316853554,10773.98006599833,14014.62451900079,4901.957520891365
1790293984,40,,Aggregated,3.200000,0.000000,12000,13000,13000,13000,13000,13000,14000,14000,14000,14000,14000,1439,0,12000,12306.772240025039,10773.98006599833,14014.62451900079,4901.807505211953
1790293985,40,,Aggregated,3.200000,0.000000,12000,13000,13000,13000,13000,13000,14000,14000,14000,14000,14000,1439,0,12000,12306.772240025039,10773.98006599833,14014.62451900079,4901.807505211953
1790293986,40,,Aggregated,3.300000,0.000000,12000,13000,13000,13000,13000,13000,14000,14000,14000,14000,14000,1440,0,12000,12307.362558781966,10773.98006599833,14014.62451900079,4902.05
1790293987,40,,Aggregated,3.300000,0.000000,12000,13000,13000,13000,13000,13000,14000,14000,14000,14000,14000,1443,0,12000,12308.881842775494,10773.98006599833,14014.62451900079,4902.385308385308
1790293988,40,,Aggregated,2.800000,0.000000,12000,13000,13000,13000,13000,13000,14000,14000,14000,14000,14000,1449,0,12000,12308.223232619071,10773.98006599833,14014.62451900079,4901.218081435472
1790293989,40,,Aggregated,2.600000,0.000000,12000,13000,13000,13000,13000,13000,14000,14000,14000,14000,14000,1453,0,12000,12308.483496574012,10773.98006599833,14014.62451900079,4901.942876806607
1790293990,40,,Aggregated,2.500000,0.000000,12000,13000,13000,13000,13000,13000,14000,14000,14000,14000,14000,1454,0,12000,12307.760476771691,10773.98006599833,14014.62451900079,4901.744154057772
1790293991,40,,Aggregated,2.500000,0.000000,12000,13000,13000,13000,13000,13000,14000,14000,14000,14000,14000,1458,0,12000,12308.156084860797,10773.98006599833,14014.62451900079,4901.568587105624
1790293992,40,,Aggregated,2.700000,0.000000,12000,13000,13000,13000,13000,13000,14000,14000,14000,14000,14000,1464,0,12000,12309.729973282816,10773.98006599833,14014.62451900079,4902.577868852459
1790293993,40,,Aggregated,2.400000,0.000000,12000,13000,13000,13000,13000,13000,14000,14000,14000,14000,14000,1468,0,12000,12310.548602030001,10773.98006599833,14014.62451900079,4903.362397820163
1790293994,40,,Aggregated,2.600000,0.000000,12000,13000,13000,13000,13000,13000,14000,14000,14000,14000,14000,1471,0,12000,12310.532588344688,10773.98006599833,14014.62451900079,4903.067301155676
1790293995,40,,Aggregated,3.000000,0.000000,12000,13000,13000,13000,13000,13000,14000,14000,14000,14000,14000,1472,0,12000,12309.762415686168,10773.98006599833,14014.62451900079,4902.79347826087
1790293996,40,,Aggregated,3.200000,0.000000,12000,13000,13000,13000,13000,13000,14000,14000,14000,14000,14000,1474,0,12000,12310.162542062444,10773.98006599833,14014.62451900079,4902.388059701492
1790293998,40,,Aggregated,3.200000,0.000000,12000,13000,13000,13000,13000,13000,14000,14000,14000,14000,14000,1477,0,12000,12310.510964541663,10773.98006599833,14014.62451900079,4902.6438727149625
1790293999,40,,Aggregated,3.300000,0.000000,12000,13000,13000,13000,13000,14000,14000,14000,14000,14000,14000,1480,0,12000,12310.417704292593,10773.98006599833,14014.62451900079,4902.766891891892
1790294000,40,,Aggregated,3.300000,0.000000,12000,13000,13000,13000,13000,14000,14000,14000,14000,14000,14000,1480,0,12000,12310.417704292593,10773.98006599833,14014.62451900079,4902.766891891892
1790294001,40,,Aggregated,3.300000,0.000000,12000,13000,13000,13000,13000,14000,14000,14000,14000,14000,14000,1480,0,12000,12310.417704292593,10773.98006599833,14014.62451900079,4902.766891891892
1790294002,40,,Aggregated,3.100000,0.000000,12000,13000,13000,13000,13000,13000,14000,14000,14000,14000,14000,1482,0,12000,12309.801647776003,10773.98006599833,14014.62451900079,4902.749662618084
1790294003,40,,Aggregated,2.700000,0.000000,12000,13000,13000,13000,13000,14000,14000,14000,14000,14000,14000,1486,0,12000,12311.814845505412,10773.98006599833,14014.62451900079,4903.363391655451
1790294004,40,,Aggregated,2.600000,0.000000,12000,13000,13000,13000,13000,14000,14000,14000,14000,14000,14000,1494,0,12000,12313.157820945815,10773.98006599833,14014.62451900079,4903.976572958501
1790294005,40,,Aggregated,2.600000,0.000000,12000,13000,13000,13000,13000,14000,14000,14000,14000,14000,14000,1494,0,12000,12313.157820945815,10773.98006599833,14014.62451900079,4903.976572958501
1790294006,40,,Aggregated,2.200000,0.000000,12000,13000,13000,13000,13000,14000,14000,14000,14000,14000,14000,1497,0,12000,12312.190586240513,10773.98006599833,14014.62451900079,4903.625918503674
1790294007,40,,Aggregated,2.300000,0.000000,12000,13000,13000,13000,13000,14000,14000,14000,14000,14000,14000,1503,0,12000,12313.10668165139,10773.98006599833,14014.62451900079,4903.727212242182
1790294008,40,,Aggregated,2.300000,0.000000,12000,13000,13000,13000,13000,14000,14000,14000,14000,14000,14000,1510,0,12000,12314.555398463606,10773.98006599833,14014.62451900079,4903.921192052981
1790294009,40,,Aggregated,2.500000,0.000000,12000,13000,13000,13000,13000,14000,14000,14000,14000,14000,14000,1511,0,12000,12314.006605675739,10773.98006599833,14014.62451900079,4903.792852415619
1790294010,40,,Aggregated,2.800000,0.000000,12000,13000,13000,13000,13000,14000,14000,14000,14000,14000,14000,1512,0,12000,12314.503506120398,10773.98006599833,14014.62451900079,4904.078042328042
1790294011,40,,Aggregated,3.100000,0.000000,12000,13000,13000,13000,13000,14000,14000,14000,14000,14000,14000,1516,0,12000,12313.261724351609,10773.98006599833,14014.62451900079,4903.503957783641
1790294012,40,,Aggregated,3.200000,0.000000,12000,13000,13000,13000,13000,14000,14000,14000,14000,14000,14000,1520,0,12000,12313.562239709232,10773.98006599833,14014.62451900079,4903.76447368421
1790294013,40,,Aggregated,3.200000,0.000000,12000,13000,13000,13000,13000,14000,14000,14000,14000,14000,14000,1520,0,12000,12313.562239709232,10773.98006599833,14014.62451900079,4903.76447368421
1790294014,40,,Aggregated,3.200000,0.000000,12000,13000,13000,13000,13000,14000,14000,14000,14000,14000,14000,1520,0,12000,12313.562239709232,10773.98006599833,14014.62451900079,4903.76447368421
1790294015,40,,Aggregated,3.700000,0.000000,12000,13000,13000,13000,13000,14000,14000,14000,14000,14000,14000,1521,0,12000,12313.378895147292,10773.98006599833,14014.62451900079,4903.626561472715
1790294016,40,,Aggregated,3.400000,0.000000,12000,13000,13000,13000,13000,14000,14000,14000,14000,14000,14000,1523,0,12000,12312.197577955374,10773.98006599833,14014.62451900079,4903.307944845699
1790294017,40,,Aggregated,2.600000,0.000000,12000,13000,13000,13000,13000,14000,14000,14000,14000,14000,14000,1530,0,12000,12311.121805411787,10773.98006599833,14014.62451900079,4903.317647058823
1790294018,40,,Aggregated,2.600000,0.000000,12000,13000,13000,13000,13000,14000,14000,14000,14000,14000,14000,1535,0,12000,12311.223561115985,10773.98006599833,14014.62451900079,4903.43973941368
1790294019,40,,Aggregated,2.600000,0.000000,12000,13000,13000,13000,13000,14000,14000,14000,14000,14000,14000,1537,0,12000,12311.863818218631,10773.98006599833,14014.62451900079,4903.548471047495
1790294020,40,,Aggregated,2.800000,0.000000,12000,13000,13000,13000,13000,14000,14000,14000,14000,14000,14000,1540,0,12000,12310.183685941585,10773.98006599833,14014.62451900079,4903.682467532468
1790294021,40,,Aggregated,2.600000,0.000000,12000,13000,13000,13000,13000,13000,14000,14000,14000,14000,14000,1544,0,12000,12310.180113815439,10773.98006599833,14014.62451900079,4903.579015544042
1790294022,40,,Aggregated,2.800000,0.000000,12000,13000,13000,13000,13000,13000,14000,14000,14000,14000,14000,1551,0,12000,12310.724709887198,10773.98006599833,14014.62451900079,4903.756286266925
1790294023,40,,Aggregated,2.800000,0.000000,12000,13000,13000,13000,13000,13000,14000,14000,14000,14000,14000,1551,0,12000,12310.724709887198,10773.98006599833,14014.62451900079,4903.756286266925
1790294024,40,,Aggregated,3.000000,0.000000,12000,13000,13000,13000,13000,13000,14000,14000,14000,14000,14000,1553,0,12000,12310.845951493911,10773.98006599833,14014.62451900079,4903.786864133935
1790294025,40,,Aggregated,3.000000,0.000000,12000,13000,13000,13000,13000,13000,14000,14000,14000,14000,14000,1553,0,12000,12310.845951493911,10773.98006599833,14014.62451900079,4903.786864133935
1790294026,40,,Aggregated,3.200000,0.000000,12000,13000,13000,13000,13000,13000,14000,14000,14000,14000,14000,1559,0,12000,12312.691207057758,10773.98006599833,14014.62451900079,4904.316228351508
1790294027,40,,Aggregated,3.200000,0.000000,12000,13000,13000,13000,13000,13000,14000,14000,14000,14000,14000,1560,0,12000,12313.326445953235,10773.98006599833,14014.62451900079,4904.309615384615
1790294028,40,,Aggregated,3.200000,0.000000,12000,13000,13000,13000,13000,13000,14000,14000,14000,14000,14000,1561,0,12000,12312.967068996826,10773.98006599833,14014.62451900079,4904.0563741191545
1790294029,40,,Aggregated,3.200000,0.000000,12000,13000,13000,13000,13000,13000,14000,14000,14000,14000,14000,1561,0,12000,12312.967068996826,10773.98006599833,14014.62451900079,4904.0563741191545
1790294030,40,,Aggregated,2.800000,0.000000,12000,13000,13000,13000,13000,13000,14000,14000,14000,14000,14000,1565,0,12000,12312.807796216646,10773.98006599833,14014.62451900079,4903.846006389776
1790294031,40,,Aggregated,2.800000,0.000000,12000,13000,13000,13000,13000,13000,14000,14000,14000,14000,14000,1569,0,12000,12314.471281431523,10773.98006599833,14014.62451900079,4904.453792224347
1790294032,40,,Aggregated,2.400000,0.000000,12000,13000,13000,13000,13000,13000,14000,14000,14000,14000,14000,1574,0,12000,12316.005301745272,10773.98006599833,14014.62451900079,4905.271918678526
1790294033,40,,Aggregated,2.400000,0.000000,12000,13000,13000,13000,13000,13000,14000,14000,14000,14000,14000,1576,0,12000,12316.97649911552,10773.98006599833,14014.62451900079,4905.7265228426395
1790294034,40,,Aggregated,2.300000,0.000000,12000,13000,13000,13000,13000,13000,14000,14000,14000,14000,14000,1581,0,12000,12317.779309621164,10773.98006599833,14014.62451900079,4905.529411764706
1790294035,40,,Aggregated,2.500000,0.000000,12000,13000,13000,13000,13000,13000,14000,14000,14000,14000,14000,1585,0,12000,12316.744692890261,10773.98006599833,14014.62451900079,4905.291482649843
1790294036,40,,Aggregated,2.500000,0.000000,12000,13000,13000,13000,13000,13000,14000,14000,14000,14000,14000,1591,0,12000,12318.175289705256,10773.98006599833,14014.62451900079,4905.6511627906975
1790294037,40,,Aggregated,2.500000,0.000000,12000,13000,13000,13000,13000,13000,14000,14000,14000,14000,14000,1591,0,12000,12318.175289705256,10773.98006599833,14014.62451900079,4905.6511627906975
1790294038,40,,Aggregated,3.400000,0.000000,12000,13000,13000,13000,13000,13000,14000,14000,14000,14000,14000,1592,0,12000,12317.590694130691,10773.98006599833,14014.62451900079,4905.322236180905
1790294039,40,,Aggregated,3.400000,0.000000,12000,13000,13000,13000,13000,13000,14000,14000,14000,14000,14000,1595,0,12000,12317.083982773074,10773.98006599833,14014.62451900079,4904.771786833856
1790294040,40,,Aggregated,3.100000,0.000000,12000,13000,13000,13000,13000,13000,14000,14000,14000,14000,14000,1597,0,12000,12317.768116637479,10773.98006599833,14014.62451900079,4905.148403256105
1790294041,40,,Aggregated,3.400000,0.000000,12000,13000,13000,13000,13000,13000,14000,14000,14000,14000,14000,1600,0,12000,12319.705700646906,10773.98006599833,14014.62451900079,4905.720625
1790294042,40,,Aggregated,3.300000,0.000000,12000,13000,13000,13000,13000,13000,14000,14000,14000,14000,14000,1601,0,12000,12319.994814535947,10773.98006599833,14014.62451900079,4905.671455340413
1790294043,40,,Aggregated,3.000000,0.000000,12000,13000,13000,13000,13000,13000,14000,14000,14000,14000,14000,1603,0,12000,12319.01517976734,10773.98006599833,14014.62451900079,4905.104179663132
1790294044,40,,Aggregated,3.000000,0.000000,12000,13000,13000,13000,13000,13000,14000,14000,14000,14000,14000,1605,0,12000,12318.738763040526,10773.98006599833,14014.62451900079,4904.768847352025
1790294045,40,,Aggregated,2.600000,0.000000,12000,13000,13000,13000,13000,13000,14000,14000,14000,14000,14000,1609,0,12000,12319.559591229367,10773.98006599833,14014.62451900079,4904.704164077067
1790294046,40,,Aggregated,2.500000,0.000000,12000,13000,13000,13000,13000,13000,14000,14000,14000,14000,14000,1613,0,12000,12320.034214603256,10773.98006599833,14014.62451900079,4904.233725976442
1790294047,40,,Aggregated,2.400000,0.000000,12000,13000,13000,13000,13000,14000,14000,14000,14000,14000,14000,1619,0,12000,12320.76273334901,10773.98006599833,14014.62451900079,4904.354539839407
1790294048,40,,Aggregated,2.400000,0.000000,12000,13000,13000,13000,13000,14000,14000,14000,14000,14000,14000,1619,0,12000,12320.76273334901,10773.98006599833,14014.62451900079,4904.354539839407
1790294049,40,,Aggregated,2.000000,0.000000,12000,13000,13000,13000,13000,14000,14000,14000,14000,14000,14000,1622,0,12000,12322.169150710264,10773.98006599833,14014.62451900079,4904.5684340320595
1790294050,40,,Aggregated,2.800000,0.000000,12000,13000,13000,13000,13000,14000,14000,14000,14000,14000,14000,1627,0,12000,12324.61326596254,10773.98006599833,14014.62451900079,4905.0
1790294051,40,,Aggregated,2.700000,0.000000,12000,13000,13000,13000,13000,14000,14000,14000,14000,14000,14000,1631,0,12000,12327.352541179065,10773.98006599833,14014.62451900079,4905.665849172287
1790294052,40,,Aggregated,2.900000,0.000000,12000,13000,13000,13000,13000,14000,14000,14000,14000,14000,14000,1633,0,12000,12327.332639398075,10773.98006599833,14014.62451900079,4905.303123086344
1790294053,40,,Aggregated,2.900000,0.000000,12000,13000,13000,13000,13000,14000,14000,14000,14000,14000,14000,1633,0,12000,12327.332639398075,10773.98006599833,14014.62451900079,4905.303123086344
1790294054,40,,Aggregated,2.900000,0.000000,12000,13000,13000,13000,13000,14000,14000,14000,14000,14000,14000,1636,0,12000,12328.88478789062,10773.98006599833,14014.62451900079,4905.984107579462
1790294055,40,,Aggregated,3.100000,0.000000,12000,13000,13000,13000,13000,14000,14000,14000,14000,14000,14000,1637,0,12000,12329.872587212618,10773.98006599833,14014.62451900079,4905.993891264508
1790294056,40,,Aggregated,3.100000,0.000000,12000,13000,13000,13000,13000,14000,14000,14000,14000,14000,14000,1641,0,12000,12332.148695443057,10773.98006599833,14014.62451900079,4906.659963436929
1790294057,40,,Aggregated,3.100000,0.000000,12000,13000,13000,13000,13000,14000,14000,14000,14000,14000,14000,1644,0,12000,12332.34698910222,10773.98006599833,14014.62451900079,4906.465328467153
1790294058,40,,Aggregated,2.600000,0.000000,12000,13000,13000,13000,13000,14000,14000,14000,14000,14000,14000,1647,0,12000,12332.24519556773,10773.98006599833,14014.62451900079,4906.361262902246
1790294059,40,,Aggregated,2.600000,0.000000,12000,13000,13000,13000,13000,14000,14000,14000,14000,14000,14000,1647,0,12000,12332.24519556773,10773.98006599833,14014.62451900079,4906.361262902246
1790294060,40,,Aggregated,2.600000,0.000000,12000,13000,13000,13000,13000,14000,14000,14000,14000,14000,14000,1654,0,12000,12333.410503238843,10773.98006599833,14014.62451900079,4906.116082224909
1790294061,40,,Aggregated,2.600000,0.000000,12000,13000,13000,13000,13000,14000,14000,14000,14000,14000,14000,1657,0,12000,12333.954318719401,10773.98006599833,14014.62451900079,4906.001207000603
1790294062,40,,Aggregated,2.400000,0.000000,12000,13000,13000,13000,13000,14000,14000,14000,14000,14000,14000,1659,0,12000,12335.577191100692,10773.98006599833,14014.62451900079,4906.536467751657
1790294063,40,,Aggregated,2.900000,0.000000,12000,13000,13000,13000,13000,14000,14000,14000,14000,14000,14000,1662,0,12000,12336.706875918802,10773.98006599833,14014.62451900079,4906.682912154031
1790294064,40,,Aggregated,2.700000,0.000000,12000,13000,13000,13000,13000,14000,14000,14000,14000,14000,14000,1668,0,12000,12336.955787408302,10773.98006599833,14014.62451900079,4907.274580335731
1790294065,40,,Aggregated,2.600000,0.000000,12000,13000,13000,13000,13000,14000,14000,14000,14000,14000,14000,1672,0,12000,12337.017829972518,10773.98006599833,14014.62451900079,4907.276913875598
1790294066,40,,Aggregated,2.800000,0.000000,12000,13000,13000,13000,13000,14000,14000,14000,14000,14000,14000,1673,0,12000,12336.926616520053,10773.98006599833,14014.62451900079,4907.127913927077
1790294067,40,,Aggregated,3.400000,0.000000,12000,13000,13000,13000,13000,14000,14000,14000,14000,14000,14000,1675,0,12000,12335.976167508685,10773.98006599833,14014.62451900079,4907.057910447761
1790294068,40,,Aggregated,3.400000,0.000000,12000,13000,13000,13000,13000,14000,14000,14000,14000,14000,14000,1677,0,12000,12336.008433733483,10773.98006599833,14014.62451900079,4906.838998211091
1790294069,40,,Aggregated,3.400000,0.000000,12000,13000,13000,13000,13000,14000,14000,14000,14000,14000,14000,1677,0,12000,12336.008433733483,10773.98006599833,14014.62451900079,4906.838998211091
1790294070,40,,Aggregated,3.000000,0.000000,12000,13000,13000,13000,13000,14000,14000,14000,14000,14000,14000,1678,0,12000,12335.680484720531,10773.98006599833,14014.62451900079,4906.632300357569
1790294071,40,,Aggregated,3.200000,0.000000,12000,13000,13000,13000,13000,14000,14000,14000,14000,14000,14000,1683,0,12000,12336.238265011913,10773.98006599833,14014.62451900079,4906.346405228758
1790294072,40,,Aggregated,2.800000,0.000000,12000,13000,13000,13000,13000,14000,14000,14000,14000,14000,14000,1687,0,12000,12337.591176545378,10773.98006599833,14014.62451900079,4906.268524007113
1790294073,40,,Aggregated,2.600000,0.000000,12000,13000,13000,13000,13000,14000,14000,14000,14000,14000,14000,1691,0,12000,12337.153421886487,10773.98006599833,14014.62451900079,4906.339444115908
1790294074,40,,Aggregated,2.700000,0.000000,12000,13000,13000,13000,13000,14000,14000,14000,14000,14000,14000,1694,0,12000,12336.732463844775,10773.98006599833,14014.62451900079,4906.075560802834
1790294075,40,,Aggregated,2.800000,0.000000,12000,13000,13000,13000,13000,14000,14000,14000,14000,14000,14000,1696,0,12000,12338.041115603803,10773.98006599833,14014.62451900079,4906.766509433963
1790294076,40,,Aggregated,2.800000,0.000000,12000,13000,13000,13000,13000,14000,14000,14000,14000,14000,14000,1697,0,12000,12338.688021750766,10773.98006599833,14014.62451900079,4906.7354154390105
1790294077,40,,Aggregated,2.300000,0.000000,12000,13000,13000,13000,13000,14000,14000,14000,14000,14000,14000,1705,0,12000,12338.734194833458,10773.98006599833,14014.62451900079,4906.618181818182
1790294078,40,,Aggregated,2.400000,0.000000,12000,13000,13000,13000,13000,14000,14000,14000,14000,14000,14000,1706,0,12000,12339.540506804833,10773.98006599833,14014.62451900079,4906.904454865182
1790294079,40,,Aggregated,2.500000,0.000000,12000,13000,13000,13000,13000,14000,14000,14000,14000,14000,14000,1710,0,12000,12341.673264649735,10773.98006599833,14014.62451900079,4907.86432748538
1790294080,40,,Aggregated,2.800000,0.000000,12000,13000,13000,13000,13000,14000,14000,14000,14000,14000,14000,1714,0,12000,12342.314224220563,10773.98006599833,14014.62451900079,4907.771878646441
1790294081,40,,Aggregated,2.800000,0.000000,12000,13000,13000,13000,13000,14000,14000,14000,14000,14000,14000,1716,0,12000,12341.671009360747,10773.98006599833,14014.62451900079,4907.522144522144
1790294082,40,,Aggregated,3.000000,0.000000,12000,13000,13000,13000,13000,14000,14000,14000,14000,14000,14000,1717,0,12000,12341.806581251627,10773.98006599833,14014.62451900079,4907.584158415842
1790294083,40,,Aggregated,3.000000,0.000000,12000,13000,13000,13000,13000,14000,14000,14000,14000,14000,14000,1717,0,12000,12341.806581251627,10773.98006599833,14014.62451900079,4907.584158415842
1790294084,40,,Aggregated,3.200000,0.000000,12000,13000,13000,13000,13000,14000,14000,14000,14000,14000,14000,1720,0,12000,12341.42688611572,10773.98006599833,14014.62451900079,4907.010465116279
1790294085,40,,Aggregated,3.000000,0.000000,12000,13000,13000,13000,13000,14000,14000,14000,14000,14000,14000,1723,0,12000,12342.248893075472,10773.98006599833,14014.62451900079,4907.283807312827
1790294086,40,,Aggregated,2.700000,0.000000,12000,13000,13000,13000,13000,14000,14000,14000,14000,14000,14000,1726,0,12000,12343.102316511611,10773.98006599833,14014.62451900079,4907.574739281576
1790294087,40,,Aggregated,2.600000,0.000000,12000,13000,13000,13000,13000,14000,14000,14000,14000,14000,14000,1731,0,12000,12342.770353207417,10773.98006599833,14014.62451900079,4907.369728480647
1790294088,40,,Aggregated,2.800000,0.000000,12000,13000,13000,13000,13000,14000,14000,14000,14000,14000,14000,1734,0,12000,12343.90634755596,10773.98006599833,14014.62451900079,4907.595732410611
1790294089,40,,Aggregated,3.000000,0.000000,12000,13000,13000,13000,13000,14000,14000,14000,14000,14000,14000,1735,0,12000,12343.768161907223,10773.98006599833,14014.62451900079,4907.667435158502
1790294090,40,,Aggregated,2.800000,0.000000,12000,13000,13000,13000,13000,14000,14000,14000,14000,14000,14000,1737,0,12000,12343.979223253331,10773.98006599833,14014.62451900079,4907.408750719632
1790294091,40,,Aggregated,2.700000,0.000000,12000,13000,13000,13000,13000,14000,14000,14000,14000,14000,14000,1742,0,12000,12344.289854400138,10773.98006599833,14014.62451900079,4907.432835820896
1790294092,40,,Aggregated,2.400000,0.000000,12000,13000,13000,13000,13000,14000,14000,14000,14000,14000,14000,1747,0,12000,12345.422110352629,10773.98006599833,14014.62451900079,4907.83400114482
1790294093,40,,Aggregated,2.300000,0.000000,12000,13000,13000,13000,13000,14000,14000,14000,14000,14000,14000,1750,0,12000,12344.908141694877,10773.98006599833,14014.62451900079,4907.624
1790294094,40,,Aggregated,2.700000,0.000000,12000,13000,13000,13000,13000,14000,14000,14000,14000,14000,14000,1754,0,12000,12345.124675768546,10773.98006599833,14014.62451900079,4907.52850627138
1790294095,40,,Aggregated,3.100000,0.000000,12000,13000,13000,13000,13000,14000,14000,14000,14000,14000,14000,1757,0,12000,12347.288901311344,10773.98006599833,14014.62451900079,4908.130904951622
1790294096,40,,Aggregated,3.100000,0.000000,12000,13000,13000,13000,13000,14000,14000,14000,14000,14000,14000,1757,0,12000,12347.288901311344,10773.98006599833,14014.62451900079,4908.130904951622
1790294097,40,,Aggregated,3.100000,0.000000,12000,13000,13000,13000,13000,14000,14000,14000,14000,14000,14000,1757,0,12000,12347.288901311344,10773.98006599833,14014.62451900079,4908.130904951622
1790294098,40,,Aggregated,3.300000,0.000000,12000,13000,13000,13000,13000,14000,14000,14000,14000,14000,14000,1758,0,12000,12347.737051151324,10773.98006599833,14014.62451900079,4908.18486916951
1790294099,40,,Aggregated,2.800000,0.000000,12000,13000,13000,13000,13000,14000,14000,14000,14000,14000,14000,1761,0,12000,12348.435914384458,10773.98006599833,14014.62451900079,4908.39239068711
1790294100,40,,Aggregated,2.400000,0.000000,12000,13000,13000,13000,13000,14000,14000,14000,14000,14000,14000,1767,0,12000,12349.532232919091,10773.98006599833,14014.62451900079,4908.391624221845
1790294101,40,,Aggregated,2.600000,0.000000,12000,13000,13000,13000,13000,14000,14000,14000,14000,14000,14000,1773,0,12000,12350.255918213215,10773.98006599833,14014.62451900079,4908.393119007333
1790294102,40,,Aggregated,2.700000,0.000000,12000,13000,13000,13000,13000,14000,14000,14000,14000,14000,14000,1775,0,12000,12349.759734238327,10773.98006599833,14014.62451900079,4908.494647887324
1790294103,40,,Aggregated,2.900000,0.000000,12000,13000,13000,13000,13000,14000,14000,14000,14000,14000,14000,1776,0,12000,12349.772215438645,10773.98006599833,14014.62451900079,4908.563626126126
1790294104,40,,Aggregated,2.900000,0.000000,12000,13000,13000,13000,13000,14000,14000,14000,14000,14000,14000,1779,0,12000,12349.271173058482,10773.98006599833,14014.62451900079,4908.52107925801
1790294105,40,,Aggregated,2.700000,0.000000,12000,13000,13000,13000,13000,14000,14000,14000,14000,14000,14000,1781,0,12000,12349.63496555701,10773.98006599833,14014.62451900079,4908.788321167884
1790294106,40,,Aggregated,2.500000,0.000000,12000,13000,13000,13000,13000,14000,14000,14000,14000,14000,14000,1787,0,12000,12350.848204612783,10773.98006599833,14014.62451900079,4909.029658645775
1790294107,40,,Aggregated,2.500000,0.000000,12000,13000,13000,13000,13000,14000,14000,14000,14000,14000,14000,1791,0,12000,12350.530494724757,10773.98006599833,14014.62451900079,4908.697375767728
1790294108,40,,Aggregated,2.700000,0.000000,12000,13000,13000,13000,13000,14000,14000,14000,14000,14000,14000,1795,0,12000,12350.627490133169,10773.98006599833,14014.62451900079,4908.721448467966
1790294109,40,,Aggregated,3.000000,0.000000,12000,13000,13000,13000,13000,14000,14000,14000,14000,14000,14000,1796,0,12000,12350.94333134913,10773.98006599833,14014.62451900079,4908.837416481069
1790294110,40,,Aggregated,3.500000,0.000000,12000,13000,13000,13000,13000,14000,14000,14000,14000,14000,14000,1797,0,12000,12351.668161299409,10773.98006599833,14014.62451900079,4909.224819143016
1790294111,40,,Aggregated,3.500000,0.000000,12000,13000,13000,13000,13000,14000,14000,14000,14000,14000,14000,1797,0,12000,12351.668161299409,10773.98006599833,14014.62451900079,4909.224819143016
1790294112,40,,Aggregated,3.300000,0.000000,12000,13000,13000,13000,13000,14000,14000,14000,14000,14000,14000,1800,0,12000,12350.709713422795,10773.98006599833,14014.62451900079,4908.741111111111
1790294113,40,,Aggregated,2.900000,0.000000,12000,13000,13000,13000,13000,14000,14000,14000,14000,14000,14000,1802,0,12000,12351.127142620437,10773.98006599833,14014.62451900079,4908.764705882353
1790294114,40,,Aggregated,2.400000,0.000000,12000,13000,13000,13000,13000,14000,14000,14000,14000,14000,14000,1808,0,12000,12351.032541131652,10773.98006599833,14014.62451900079,4908.415376106194
1790294115,40,,Aggregated,2.600000,0.000000,12000,13000,13000,13000,13000,14000,14000,14000,14000,14000,14000,1811,0,12000,12351.785151199354,10773.98006599833,14014.62451900079,4908.450579790171
1790294116,40,,Aggregated,2.700000,0.000000,12000,13000,13000,13000,13000,14000,14000,14000,14000,14000,14000,1813,0,12000,12352.555492041936,10773.98006599833,14014.62451900079,4908.65361279647
1790294117,40,,Aggregated,2.900000,0.000000,12000,13000,13000,13000,13000,14000,14000,14000,14000,14000,14000,1816,0,12000,12353.777191418516,10773.98006599833,14014.62451900079,4908.930616740088
1790294118,40,,Aggregated,2.700000,0.000000,12000,13000,13000,13000,13000,14000,14000,14000,14000,14000,14000,1819,0,12000,12353.249555107217,10773.98006599833,14014.62451900079,4908.512369433754
1790294119,40,,Aggregated,2.700000,0.000000,12000,13000,13000,13000,13000,14000,14000,14000,14000,14000,14000,1823,0,12000,12354.164004841483,10773.98006599833,14014.62451900079,4908.920460778936
1790294120,40,,Aggregated,2.400000,0.000000,12000,13000,13000,13000,13000,14000,14000,14000,14000,14000,14000,1825,0,12000,12354.482124391792,10773.98006599833,14014.62451900079,4909.156712328767
1790294121,40,,Aggregated,2.500000,0.000000,12000,13000,13000,13000,13000,14000,14000,14000,14000,14000,14000,1831,0,12000,12355.122091712186,10773.98006599833,14014.62451900079,4909.619879847078
1790294122,40,,Aggregated,2.500000,0.000000,12000,13000,13000,13000,13000,14000,14000,14000,14000,14000,14000,1831,0,12000,12355.122091712186,10773.98006599833,14014.62451900079,4909.619879847078
1790294123,40,,Aggregated,3.000000,0.000000,12000,13000,13000,13000,13000,14000,14000,14000,14000,14000,14000,1836,0,12000,12357.202748985848,10773.98006599833,14014.62451900079,4910.049564270153
1790294124,40,,Aggregated,3.400000,0.000000,12000,13000,13000,13000,13000,14000,14000,14000,14000,14000,14000,1837,0,12000,12357.643020875894,10773.98006599833,14014.62451900079,4910.183451279259
1790294125,40,,Aggregated,3.400000,0.000000,12000,13000,13000,13000,13000,14000,14000,14000,14000,14000,14000,1837,0,12000,12357.643020875894,10773.98006599833,14014.62451900079,4910.183451279259
1790294126,40,,Aggregated,3.300000,0.000000,12000,13000,13000,13000,13000,14000,14000,14000,14000,14000,14000,1841,0,12000,12356.601718796315,10773.98006599833,14014.62451900079,4909.910374796306
1790294127,40,,Aggregated,2.900000,0.000000,12000,13000,13000,13000,13000,14000,14000,14000,14000,14000,14000,1845,0,12000,12356.403279165863,10773.98006599833,14014.62451900079,4909.718699186992
1790294128,40,,Aggregated,2.700000,0.000000,12000,13000,13000,13000,13000,14000,14000,14000,14000,14000,14000,1847,0,12000,12356.604607817007,10773.98006599833,14014.62451900079,4909.7357877639415
1790294129,40,,Aggregated,2.700000,0.000000,12000,13000,13000,13000,13000,14000,14000,14000,14000,14000,14000,1852,0,12000,12357.86519781318,10773.98006599833,14014.62451900079,4909.848272138229
1790294130,40,,Aggregated,2.900000,0.000000,12000,13000,13000,13000,13000,14000,14000,14000,14000,14000,14000,1854,0,12000,12357.558109079835,10773.98006599833,14014.62451900079,4909.907766990291
1790294131,40,,Aggregated,2.700000,0.000000,12000,13000,13000,13000,13000,14000,14000,14000,14000,14000,14000,1856,0,12000,12358.076429795807,10773.98006599833,14014.62451900079,4909.916487068966
1790294132,40,,Aggregated,2.800000,0.000000,12000,13000,13000,13000,13000,14000,14000,14000,14000,14000,14000,1859,0,12000,12358.366016632606,10773.98006599833,14014.62451900079,4909.793975255514
1790294133,40,,Aggregated,2.700000,0.000000,12000,13000,13000,13000,13000,14000,14000,14000,14000,14000,14000,1862,0,12000,12358.597430288946,10773.98006599833,14014.62451900079,4909.862513426423
1790294134,40,,Aggregated,2.500000,0.000000,12000,13000,13000,13000,13000,14000,14000,14000,14000,14000,14000,1868,0,12000,12357.959969905254,10773.98006599833,14014.62451900079,4909.419700214133
1790294135,40,,Aggregated,2.700000,0.000000,12000,13000,13000,13000,13000,14000,14000,14000,14000,14000,14000,1870,0,12000,12358.500089835838,10773.98006599833,14014.62451900079,4909.773262032086
1790294136,40,,Aggregated,2.700000,0.000000,12000,13000,13000,13000,13000,14000,14000,14000,14000,14000,14000,1873,0,12000,12358.09681422318,10773.98006599833,14014.62451900079,4909.560597971169
1790294137,40,,Aggregated,2.700000,0.000000,12000,13000,13000,13000,13000,14000,14000,14000,14000,14000,14000,1873,0,12000,12358.09681422318,10773.98006599833,14014.62451900079,4909.560597971169
1790294138,40,,Aggregated,3.200000,0.000000,12000,13000,13000,13000,13000,14000,14000,14000,14000,14000,14000,1876,0,12000,12359.939630205236,10773.98006599833,14014.62451900079,4910.191364605544
1790294139,40,,Aggregated,3.200000,0.000000,12000,13000,13000,13000,13000,14000,14000,14000,14000,14000,14000,1877,0,12000,12359.941923087918,10773.98006599833,14014.62451900079,4910.034096963239
1790294140,40,,Aggregated,3.000000,0.000000,12000,13000,13000,13000,13000,14000,14000,14000,14000,14000,14000,1879,0,12000,12360.457886531147,10773.98006599833,14014.62451900079,4910.076104310803
1790294141,40,,Aggregated,3.000000,0.000000,12000,13000,13000,13000,13000,14000,14000,14000,14000,14000,14000,1882,0,12000,12361.178349959631,10773.98006599833,14014.62451900079,4910.365568544102
1790294142,40,,Aggregated,2.500000,0.000000,12000,13000,13000,13000,13000,14000,14000,14000,14000,14000,14000,1888,0,12000,12362.405681350645,10773.98006599833,14014.62451900079,4910.468220338983
1790294143,40,,Aggregated,2.500000,0.000000,12000,13000,13000,13000,13000,14000,14000,14000,14000,14000,14000,1890,0,12000,12362.079262249745,10773.98006599833,14014.62451900079,4910.331216931217
1790294144,40,,Aggregated,2.700000,0.000000,12000,13000,13000,13000,13000,14000,14000,14000,14000,14000,14000,1894,0,12000,12362.767266271921,10773.98006599833,14014.62451900079,4910.637803590285
1790294145,40,,Aggregated,2.900000,0.000000,12000,13000,13000,13000,13000,14000,14000,14000,14000,14000,14000,1896,0,12000,12362.167635462562,10773.98006599833,14014.62451900079,4910.427215189873
1790294146,40,,Aggregated,2.700000,0.000000,12000,13000,13000,13000,13000,14000,14000,14000,14000,14000,14000,1899,0,12000,12362.014011614543,10773.98006599833,14014.62451900079,4910.367561874671
1790294147,40,,Aggregated,2.600000,0.000000,12000,13000,13000,13000,13000,14000,14000,14000,14000,14000,14000,1902,0,12000,12362.90723492903,10773.98006599833,14014.62451900079,4910.384332281808
1790294148,40,,Aggregated,2.600000,0.000000,12000,13000,13000,13000,13000,14000,14000,14000,14000,14000,14000,1905,0,12000,12363.183358060904,10773.98006599833,14014.62451900079,4910.37217847769
1790294149,40,,Aggregated,2.600000,0.000000,12000,13000,13000,13000,13000,14000,14000,14000,14000,14000,14000,1911,0,12000,12363.770416236535,10773.98006599833,14014.62451900079,4910.490842490843
1790294150,40,,Aggregated,2.700000,0.000000,12000,13000,13000,13000,13000,14000,14000,14000,14000,14000,14000,1913,0,12000,12364.745315373766,10773.98006599833,14014.62451900079,4910.587558808154
1790294151,40,,Aggregated,2.800000,0.000000,12000,13000,13000,13000,13000,14000,14000,14000,14000,14000,14000,1915,0,12000,12364.548441154055,10773.98006599833,14014.62451900079,4910.513315926893
1790294152,40,,Aggregated,3.400000,0.000000,12000,13000,13000,13000,13000,14000,14000,14000,14000,14000,14000,1917,0,12000,12364.582815220141,10773.98006599833,14014.62451900079,4910.55868544601
1790294154,40,,Aggregated,3.400000,0.000000,12000,13000,13000,13000,13000,14000,14000,14000,14000,14000,14000,1917,0,12000,12364.582815220141,10773.98006599833,14014.62451900079,4910.55868544601
1790294155,40,,Aggregated,3.200000,0.000000,12000,13000,13000,13000,13000,14000,14000,14000,14000,14000,14000,1921,0,12000,12364.845395837589,10773.98006599833,14014.62451900079,4910.373243102551
1790294156,40,,Aggregated,2.900000,0.000000,12000,13000,13000,13000,13000,14000,14000,14000,14000,14000,14000,1923,0,12000,12364.56060870827,10773.98006599833,14014.62451900079,4910.327093083723
1790294157,40,,Aggregated,2.700000,0.000000,12000,13000,13000,13000,13000,14000,14000,14000,14000,14000,14000,1929,0,12000,12364.546240078798,10773.98006599833,14014.62451900079,4910.7522032141005
1790294158,40,,Aggregated,2.700000,0.000000,12000,13000,13000,13000,13000,14000,14000,14000,14000,14000,14000,1932,0,12000,12363.926903400623,10773.98006599833,14014.62451900079,4910.535714285715
1790294159,40,,Aggregated,2.900000,0.000000,12000,13000,13000,13000,13000,14000,14000,14000,14000,14000,14000,1933,0,12000,12364.302834992759,10773.98006599833,14014.62451900079,4910.678737713399
1790294160,40,,Aggregated,2.900000,0.000000,12000,13000,13000,13000,13000,14000,14000,14000,14000,14000,14000,1935,0,12000,12364.693014866669,10773.98006599833,14014.62451900079,4910.682687338502
1790294161,40,,Aggregated,3.000000,0.000000,12000,13000,13000,13000,13000,14000,14000,14000,14000,14000,14000,1939,0,12000,12364.939584104697,10773.98006599833,14014.62451900079,4910.892728210418
1790294162,40,,Aggregated,2.700000,0.000000,12000,13000,13000,13000,13000,14000,14000,14000,14000,14000,14000,1942,0,12000,12365.76117700361,10773.98006599833,14014.62451900079,4911.225540679711
1790294163,40,,Aggregated,2.400000,0.000000,12000,13000,13000,13000,13000,14000,14000,14000,14000,14000,14000,1946,0,12000,12365.360722682432,10773.98006599833,14014.62451900079,4910.775436793422
1790294164,40,,Aggregated,2.600000,0.000000,12000,13000,13000,13000,13000,14000,14000,14000,14000,14000,14000,1951,0,12000,12366.1904860528,10773.98006599833,14014.62451900079,4911.193234238852
1790294165,40,,Aggregated,2.700000,0.000000,12000,13000,13000,13000,13000,14000,14000,14000,14000,14000,14000,1953,0,12000,12366.465174151568,10773.98006599833,14014.62451900079,4910.900153609831
1790294166,40,,Aggregated,2.900000,0.000000,12000,13000,13000,13000,13000,14000,14000,14000,14000,14000,14000,1955,0,12000,12365.987904234276,10773.98006599833,14014.62451900079,4910.754987212276
1790294167,40,,Aggregated,3.400000,0.000000,12000,13000,13000,13000,13000,14000,14000,14000,14000,14000,14000,1956,0,12000,12366.422731719842,10773.98006599833,14014.62451900079,4910.87627811861
1790294168,40,,Aggregated,3.200000,0.000000,12000,13000,13000,13000,13000,14000,14000,14000,14000,14000,14000,1959,0,12000,12366.255097161822,10773.98006599833,14014.62451900079,4910.732006125574
1790294169,40,,Aggregated,3.200000,0.000000,12000,13000,13000,13000,13000,14000,14000,14000,14000,14000,14000,1961,0,12000,12365.861456643554,10773.98006599833,14014.62451900079,4910.546149923508
1790294170,40,,Aggregated,2.700000,0.000000,12000,13000,13000,13000,13000,14000,14000,14000,14000,14000,14000,1965,0,12000,12366.309013708913,10773.98006599833,14014.62451900079,4910.207124681934
1790294171,40,,Aggregated,2.900000,0.000000,12000,13000,13000,13000,13000,14000,14000,14000,14000,14000,14000,1968,0,12000,12366.857942293704,10773.98006599833,14014.62451900079,4910.754573170731
1790294172,40,,Aggregated,2.900000,0.000000,12000,13000,13000,13000,13000,14000,14000,14000,14000,14000,14000,1973,0,12000,12367.903909741006,10773.98006599833,14014.62451900079,4910.950329447542
1790294173,40,,Aggregated,2.900000,0.000000,12000,13000,13000,13000,13000,14000,14000,14000,14000,14000,14000,1974,0,12000,12367.713575056234,10773.98006599833,14014.62451900079,4910.896149949342
1790294174,40,,Aggregated,2.800000,0.000000,12000,13000,13000,13000,13000,14000,14000,14000,14000,14000,14000,1975,0,12000,12367.154151961016,10773.98006599833,14014.62451900079,4910.730632911393
1790294175,40,,Aggregated,3.100000,0.000000,12000,13000,13000,13000,13000,14000,14000,14000,14000,14000,14000,1979,0,12000,12368.238186316832,10773.98006599833,14014.62451900079,4911.044972208186
1790294176,40,,Aggregated,2.400000,0.000000,12000,13000,13000,13000,13000,14000,14000,14000,14000,14000,14000,1983,0,12000,12368.190995733741,10773.98006599833,14014.62451900079,4911.031265758951
1790294177,40,,Aggregated,2.600000,0.000000,12000,13000,13000,13000,13000,14000,14000,14000,14000,14000,14000,1988,0,12000,12367.36091251912,10773.98006599833,14014.62451900079,4910.683601609658
1790294178,40,,Aggregated,2.600000,0.000000,12000,13000,13000,13000,13000,14000,14000,14000,14000,14000,14000,1991,0,12000,12368.656727876449,10773.98006599833,14014.62451900079,4911.055248618784
1790294179,40,,Aggregated,2.700000,0.000000,12000,13000,13000,13000,13000,14000,14000,14000,14000,14000,14000,1993,0,12000,12368.43197425941,10773.98006599833,14014.62451900079,4910.918715504265
1790294180,40,,Aggregated,3.100000,0.000000,12000,13000,13000,13000,13000,14000,14000,14000,14000,14000,14000,1995,0,12000,12368.23032587519,10773.98006599833,14014.62451900079,4911.24962406015
1790294181,40,,Aggregated,3.200000,0.000000,12000,13000,13000,13000,13000,14000,14000,14000,14000,14000,14000,1997,0,12000,12367.845655516778,10773.98006599833,14014.62451900079,4910.959939909865
1790294182,40,,Aggregated,3.100000,0.000000,12000,13000,13000,13000,13000,14000,14000,14000,14000,14000,14000,2001,0,12000,12366.883740205896,10773.98006599833,14014.62451900079,4910.625687156422
1790294183,40,,Aggregated,3.100000,0.000000,12000,13000,13000,13000,13000,14000,14000,14000,14000,14000,14000,2002,0,12000,12366.66389278921,10773.98006599833,14014.62451900079,4910.53996003996
1790294184,40,,Aggregated,2.600000,0.000000,12000,13000,13000,13000,13000,14000,14000,14000,14000,14000,14000,2007,0,12000,12366.88951940309,10773.98006599833,14014.62451900079,4910.441953163926
1790294185,40,,Aggregated,2.800000,0.000000,12000,13000,13000,13000,13000,14000,14000,14000,14000,14000,14000,2011,0,12000,12365.913137072108,10773.98006599833,14014.62451900079,4910.267031327698
1790294186,40,,Aggregated,2.900000,0.000000,12000,13000,13000,13000,13000,14000,14000,14000,14000,14000,14000,2012,0,12000,12366.240342791752,10773.98006599833,14014.62451900079,4910.517395626242
1790294187,40,,Aggregated,2.900000,0.000000,12000,13000,13000,13000,13000,14000,14000,14000,14000,14000,14000,2014,0,12000,12366.53519107895,10773.98006599833,14014.62451900079,4910.204568023833
1790294188,40,,Aggregated,3.100000,0.000000,12000,13000,13000,13000,13000,14000,14000,14000,14000,14000,14000,2017,0,12000,12366.695378512646,10773.98006599833,14014.62451900079,4910.104610808131
1790294189,40,,Aggregated,2.700000,0.000000,12000,13000,13000,13000,13000,14000,14000,14000,14000,14000,14000,2019,0,12000,12366.698849949484,10773.98006599833,14014.62451900079,4910.168895492819
1790294190,40,,Aggregated,2.700000,0.000000,12000,13000,13000,13000,13000,14000,14000,14000,14000,14000,14000,2021,0,12000,12367.534035619497,10773.98006599833,14014.62451900079,4910.5170707570505
1790294191,40,,Aggregated,2.600000,0.000000,12000,13000,13000,13000,13000,14000,14000,14000,14000,14000,14000,2028,0,12000,12367.359424952172,10773.98006599833,14014.62451900079,4909.928007889546
1790294192,40,,Aggregated,2.400000,0.000000,12000,13000,13000,13000,13000,14000,14000,14000,14000,14000,14000,2029,0,12000,12367.633940334157,10773.98006599833,14014.62451900079,4910.114342040414
1790294193,40,,Aggregated,2.600000,0.000000,12000,13000,13000,13000,13000,14000,14000,14000,14000,14000,14000,2032,0,12000,12369.149463870574,10773.98006599833,14014.62451900079,4910.895177165355
1790294194,40,,Aggregated,3.100000,0.000000,12000,13000,13000,13000,13000,14000,14000,14000,14000,14000,14000,2035,0,12000,12370.319640788699,10773.98006599833,14014.62451900079,4911.629484029484
1790294195,40,,Aggregated,3.000000,0.000000,12000,13000,13000,13000,13000,14000,14000,14000,14000,14000,14000,2037,0,12000,12370.457431417282,10773.98006599833,14014.62451900079,4911.563573883162
1790294196,40,,Aggregated,3.000000,0.000000,12000,13000,13000,13000,13000,14000,14000,14000,14000,14000,14000,2040,0,12000,12370.578702826473,10773.98006599833,14014.62451900079,4911.393137254902
1790294197,40,,Aggregated,3.100000,0.000000,12000,13000,13000,13000,13000,14000,14000,14000,14000,14000,14000,2043,0,12000,12370.965649435637,10773.98006599833,14014.62451900079,4911.542339696524
1790294198,40,,Aggregated,2.900000,0.000000,12000,13000,13000,13000,13000,14000,14000,14000,14000,14000,14000,2047,0,12000,12371.223717570596,10773.98006599833,14014.62451900079,4911.432828529555
1790294199,40,,Aggregated,2.900000,0.000000,12000,13000,13000,13000,13000,14000,14000,14000,14000,14000,14000,2048,0,12000,12370.912173705085,10773.98006599833,14014.62451900079,4911.35107421875
1790294200,40,,Aggregated,2.900000,0.000000,12000,13000,13000,13000,13000,14000,14000,14000,14000,14000,14000,2052,0,12000,12371.957477429345,10773.98006599833,14014.62451900079,4911.692495126706
1790294201,40,,Aggregated,2.900000,0.000000,12000,13000,13000,13000,13000,14000,14000,14000,14000,14000,14000,2053,0,12000,12371.678107285443,10773.98006599833,14014.62451900079,4911.56161714564
