Timestamp,User Count,Type,Name,Requests/s,Failures/s,50%,66%,75%,80%,90%,95%,98%,99%,99.9%,99.99%,100%,Total Request Count,Total Failure Count,Total Median Response Time,Total Average Response Time,Total Min Response Time,Total Max Response Time,Total Average Content Size
1790294323,0,,Aggregated,0.000000,0.000000,N/A,N/A,N/A,N/A,N/A,N/A,N/A,N/A,N/A,N/A,N/A,0,0,0,0.0,0,0,0
1790294324,20,,Aggregated,0.000000,0.000000,N/A,N/A,N/A,N/A,N/A,N/A,N/A,N/A,N/A,N/A,N/A,0,0,0,0.0,0,0,0
1790294325,40,,Aggregated,0.000000,0.000000,N/A,N/A,N/A,N/A,N/A,N/A,N/A,N/A,N/A,N/A,N/A,0,0,0,0.0,0,0,0
1790294326,40,,Aggregated,0.000000,0.000000,N/A,N/A,N/A,N/A,N/A,N/A,N/A,N/A,N/A,N/A,N/A,0,0,0,0.0,0,0,0
1790294327,40,,Aggregated,0.000000,0.000000,N/A,N/A,N/A,N/A,N/A,N/A,N/A,N/A,N/A,N/A,N/A,0,0,0,0.0,0,0,0
1790294328,40,,Aggregated,0.000000,0.000000,N/A,N/A,N/A,N/A,N/A,N/A,N/A,N/A,N/A,N/A,N/A,0,0,0,0.0,0,0,0
1790294329,40,,Aggregated,0.000000,0.000000,N/A,N/A,N/A,N/A,N/A,N/A,N/A,N/A,N/A,N/A,N/A,0,0,0,0.0,0,0,0
1790294330,40,,Aggregated,0.000000,0.000000,N/A,N/A,N/A,N/A,N/A,N/A,N/A,N/A,N/A,N/A,N/A,0,0,0,0.0,0,0,0
1790294331,40,,Aggregated,0.000000,0.000000,N/A,N/A,N/A,N/A,N/A,N/A,N/A,N/A,N/A,N/A,N/A,0,0,0,0.0,0,0,0
1790294332,40,,Aggregated,0.000000,0.000000,8900,8900,8900,8900,8900,8900,8900,8900,8900,8900,8900,1,0,8868.132737999986,8868.132737999986,8868.132737999986,8868.132737999986,2969.0
1790294333,40,,Aggregated,0.000000,0.000000,8900,8900,8900,8900,8900,8900,8900,8900,8900,8900,8900,1,0,8868.132737999986,8868.132737999986,8868.132737999986,8868.132737999986,2969.0
1790294334,40,,Aggregated,0.000000,0.000000,8900,8900,8900,8900,8900,8900,8900,8900,8900,8900,8900,1,0,8868.132737999986,8868.132737999986,8868.132737999986,8868.132737999986,2969.0
1790294335,40,,Aggregated,0.000000,0.000000,8900,8900,8900,8900,8900,8900,8900,8900,8900,8900,8900,1,0,8868.132737999986,8868.132737999986,8868.132737999986,8868.132737999986,2969.0
1790294336,40,,Aggregated,0.000000,0.000000,8900,8900,8900,8900,8900,8900,8900,8900,8900,8900,8900,1,0,8868.132737999986,8868.132737999986,8868.132737999986,8868.132737999986,2969.0
1790294338,40,,Aggregated,0.000000,0.000000,8900,8900,8900,8900,8900,8900,8900,8900,8900,8900,8900,1,0,8868.132737999986,8868.132737999986,8868.132737999986,8868.132737999986,2969.0
1790294339,40,,Aggregated,0.000000,0.000000,8900,8900,8900,8900,8900,8900,8900,8900,8900,8900,8900,1,0,8868.132737999986,8868.132737999986,8868.132737999986,8868.132737999986,2969.0
1790294340,40,,Aggregated,0.000000,0.000000,8900,8900,8900,8900,8900,8900,8900,8900,8900,8900,8900,1,0,8868.132737999986,8868.132737999986,8868.132737999986,8868.132737999986,2969.0
1790294341,40,,Aggregated,0.000000,0.000000,8900,8900,8900,8900,8900,8900,8900,8900,8900,8900,8900,1,0,8868.132737999986,8868.132737999986,8868.132737999986,8868.132737999986,2969.0
1790294342,40,,Aggregated,0.000000,0.000000,8900,8900,8900,8900,8900,8900,8900,8900,8900,8900,8900,1,0,8868.132737999986,8868.132737999986,8868.132737999986,8868.132737999986,2969.0
1790294343,40,,Aggregated,0.100000,0.000000,18000,19000,19000,19000,19000,19000,19000,19000,19000,19000,19000,7,0,18000,16828.571581000037,8868.132737999986,18508.962387000793,4586.714285714285
1790294344,40,,Aggregated,0.100000,0.000000,19000,19000,19000,19000,20000,20000,20000,20000,20000,20000,20000,23,0,19000,18354.72577873857,8868.132737999986,19649.716504001844,4891.217391304348
1790294345,40,,Aggregated,0.100000,0.000000,19000,19000,20000,20000,20000,21000,21000,21000,21000,21000,21000,29,0,19000,18733.554142964844,8868.132737999986,20619.99115800063,4959.275862068966
1790294346,40,,Aggregated,0.500000,0.000000,19000,20000,20000,21000,22000,22000,22000,22000,22000,22000,22000,35,0,19000,19206.707902113703,8868.132737999986,22010.18233599825,5074.714285714285
1790294347,40,,Aggregated,2.200000,0.000000,20000,20000,21000,21000,22000,22000,22000,22000,22000,22000,22000,40,0,20000,19485.758387049555,8868.132737999986,22010.18233599825,5170.4
1790294348,40,,Aggregated,2.200000,0.000000,20000,20000,21000,21000,22000,22000,22000,22000,22000,22000,22000,40,0,20000,19485.758387049555,8868.132737999986,22010.18233599825,5170.4
1790294349,40,,Aggregated,2.200000,0.000000,20000,20000,21000,21000,22000,22000,22000,22000,22000,22000,22000,40,0,20000,19485.758387049555,8868.132737999986,22010.18233599825,5170.4
1790294350,40,,Aggregated,2.200000,0.000000,20000,20000,21000,21000,22000,22000,22000,22000,22000,22000,22000,40,0,20000,19485.758387049555,8868.132737999986,22010.18233599825,5170.4
1790294351,40,,Aggregated,2.200000,0.000000,20000,20000,21000,21000,22000,22000,22000,22000,22000,22000,22000,40,0,20000,19485.758387049555,8868.132737999986,22010.18233599825,5170.4
1790294352,40,,Aggregated,2.200000,0.000000,20000,20000,21000,21000,22000,22000,22000,22000,22000,22000,22000,40,0,20000,19485.758387049555,8868.132737999986,22010.18233599825,5170.4
1790294353,40,,Aggregated,3.900000,0.000000,19000,20000,21000,21000,22000,22000,22000,22000,22000,22000,22000,41,0,19000,19450.32874448731,8868.132737999986,22010.18233599825,5161.536585365854
1790294354,40,,Aggregated,3.900000,0.000000,19000,20000,21000,21000,22000,22000,22000,22000,22000,22000,22000,41,0,19000,19450.32874448731,8868.132737999986,22010.18233599825,5161.536585365854
1790294355,40,,Aggregated,3.900000,0.000000,19000,20000,21000,21000,22000,22000,22000,22000,22000,22000,22000,41,0,19000,19450.32874448731,8868.132737999986,22010.18233599825,5161.536585365854
1790294356,40,,Aggregated,3.900000,0.000000,19000,20000,21000,21000,22000,22000,22000,22000,22000,22000,22000,41,0,19000,19450.32874448731,8868.132737999986,22010.18233599825,5161.536585365854
1790294357,40,,Aggregated,3.900000,0.000000,19000,20000,21000,21000,22000,22000,22000,22000,22000,22000,22000,41,0,19000,19450.32874448731,8868.132737999986,22010.18233599825,5161.536585365854
1790294358,40,,Aggregated,3.900000,0.000000,19000,20000,21000,21000,22000,22000,22000,22000,22000,22000,22000,41,0,19000,19450.32874448731,8868.132737999986,22010.18233599825,5161.536585365854
1790294359,40,,Aggregated,3.900000,0.000000,19000,20000,21000,21000,22000,22000,22000,22000,22000,22000,22000,41,0,19000,19450.32874448731,8868.132737999986,22010.18233599825,5161.536585365854
1790294360,40,,Aggregated,3.900000,0.000000,19000,20000,21000,21000,22000,22000,22000,22000,22000,22000,22000,41,0,19000,19450.32874448731,8868.132737999986,22010.18233599825,5161.536585365854
1790294361,40,,Aggregated,3.900000,0.000000,19000,20000,21000,21000,22000,22000,22000,22000,22000,22000,22000,41,0,19000,19450.32874448731,8868.132737999986,22010.18233599825,5161.536585365854
1790294362,40,,Aggregated,3.900000,0.000000,19000,20000,21000,21000,22000,22000,22000,22000,22000,22000,22000,41,0,19000,19450.32874448731,8868.132737999986,22010.18233599825,5161.536585365854
1790294363,40,,Aggregated,0.100000,0.000000,19000,20000,21000,21000,22000,22000,22000,22000,22000,22000,22000,47,0,19000,19327.740770701796,8868.132737999986,22010.18233599825,5116.382978723404
1790294364,40,,Aggregated,0.100000,0.000000,19000,20000,21000,21000,22000,22000,22000,22000,22000,22000,22000,50,0,19000,19287.603647499633,8868.132737999986,22010.18233599825,5116.64
1790294365,40,,Aggregated,0.100000,0.000000,19000,20000,20000,21000,22000,22000,22000,22000,22000,22000,22000,57,0,19000,19272.320828578555,8868.132737999986,22010.18233599825,5120.175438596491
1790294366,40,,Aggregated,0.300000,0.000000,19000,20000,20000,21000,22000,22000,22000,22000,22000,22000,22000,65,0,19000,19356.19824552268,8868.132737999986,22010.18233599825,5135.246153846154
1790294367,40,,Aggregated,1.600000,0.000000,19000,20000,21000,21000,21000,22000,22000,22000,22000,22000,22000,73,0,19000,19441.303871506378,8868.132737999986,22010.18233599825,5147.027397260274
1790294368,40,,Aggregated,2.400000,0.000000,20000,20000,21000,21000,21000,22000,22000,22000,22000,22000,22000,78,0,20000,19494.985072525258,8868.132737999986,22010.18233599825,5154.948717948718
1790294369,40,,Aggregated,2.400000,0.000000,20000,20000,21000,21000,21000,22000,22000,22000,22000,22000,22000,79,0,20000,19500.95906483504,8868.132737999986,22010.18233599825,5154.822784810127
1790294370,40,,Aggregated,3.000000,0.000000,20000,20000,21000,21000,21000,22000,22000,22000,22000,22000,22000,80,0,20000,19524.280068487125,8868.132737999986,22010.18233599825,5160.35
1790294371,40,,Aggregated,3.000000,0.000000,20000,20000,21000,21000,21000,22000,22000,22000,22000,22000,22000,80,0,20000,19524.280068487125,8868.132737999986,22010.18233599825,5160.35
1790294372,40,,Aggregated,3.000000,0.000000,20000,20000,21000,21000,21000,22000,22000,22000,22000,22000,22000,80,0,20000,19524.280068487125,8868.132737999986,22010.18233599825,5160.35
1790294373,40,,Aggregated,3.000000,0.000000,20000,20000,21000,21000,21000,22000,22000,22000,22000,22000,22000,80,0,20000,19524.280068487125,8868.132737999986,22010.18233599825,5160.35
1790294374,40,,Aggregated,3.000000,0.000000,20000,20000,21000,21000,21000,22000,22000,22000,22000,22000,22000,80,0,20000,19524.280068487125,8868.132737999986,22010.18233599825,5160.35
1790294375,40,,Aggregated,3.600000,0.000000,20000,20000,21000,21000,21000,22000,22000,22000,22000,22000,22000,81,0,20000,19537.478626641605,8868.132737999986,22010.18233599825,5156.123456790124
1790294376,40,,Aggregated,3.600000,0.000000,20000,20000,21000,21000,21000,22000,22000,22000,22000,22000,22000,81,0,20000,19537.478626641605,8868.132737999986,22010.18233599825,5156.123456790124
1790294377,40,,Aggregated,3.600000,0.000000,20000,20000,21000,21000,21000,22000,22000,22000,22000,22000,22000,81,0,20000,19537.478626641605,8868.132737999986,22010.18233599825,5156.123456790124
1790294378,40,,Aggregated,3.600000,0.000000,20000,20000,21000,21000,21000,22000,22000,22000,22000,22000,22000,81,0,20000,19537.478626641605,8868.132737999986,22010.18233599825,5156.123456790124
1790294379,40,,Aggregated,3.600000,0.000000,20000,20000,21000,21000,21000,22000,22000,22000,22000,22000,22000,81,0,20000,19537.478626641605,8868.132737999986,22010.18233599825,5156.123456790124
1790294380,40,,Aggregated,3.600000,0.000000,20000,20000,21000,21000,21000,22000,22000,22000,22000,22000,22000,81,0,20000,19537.478626641605,8868.132737999986,22010.18233599825,5156.123456790124
1790294381,40,,Aggregated,0.200000,0.000000,20000,20000,21000,21000,21000,22000,22000,22000,22000,22000,22000,82,0,20000,19458.370088109376,8868.132737999986,22010.18233599825,5146.670731707317
1790294382,40,,Aggregated,0.100000,0.000000,20000,20000,21000,21000,21000,22000,22000,22000,22000,22000,22000,85,0,20000,19402.85635719962,8868.132737999986,22010.18233599825,5129.788235294118
1790294383,40,,Aggregated,0.100000,0.000000,19000,20000,21000,21000,21000,22000,22000,22000,22000,22000,22000,87,0,19000,19375.83608429849,8868.132737999986,22010.18233599825,5114.885057471264
1790294384,40,,Aggregated,0.100000,0.000000,19000,20000,21000,21000,21000,22000,22000,22000,22000,22000,22000,89,0,19000,19329.93450203335,8868.132737999986,22010.18233599825,5114.0224719101125
1790294385,40,,Aggregated,0.500000,0.000000,19000,20000,21000,21000,21000,22000,22000,22000,22000,22000,22000,94,0,19000,19268.57943394648,8868.132737999986,22010.18233599825,5093.755319148936
1790294386,40,,Aggregated,0.900000,0.000000,19000,20000,21000,21000,21000,22000,22000,22000,22000,22000,22000,100,0,19000,19316.46518657969,8868.132737999986,22010.18233599825,5101.18
1790294387,40,,Aggregated,1.300000,0.000000,19000,20000,21000,21000,21000,22000,22000,22000,22000,22000,22000,106,0,19000,19292.402079839372,8868.132737999986,22010.18233599825,5098.037735849057
1790294388,40,,Aggregated,1.800000,0.000000,19000,20000,21000,21000,21000,22000,22000,22000,22000,22000,22000,113,0,19000,19362.9347215307,8868.132737999986,22010.18233599825,5118.902654867256
1790294389,40,,Aggregated,1.800000,0.000000,20000,20000,21000,21000,21000,22000,22000,22000,22000,22000,22000,117,0,20000,19394.429102683476,8868.132737999986,22010.18233599825,5125.059829059829
1790294390,40,,Aggregated,2.400000,0.000000,20000,20000,21000,21000,21000,22000,22000,22000,22000,22000,22000,119,0,20000,19414.853807714004,8868.132737999986,22010.18233599825,5133.857142857143
1790294391,40,,Aggregated,3.600000,0.000000,20000,20000,21000,21000,21000,22000,22000,22000,22000,22000,22000,120,0,20000,19417.43714448305,8868.132737999986,22010.18233599825,5134.966666666666
1790294392,40,,Aggregated,3.600000,0.000000,20000,20000,21000,21000,21000,22000,22000,22000,22000,22000,22000,120,0,20000,19417.43714448305,8868.132737999986,22010.18233599825,5134.966666666666
1790294393,40,,Aggregated,3.600000,0.000000,20000,20000,21000,21000,21000,22000,22000,22000,22000,22000,22000,120,0,20000,19417.43714448305,8868.132737999986,22010.18233599825,5134.966666666666
1790294394,40,,Aggregated,3.600000,0.000000,20000,20000,21000,21000,21000,22000,22000,22000,22000,22000,22000,120,0,20000,19417.43714448305,8868.132737999986,22010.18233599825,5134.966666666666
1790294395,40,,Aggregated,3.600000,0.000000,20000,20000,21000,21000,21000,22000,22000,22000,22000,22000,22000,120,0,20000,19417.43714448305,8868.132737999986,22010.18233599825,5134.966666666666
1790294396,40,,Aggregated,3.600000,0.000000,20000,20000,21000,21000,21000,22000,22000,22000,22000,22000,22000,120,0,20000,19417.43714448305,8868.132737999986,22010.18233599825,5134.966666666666
1790294397,40,,Aggregated,3.600000,0.000000,20000,20000,21000,21000,21000,22000,22000,22000,22000,22000,22000,120,0,20000,19417.43714448305,8868.132737999986,22010.18233599825,5134.966666666666
1790294398,40,,Aggregated,2.700000,0.000000,20000,20000,21000,21000,21000,22000,22000,22000,22000,22000,22000,122,0,20000,19339.417373696462,7868.588427001669,22010.18233599825,5107.4098360655735
1790294399,40,,Aggregated,2.100000,0.000000,20000,20000,21000,21000,21000,22000,22000,22000,22000,22000,22000,123,0,20000,19277.003095650154,7868.588427001669,22010.18233599825,5096.325203252032
1790294400,40,,Aggregated,2.100000,0.000000,20000,20000,21000,21000,21000,22000,22000,22000,22000,22000,22000,123,0,20000,19277.003095650154,7868.588427001669,22010.18233599825,5096.325203252032
1790294401,40,,Aggregated,0.600000,0.000000,20000,20000,21000,21000,21000,22000,22000,22000,22000,22000,22000,124,0,20000,19227.715528370696,7868.588427001669,22010.18233599825,5085.048387096775
1790294402,40,,Aggregated,0.600000,0.000000,20000,20000,21000,21000,21000,22000,22000,22000,22000,22000,22000,124,0,20000,19227.715528370696,7868.588427001669,22010.18233599825,5085.048387096775
1790294403,40,,Aggregated,0.400000,0.000000,20000,20000,21000,21000,21000,22000,22000,22000,22000,22000,22000,127,0,20000,19218.269608865892,7868.588427001669,22010.18233599825,5085.133858267716
1790294404,40,,Aggregated,0.400000,0.000000,20000,20000,21000,21000,21000,22000,22000,22000,22000,22000,22000,132,0,20000,19226.58848446945,7868.588427001669,22010.18233599825,5090.871212121212
1790294405,40,,Aggregated,0.600000,0.000000,20000,20000,21000,21000,21000,22000,22000,22000,22000,22000,22000,134,0,20000,19212.965502940056,7868.588427001669,22010.18233599825,5085.619402985075
1790294406,40,,Aggregated,0.600000,0.000000,19000,20000,21000,21000,21000,22000,22000,22000,22000,22000,22000,136,0,19000,19208.257680580646,7868.588427001669,22010.18233599825,5087.191176470588
1790294407,40,,Aggregated,1.200000,0.000000,19000,20000,21000,21000,21000,22000,22000,22000,22000,22000,22000,142,0,19000,19224.03897404902,7868.588427001669,22010.18233599825,5091.570422535211
1790294408,40,,Aggregated,1.600000,0.000000,20000,20000,21000,21000,21000,22000,22000,22000,22000,22000,22000,148,0,20000,19265.355797857846,7868.588427001669,22010.18233599825,5096.533783783784
1790294409,40,,Aggregated,2.000000,0.000000,19000,20000,21000,21000,21000,22000,22000,22000,22000,22000,22000,154,0,19000,19248.07761108417,7868.588427001669,22010.18233599825,5090.331168831169
1790294410,40,,Aggregated,2.000000,0.000000,19000,20000,21000,21000,21000,22000,22000,22000,22000,22000,22000,155,0,19000,19250.844174032012,7868.588427001669,22010.18233599825,5090.187096774193
1790294411,40,,Aggregated,2.400000,0.000000,19000,20000,21000,21000,21000,22000,22000,22000,22000,22000,22000,159,0,19000,19276.20771592432,7868.588427001669,22010.18233599825,5100.270440251572
1790294412,40,,Aggregated,2.700000,0.000000,20000,20000,21000,21000,21000,22000,22000,22000,22000,22000,22000,160,0,20000,19290.09736711231,7868.588427001669,22010.18233599825,5103.475
1790294413,40,,Aggregated,2.700000,0.000000,20000,20000,21000,21000,21000,22000,22000,22000,22000,22000,22000,160,0,20000,19290.09736711231,7868.588427001669,22010.18233599825,5103.475
1790294414,40,,Aggregated,2.700000,0.000000,20000,20000,21000,21000,21000,22000,22000,22000,22000,22000,22000,160,0,20000,19290.09736711231,7868.588427001669,22010.18233599825,5103.475
1790294415,40,,Aggregated,2.700000,0.000000,20000,20000,21000,21000,21000,22000,22000,22000,22000,22000,22000,160,0,20000,19290.09736711231,7868.588427001669,22010.18233599825,5103.475
1790294416,40,,Aggregated,2.700000,0.000000,20000,20000,21000,21000,21000,22000,22000,22000,22000,22000,22000,160,0,20000,19290.09736711231,7868.588427001669,22010.18233599825,5103.475
1790294417,40,,Aggregated,2.700000,0.000000,20000,20000,21000,21000,21000,22000,22000,22000,22000,22000,22000,160,0,20000,19290.09736711231,7868.588427001669,22010.18233599825,5103.475
1790294418,40,,Aggregated,2.400000,0.000000,19000,20000,21000,21000,21000,22000,22000,22000,22000,22000,22000,162,0,19000,19280.664356475132,7868.588427001669,22010.18233599825,5104.697530864198
1790294419,40,,Aggregated,2.400000,0.000000,19000,20000,21000,21000,21000,22000,22000,22000,22000,22000,22000,162,0,19000,19280.664356475132,7868.588427001669,22010.18233599825,5104.697530864198
1790294420,40,,Aggregated,2.400000,0.000000,19000,20000,21000,21000,21000,22000,22000,22000,22000,22000,22000,162,0,19000,19280.664356475132,7868.588427001669,22010.18233599825,5104.697530864198
1790294421,40,,Aggregated,1.500000,0.000000,19000,20000,21000,21000,21000,22000,22000,22000,22000,22000,22000,163,0,19000,19288.37149723909,7868.588427001669,22010.18233599825,5104.4662576687115
1790294422,40,,Aggregated,1.500000,0.000000,19000,20000,21000,21000,21000,22000,22000,22000,22000,22000,22000,163,0,19000,19288.37149723909,7868.588427001669,22010.18233599825,5104.4662576687115
1790294423,40,,Aggregated,0.700000,0.000000,19000,20000,21000,21000,21000,22000,22000,22000,22000,22000,22000,164,0,19000,19281.703570633985,7868.588427001669,22010.18233599825,5102.036585365854
1790294424,40,,Aggregated,0.300000,0.000000,19000,20000,21000,21000,21000,22000,22000,22000,22000,22000,22000,169,0,19000,19283.01259422471,7868.588427001669,22010.18233599825,5105.213017751479
1790294425,40,,Aggregated,0.300000,0.000000,19000,20000,21000,21000,21000,22000,22000,22000,22000,22000,22000,170,0,19000,19276.90646851751,7868.588427001669,22010.18233599825,5103.288235294118
1790294426,40,,Aggregated,0.400000,0.000000,19000,20000,21000,21000,21000,22000,22000,22000,22000,22000,22000,172,0,19000,19292.90421533708,7868.588427001669,22010.18233599825,5106.645348837209
1790294427,40,,Aggregated,1.000000,0.000000,19000,20000,21000,21000,21000,22000,22000,22000,22000,22000,22000,175,0,19000,19278.92852337701,7868.588427001669,22010.18233599825,5101.565714285714
1790294428,40,,Aggregated,1.200000,0.000000,19000,20000,21000,21000,21000,22000,22000,22000,22000,22000,22000,183,0,19000,19307.47481855725,7868.588427001669,22010.18233599825,5101.131147540984
1790294429,40,,Aggregated,1.200000,0.000000,19000,20000,21000,21000,21000,22000,22000,22000,22000,22000,22000,189,0,19000,19300.671686841157,7868.588427001669,22010.18233599825,5094.925925925926
1790294430,40,,Aggregated,1.900000,0.000000,19000,20000,21000,21000,21000,22000,22000,22000,22000,22000,22000,191,0,19000,19314.461615774762,7868.588427001669,22010.18233599825,5094.874345549738
1790294431,40,,Aggregated,2.300000,0.000000,19000,20000,21000,21000,21000,22000,22000,22000,22000,22000,22000,194,0,19000,19330.245782020513,7868.588427001669,22010.18233599825,5097.577319587629
1790294432,40,,Aggregated,2.300000,0.000000,20000,20000,21000,21000,21000,22000,22000,22000,22000,22000,22000,196,0,20000,19349.71852061724,7868.588427001669,22010.18233599825,5100.459183673469
1790294433,40,,Aggregated,2.800000,0.000000,20000,20000,21000,21000,21000,22000,22000,22000,22000,22000,22000,199,0,20000,19374.431377241082,7868.588427001669,22010.18233599825,5105.417085427136
1790294434,40,,Aggregated,3.000000,0.000000,20000,20000,21000,21000,21000,22000,22000,22000,22000,22000,22000,200,0,20000,19383.955733859882,7868.588427001669,22010.18233599825,5108.09
1790294435,40,,Aggregated,3.000000,0.000000,20000,20000,21000,21000,21000,22000,22000,22000,22000,22000,22000,200,0,20000,19383.955733859882,7868.588427001669,22010.18233599825,5108.09
1790294436,40,,Aggregated,3.000000,0.000000,20000,20000,21000,21000,21000,22000,22000,22000,22000,22000,22000,200,0,20000,19383.955733859882,7868.588427001669,22010.18233599825,5108.09
1790294437,40,,Aggregated,3.000000,0.000000,20000,20000,21000,21000,21000,22000,22000,22000,22000,22000,22000,202,0,20000,19357.880042163226,7868.588427001669,22010.18233599825,5101.702970297029
1790294438,40,,Aggregated,3.000000,0.000000,20000,20000,21000,21000,21000,22000,22000,22000,22000,22000,22000,202,0,20000,19357.880042163226,7868.588427001669,22010.18233599825,5101.702970297029
1790294439,40,,Aggregated,2.800000,0.000000,20000,20000,21000,21000,21000,22000,22000,22000,22000,22000,22000,204,0,20000,19305.684086627305,7868.588427001669,22010.18233599825,5090.725490196079
1790294440,40,,Aggregated,2.800000,0.000000,20000,20000,21000,21000,21000,22000,22000,22000,22000,22000,22000,204,0,20000,19305.684086627305,7868.588427001669,22010.18233599825,5090.725490196079
1790294441,40,,Aggregated,2.800000,0.000000,20000,20000,21000,21000,21000,22000,22000,22000,22000,22000,22000,204,0,20000,19305.684086627305,7868.588427001669,22010.18233599825,5090.725490196079
1790294442,40,,Aggregated,2.800000,0.000000,20000,20000,21000,21000,21000,22000,22000,22000,22000,22000,22000,204,0,20000,19305.684086627305,7868.588427001669,22010.18233599825,5090.725490196079
1790294443,40,,Aggregated,1.100000,0.000000,20000,20000,21000,21000,21000,22000,22000,22000,22000,22000,22000,205,0,20000,19302.31622953157,7868.588427001669,22010.18233599825,5088.165853658536
1790294444,40,,Aggregated,0.800000,0.000000,19000,20000,21000,21000,21000,22000,22000,22000,22000,22000,22000,208,0,19000,19287.07751127391,7868.588427001669,22010.18233599825,5083.701923076923
1790294445,40,,Aggregated,0.500000,0.000000,19000,20000,21000,21000,21000,22000,22000,22000,22000,22000,22000,209,0,19000,19288.091967631444,7868.588427001669,22010.18233599825,5084.215311004785
1790294446,40,,Aggregated,0.500000,0.000000,19000,20000,21000,21000,21000,22000,22000,22000,22000,22000,22000,209,0,19000,19288.091967631444,7868.588427001669,22010.18233599825,5084.215311004785
1790294447,40,,Aggregated,0.800000,0.000000,19000,20000,21000,21000,21000,22000,22000,22000,22000,22000,22000,215,0,19000,19291.28429553943,7868.588427001669,22010.18233599825,5086.832558139535
1790294448,40,,Aggregated,0.900000,0.000000,19000,20000,21000,21000,21000,22000,22000,22000,22000,22000,22000,219,0,19000,19288.569091040987,7868.588427001669,22010.18233599825,5085.077625570776
1790294449,40,,Aggregated,1.300000,0.000000,19000,20000,21000,21000,21000,22000,22000,22000,22000,22000,22000,223,0,19000,19288.245473318253,7868.588427001669,22010.18233599825,5089.632286995516
1790294450,40,,Aggregated,1.400000,0.000000,19000,20000,21000,21000,21000,22000,22000,22000,22000,22000,22000,229,0,19000,19311.855886427813,7868.588427001669,22010.18233599825,5092.7379912663755
1790294451,40,,Aggregated,1.600000,0.000000,19000,20000,21000,21000,21000,22000,22000,22000,22000,22000,22000,231,0,19000,19320.931794978227,7868.588427001669,22010.18233599825,5095.190476190476
1790294452,40,,Aggregated,2.200000,0.000000,19000,20000,21000,21000,21000,22000,22000,22000,22000,22000,22000,234,0,19000,19330.10973615374,7868.588427001669,22010.18233599825,5097.521367521367
1790294453,40,,Aggregated,2.500000,0.000000,19000,20000,21000,21000,21000,22000,22000,22000,22000,22000,22000,236,0,19000,19338.924761584636,7868.588427001669,22010.18233599825,5099.131355932203
1790294454,40,,Aggregated,2.700000,0.000000,19000,20000,21000,21000,21000,22000,22000,22000,22000,22000,22000,238,0,19000,19345.61318628561,7868.588427001669,22010.18233599825,5101.533613445378
1790294455,40,,Aggregated,3.100000,0.000000,19000,20000,21000,21000,21000,22000,22000,22000,22000,22000,22000,240,0,19000,19353.190614020732,7868.588427001669,22010.18233599825,5101.795833333334
1790294456,40,,Aggregated,3.100000,0.000000,19000,20000,21000,21000,21000,22000,22000,22000,22000,22000,22000,240,0,19000,19353.190614020732,7868.588427001669,22010.18233599825,5101.795833333334
1790294457,40,,Aggregated,3.000000,0.000000,19000,20000,21000,21000,21000,22000,22000,22000,22000,22000,22000,241,0,19000,19352.371040252998,7868.588427001669,22010.18233599825,5101.282157676348
1790294458,40,,Aggregated,3.000000,0.000000,19000,20000,21000,21000,21000,22000,22000,22000,22000,22000,22000,241,0,19000,19352.371040252998,7868.588427001669,22010.18233599825,5101.282157676348
1790294459,40,,Aggregated,2.700000,0.000000,19000,20000,21000,21000,21000,22000,22000,22000,22000,22000,22000,242,0,19000,19353.493140954422,7868.588427001669,22010.18233599825,5099.5495867768595
1790294460,40,,Aggregated,2.700000,0.000000,19000,20000,21000,21000,21000,22000,22000,22000,22000,22000,22000,242,0,19000,19353.493140954422,7868.588427001669,22010.18233599825,5099.5495867768595
1790294461,40,,Aggregated,2.100000,0.000000,19000,20000,21000,21000,21000,22000,22000,22000,22000,22000,22000,243,0,19000,19363.60564705749,7868.588427001669,22010.18233599825,5101.20987654321
1790294462,40,,Aggregated,2.100000,0.000000,20000,20000,21000,21000,21000,22000,22000,22000,22000,22000,22000,244,0,20000,19374.14252115151,7868.588427001669,22010.18233599825,5103.520491803279
1790294463,40,,Aggregated,1.600000,0.000000,19000,20000,21000,21000,21000,22000,22000,22000,22000,22000,22000,245,0,19000,19368.87370093865,7868.588427001669,22010.18233599825,5101.183673469388
1790294464,40,,Aggregated,1.300000,0.000000,19000,20000,21000,21000,21000,22000,22000,22000,22000,22000,22000,246,0,19000,19364.07854984541,7868.588427001669,22010.18233599825,5099.723577235773
1790294465,40,,Aggregated,1.000000,0.000000,19000,20000,21000,21000,21000,22000,22000,22000,22000,22000,22000,247,0,19000,19366.251704493803,7868.588427001669,22010.18233599825,5099.793522267207
1790294466,40,,Aggregated,0.800000,0.000000,20000,20000,21000,21000,21000,22000,22000,22000,22000,22000,22000,249,0,20000,19369.805613658507,7868.588427001669,22010.18233599825,5099.686746987952
1790294467,40,,Aggregated,0.800000,0.000000,19000,20000,21000,21000,21000,22000,22000,22000,22000,22000,22000,251,0,19000,19359.869999724964,7868.588427001669,22010.18233599825,5096.04780876494
1790294468,40,,Aggregated,0.800000,0.000000,19000,20000,21000,21000,21000,22000,22000,22000,22000,22000,22000,255,0,19000,19357.620054097904,7868.588427001669,22010.18233599825,5095.8117647058825
1790294469,40,,Aggregated,1.000000,0.000000,20000,20000,21000,21000,21000,22000,22000,22000,22000,22000,22000,256,0,20000,19363.291835906126,7868.588427001669,22010.18233599825,5097.5234375
1790294470,40,,Aggregated,1.200000,0.000000,20000,20000,21000,21000,21000,22000,22000,22000,22000,22000,22000,260,0,20000,19374.36461024604,7868.588427001669,22010.18233599825,5100.023076923077
1790294471,40,,Aggregated,1.400000,0.000000,20000,20000,21000,21000,21000,22000,22000,22000,22000,22000,22000,267,0,20000,19383.925436374422,7868.588427001669,22010.18233599825,5100.932584269663
1790294472,40,,Aggregated,1.500000,0.000000,20000,20000,21000,21000,21000,22000,22000,22000,22000,22000,22000,271,0,20000,19405.01801459768,7868.588427001669,22010.18233599825,5105.712177121771
1790294473,40,,Aggregated,2.000000,0.000000,20000,20000,21000,21000,21000,22000,22000,22000,22000,22000,22000,276,0,20000,19407.041229633945,7868.588427001669,22010.18233599825,5103.463768115942
1790294474,40,,Aggregated,2.000000,0.000000,20000,20000,21000,21000,21000,22000,22000,22000,22000,22000,22000,276,0,20000,19407.041229633945,7868.588427001669,22010.18233599825,5103.463768115942
1790294475,40,,Aggregated,2.800000,0.000000,20000,20000,21000,21000,21000,22000,22000,22000,22000,22000,22000,277,0,20000,19415.028558815764,7868.588427001669,22010.18233599825,5102.527075812274
1790294476,40,,Aggregated,3.100000,0.000000,20000,20000,21000,21000,21000,22000,22000,22000,22000,22000,22000,278,0,20000,19415.588510528658,7868.588427001669,22010.18233599825,5102.974820143885
1790294477,40,,Aggregated,3.000000,0.000000,20000,20000,21000,21000,21000,22000,22000,22000,22000,22000,22000,281,0,20000,19425.7337779643,7868.588427001669,22043.932869000855,5106.202846975089
1790294478,40,,Aggregated,3.000000,0.000000,20000,20000,21000,21000,21000,22000,22000,22000,22000,22000,22000,281,0,20000,19425.7337779643,7868.588427001669,22043.932869000855,5106.202846975089
1790294479,40,,Aggregated,3.000000,0.000000,20000,20000,21000,21000,21000,22000,22000,22000,22000,22000,22000,281,0,20000,19425.7337779643,7868.588427001669,22043.932869000855,5106.202846975089
1790294480,40,,Aggregated,3.000000,0.000000,20000,20000,21000,21000,21000,22000,22000,22000,22000,22000,22000,281,0,20000,19425.7337779643,7868.588427001669,22043.932869000855,5106.202846975089
1790294482,40,,Aggregated,2.600000,0.000000,20000,20000,21000,21000,21000,22000,22000,22000,22000,22000,22000,283,0,20000,19425.733007028146,7868.588427001669,22043.932869000855,5107.053003533569
1790294483,40,,Aggregated,2.400000,0.000000,20000,20000,21000,21000,21000,22000,22000,22000,22000,22000,22000,284,0,20000,19423.32282428508,7868.588427001669,22043.932869000855,5107.278169014085
1790294484,40,,Aggregated,2.400000,0.000000,20000,20000,21000,21000,21000,22000,22000,22000,22000,22000,22000,284,0,20000,19423.32282428508,7868.588427001669,22043.932869000855,5107.278169014085
1790294485,40,,Aggregated,1.500000,0.000000,20000,20000,21000,21000,21000,22000,22000,22000,22000,22000,22000,285,0,20000,19423.333588298105,7868.588427001669,22043.932869000855,5108.912280701755
1790294486,40,,Aggregated,1.100000,0.000000,20000,20000,21000,21000,21000,22000,22000,22000,22000,22000,22000,286,0,20000,19422.79755304882,7868.588427001669,22043.932869000855,5109.895104895105
1790294487,40,,Aggregated,0.800000,0.000000,20000,20000,21000,21000,21000,22000,22000,22000,22000,22000,22000,287,0,20000,19421.150906041676,7868.588427001669,22043.932869000855,5109.484320557492
1790294488,40,,Aggregated,0.800000,0.000000,20000,20000,21000,21000,21000,22000,22000,22000,22000,22000,22000,287,0,20000,19421.150906041676,7868.588427001669,22043.932869000855,5109.484320557492
1790294489,40,,Aggregated,0.900000,0.000000,20000,20000,21000,21000,21000,22000,22000,22000,22000,22000,22000,293,0,20000,19424.023522539093,7868.588427001669,22043.932869000855,5110.276450511946
1790294490,40,,Aggregated,0.600000,0.000000,20000,20000,21000,21000,21000,22000,22000,22000,22000,22000,22000,296,0,20000,19423.925472020113,7868.588427001669,22043.932869000855,5112.4425675675675
1790294491,40,,Aggregated,0.600000,0.000000,20000,20000,21000,21000,21000,22000,22000,22000,22000,22000,22000,298,0,20000,19420.275088855546,7868.588427001669,22043.932869000855,5114.1711409395975
1790294492,40,,Aggregated,1.400000,0.000000,20000,20000,21000,21000,21000,22000,22000,22000,22000,22000,22000,303,0,20000,19409.52127780184,7868.588427001669,22043.932869000855,5113.531353135313
1790294493,40,,Aggregated,1.400000,0.000000,20000,20000,21000,21000,21000,22000,22000,22000,22000,22000,22000,305,0,20000,19410.529893101495,7868.588427001669,22043.932869000855,5113.422950819672
1790294494,40,,Aggregated,1.700000,0.000000,20000,20000,21000,21000,21000,22000,22000,22000,22000,22000,22000,309,0,20000,19419.018476647092,7868.588427001669,22043.932869000855,5119.4012944983815
1790294495,40,,Aggregated,2.100000,0.000000,20000,20000,21000,21000,21000,22000,22000,22000,22000,22000,22000,312,0,20000,19429.125240172933,7868.588427001669,22043.932869000855,5121.9358974358975
1790294496,40,,Aggregated,2.500000,0.000000,20000,20000,21000,21000,21000,22000,22000,22000,22000,22000,22000,316,0,20000,19454.614833550484,7868.588427001669,22043.932869000855,5130.7594936708865
1790294497,40,,Aggregated,2.500000,0.000000,20000,20000,21000,21000,21000,22000,22000,22000,22000,22000,22000,316,0,20000,19454.614833550484,7868.588427001669,22043.932869000855,5130.7594936708865
1790294498,40,,Aggregated,2.600000,0.000000,20000,20000,21000,21000,21000,22000,22000,22000,22000,22000,22000,319,0,20000,19451.903391517106,7868.588427001669,22043.932869000855,5127.730407523511
1790294499,40,,Aggregated,2.900000,0.000000,20000,20000,21000,21000,21000,22000,22000,22000,22000,22000,22000,320,0,20000,19453.458471862363,7868.588427001669,22043.932869000855,5127.459375
1790294500,40,,Aggregated,2.900000,0.000000,20000,20000,21000,21000,21000,22000,22000,22000,22000,22000,22000,321,0,20000,19455.945212657185,7868.588427001669,22043.932869000855,5127.809968847352
1790294501,40,,Aggregated,2.900000,0.000000,20000,20000,21000,21000,21000,22000,22000,22000,22000,22000,22000,321,0,20000,19455.945212657185,7868.588427001669,22043.932869000855,5127.809968847352
1790294502,40,,Aggregated,2.900000,0.000000,20000,20000,21000,21000,21000,22000,22000,22000,22000,22000,22000,321,0,20000,19455.945212657185,7868.588427001669,22043.932869000855,5127.809968847352
1790294503,40,,Aggregated,2.600000,0.000000,20000,20000,21000,21000,21000,22000,22000,22000,22000,22000,22000,322,0,20000,19456.261885207932,7868.588427001669,22043.932869000855,5127.155279503106
1790294504,40,,Aggregated,2.300000,0.000000,20000,20000,21000,21000,21000,22000,22000,22000,22000,22000,22000,323,0,20000,19458.397357978185,7868.588427001669,22043.932869000855,5127.374613003096
1790294505,40,,Aggregated,2.000000,0.000000,20000,20000,21000,21000,21000,22000,22000,22000,22000,22000,22000,325,0,20000,19458.331376830625,7868.588427001669,22043.932869000855,5127.8953846153845
1790294506,40,,Aggregated,2.000000,0.000000,20000,20000,21000,21000,21000,22000,22000,22000,22000,22000,22000,325,0,20000,19458.331376830625,7868.588427001669,22043.932869000855,5127.8953846153845
1790294507,40,,Aggregated,2.000000,0.000000,20000,20000,21000,21000,21000,22000,22000,22000,22000,22000,22000,325,0,20000,19458.331376830625,7868.588427001669,22043.932869000855,5127.8953846153845
1790294508,40,,Aggregated,1.400000,0.000000,20000,20000,21000,21000,21000,22000,22000,22000,22000,22000,22000,327,0,20000,19467.672149975384,7868.588427001669,22061.999598998227,5131.302752293578
1790294509,40,,Aggregated,1.000000,0.000000,20000,20000,21000,21000,21000,22000,22000,22000,22000,22000,22000,328,0,20000,19466.165702670583,7868.588427001669,22061.999598998227,5130.262195121952
1790294510,40,,Aggregated,0.900000,0.000000,20000,20000,21000,21000,21000,22000,22000,22000,22000,22000,22000,331,0,20000,19465.49835929895,7868.588427001669,22061.999598998227,5128.87915407855
1790294511,40,,Aggregated,0.800000,0.000000,20000,20000,21000,21000,21000,22000,22000,22000,22000,22000,22000,336,0,20000,19468.711558806393,7868.588427001669,22061.999598998227,5127.306547619048
1790294512,40,,Aggregated,1.000000,0.000000,20000,20000,21000,21000,21000,22000,22000,22000,22000,22000,22000,338,0,20000,19468.25042149393,7868.588427001669,22061.999598998227,5129.162721893491
1790294513,40,,Aggregated,1.000000,0.000000,20000,20000,21000,21000,21000,22000,22000,22000,22000,22000,22000,341,0,20000,19470.336667266703,7868.588427001669,22061.999598998227,5131.073313782991
1790294514,40,,Aggregated,1.300000,0.000000,20000,20000,21000,21000,21000,22000,22000,22000,22000,22000,22000,343,0,20000,19474.04229257418,7868.588427001669,22061.999598998227,5132.825072886298
1790294515,40,,Aggregated,1.600000,0.000000,20000,20000,21000,21000,21000,22000,22000,22000,22000,22000,22000,351,0,20000,19476.88841042718,7868.588427001669,22061.999598998227,5136.190883190883
1790294516,40,,Aggregated,2.000000,0.000000,20000,20000,21000,21000,21000,22000,22000,22000,22000,22000,22000,353,0,20000,19477.1386507902,7868.588427001669,22061.999598998227,5138.504249291785
1790294517,40,,Aggregated,2.600000,0.000000,20000,20000,21000,21000,21000,22000,22000,22000,22000,22000,22000,356,0,20000,19489.065372572873,7868.588427001669,22061.999598998227,5142.88202247191
1790294518,40,,Aggregated,2.600000,0.000000,20000,20000,21000,21000,21000,22000,22000,22000,22000,22000,22000,356,0,20000,19489.065372572873,7868.588427001669,22061.999598998227,5142.88202247191
1790294519,40,,Aggregated,2.600000,0.000000,20000,20000,21000,21000,21000,22000,22000,22000,22000,22000,22000,356,0,20000,19489.065372572873,7868.588427001669,22061.999598998227,5142.88202247191
1790294520,40,,Aggregated,3.000000,0.000000,20000,20000,21000,21000,21000,22000,22000,22000,22000,22000,22000,359,0,20000,19497.529093765857,7868.588427001669,22061.999598998227,5147.089136490251
1790294521,40,,Aggregated,2.900000,0.000000,20000,20000,21000,21000,21000,22000,22000,22000,22000,22000,22000,360,0,20000,19502.36660034706,7868.588427001669,22061.999598998227,5147.386111111111
1790294522,40,,Aggregated,2.800000,0.000000,20000,20000,21000,21000,21000,22000,22000,22000,22000,22000,22000,361,0,20000,19506.21522149846,7868.588427001669,22061.999598998227,5146.382271468144
1790294523,40,,Aggregated,2.800000,0.000000,20000,20000,21000,21000,21000,22000,22000,22000,22000,22000,22000,361,0,20000,19506.21522149846,7868.588427001669,22061.999598998227,5146.382271468144
1790294524,40,,Aggregated,2.300000,0.000000,20000,20000,21000,21000,21000,22000,22000,22000,22000,22000,22000,362,0,20000,19506.22413806891,7868.588427001669,22061.999598998227,5146.422651933702
1790294525,40,,Aggregated,2.300000,0.000000,20000,20000,21000,21000,21000,22000,22000,22000,22000,22000,22000,363,0,20000,19509.909512096274,7868.588427001669,22061.999598998227,5147.64738292011
1790294526,40,,Aggregated,2.000000,0.000000,20000,20000,21000,21000,21000,22000,22000,22000,22000,22000,22000,364,0,20000,19509.662443807552,7868.588427001669,22061.999598998227,5147.280219780219
1790294527,40,,Aggregated,1.200000,0.000000,20000,20000,21000,21000,21000,22000,22000,22000,22000,22000,22000,365,0,20000,19514.779320246435,7868.588427001669,22061.999598998227,5147.238356164384
1790294528,40,,Aggregated,1.200000,0.000000,20000,20000,21000,21000,21000,22000,22000,22000,22000,22000,22000,366,0,20000,19512.90531451626,7868.588427001669,22061.999598998227,5146.2213114754095
1790294529,40,,Aggregated,1.200000,0.000000,20000,20000,21000,21000,21000,22000,22000,22000,22000,22000,22000,366,0,20000,19512.90531451626,7868.588427001669,22061.999598998227,5146.2213114754095
1790294530,40,,Aggregated,1.000000,0.000000,20000,20000,21000,21000,21000,22000,22000,22000,22000,22000,22000,368,0,20000,19514.876829527046,7868.588427001669,22061.999598998227,5144.983695652174
1790294531,40,,Aggregated,1.000000,0.000000,20000,20000,21000,21000,21000,22000,22000,22000,22000,22000,22000,373,0,20000,19515.89147217412,7868.588427001669,22061.999598998227,5143.402144772118
1790294532,40,,Aggregated,0.700000,0.000000,20000,20000,21000,21000,21000,22000,22000,22000,22000,22000,22000,377,0,20000,19513.72453834999,7868.588427001669,22061.999598998227,5144.114058355438
1790294533,40,,Aggregated,1.100000,0.000000,20000,20000,21000,21000,21000,22000,22000,22000,22000,22000,22000,379,0,20000,19510.298432780866,7868.588427001669,22061.999598998227,5142.203166226913
1790294534,40,,Aggregated,1.600000,0.000000,20000,20000,21000,21000,21000,22000,22000,22000,22000,22000,22000,384,0,20000,19502.950777361835,7868.588427001669,22061.999598998227,5141.1875
1790294535,40,,Aggregated,1.600000,0.000000,20000,20000,21000,21000,21000,22000,22000,22000,22000,22000,22000,387,0,20000,19493.152455573505,7868.588427001669,22061.999598998227,5136.899224806201
1790294536,40,,Aggregated,1.700000,0.000000,20000,20000,21000,21000,21000,22000,22000,22000,22000,22000,22000,390,0,20000,19494.32807370499,7868.588427001669,22061.999598998227,5136.264102564102
1790294537,40,,Aggregated,2.200000,0.000000,20000,20000,21000,21000,21000,22000,22000,22000,22000,22000,22000,391,0,20000,19496.694043871983,7868.588427001669,22061.999598998227,5137.086956521739
1790294538,40,,Aggregated,2.600000,0.000000,20000,20000,21000,21000,21000,22000,22000,22000,22000,22000,22000,395,0,20000,19506.562918065687,7868.588427001669,22061.999598998227,5138.59746835443
1790294539,40,,Aggregated,2.600000,0.000000,20000,20000,21000,21000,21000,22000,22000,22000,22000,22000,22000,395,0,20000,19506.562918065687,7868.588427001669,22061.999598998227,5138.59746835443
1790294540,40,,Aggregated,2.700000,0.000000,20000,20000,21000,21000,21000,22000,22000,22000,22000,22000,22000,398,0,20000,19508.4711663667,7868.588427001669,22061.999598998227,5137.934673366834
1790294541,40,,Aggregated,2.700000,0.000000,20000,20000,21000,21000,21000,22000,22000,22000,22000,22000,22000,398,0,20000,19508.4711663667,7868.588427001669,22061.999598998227,5137.934673366834
1790294542,40,,Aggregated,2.700000,0.000000,20000,20000,21000,21000,21000,22000,22000,22000,22000,22000,22000,398,0,20000,19508.4711663667,7868.588427001669,22061.999598998227,5137.934673366834
1790294543,40,,Aggregated,3.000000,0.000000,20000,20000,21000,21000,21000,22000,22000,22000,22000,22000,22000,399,0,20000,19512.446213811898,7868.588427001669,22061.999598998227,5139.365914786968
1790294544,40,,Aggregated,2.200000,0.000000,20000,20000,21000,21000,21000,22000,22000,22000,22000,22000,22000,402,0,20000,19516.652724303356,7868.588427001669,22061.999598998227,5140.965174129353
1790294545,40,,Aggregated,2.200000,0.000000,20000,20000,21000,21000,21000,22000,22000,22000,22000,22000,22000,402,0,20000,19516.652724303356,7868.588427001669,22061.999598998227,5140.965174129353
1790294546,40,,Aggregated,2.200000,0.000000,20000,20000,21000,21000,21000,22000,22000,22000,22000,22000,22000,402,0,20000,19516.652724303356,7868.588427001669,22061.999598998227,5140.965174129353
1790294547,40,,Aggregated,2.200000,0.000000,20000,20000,21000,21000,21000,22000,22000,22000,22000,22000,22000,402,0,20000,19516.652724303356,7868.588427001669,22061.999598998227,5140.965174129353
1790294548,40,,Aggregated,1.200000,0.000000,20000,20000,21000,21000,21000,22000,22000,22000,22000,22000,22000,405,0,20000,19523.351696725804,7868.588427001669,22061.999598998227,5143.093827160494
1790294549,40,,Aggregated,1.200000,0.000000,20000,20000,21000,21000,21000,22000,22000,22000,22000,22000,22000,405,0,20000,19523.351696725804,7868.588427001669,22061.999598998227,5143.093827160494
1790294550,40,,Aggregated,1.100000,0.000000,20000,20000,21000,21000,21000,22000,22000,22000,22000,22000,22000,407,0,20000,19524.160136564984,7868.588427001669,22061.999598998227,5145.2530712530715
1790294551,40,,Aggregated,1.000000,0.000000,20000,20000,21000,21000,21000,22000,22000,22000,22000,22000,22000,409,0,20000,19518.581354415524,7868.588427001669,22061.999598998227,5142.643031784841
1790294552,40,,Aggregated,1.000000,0.000000,20000,20000,21000,21000,21000,22000,22000,22000,22000,22000,22000,410,0,20000,19517.55081009012,7868.588427001669,22061.999598998227,5143.09756097561
1790294553,40,,Aggregated,1.000000,0.000000,20000,20000,21000,21000,21000,22000,22000,22000,22000,22000,22000,414,0,20000,19529.48438287427,7868.588427001669,22152.074968002125,5145.190821256038
1790294554,40,,Aggregated,1.000000,0.000000,20000,20000,21000,21000,21000,22000,22000,22000,22000,22000,22000,417,0,20000,19537.583226649745,7868.588427001669,22152.074968002125,5148.249400479616
1790294555,40,,Aggregated,1.300000,0.000000,20000,20000,21000,21000,21000,22000,22000,22000,22000,22000,22000,424,0,20000,19539.821469841845,7868.588427001669,22152.074968002125,5147.745283018868
1790294556,40,,Aggregated,1.600000,0.000000,20000,20000,21000,21000,21000,22000,22000,22000,22000,22000,22000,430,0,20000,19545.29953279522,7868.588427001669,22152.074968002125,5147.732558139535
1790294557,40,,Aggregated,1.600000,0.000000,20000,20000,21000,21000,21000,22000,22000,22000,22000,22000,22000,432,0,20000,19538.044614191997,7868.588427001669,22152.074968002125,5145.1412037037035
1790294558,40,,Aggregated,2.400000,0.000000,20000,20000,21000,21000,21000,22000,22000,22000,22000,22000,22000,433,0,20000,19534.880921701944,7868.588427001669,22152.074968002125,5144.972286374134
1790294559,40,,Aggregated,2.400000,0.000000,20000,20000,21000,21000,21000,22000,22000,22000,22000,22000,22000,433,0,20000,19534.880921701944,7868.588427001669,22152.074968002125,5144.972286374134
1790294560,40,,Aggregated,3.000000,0.000000,20000,20000,21000,21000,21000,22000,22000,22000,22000,22000,22000,434,0,20000,19540.245570317846,7868.588427001669,22152.074968002125,5145.723502304148
1790294561,40,,Aggregated,2.800000,0.000000,20000,20000,21000,21000,21000,22000,22000,22000,22000,22000,22000,437,0,20000,19545.086061411766,7868.588427001669,22152.074968002125,5146.118993135012
1790294562,40,,Aggregated,2.800000,0.000000,20000,20000,21000,21000,21000,22000,22000,22000,22000,22000,22000,439,0,20000,19544.159751892803,7868.588427001669,22152.074968002125,5145.633257403189
1790294563,40,,Aggregated,2.800000,0.000000,20000,20000,21000,21000,21000,22000,22000,22000,22000,22000,22000,439,0,20000,19544.159751892803,7868.588427001669,22152.074968002125,5145.633257403189
1790294564,40,,Aggregated,2.800000,0.000000,20000,20000,21000,21000,21000,22000,22000,22000,22000,22000,22000,439,0,20000,19544.159751892803,7868.588427001669,22152.074968002125,5145.633257403189
1790294565,40,,Aggregated,2.800000,0.000000,20000,20000,21000,21000,21000,22000,22000,22000,22000,22000,22000,439,0,20000,19544.159751892803,7868.588427001669,22152.074968002125,5145.633257403189
1790294566,40,,Aggregated,2.200000,0.000000,20000,20000,21000,21000,21000,22000,22000,22000,22000,22000,22000,441,0,20000,19550.18946204068,7868.588427001669,22152.074968002125,5147.378684807256
1790294567,40,,Aggregated,1.900000,0.000000,20000,20000,21000,21000,21000,22000,22000,22000,22000,22000,22000,442,0,20000,19554.34530991841,7868.588427001669,22152.074968002125,5148.737556561086
1790294568,40,,Aggregated,1.900000,0.000000,20000,20000,21000,21000,21000,22000,22000,22000,22000,22000,22000,442,0,20000,19554.34530991841,7868.588427001669,22152.074968002125,5148.737556561086
1790294569,40,,Aggregated,0.900000,0.000000,20000,20000,21000,21000,21000,22000,22000,22000,22000,22000,22000,443,0,20000,19556.698849026954,7868.588427001669,22152.074968002125,5149.426636568849
1790294570,40,,Aggregated,0.900000,0.000000,20000,20000,21000,21000,21000,22000,22000,22000,22000,22000,22000,444,0,20000,19557.21010833771,7868.588427001669,22152.074968002125,5148.855855855856
1790294571,40,,Aggregated,0.900000,0.000000,20000,20000,21000,21000,21000,22000,22000,22000,22000,22000,22000,447,0,20000,19548.585240315308,7868.588427001669,22152.074968002125,5147.984340044743
1790294572,40,,Aggregated,1.000000,0.000000,20000,20000,21000,21000,21000,22000,22000,22000,22000,22000,22000,448,0,20000,19552.97034558916,7868.588427001669,22152.074968002125,5149.0625
1790294573,40,,Aggregated,1.100000,0.000000,20000,20000,21000,21000,21000,22000,22000,22000,22000,22000,22000,453,0,20000,19556.024510955733,7868.588427001669,22152.074968002125,5150.721854304636
1790294574,40,,Aggregated,0.900000,0.000000,20000,20000,21000,21000,21000,22000,22000,22000,22000,22000,22000,458,0,20000,19547.048320724778,7868.588427001669,22152.074968002125,5150.2860262008735
1790294575,40,,Aggregated,0.900000,0.000000,20000,20000,21000,21000,21000,22000,22000,22000,22000,22000,22000,460,0,20000,19543.998676599887,7868.588427001669,22152.074968002125,5148.939130434783
1790294576,40,,Aggregated,1.700000,0.000000,20000,20000,21000,21000,21000,22000,22000,22000,22000,22000,22000,463,0,20000,19540.15208932602,7868.588427001669,22152.074968002125,5149.015118790497
1790294577,40,,Aggregated,2.100000,0.000000,20000,20000,21000,21000,21000,22000,22000,22000,22000,22000,22000,470,0,20000,19543.601217665837,7868.588427001669,22152.074968002125,5151.255319148936
1790294578,40,,Aggregated,2.100000,0.000000,20000,20000,21000,21000,21000,22000,22000,22000,22000,22000,22000,473,0,20000,19545.87396301256,7868.588427001669,22152.074968002125,5152.663847780127
1790294579,40,,Aggregated,2.100000,0.000000,20000,20000,21000,21000,21000,22000,22000,22000,22000,22000,22000,473,0,20000,19545.87396301256,7868.588427001669,22152.074968002125,5152.663847780127
1790294580,40,,Aggregated,2.100000,0.000000,20000,20000,21000,21000,21000,22000,22000,22000,22000,22000,22000,473,0,20000,19545.87396301256,7868.588427001669,22152.074968002125,5152.663847780127
1790294581,40,,Aggregated,2.100000,0.000000,20000,20000,21000,21000,21000,22000,22000,22000,22000,22000,22000,473,0,20000,19545.87396301256,7868.588427001669,22152.074968002125,5152.663847780127
1790294582,40,,Aggregated,2.900000,0.000000,20000,20000,21000,21000,21000,22000,22000,22000,22000,22000,22000,475,0,20000,19547.910096039875,7868.588427001669,22152.074968002125,5152.458947368421
1790294583,40,,Aggregated,2.700000,0.000000,20000,20000,21000,21000,21000,22000,22000,22000,22000,22000,22000,477,0,20000,19551.324316783946,7868.588427001669,22152.074968002125,5155.270440251572
1790294584,40,,Aggregated,2.700000,0.000000,20000,20000,21000,21000,21000,22000,22000,22000,22000,22000,22000,478,0,20000,19555.29491703963,7868.588427001669,22152.074968002125,5156.014644351464
1790294585,40,,Aggregated,2.500000,0.000000,20000,20000,21000,21000,21000,22000,22000,22000,22000,22000,22000,479,0,20000,19559.670094225352,7868.588427001669,22152.074968002125,5153.897703549061
1790294586,40,,Aggregated,2.500000,0.000000,20000,20000,21000,21000,21000,22000,22000,22000,22000,22000,22000,479,0,20000,19559.670094225352,7868.588427001669,22152.074968002125,5153.897703549061
1790294587,40,,Aggregated,2.500000,0.000000,20000,20000,21000,21000,21000,22000,22000,22000,22000,22000,22000,479,0,20000,19559.670094225352,7868.588427001669,22152.074968002125,5153.897703549061
1790294588,40,,Aggregated,2.500000,0.000000,20000,20000,21000,21000,21000,22000,22000,22000,22000,22000,22000,479,0,20000,19559.670094225352,7868.588427001669,22152.074968002125,5153.897703549061
1790294589,40,,Aggregated,1.300000,0.000000,20000,20000,21000,21000,21000,22000,22000,22000,22000,22000,22000,483,0,20000,19564.845008271106,7868.588427001669,22152.074968002125,5153.898550724638
1790294590,40,,Aggregated,0.800000,0.000000,20000,20000,21000,21000,21000,22000,22000,22000,22000,22000,22000,486,0,20000,19551.996699224164,7868.588427001669,22152.074968002125,5151.565843621399
1790294591,40,,Aggregated,0.800000,0.000000,20000,20000,21000,21000,21000,22000,22000,22000,22000,22000,22000,487,0,20000,19549.746490264773,7868.588427001669,22152.074968002125,5150.987679671458
1790294592,40,,Aggregated,1.200000,0.000000,20000,20000,21000,21000,21000,22000,22000,22000,22000,22000,22000,489,0,20000,19547.945687192117,7868.588427001669,22152.074968002125,5150.5480572597135
1790294593,40,,Aggregated,1.300000,0.000000,20000,20000,21000,21000,21000,22000,22000,22000,22000,22000,22000,490,0,20000,19545.51992343866,7868.588427001669,22152.074968002125,5149.722448979592
1790294594,40,,Aggregated,1.400000,0.000000,20000,20000,21000,21000,21000,22000,22000,22000,22000,22000,22000,494,0,20000,19538.103669012038,7868.588427001669,22152.074968002125,5148.178137651822
1790294595,40,,Aggregated,1.400000,0.000000,20000,20000,21000,21000,21000,22000,22000,22000,22000,22000,22000,498,0,20000,19541.30071878502,7868.588427001669,22152.074968002125,5150.044176706827
1790294596,40,,Aggregated,1.400000,0.000000,20000,20000,21000,21000,21000,22000,22000,22000,22000,22000,22000,502,0,20000,19542.54120277677,7868.588427001669,22152.074968002125,5151.111553784861
1790294597,40,,Aggregated,1.600000,0.000000,20000,20000,21000,21000,21000,22000,22000,22000,22000,22000,22000,505,0,20000,19541.872972629582,7868.588427001669,22152.074968002125,5149.170297029703
1790294598,40,,Aggregated,2.000000,0.000000,20000,20000,21000,21000,21000,22000,22000,22000,22000,22000,22000,510,0,20000,19547.30577969989,7868.588427001669,22152.074968002125,5150.594117647059
1790294599,40,,Aggregated,2.400000,0.000000,20000,20000,21000,21000,21000,22000,22000,22000,22000,22000,22000,511,0,20000,19550.68087823277,7868.588427001669,22152.074968002125,5151.342465753424
1790294600,40,,Aggregated,2.600000,0.000000,20000,20000,21000,21000,21000,22000,22000,22000,22000,22000,22000,513,0,20000,19556.388457838097,7868.588427001669,22152.074968002125,5153.165692007798
1790294601,40,,Aggregated,2.600000,0.000000,20000,20000,21000,21000,21000,22000,22000,22000,22000,22000,22000,513,0,20000,19556.388457838097,7868.588427001669,22152.074968002125,5153.165692007798
1790294602,40,,Aggregated,2.600000,0.000000,20000,20000,21000,21000,21000,22000,22000,22000,22000,22000,22000,513,0,20000,19556.388457838097,7868.588427001669,22152.074968002125,5153.165692007798
1790294603,40,,Aggregated,2.700000,0.000000,20000,20000,21000,21000,21000,22000,22000,22000,22000,22000,22000,515,0,20000,19554.707588627072,7868.588427001669,22152.074968002125,5152.700970873786
1790294604,40,,Aggregated,2.600000,0.000000,20000,20000,21000,21000,21000,22000,22000,22000,22000,22000,22000,516,0,20000,19554.61945976733,7868.588427001669,22152.074968002125,5151.141472868217
1790294605,40,,Aggregated,2.600000,0.000000,20000,20000,21000,21000,21000,22000,22000,22000,22000,22000,22000,518,0,20000,19556.157093079037,7868.588427001669,22152.074968002125,5152.372586872587
1790294606,40,,Aggregated,2.600000,0.000000,20000,20000,21000,21000,21000,22000,22000,22000,22000,22000,22000,518,0,20000,19556.157093079037,7868.588427001669,22152.074968002125,5152.372586872587
1790294607,40,,Aggregated,2.400000,0.000000,20000,20000,21000,21000,21000,22000,22000,22000,22000,22000,22000,519,0,20000,19560.35475141222,7868.588427001669,22152.074968002125,5153.635838150289
1790294608,40,,Aggregated,2.400000,0.000000,20000,20000,21000,21000,21000,22000,22000,22000,22000,22000,22000,519,0,20000,19560.35475141222,7868.588427001669,22152.074968002125,5153.635838150289
1790294609,40,,Aggregated,2.400000,0.000000,20000,20000,21000,21000,21000,22000,22000,22000,22000,22000,22000,519,0,20000,19560.35475141222,7868.588427001669,22152.074968002125,5153.635838150289
1790294610,40,,Aggregated,1.500000,0.000000,20000,20000,21000,21000,21000,22000,22000,22000,22000,22000,22000,520,0,20000,19560.170432592186,7868.588427001669,22152.074968002125,5153.328846153846
1790294611,40,,Aggregated,0.900000,0.000000,20000,20000,21000,21000,21000,22000,22000,22000,22000,22000,22000,524,0,20000,19560.028954387282,7868.588427001669,22152.074968002125,5153.038167938931
1790294612,40,,Aggregated,0.900000,0.000000,20000,20000,21000,21000,21000,22000,22000,22000,22000,22000,22000,526,0,20000,19560.87885732498,7868.588427001669,22152.074968002125,5153.397338403041
1790294613,40,,Aggregated,0.900000,0.000000,20000,20000,21000,21000,21000,22000,22000,22000,22000,22000,22000,531,0,20000,19565.028979005536,7868.588427001669,22152.074968002125,5153.224105461393
1790294614,40,,Aggregated,1.200000,0.000000,20000,20000,21000,21000,21000,22000,22000,22000,22000,22000,22000,533,0,20000,19561.277356352606,7868.588427001669,22152.074968002125,5152.666041275797
1790294615,40,,Aggregated,1.300000,0.000000,20000,20000,21000,21000,21000,22000,22000,22000,22000,22000,22000,535,0,20000,19557.942629003614,7868.588427001669,22152.074968002125,5151.585046728972
1790294616,40,,Aggregated,1.600000,0.000000,20000,20000,21000,21000,21000,22000,22000,22000,22000,22000,22000,539,0,20000,19556.38733234311,7868.588427001669,22152.074968002125,5151.237476808906
1790294617,40,,Aggregated,1.500000,0.000000,20000,20000,21000,21000,21000,22000,22000,22000,22000,22000,22000,542,0,20000,19556.42445692977,7868.588427001669,22152.074968002125,5151.217712177122
1790294618,40,,Aggregated,1.900000,0.000000,20000,20000,21000,21000,21000,22000,22000,22000,22000,22000,22000,546,0,20000,19552.911428203177,7868.588427001669,22152.074968002125,5149.472527472528
1790294619,40,,Aggregated,2.100000,0.000000,20000,20000,21000,21000,21000,22000,22000,22000,22000,22000,22000,547,0,20000,19553.501743912137,7868.588427001669,22152.074968002125,5149.703839122486
1790294620,40,,Aggregated,2.300000,0.000000,20000,20000,21000,21000,21000,22000,22000,22000,22000,22000,22000,550,0,20000,19557.002612727167,7868.588427001669,22152.074968002125,5149.985454545455
1790294621,40,,Aggregated,2.700000,0.000000,20000,20000,21000,21000,21000,22000,22000,22000,22000,22000,22000,553,0,20000,19563.547146495363,7868.588427001669,22152.074968002125,5151.971066907776
1790294622,40,,Aggregated,2.700000,0.000000,20000,20000,21000,21000,21000,22000,22000,22000,22000,22000,22000,553,0,20000,19563.547146495363,7868.588427001669,22152.074968002125,5151.971066907776
1790294623,40,,Aggregated,2.800000,0.000000,20000,20000,21000,21000,21000,22000,22000,22000,22000,22000,22000,554,0,20000,19561.989713239953,7868.588427001669,22152.074968002125,5150.915162454874
1790294624,40,,Aggregated,2.800000,0.000000,20000,20000,21000,21000,21000,22000,22000,22000,22000,22000,22000,555,0,20000,19559.771918457536,7868.588427001669,22152.074968002125,5150.648648648648
1790294625,40,,Aggregated,2.700000,0.000000,20000,20000,21000,21000,21000,22000,22000,22000,22000,22000,22000,556,0,20000,19560.555356523255,7868.588427001669,22152.074968002125,5150.088129496403
1790294626,40,,Aggregated,2.700000,0.000000,20000,20000,21000,21000,21000,22000,22000,22000,22000,22000,22000,556,0,20000,19560.555356523255,7868.588427001669,22152.074968002125,5150.088129496403
1790294628,40,,Aggregated,2.200000,0.000000,20000,20000,21000,21000,21000,22000,22000,22000,22000,22000,22000,557,0,20000,19558.063416737754,7868.588427001669,22152.074968002125,5149.193895870736
1790294629,40,,Aggregated,1.900000,0.000000,20000,20000,21000,21000,21000,22000,22000,22000,22000,22000,22000,559,0,20000,19565.116112933683,7868.588427001669,22152.074968002125,5149.899821109124
1790294630,40,,Aggregated,1.900000,0.000000,20000,20000,21000,21000,21000,22000,22000,22000,22000,22000,22000,559,0,20000,19565.116112933683,7868.588427001669,22152.074968002125,5149.899821109124
1790294631,40,,Aggregated,1.500000,0.000000,20000,20000,21000,21000,21000,22000,22000,22000,22000,22000,22000,560,0,20000,19562.783290889154,7868.588427001669,22152.074968002125,5148.958928571428
1790294632,40,,Aggregated,1.300000,0.000000,20000,20000,21000,21000,21000,22000,22000,22000,22000,22000,22000,562,0,20000,19558.80634970983,7868.588427001669,22152.074968002125,5147.644128113879
1790294633,40,,Aggregated,1.200000,0.000000,20000,20000,21000,21000,21000,22000,22000,22000,22000,22000,22000,565,0,20000,19557.705925121987,7868.588427001669,22152.074968002125,5147.115044247787
1790294634,40,,Aggregated,1.000000,0.000000,20000,20000,21000,21000,21000,22000,22000,22000,22000,22000,22000,567,0,20000,19559.893503735308,7868.588427001669,22152.074968002125,5146.640211640211
1790294635,40,,Aggregated,0.900000,0.000000,20000,20000,21000,21000,21000,22000,22000,22000,22000,22000,22000,571,0,20000,19556.943917861503,7868.588427001669,22152.074968002125,5145.395796847636
1790294636,40,,Aggregated,1.200000,0.000000,20000,20000,21000,21000,21000,22000,22000,22000,22000,22000,22000,573,0,20000,19557.426739390783,7868.588427001669,22152.074968002125,5146.101221640489
1790294637,40,,Aggregated,1.300000,0.000000,20000,20000,21000,21000,21000,22000,22000,22000,22000,22000,22000,576,0,20000,19552.35691525333,7868.588427001669,22152.074968002125,5145.559027777777
1790294638,40,,Aggregated,1.600000,0.000000,20000,20000,21000,21000,21000,22000,22000,22000,22000,22000,22000,578,0,20000,19553.430121873556,7868.588427001669,22152.074968002125,5145.705882352941
1790294639,40,,Aggregated,1.700000,0.000000,20000,20000,21000,21000,21000,22000,22000,22000,22000,22000,22000,579,0,20000,19556.582024545627,7868.588427001669,22152.074968002125,5145.943005181347
1790294640,40,,Aggregated,2.000000,0.000000,20000,20000,21000,21000,21000,22000,22000,22000,22000,22000,22000,583,0,20000,19565.2509833858,7868.588427001669,22152.074968002125,5146.9399656946825
1790294641,40,,Aggregated,2.000000,0.000000,20000,20000,21000,21000,21000,22000,22000,22000,22000,22000,22000,584,0,20000,19567.08396484918,7868.588427001669,22152.074968002125,5147.630136986301
1790294642,40,,Aggregated,2.400000,0.000000,20000,20000,21000,21000,21000,22000,22000,22000,22000,22000,22000,589,0,20000,19571.70055845827,7868.588427001669,22152.074968002125,5149.0526315789475
1790294643,40,,Aggregated,2.400000,0.000000,20000,20000,21000,21000,21000,22000,22000,22000,22000,22000,22000,593,0,20000,19578.47856229161,7868.588427001669,22152.074968002125,5150.173693086003
1790294644,40,,Aggregated,2.300000,0.000000,20000,20000,21000,21000,21000,22000,22000,22000,22000,22000,22000,594,0,20000,19579.867637036903,7868.588427001669,22152.074968002125,5150.33164983165
1790294645,40,,Aggregated,2.300000,0.000000,20000,20000,21000,21000,21000,22000,22000,22000,22000,22000,22000,594,0,20000,19579.867637036903,7868.588427001669,22152.074968002125,5150.33164983165
1790294646,40,,Aggregated,2.800000,0.000000,20000,20000,21000,21000,21000,22000,22000,22000,22000,22000,22000,595,0,20000,19579.41179154777,7868.588427001669,22152.074968002125,5150.183193277311
1790294647,40,,Aggregated,2.700000,0.000000,20000,20000,21000,21000,21000,22000,22000,22000,22000,22000,22000,598,0,20000,19551.5995340584,7868.588427001669,22152.074968002125,5144.6003344481605
1790294648,40,,Aggregated,2.300000,0.000000,20000,20000,21000,21000,21000,22000,22000,22000,22000,22000,22000,599,0,20000,19550.46907169938,7868.588427001669,22152.074968002125,5143.969949916527
1790294649,40,,Aggregated,2.300000,0.000000,20000,20000,21000,21000,21000,22000,22000,22000,22000,22000,22000,599,0,20000,19550.46907169938,7868.588427001669,22152.074968002125,5143.969949916527
1790294650,40,,Aggregated,2.100000,0.000000,20000,20000,21000,21000,21000,22000,22000,22000,22000,22000,22000,600,0,20000,19551.319740963216,7868.588427001669,22152.074968002125,5144.57
1790294651,40,,Aggregated,2.100000,0.000000,20000,20000,21000,21000,21000,22000,22000,22000,22000,22000,22000,600,0,20000,19551.319740963216,7868.588427001669,22152.074968002125,5144.57
1790294652,40,,Aggregated,2.000000,0.000000,20000,20000,21000,21000,21000,22000,22000,22000,22000,22000,22000,601,0,20000,19552.87157828607,7868.588427001669,22152.074968002125,5143.828618968386
1790294653,40,,Aggregated,1.700000,0.000000,20000,20000,21000,21000,21000,22000,22000,22000,22000,22000,22000,605,0,20000,19551.536796072618,7868.588427001669,22152.074968002125,5142.922314049587
1790294654,40,,Aggregated,1.700000,0.000000,20000,20000,21000,21000,21000,22000,22000,22000,22000,22000,22000,610,0,20000,19545.930974372026,7868.588427001669,22152.074968002125,5143.636065573771
1790294655,40,,Aggregated,1.700000,0.000000,20000,20000,21000,21000,21000,22000,22000,22000,22000,22000,22000,610,0,20000,19545.930974372026,7868.588427001669,22152.074968002125,5143.636065573771
1790294656,40,,Aggregated,1.600000,0.000000,20000,20000,21000,21000,21000,22000,22000,22000,22000,22000,22000,612,0,20000,19545.264553179633,7868.588427001669,22152.074968002125,5143.589869281046
1790294657,40,,Aggregated,1.600000,0.000000,20000,20000,21000,21000,21000,22000,22000,22000,22000,22000,22000,613,0,20000,19546.372028164657,7868.588427001669,22152.074968002125,5144.4176182708
1790294658,40,,Aggregated,1.600000,0.000000,20000,20000,21000,21000,21000,22000,22000,22000,22000,22000,22000,617,0,20000,19546.65530343263,7868.588427001669,22152.074968002125,5144.622366288493
1790294659,40,,Aggregated,1.500000,0.000000,20000,20000,21000,21000,21000,22000,22000,22000,22000,22000,22000,618,0,20000,19547.88040679439,7868.588427001669,22152.074968002125,5144.173139158576
1790294660,40,,Aggregated,1.500000,0.000000,20000,20000,21000,21000,21000,22000,22000,22000,22000,22000,22000,619,0,20000,19546.778611885187,7868.588427001669,22152.074968002125,5143.925686591277
1790294661,40,,Aggregated,1.800000,0.000000,20000,20000,21000,21000,21000,22000,22000,22000,22000,22000,22000,620,0,20000,19545.058429266017,7868.588427001669,22152.074968002125,5143.216129032258
1790294662,40,,Aggregated,1.800000,0.000000,20000,20000,21000,21000,21000,22000,22000,22000,22000,22000,22000,624,0,20000,19544.46810990533,7868.588427001669,22152.074968002125,5141.604166666667
1790294663,40,,Aggregated,2.000000,0.000000,20000,20000,21000,21000,21000,22000,22000,22000,22000,22000,22000,627,0,20000,19548.716739585216,7868.588427001669,22152.074968002125,5142.641148325359
1790294664,40,,Aggregated,2.000000,0.000000,20000,20000,21000,21000,21000,22000,22000,22000,22000,22000,22000,629,0,20000,19550.512400351243,7868.588427001669,22152.074968002125,5143.481717011129
1790294665,40,,Aggregated,2.300000,0.000000,20000,20000,21000,21000,21000,22000,22000,22000,22000,22000,22000,632,0,20000,19557.123951373305,7868.588427001669,22152.074968002125,5144.6281645569625
1790294666,40,,Aggregated,2.300000,0.000000,20000,20000,21000,21000,21000,22000,22000,22000,22000,22000,22000,633,0,20000,19560.76051236482,7868.588427001669,22152.074968002125,5145.818325434439
1790294667,40,,Aggregated,2.100000,0.000000,20000,20000,21000,21000,21000,22000,22000,22000,22000,22000,22000,636,0,20000,19564.13405233008,7868.588427001669,22152.074968002125,5145.674528301887
1790294668,40,,Aggregated,2.100000,0.000000,20000,20000,21000,21000,21000,22000,22000,22000,22000,22000,22000,638,0,20000,19563.63159643876,7868.588427001669,22152.074968002125,5146.2084639498435
1790294669,40,,Aggregated,2.100000,0.000000,20000,20000,21000,21000,21000,22000,22000,22000,22000,22000,22000,638,0,20000,19563.63159643876,7868.588427001669,22152.074968002125,5146.2084639498435
1790294670,40,,Aggregated,2.100000,0.000000,20000,20000,21000,21000,21000,22000,22000,22000,22000,22000,22000,639,0,20000,19565.467154965463,7868.588427001669,22152.074968002125,5146.320813771518
1790294671,40,,Aggregated,2.100000,0.000000,20000,20000,21000,21000,21000,22000,22000,22000,22000,22000,22000,640,0,20000,19546.942212632704,7709.504062000633,22152.074968002125,5142.5328125
1790294672,40,,Aggregated,1.900000,0.000000,20000,20000,21000,21000,21000,22000,22000,22000,22000,22000,22000,641,0,20000,19546.69038490629,7709.504062000633,22152.074968002125,5142.16848673947
1790294673,40,,Aggregated,1.900000,0.000000,20000,20000,21000,21000,21000,22000,22000,22000,22000,22000,22000,643,0,20000,19546.591582097873,7709.504062000633,22152.074968002125,5141.0824261275275
1790294674,40,,Aggregated,2.000000,0.000000,20000,20000,21000,21000,21000,22000,22000,22000,22000,22000,22000,644,0,20000,19541.536803211075,7709.504062000633,22152.074968002125,5140.540372670807
1790294675,40,,Aggregated,1.700000,0.000000,20000,20000,21000,21000,21000,22000,22000,22000,22000,22000,22000,650,0,20000,19547.945628244506,7709.504062000633,22152.074968002125,5142.618461538462
1790294676,40,,Aggregated,1.700000,0.000000,20000,20000,21000,21000,21000,22000,22000,22000,22000,22000,22000,651,0,20000,19551.11881561279,7709.504062000633,22152.074968002125,5142.416282642089
1790294677,40,,Aggregated,1.500000,0.000000,20000,20000,21000,21000,21000,22000,22000,22000,22000,22000,22000,652,0,20000,19553.89848045541,7709.504062000633,22152.074968002125,5142.990797546012
1790294678,40,,Aggregated,1.300000,0.000000,20000,20000,21000,21000,21000,22000,22000,22000,22000,22000,22000,655,0,20000,19553.7943907144,7709.504062000633,22152.074968002125,5142.531297709924
1790294679,40,,Aggregated,1.800000,0.000000,20000,20000,21000,21000,21000,22000,22000,22000,22000,22000,22000,657,0,20000,19544.262762540227,7709.504062000633,22152.074968002125,5141.392694063927
1790294680,40,,Aggregated,1.700000,0.000000,20000,20000,21000,21000,21000,22000,22000,22000,22000,22000,22000,658,0,20000,19546.296560016614,7709.504062000633,22152.074968002125,5141.40273556231
1790294681,40,,Aggregated,1.900000,0.000000,20000,20000,21000,21000,21000,22000,22000,22000,22000,22000,22000,662,0,20000,19549.890724871497,7709.504062000633,22152.074968002125,5142.912386706948
1790294682,40,,Aggregated,1.900000,0.000000,20000,20000,21000,21000,21000,22000,22000,22000,22000,22000,22000,665,0,20000,19544.89654342095,7709.504062000633,22152.074968002125,5142.04060150376
1790294683,40,,Aggregated,2.000000,0.000000,20000,20000,21000,21000,21000,22000,22000,22000,22000,22000,22000,668,0,20000,19546.125194161577,7709.504062000633,22152.074968002125,5140.914670658683
1790294684,40,,Aggregated,2.500000,0.000000,20000,20000,21000,21000,21000,22000,22000,22000,22000,22000,22000,670,0,20000,19526.48318889542,7709.504062000633,22152.074968002125,5136.677611940298
1790294685,40,,Aggregated,2.500000,0.000000,20000,20000,21000,21000,21000,22000,22000,22000,22000,22000,22000,672,0,20000,19509.389172867464,7709.504062000633,22152.074968002125,5133.4389880952385
1790294686,40,,Aggregated,2.500000,0.000000,20000,20000,21000,21000,21000,22000,22000,22000,22000,22000,22000,673,0,20000,19511.475728686382,7709.504062000633,22152.074968002125,5133.6790490341755
1790294687,40,,Aggregated,2.500000,0.000000,20000,20000,21000,21000,21000,22000,22000,22000,22000,22000,22000,677,0,20000,19497.393316276128,7709.504062000633,22152.074968002125,5130.686853766618
1790294688,40,,Aggregated,2.100000,0.000000,20000,20000,21000,21000,21000,22000,22000,22000,22000,22000,22000,679,0,20000,19496.36482549329,7709.504062000633,22152.074968002125,5130.346097201767
1790294689,40,,Aggregated,2.100000,0.000000,20000,20000,21000,21000,21000,22000,22000,22000,22000,22000,22000,681,0,20000,19498.97575829066,7709.504062000633,22152.074968002125,5130.842878120411
1790294690,40,,Aggregated,2.100000,0.000000,20000,20000,21000,21000,21000,22000,22000,22000,22000,22000,22000,681,0,20000,19498.97575829066,7709.504062000633,22152.074968002125,5130.842878120411
1790294691,40,,Aggregated,2.400000,0.000000,20000,20000,21000,21000,21000,22000,22000,22000,22000,22000,22000,682,0,20000,19499.727986419268,7709.504062000633,22152.074968002125,5130.9428152492665
1790294692,40,,Aggregated,2.400000,0.000000,20000,20000,21000,21000,21000,22000,22000,22000,22000,22000,22000,682,0,20000,19499.727986419268,7709.504062000633,22152.074968002125,5130.9428152492665
1790294693,40,,Aggregated,2.400000,0.000000,20000,20000,21000,21000,21000,22000,22000,22000,22000,22000,22000,684,0,20000,19499.01306199115,7709.504062000633,22152.074968002125,5131.2397660818715
1790294694,40,,Aggregated,2.100000,0.000000,20000,20000,21000,21000,21000,22000,22000,22000,22000,22000,22000,686,0,20000,19499.611709699624,7709.504062000633,22152.074968002125,5131.937317784256
1790294695,40,,Aggregated,1.900000,0.000000,20000,20000,21000,21000,21000,22000,22000,22000,22000,22000,22000,690,0,20000,19496.405216073832,7709.504062000633,22152.074968002125,5131.521739130435
1790294696,40,,Aggregated,1.900000,0.000000,20000,20000,21000,21000,21000,22000,22000,22000,22000,22000,22000,690,0,20000,19496.405216073832,7709.504062000633,22152.074968002125,5131.521739130435
1790294697,40,,Aggregated,1.900000,0.000000,20000,20000,21000,21000,21000,22000,22000,22000,22000,22000,22000,690,0,20000,19496.405216073832,7709.504062000633,22152.074968002125,5131.521739130435
1790294698,40,,Aggregated,1.500000,0.000000,20000,20000,21000,21000,21000,22000,22000,22000,22000,22000,22000,693,0,20000,19494.569109046097,7709.504062000633,22152.074968002125,5130.08658008658
1790294699,40,,Aggregated,1.300000,0.000000,20000,20000,21000,21000,21000,22000,22000,22000,22000,22000,22000,695,0,20000,19498.687265299206,7709.504062000633,22152.074968002125,5132.251798561151
1790294700,40,,Aggregated,1.300000,0.000000,20000,20000,21000,21000,21000,22000,22000,22000,22000,22000,22000,696,0,20000,19497.3679419482,7709.504062000633,22152.074968002125,5131.076149425287
1790294701,40,,Aggregated,1.300000,0.000000,20000,20000,21000,21000,21000,22000,22000,22000,22000,22000,22000,699,0,20000,19500.601385004218,7709.504062000633,22152.074968002125,5131.648068669528
1790294702,40,,Aggregated,1.500000,0.000000,20000,20000,21000,21000,21000,22000,22000,22000,22000,22000,22000,702,0,20000,19498.658448790524,7709.504062000633,22152.074968002125,5129.615384615385
1790294703,40,,Aggregated,1.600000,0.000000,20000,20000,21000,21000,21000,22000,22000,22000,22000,22000,22000,705,0,20000,19489.238660431136,7709.504062000633,22152.074968002125,5128.243971631206
1790294704,40,,Aggregated,1.800000,0.000000,20000,20000,21000,21000,21000,22000,22000,22000,22000,22000,22000,709,0,20000,19491.33994364873,7709.504062000633,22152.074968002125,5128.7672778561355
1790294705,40,,Aggregated,2.000000,0.000000,20000,20000,21000,21000,21000,22000,22000,22000,22000,22000,22000,712,0,20000,19491.87096013757,7709.504062000633,22152.074968002125,5129.265449438202
1790294706,40,,Aggregated,2.000000,0.000000,20000,20000,21000,21000,21000,22000,22000,22000,22000,22000,22000,713,0,20000,19493.96278973205,7709.504062000633,22152.074968002125,5129.464235624124
1790294707,40,,Aggregated,2.000000,0.000000,20000,20000,21000,21000,21000,22000,22000,22000,22000,22000,22000,714,0,20000,19491.78618993831,7709.504062000633,22152.074968002125,5129.131652661064
1790294708,40,,Aggregated,2.200000,0.000000,20000,20000,21000,21000,21000,22000,22000,22000,22000,22000,22000,719,0,20000,19491.222789561827,7709.504062000633,22152.074968002125,5128.250347705146
1790294709,40,,Aggregated,2.400000,0.000000,20000,20000,21000,21000,21000,22000,22000,22000,22000,22000,22000,720,0,20000,19491.62588635271,7709.504062000633,22152.074968002125,5128.5888888888885
1790294710,40,,Aggregated,2.400000,0.000000,20000,20000,21000,21000,21000,22000,22000,22000,22000,22000,22000,721,0,20000,19493.529591556104,7709.504062000633,22152.074968002125,5129.142857142857
1790294711,40,,Aggregated,2.400000,0.000000,20000,20000,21000,21000,21000,22000,22000,22000,22000,22000,22000,721,0,20000,19493.529591556104,7709.504062000633,22152.074968002125,5129.142857142857
1790294712,40,,Aggregated,2.400000,0.000000,20000,20000,21000,21000,21000,22000,22000,22000,22000,22000,22000,722,0,20000,19491.600356727078,7709.504062000633,22152.074968002125,5128.829639889197
1790294713,40,,Aggregated,2.400000,0.000000,20000,20000,21000,21000,21000,22000,22000,22000,22000,22000,22000,724,0,20000,19489.469137643573,7709.504062000633,22152.074968002125,5128.973756906077
1790294714,40,,Aggregated,2.100000,0.000000,20000,20000,21000,21000,21000,22000,22000,22000,22000,22000,22000,726,0,20000,19481.927103796068,7709.504062000633,22152.074968002125,5127.698347107438
1790294715,40,,Aggregated,1.800000,0.000000,20000,20000,21000,21000,21000,22000,22000,22000,22000,22000,22000,728,0,20000,19482.410811722457,7709.504062000633,22152.074968002125,5128.344780219781
1790294716,40,,Aggregated,1.800000,0.000000,20000,20000,21000,21000,21000,22000,22000,22000,22000,22000,22000,729,0,20000,19482.025853327774,7709.504062000633,22152.074968002125,5128.555555555556
1790294717,40,,Aggregated,1.900000,0.000000,20000,20000,21000,21000,21000,22000,22000,22000,22000,22000,22000,731,0,20000,19484.299825983508,7709.504062000633,22152.074968002125,5128.885088919289
1790294718,40,,Aggregated,1.600000,0.000000,20000,20000,21000,21000,21000,22000,22000,22000,22000,22000,22000,732,0,20000,19483.462087512216,7709.504062000633,22152.074968002125,5128.478142076503
1790294719,40,,Aggregated,1.700000,0.000000,20000,20000,21000,21000,21000,22000,22000,22000,22000,22000,22000,735,0,20000,19477.415971202638,7709.504062000633,22152.074968002125,5126.572789115647
1790294720,40,,Aggregated,1.500000,0.000000,20000,20000,21000,21000,21000,22000,22000,22000,22000,22000,22000,737,0,20000,19480.588007778755,7709.504062000633,22152.074968002125,5128.609226594302
1790294721,40,,Aggregated,1.500000,0.000000,20000,20000,21000,21000,21000,22000,22000,22000,22000,22000,22000,737,0,20000,19480.588007778755,7709.504062000633,22152.074968002125,5128.609226594302
1790294722,40,,Aggregated,1.600000,0.000000,20000,20000,21000,21000,21000,22000,22000,22000,22000,22000,22000,738,0,20000,19481.048635102903,7709.504062000633,22152.074968002125,5128.6056910569105
1790294723,40,,Aggregated,1.600000,0.000000,20000,20000,21000,21000,21000,22000,22000,22000,22000,22000,22000,741,0,20000,19483.623998696283,7709.504062000633,22152.074968002125,5130.364372469636
1790294724,40,,Aggregated,1.600000,0.000000,20000,20000,21000,21000,21000,22000,22000,22000,22000,22000,22000,742,0,20000,19483.441257499922,7709.504062000633,22152.074968002125,5130.239892183288
1790294725,40,,Aggregated,1.600000,0.000000,20000,20000,21000,21000,21000,22000,22000,22000,22000,22000,22000,747,0,20000,19491.091648504604,7709.504062000633,22152.074968002125,5132.9933065595715
1790294726,40,,Aggregated,1.700000,0.000000,20000,20000,21000,21000,21000,22000,22000,22000,22000,22000,22000,750,0,20000,19494.005375227916,7709.504062000633,22152.074968002125,5133.138666666667
1790294727,40,,Aggregated,1.800000,0.000000,20000,20000,21000,21000,21000,22000,22000,22000,22000,22000,22000,754,0,20000,19491.16330951849,7709.504062000633,22152.074968002125,5132.40848806366
1790294728,40,,Aggregated,1.800000,0.000000,20000,20000,21000,21000,21000,22000,22000,22000,22000,22000,22000,755,0,20000,19493.939453827737,7709.504062000633,22152.074968002125,5132.372185430464
1790294729,40,,Aggregated,2.000000,0.000000,20000,20000,21000,21000,21000,22000,22000,22000,22000,22000,22000,756,0,20000,19492.8969504695,7709.504062000633,22152.074968002125,5132.083333333333
1790294730,40,,Aggregated,2.300000,0.000000,20000,20000,21000,21000,21000,22000,22000,22000,22000,22000,22000,759,0,20000,19498.40796234248,7709.504062000633,22152.074968002125,5134.200263504611
1790294731,40,,Aggregated,2.100000,0.000000,20000,20000,21000,21000,21000,22000,22000,22000,22000,22000,22000,760,0,20000,19498.76101903282,7709.504062000633,22152.074968002125,5133.6855263157895
1790294732,40,,Aggregated,2.200000,0.000000,20000,20000,21000,21000,21000,22000,22000,22000,22000,22000,22000,761,0,20000,19501.910181576794,7709.504062000633,22152.074968002125,5133.486202365309
1790294733,40,,Aggregated,2.200000,0.000000,20000,20000,21000,21000,21000,22000,22000,22000,22000,22000,22000,765,0,20000,19498.086477696655,7709.504062000633,22152.074968002125,5132.019607843137
1790294734,40,,Aggregated,2.200000,0.000000,20000,20000,21000,21000,21000,22000,22000,22000,22000,22000,22000,765,0,20000,19498.086477696655,7709.504062000633,22152.074968002125,5132.019607843137
1790294735,40,,Aggregated,2.300000,0.000000,20000,20000,21000,21000,21000,22000,22000,22000,22000,22000,22000,766,0,20000,19497.50112295684,7709.504062000633,22152.074968002125,5132.107049608355
1790294736,40,,Aggregated,2.300000,0.000000,20000,20000,21000,21000,21000,22000,22000,22000,22000,22000,22000,767,0,20000,19497.732487864327,7709.504062000633,22152.074968002125,5132.118644067797
1790294737,40,,Aggregated,2.300000,0.000000,20000,20000,21000,21000,21000,22000,22000,22000,22000,22000,22000,767,0,20000,19497.732487864327,7709.504062000633,22152.074968002125,5132.118644067797
1790294738,40,,Aggregated,1.900000,0.000000,20000,20000,21000,21000,21000,22000,22000,22000,22000,22000,22000,769,0,20000,19502.63907809745,7709.504062000633,22152.074968002125,5132.559167750325
1790294739,40,,Aggregated,1.900000,0.000000,20000,20000,21000,21000,21000,22000,22000,22000,22000,22000,22000,771,0,20000,19505.660652108872,7709.504062000633,22152.074968002125,5133.050583657588
1790294740,40,,Aggregated,1.300000,0.000000,20000,20000,21000,21000,21000,22000,22000,22000,22000,22000,22000,775,0,20000,19508.427585990885,7709.504062000633,22152.074968002125,5134.232258064516
1790294741,40,,Aggregated,1.600000,0.000000,20000,20000,21000,21000,21000,22000,22000,22000,22000,22000,22000,776,0,20000,19508.362262307906,7709.504062000633,22152.074968002125,5134.261597938144
1790294742,40,,Aggregated,1.600000,0.000000,20000,20000,21000,21000,21000,22000,22000,22000,22000,22000,22000,776,0,20000,19508.362262307906,7709.504062000633,22152.074968002125,5134.261597938144
1790294743,40,,Aggregated,1.600000,0.000000,20000,20000,21000,21000,21000,22000,22000,22000,22000,22000,22000,778,0,20000,19509.92114193308,7709.504062000633,22152.074968002125,5134.0681233933165
1790294744,40,,Aggregated,1.600000,0.000000,20000,20000,21000,21000,21000,22000,22000,22000,22000,22000,22000,781,0,20000,19512.45848126368,7709.504062000633,22152.074968002125,5134.361075544174
1790294745,40,,Aggregated,1.400000,0.000000,20000,20000,21000,21000,21000,22000,22000,22000,22000,22000,22000,782,0,20000,19513.591191387382,7709.504062000633,22152.074968002125,5135.020460358056
1790294746,40,,Aggregated,1.300000,0.000000,20000,20000,21000,21000,21000,22000,22000,22000,22000,22000,22000,786,0,20000,19512.290271852336,7709.504062000633,22152.074968002125,5134.67048346056
1790294747,40,,Aggregated,1.500000,0.000000,20000,20000,21000,21000,21000,22000,22000,22000,22000,22000,22000,790,0,20000,19512.479141356875,7709.504062000633,22152.074968002125,5136.26329113924
1790294748,40,,Aggregated,1.700000,0.000000,20000,20000,21000,21000,21000,22000,22000,22000,22000,22000,22000,791,0,20000,19514.43422147526,7709.504062000633,22152.074968002125,5136.481668773704
1790294749,40,,Aggregated,2.100000,0.000000,20000,20000,21000,21000,21000,22000,22000,22000,22000,22000,22000,794,0,20000,19515.32891139033,7709.504062000633,22152.074968002125,5137.345088161209
1790294750,40,,Aggregated,2.200000,0.000000,20000,20000,21000,21000,21000,22000,22000,22000,22000,22000,22000,797,0,20000,19519.186695759003,7709.504062000633,22152.074968002125,5139.664993726475
1790294751,40,,Aggregated,2.000000,0.000000,20000,20000,21000,21000,21000,22000,22000,22000,22000,22000,22000,800,0,20000,19518.0406686099,7709.504062000633,22152.074968002125,5139.4875
1790294752,40,,Aggregated,2.000000,0.000000,20000,20000,21000,21000,21000,22000,22000,22000,22000,22000,22000,800,0,20000,19518.0406686099,7709.504062000633,22152.074968002125,5139.4875
1790294753,40,,Aggregated,2.100000,0.000000,20000,20000,21000,21000,21000,22000,22000,22000,22000,22000,22000,801,0,20000,19517.38836087631,7709.504062000633,22152.074968002125,5139.470661672909
1790294754,40,,Aggregated,2.400000,0.000000,20000,20000,21000,21000,21000,22000,22000,22000,22000,22000,22000,803,0,20000,19515.96911255034,7709.504062000633,22152.074968002125,5140.069738480697
1790294755,40,,Aggregated,2.400000,0.000000,20000,20000,21000,21000,21000,22000,22000,22000,22000,22000,22000,804,0,20000,19517.695550810848,7709.504062000633,22152.074968002125,5140.850746268657
1790294756,40,,Aggregated,2.300000,0.000000,20000,20000,21000,21000,21000,22000,22000,22000,22000,22000,22000,807,0,20000,19520.525828447247,7709.504062000633,22152.074968002125,5139.991325898389
1790294757,40,,Aggregated,2.300000,0.000000,20000,20000,21000,21000,21000,22000,22000,22000,22000,22000,22000,807,0,20000,19520.525828447247,7709.504062000633,22152.074968002125,5139.991325898389
1790294758,40,,Aggregated,2.300000,0.000000,20000,20000,21000,21000,21000,22000,22000,22000,22000,22000,22000,807,0,20000,19520.525828447247,7709.504062000633,22152.074968002125,5139.991325898389
1790294759,40,,Aggregated,1.900000,0.000000,20000,20000,21000,21000,21000,22000,22000,22000,22000,22000,22000,810,0,20000,19515.82309014806,7709.504062000633,22152.074968002125,5138.993827160494
1790294760,40,,Aggregated,1.700000,0.000000,20000,20000,21000,21000,21000,22000,22000,22000,22000,22000,22000,811,0,20000,19513.844137467237,7709.504062000633,22152.074968002125,5138.6374845869295
1790294761,40,,Aggregated,1.700000,0.000000,20000,20000,21000,21000,21000,22000,22000,22000,22000,22000,22000,812,0,20000,19515.520348986363,7709.504062000633,22152.074968002125,5139.179802955665
1790294762,40,,Aggregated,1.600000,0.000000,20000,20000,21000,21000,21000,22000,22000,22000,22000,22000,22000,814,0,20000,19518.426953012196,7709.504062000633,22152.074968002125,5139.273955773956
1790294763,40,,Aggregated,1.400000,0.000000,20000,20000,21000,21000,21000,22000,22000,22000,22000,22000,22000,818,0,20000,19518.47781474196,7709.504062000633,22152.074968002125,5140.222493887531
1790294764,40,,Aggregated,1.400000,0.000000,20000,20000,21000,21000,21000,22000,22000,22000,22000,22000,22000,818,0,20000,19518.47781474196,7709.504062000633,22152.074968002125,5140.222493887531
1790294765,40,,Aggregated,1.400000,0.000000,20000,20000,21000,21000,21000,22000,22000,22000,22000,22000,22000,818,0,20000,19518.47781474196,7709.504062000633,22152.074968002125,5140.222493887531
1790294766,40,,Aggregated,1.700000,0.000000,20000,20000,21000,21000,21000,22000,22000,22000,22000,22000,22000,821,0,20000,19519.188079412812,7709.504062000633,22152.074968002125,5140.797807551766
1790294767,40,,Aggregated,1.500000,0.000000,20000,20000,21000,21000,21000,22000,22000,22000,22000,22000,22000,826,0,20000,19525.177981843728,7709.504062000633,22152.074968002125,5144.059322033899
1790294768,40,,Aggregated,1.500000,0.000000,20000,20000,21000,21000,21000,22000,22000,22000,22000,22000,22000,826,0,20000,19525.177981843728,7709.504062000633,22152.074968002125,5144.059322033899
1790294769,40,,Aggregated,1.600000,0.000000,20000,20000,21000,21000,21000,22000,22000,22000,22000,22000,22000,828,0,20000,19529.287480600145,7709.504062000633,22152.074968002125,5143.695652173913
1790294770,40,,Aggregated,1.900000,0.000000,20000,20000,21000,21000,21000,22000,22000,22000,22000,22000,22000,832,0,20000,19531.296225872502,7709.504062000633,22152.074968002125,5144.390625
1790294771,40,,Aggregated,1.800000,0.000000,20000,20000,21000,21000,21000,22000,22000,22000,22000,22000,22000,835,0,20000,19533.702536768767,7709.504062000633,22152.074968002125,5145.947305389222
1790294772,40,,Aggregated,1.800000,0.000000,20000,20000,21000,21000,21000,22000,22000,22000,22000,22000,22000,838,0,20000,19538.852214645492,7709.504062000633,22152.074968002125,5147.640811455847
1790294773,40,,Aggregated,2.200000,0.000000,20000,20000,21000,21000,21000,22000,22000,22000,22000,22000,22000,839,0,20000,19540.935455252587,7709.504062000633,22152.074968002125,5149.131108462455
1790294774,40,,Aggregated,2.300000,0.000000,20000,20000,21000,21000,21000,22000,22000,22000,22000,22000,22000,841,0,20000,19544.018683179456,7709.504062000633,22152.074968002125,5149.7812128418545
1790294775,40,,Aggregated,2.300000,0.000000,20000,20000,21000,21000,21000,22000,22000,22000,22000,22000,22000,841,0,20000,19544.018683179456,7709.504062000633,22152.074968002125,5149.7812128418545
1790294776,40,,Aggregated,2.100000,0.000000,20000,20000,21000,21000,21000,22000,22000,22000,22000,22000,22000,845,0,20000,19546.9242325656,7709.504062000633,22152.074968002125,5149.91124260355
1790294777,40,,Aggregated,2.300000,0.000000,20000,20000,21000,21000,21000,22000,22000,22000,22000,22000,22000,847,0,20000,19548.423513526483,7709.504062000633,22152.074968002125,5150.233766233766
1790294778,40,,Aggregated,2.300000,0.000000,20000,20000,21000,21000,21000,22000,22000,22000,22000,22000,22000,849,0,20000,19546.11870061476,7709.504062000633,22152.074968002125,5149.335689045936
1790294779,40,,Aggregated,2.200000,0.000000,20000,20000,21000,21000,21000,22000,22000,22000,22000,22000,22000,850,0,20000,19545.362325034035,7709.504062000633,22152.074968002125,5149.190588235294
1790294780,40,,Aggregated,2.200000,0.000000,20000,20000,21000,21000,21000,22000,22000,22000,22000,22000,22000,850,0,20000,19545.362325034035,7709.504062000633,22152.074968002125,5149.190588235294
1790294781,40,,Aggregated,2.300000,0.000000,20000,20000,21000,21000,21000,22000,22000,22000,22000,22000,22000,851,0,20000,19544.52471443235,7709.504062000633,22152.074968002125,5149.529964747356
1790294782,40,,Aggregated,2.300000,0.000000,20000,20000,21000,21000,21000,22000,22000,22000,22000,22000,22000,853,0,20000,19542.75617654623,7709.504062000633,22152.074968002125,5148.957796014068
1790294783,40,,Aggregated,1.700000,0.000000,20000,20000,21000,21000,21000,22000,22000,22000,22000,22000,22000,854,0,20000,19543.112212968303,7709.504062000633,22152.074968002125,5148.744730679157
1790294784,40,,Aggregated,1.800000,0.000000,20000,20000,21000,21000,21000,22000,22000,22000,22000,22000,22000,855,0,20000,19543.388160592902,7709.504062000633,22152.074968002125,5148.707602339181
1790294785,40,,Aggregated,1.500000,0.000000,20000,20000,21000,21000,21000,22000,22000,22000,22000,22000,22000,857,0,20000,19546.430661050097,7709.504062000633,22152.074968002125,5149.444574095683
1790294786,40,,Aggregated,1.500000,0.000000,20000,20000,21000,21000,21000,22000,22000,22000,22000,22000,22000,858,0,20000,19548.327554030224,7709.504062000633,22152.074968002125,5149.77972027972
1790294787,40,,Aggregated,1.400000,0.000000,20000,20000,21000,21000,21000,22000,22000,22000,22000,22000,22000,859,0,20000,19547.70485072867,7709.504062000633,22152.074968002125,5149.690337601863
1790294788,40,,Aggregated,1.600000,0.000000,20000,20000,21000,21000,21000,22000,22000,22000,22000,22000,22000,862,0,20000,19548.80753388622,7709.504062000633,22152.074968002125,5149.584686774942
1790294789,40,,Aggregated,1.300000,0.000000,20000,20000,21000,21000,21000,22000,22000,22000,22000,22000,22000,867,0,20000,19548.672521020675,7709.504062000633,22152.074968002125,5149.838523644752
1790294790,40,,Aggregated,1.200000,0.000000,20000,20000,21000,21000,21000,22000,22000,22000,22000,22000,22000,869,0,20000,19544.726555058605,7709.504062000633,22152.074968002125,5148.578826237054
1790294791,40,,Aggregated,1.300000,0.000000,20000,20000,21000,21000,21000,22000,22000,22000,22000,22000,22000,873,0,20000,19549.190475883082,7709.504062000633,22152.074968002125,5148.892325315006
1790294792,40,,Aggregated,1.700000,0.000000,20000,20000,21000,21000,21000,22000,22000,22000,22000,22000,22000,875,0,20000,19549.597995806784,7709.504062000633,22152.074968002125,5148.738285714286
1790294793,40,,Aggregated,1.700000,0.000000,20000,20000,21000,21000,21000,22000,22000,22000,22000,22000,22000,875,0,20000,19549.597995806784,7709.504062000633,22152.074968002125,5148.738285714286
1790294795,40,,Aggregated,2.000000,0.000000,20000,20000,21000,21000,21000,22000,22000,22000,22000,22000,22000,879,0,20000,19547.513374100035,7709.504062000633,22152.074968002125,5147.804323094426
1790294796,40,,Aggregated,2.200000,0.000000,20000,20000,21000,21000,21000,22000,22000,22000,22000,22000,22000,881,0,20000,19551.733498870526,7709.504062000633,22152.074968002125,5148.918274687855
1790294797,40,,Aggregated,2.200000,0.000000,20000,20000,21000,21000,21000,22000,22000,22000,22000,22000,22000,881,0,20000,19551.733498870526,7709.504062000633,22152.074968002125,5148.918274687855
1790294798,40,,Aggregated,2.400000,0.000000,20000,20000,21000,21000,21000,22000,22000,22000,22000,22000,22000,884,0,20000,19550.203692187704,7709.504062000633,22152.074968002125,5148.12556561086
1790294799,40,,Aggregated,2.400000,0.000000,20000,20000,21000,21000,21000,22000,22000,22000,22000,22000,22000,886,0,20000,19552.328432344166,7709.504062000633,22152.074968002125,5147.872460496614
1790294800,40,,Aggregated,2.300000,0.000000,20000,20000,21000,21000,21000,22000,22000,22000,22000,22000,22000,888,0,20000,19554.800456459387,7709.504062000633,22152.074968002125,5148.10472972973
1790294801,40,,Aggregated,2.500000,0.000000,20000,20000,21000,21000,21000,22000,22000,22000,22000,22000,22000,890,0,20000,19554.62752020779,7709.504062000633,22152.074968002125,5148.4078651685395
1790294802,40,,Aggregated,2.400000,0.000000,20000,20000,21000,21000,21000,22000,22000,22000,22000,22000,22000,891,0,20000,19553.540646471305,7709.504062000633,22152.074968002125,5148.560044893378
1790294803,40,,Aggregated,2.100000,0.000000,20000,20000,21000,21000,21000,22000,22000,22000,22000,22000,22000,892,0,20000,19553.926033924814,7709.504062000633,22152.074968002125,5148.696188340808
1790294804,40,,Aggregated,2.100000,0.000000,20000,20000,21000,21000,21000,22000,22000,22000,22000,22000,22000,892,0,20000,19553.926033924814,7709.504062000633,22152.074968002125,5148.696188340808
1790294805,40,,Aggregated,1.800000,0.000000,20000,20000,21000,21000,21000,22000,22000,22000,22000,22000,22000,893,0,20000,19552.81258623061,7709.504062000633,22152.074968002125,5148.310190369541
1790294806,40,,Aggregated,1.700000,0.000000,20000,20000,21000,21000,21000,22000,22000,22000,22000,22000,22000,896,0,20000,19555.29126890841,7709.504062000633,22152.074968002125,5148.725446428572
1790294807,40,,Aggregated,1.700000,0.000000,20000,20000,21000,21000,21000,22000,22000,22000,22000,22000,22000,897,0,20000,19555.223836695583,7709.504062000633,22152.074968002125,5148.357859531772
1790294808,40,,Aggregated,1.700000,0.000000,20000,20000,21000,21000,21000,22000,22000,22000,22000,22000,22000,897,0,20000,19555.223836695583,7709.504062000633,22152.074968002125,5148.357859531772
1790294809,40,,Aggregated,1.500000,0.000000,20000,20000,21000,21000,21000,22000,22000,22000,22000,22000,22000,900,0,20000,19555.8651158266,7709.504062000633,22152.074968002125,5148.738888888889
1790294810,40,,Aggregated,1.300000,0.000000,20000,20000,21000,21000,21000,22000,22000,22000,22000,22000,22000,905,0,20000,19552.622716023136,7709.504062000633,22152.074968002125,5147.447513812154
1790294811,40,,Aggregated,1.300000,0.000000,20000,20000,21000,21000,21000,22000,22000,22000,22000,22000,22000,906,0,20000,19554.394855698607,7709.504062000633,22152.074968002125,5148.036423841059
1790294812,40,,Aggregated,1.600000,0.000000,20000,20000,21000,21000,21000,22000,22000,22000,22000,22000,22000,908,0,20000,19558.512373279664,7709.504062000633,22152.074968002125,5148.855726872247
1790294813,40,,Aggregated,1.600000,0.000000,20000,20000,21000,21000,21000,22000,22000,22000,22000,22000,22000,910,0,20000,19560.408979823005,7709.504062000633,22152.074968002125,5148.903296703296
1790294814,40,,Aggregated,1.600000,0.000000,20000,20000,21000,21000,21000,22000,22000,22000,22000,22000,22000,915,0,20000,19562.748992731074,7709.504062000633,22152.074968002125,5148.666666666667
1790294815,40,,Aggregated,1.600000,0.000000,20000,20000,21000,21000,21000,22000,22000,22000,22000,22000,22000,916,0,20000,19561.18207900975,7709.504062000633,22152.074968002125,5148.525109170306
1790294816,40,,Aggregated,1.700000,0.000000,20000,20000,21000,21000,21000,22000,22000,22000,22000,22000,22000,918,0,20000,19562.014891099057,7709.504062000633,22152.074968002125,5148.651416122005
1790294817,40,,Aggregated,2.200000,0.000000,20000,20000,21000,21000,21000,22000,22000,22000,22000,22000,22000,920,0,20000,19564.258984046668,7709.504062000633,22152.074968002125,5148.396739130435
1790294818,40,,Aggregated,2.300000,0.000000,20000,20000,21000,21000,21000,22000,22000,22000,22000,22000,22000,921,0,20000,19566.47479469374,7709.504062000633,22152.074968002125,5149.047774158524
1790294819,40,,Aggregated,2.200000,0.000000,20000,20000,21000,21000,21000,22000,22000,22000,22000,22000,22000,923,0,20000,19566.142841266446,7709.504062000633,22152.074968002125,5149.1744312026
1790294820,40,,Aggregated,2.400000,0.000000,20000,20000,21000,21000,21000,22000,22000,22000,22000,22000,22000,925,0,20000,19566.799420133975,7709.504062000633,22152.074968002125,5148.9481081081085
1790294821,40,,Aggregated,2.400000,0.000000,20000,20000,21000,21000,21000,22000,22000,22000,22000,22000,22000,926,0,20000,19565.0562034902,7709.504062000633,22152.074968002125,5148.815334773218
1790294822,40,,Aggregated,2.300000,0.000000,20000,20000,21000,21000,21000,22000,22000,22000,22000,22000,22000,930,0,20000,19559.10816679669,7709.504062000633,22152.074968002125,5147.6
1790294823,40,,Aggregated,2.000000,0.000000,20000,20000,21000,21000,21000,22000,22000,22000,22000,22000,22000,932,0,20000,19559.51713267159,7709.504062000633,22152.074968002125,5147.818669527897
1790294824,40,,Aggregated,2.000000,0.000000,20000,20000,21000,21000,21000,22000,22000,22000,22000,22000,22000,933,0,20000,19561.510100845575,7709.504062000633,22152.074968002125,5148.638799571276
1790294825,40,,Aggregated,2.300000,0.000000,20000,20000,21000,21000,21000,22000,22000,22000,22000,22000,22000,934,0,20000,19560.012349482786,7709.504062000633,22152.074968002125,5148.4464668094215
1790294826,40,,Aggregated,1.900000,0.000000,20000,20000,21000,21000,21000,22000,22000,22000,22000,22000,22000,936,0,20000,19559.141989872784,7709.504062000633,22152.074968002125,5148.467948717948
1790294827,40,,Aggregated,1.800000,0.000000,20000,20000,21000,21000,21000,22000,22000,22000,22000,22000,22000,938,0,20000,19554.186534337874,7709.504062000633,22152.074968002125,5147.971215351812
1790294828,40,,Aggregated,1.800000,0.000000,20000,20000,21000,21000,21000,22000,22000,22000,22000,22000,22000,939,0,20000,19555.165499787996,7709.504062000633,22152.074968002125,5149.149094781683
1790294829,40,,Aggregated,1.800000,0.000000,20000,20000,21000,21000,21000,22000,22000,22000,22000,22000,22000,939,0,20000,19555.165499787996,7709.504062000633,22152.074968002125,5149.149094781683
1790294830,40,,Aggregated,1.800000,0.000000,20000,20000,21000,21000,21000,22000,22000,22000,22000,22000,22000,940,0,20000,19555.501740847798,7709.504062000633,22152.074968002125,5149.076595744681
1790294831,40,,Aggregated,1.800000,0.000000,20000,20000,21000,21000,21000,22000,22000,22000,22000,22000,22000,943,0,20000,19557.257014305334,7709.504062000633,22152.074968002125,5150.360551431601
1790294832,40,,Aggregated,1.600000,0.000000,20000,20000,21000,21000,21000,22000,22000,22000,22000,22000,22000,945,0,20000,19559.427355852837,7709.504062000633,22152.074968002125,5150.650793650793
1790294833,40,,Aggregated,1.500000,0.000000,20000,20000,21000,21000,21000,22000,22000,22000,22000,22000,22000,947,0,20000,19559.060756760224,7709.504062000633,22152.074968002125,5150.422386483632
1790294834,40,,Aggregated,1.700000,0.000000,20000,20000,21000,21000,21000,22000,22000,22000,22000,22000,22000,952,0,20000,19558.021365236273,7709.504062000633,22152.074968002125,5151.545168067227
1790294835,40,,Aggregated,1.500000,0.000000,20000,20000,21000,21000,21000,22000,22000,22000,22000,22000,22000,953,0,20000,19558.10070087296,7709.504062000633,22152.074968002125,5151.481636935991
1790294836,40,,Aggregated,1.900000,0.000000,20000,20000,21000,21000,21000,22000,22000,22000,22000,22000,22000,956,0,20000,19558.929548330474,7709.504062000633,22152.074968002125,5151.905857740586
1790294837,40,,Aggregated,1.900000,0.000000,20000,20000,21000,21000,21000,22000,22000,22000,22000,22000,22000,957,0,20000,19559.511287174435,7709.504062000633,22152.074968002125,5151.566353187043
1790294838,40,,Aggregated,1.900000,0.000000,20000,20000,21000,21000,21000,22000,22000,22000,22000,22000,22000,959,0,20000,19561.949347346123,7709.504062000633,22152.074968002125,5152.559958289885
1790294839,40,,Aggregated,2.100000,0.000000,20000,20000,21000,21000,21000,22000,22000,22000,22000,22000,22000,963,0,20000,19560.385285978122,7709.504062000633,22152.074968002125,5151.576323987539
1790294840,40,,Aggregated,2.100000,0.000000,20000,20000,21000,21000,21000,22000,22000,22000,22000,22000,22000,963,0,20000,19560.385285978122,7709.504062000633,22152.074968002125,5151.576323987539
1790294841,40,,Aggregated,2.300000,0.000000,20000,20000,21000,21000,21000,22000,22000,22000,22000,22000,22000,965,0,20000,19561.71212369423,7709.504062000633,22152.074968002125,5152.054922279793
1790294842,40,,Aggregated,2.400000,0.000000,20000,20000,21000,21000,21000,22000,22000,22000,22000,22000,22000,968,0,20000,19556.698981808815,7709.504062000633,22152.074968002125,5151.420454545455
1790294843,40,,Aggregated,2.400000,0.000000,20000,20000,21000,21000,21000,22000,22000,22000,22000,22000,22000,970,0,20000,19555.467146295803,7709.504062000633,22152.074968002125,5150.546391752578
1790294844,40,,Aggregated,2.200000,0.000000,20000,20000,21000,21000,21000,22000,22000,22000,22000,22000,22000,972,0,20000,19557.433864665567,7709.504062000633,22152.074968002125,5151.205761316873
1790294845,40,,Aggregated,2.200000,0.000000,20000,20000,21000,21000,21000,22000,22000,22000,22000,22000,22000,974,0,20000,19559.521253551262,7709.504062000633,22152.074968002125,5152.305954825462
1790294846,40,,Aggregated,2.200000,0.000000,20000,20000,21000,21000,21000,22000,22000,22000,22000,22000,22000,974,0,20000,19559.521253551262,7709.504062000633,22152.074968002125,5152.305954825462
1790294847,40,,Aggregated,1.900000,0.000000,20000,20000,21000,21000,21000,22000,22000,22000,22000,22000,22000,975,0,20000,19558.25245928916,7709.504062000633,22152.074968002125,5152.003076923077
1790294848,40,,Aggregated,2.100000,0.000000,20000,20000,21000,21000,21000,22000,22000,22000,22000,22000,22000,976,0,20000,19559.656038673085,7709.504062000633,22152.074968002125,5151.7223360655735
1790294849,40,,Aggregated,1.800000,0.000000,20000,20000,21000,21000,21000,22000,22000,22000,22000,22000,22000,978,0,20000,19561.965425768853,7709.504062000633,22152.074968002125,5153.018404907975
1790294850,40,,Aggregated,1.800000,0.000000,20000,20000,21000,21000,21000,22000,22000,22000,22000,22000,22000,978,0,20000,19561.965425768853,7709.504062000633,22152.074968002125,5153.018404907975
1790294851,40,,Aggregated,1.500000,0.000000,20000,20000,21000,21000,21000,22000,22000,22000,22000,22000,22000,981,0,20000,19562.25806504377,7709.504062000633,22152.074968002125,5152.648318042813
1790294852,40,,Aggregated,1.500000,0.000000,20000,20000,21000,21000,21000,22000,22000,22000,22000,22000,22000,985,0,20000,19557.07633713394,7709.504062000633,22152.074968002125,5151.649746192893
1790294853,40,,Aggregated,1.400000,0.000000,20000,20000,21000,21000,21000,22000,22000,22000,22000,22000,22000,987,0,20000,19557.66099036771,7709.504062000633,22152.074968002125,5151.354609929078
1790294854,40,,Aggregated,1.600000,0.000000,20000,20000,21000,21000,21000,22000,22000,22000,22000,22000,22000,990,0,20000,19556.140298952454,7709.504062000633,22152.074968002125,5150.644444444444
1790294855,40,,Aggregated,1.600000,0.000000,20000,20000,21000,21000,21000,22000,22000,22000,22000,22000,22000,991,0,20000,19556.174863009015,7709.504062000633,22152.074968002125,5150.52774974773
1790294856,40,,Aggregated,1.500000,0.000000,20000,20000,21000,21000,21000,22000,22000,22000,22000,22000,22000,993,0,20000,19554.893460179184,7709.504062000633,22152.074968002125,5149.789526686807
1790294857,40,,Aggregated,1.700000,0.000000,20000,20000,21000,21000,21000,22000,22000,22000,22000,22000,22000,996,0,20000,19558.66608498387,7709.504062000633,22152.074968002125,5150.306224899598
1790294858,40,,Aggregated,1.900000,0.000000,20000,20000,21000,21000,21000,22000,22000,22000,22000,22000,22000,998,0,20000,19556.95857175444,7709.504062000633,22152.074968002125,5150.108216432865
1790294859,40,,Aggregated,2.100000,0.000000,20000,20000,21000,21000,21000,22000,22000,22000,22000,22000,22000,999,0,20000,19558.238086085017,7709.504062000633,22152.074968002125,5150.683683683684
1790294860,40,,Aggregated,2.100000,0.000000,20000,20000,21000,21000,21000,22000,22000,22000,22000,22000,22000,1002,0,20000,19557.90030478736,7709.504062000633,22152.074968002125,5149.557884231537
1790294861,40,,Aggregated,2.100000,0.000000,20000,20000,21000,21000,21000,22000,22000,22000,22000,22000,22000,1005,0,20000,19556.452202224806,7709.504062000633,22152.074968002125,5149.582089552238
1790294862,40,,Aggregated,2.100000,0.000000,20000,20000,21000,21000,21000,22000,22000,22000,22000,22000,22000,1006,0,20000,19554.94221052478,7709.504062000633,22152.074968002125,5149.369781312127
1790294863,40,,Aggregated,2.400000,0.000000,20000,20000,21000,21000,21000,22000,22000,22000,22000,22000,22000,1007,0,20000,19554.92046404461,7709.504062000633,22152.074968002125,5148.436941410129
1790294864,40,,Aggregated,2.600000,0.000000,20000,20000,21000,21000,21000,22000,22000,22000,22000,22000,22000,1010,0,20000,19550.64387946924,7709.504062000633,22152.074968002125,5147.1950495049505
1790294865,40,,Aggregated,2.200000,0.000000,20000,20000,21000,21000,21000,22000,22000,22000,22000,22000,22000,1014,0,20000,19549.818008646875,7709.504062000633,22152.074968002125,5146.429980276134
1790294866,40,,Aggregated,2.200000,0.000000,20000,20000,21000,21000,21000,22000,22000,22000,22000,22000,22000,1015,0,20000,19545.53194697432,7709.504062000633,22152.074968002125,5145.872906403941
1790294867,40,,Aggregated,2.100000,0.000000,20000,20000,21000,21000,21000,22000,22000,22000,22000,22000,22000,1016,0,20000,19547.104171788316,7709.504062000633,22152.074968002125,5145.897637795276
1790294868,40,,Aggregated,2.100000,0.000000,20000,20000,21000,21000,21000,22000,22000,22000,22000,22000,22000,1017,0,20000,19547.60328276296,7709.504062000633,22152.074968002125,5145.783677482793
1790294869,40,,Aggregated,2.100000,0.000000,20000,20000,21000,21000,21000,22000,22000,22000,22000,22000,22000,1017,0,20000,19547.60328276296,7709.504062000633,22152.074968002125,5145.783677482793
1790294870,40,,Aggregated,2.100000,0.000000,20000,20000,21000,21000,21000,22000,22000,22000,22000,22000,22000,1017,0,20000,19547.60328276296,7709.504062000633,22152.074968002125,5145.783677482793
1790294871,40,,Aggregated,2.000000,0.000000,20000,20000,21000,21000,21000,22000,22000,22000,22000,22000,22000,1018,0,20000,19549.66173848225,7709.504062000633,22152.074968002125,5146.058939096267
1790294872,40,,Aggregated,1.500000,0.000000,20000,20000,21000,21000,21000,22000,22000,22000,22000,22000,22000,1021,0,20000,19546.448447534698,7709.504062000633,22152.074968002125,5145.971596474045
1790294873,40,,Aggregated,1.400000,0.000000,20000,20000,21000,21000,21000,22000,22000,22000,22000,22000,22000,1024,0,20000,19549.194451447198,7709.504062000633,22152.074968002125,5146.2822265625
1790294874,40,,Aggregated,1.400000,0.000000,20000,20000,21000,21000,21000,22000,22000,22000,22000,22000,22000,1026,0,20000,19550.495765101303,7709.504062000633,22152.074968002125,5146.7807017543855
1790294875,40,,Aggregated,1.400000,0.000000,20000,20000,21000,21000,21000,22000,22000,22000,22000,22000,22000,1026,0,20000,19550.495765101303,7709.504062000633,22152.074968002125,5146.7807017543855
1790294876,40,,Aggregated,1.400000,0.000000,20000,20000,21000,21000,21000,22000,22000,22000,22000,22000,22000,1031,0,20000,19552.12668455765,7709.504062000633,22152.074968002125,5147.493695441319
1790294877,40,,Aggregated,1.400000,0.000000,20000,20000,21000,21000,21000,22000,22000,22000,22000,22000,22000,1034,0,20000,19555.092433999944,7709.504062000633,22152.074968002125,5147.9458413926495
1790294878,40,,Aggregated,1.300000,0.000000,20000,20000,21000,21000,21000,22000,22000,22000,22000,22000,22000,1035,0,20000,19555.637787247284,7709.504062000633,22152.074968002125,5148.325603864734
1790294879,40,,Aggregated,1.800000,0.000000,20000,20000,21000,21000,21000,22000,22000,22000,22000,22000,22000,1037,0,20000,19557.52688726802,7709.504062000633,22152.074968002125,5149.347155255545
1790294880,40,,Aggregated,1.800000,0.000000,20000,20000,21000,21000,21000,22000,22000,22000,22000,22000,22000,1042,0,20000,19553.428559479788,7709.504062000633,22152.074968002125,5147.855086372361
1790294881,40,,Aggregated,1.800000,0.000000,20000,20000,21000,21000,21000,22000,22000,22000,22000,22000,22000,1043,0,20000,19554.931915790927,7709.504062000633,22152.074968002125,5148.092042186002
1790294882,40,,Aggregated,2.200000,0.000000,20000,20000,21000,21000,21000,22000,22000,22000,22000,22000,22000,1045,0,20000,19554.327709837264,7709.504062000633,22152.074968002125,5147.0526315789475
1790294883,40,,Aggregated,2.400000,0.000000,20000,20000,21000,21000,21000,22000,22000,22000,22000,22000,22000,1047,0,20000,19554.950551828024,7709.504062000633,22152.074968002125,5146.74594078319
1790294884,40,,Aggregated,2.300000,0.000000,20000,20000,21000,21000,21000,22000,22000,22000,22000,22000,22000,1049,0,20000,19553.36991441653,7709.504062000633,22152.074968002125,5146.236415633937
1790294885,40,,Aggregated,2.300000,0.000000,20000,20000,21000,21000,21000,22000,22000,22000,22000,22000,22000,1049,0,20000,19553.36991441653,7709.504062000633,22152.074968002125,5146.236415633937
1790294886,40,,Aggregated,2.400000,0.000000,20000,20000,21000,21000,21000,22000,22000,22000,22000,22000,22000,1052,0,20000,19551.996629410587,7709.504062000633,22152.074968002125,5145.301330798479
1790294887,40,,Aggregated,2.300000,0.000000,20000,20000,21000,21000,21000,22000,22000,22000,22000,22000,22000,1054,0,20000,19555.025817924037,7709.504062000633,22152.074968002125,5145.879506641366
1790294888,40,,Aggregated,2.300000,0.000000,20000,20000,21000,21000,21000,22000,22000,22000,22000,22000,22000,1056,0,20000,19556.459621464903,7709.504062000633,22152.074968002125,5146.125946969697
1790294889,40,,Aggregated,2.300000,0.000000,20000,20000,21000,21000,21000,22000,22000,22000,22000,22000,22000,1056,0,20000,19556.459621464903,7709.504062000633,22152.074968002125,5146.125946969697
1790294890,40,,Aggregated,2.300000,0.000000,20000,20000,21000,21000,21000,22000,22000,22000,22000,22000,22000,1056,0,20000,19556.459621464903,7709.504062000633,22152.074968002125,5146.125946969697
1790294891,40,,Aggregated,2.100000,0.000000,20000,20000,21000,21000,21000,22000,22000,22000,22000,22000,22000,1058,0,20000,19558.160577803348,7709.504062000633,22152.074968002125,5145.99527410208
1790294892,40,,Aggregated,1.700000,0.000000,20000,20000,21000,21000,21000,22000,22000,22000,22000,22000,22000,1059,0,20000,19557.071221513637,7709.504062000633,22152.074968002125,5146.415486307837
1790294893,40,,Aggregated,1.500000,0.000000,20000,20000,21000,21000,21000,22000,22000,22000,22000,22000,22000,1063,0,20000,19550.129392840015,7709.504062000633,22152.074968002125,5145.262464722484
1790294894,40,,Aggregated,1.500000,0.000000,20000,20000,21000,21000,21000,22000,22000,22000,22000,22000,22000,1064,0,20000,19550.888189666297,7709.504062000633,22152.074968002125,5145.570488721804
1790294895,40,,Aggregated,1.600000,0.000000,20000,20000,21000,21000,21000,22000,22000,22000,22000,22000,22000,1065,0,20000,19551.1981737821,7709.504062000633,22152.074968002125,5145.4779342723
1790294896,40,,Aggregated,1.600000,0.000000,20000,20000,21000,21000,21000,22000,22000,22000,22000,22000,22000,1067,0,20000,19551.00135602806,7709.504062000633,22152.074968002125,5144.857544517338
1790294897,40,,Aggregated,1.500000,0.000000,20000,20000,21000,21000,21000,22000,22000,22000,22000,22000,22000,1071,0,20000,19552.13929973664,7709.504062000633,22152.074968002125,5144.84593837535
1790294898,40,,Aggregated,1.500000,0.000000,20000,20000,21000,21000,21000,22000,22000,22000,22000,22000,22000,1071,0,20000,19552.13929973664,7709.504062000633,22152.074968002125,5144.84593837535
1790294899,40,,Aggregated,1.600000,0.000000,20000,20000,21000,21000,21000,22000,22000,22000,22000,22000,22000,1075,0,20000,19553.39561942692,7709.504062000633,22152.074968002125,5145.797209302325
1790294900,40,,Aggregated,1.500000,0.000000,20000,20000,21000,21000,21000,22000,22000,22000,22000,22000,22000,1077,0,20000,19554.68086336856,7709.504062000633,22152.074968002125,5145.625812441968
1790294901,40,,Aggregated,1.500000,0.000000,20000,20000,21000,21000,21000,22000,22000,22000,22000,22000,22000,1080,0,20000,19556.387126895315,7709.504062000633,22152.074968002125,5144.441666666667
1790294902,40,,Aggregated,1.900000,0.000000,20000,20000,21000,21000,21000,22000,22000,22000,22000,22000,22000,1082,0,20000,19554.418272609,7709.504062000633,22152.074968002125,5143.989833641404
1790294903,40,,Aggregated,2.000000,0.000000,20000,20000,21000,21000,21000,22000,22000,22000,22000,22000,22000,1085,0,20000,19559.12896230225,7709.504062000633,22152.074968002125,5144.8359447004605
1790294904,40,,Aggregated,2.300000,0.000000,20000,20000,21000,21000,21000,22000,22000,22000,22000,22000,22000,1087,0,20000,19557.565850531682,7709.504062000633,22152.074968002125,5144.97516099356
1790294905,40,,Aggregated,2.200000,0.000000,20000,20000,21000,21000,21000,22000,22000,22000,22000,22000,22000,1089,0,20000,19559.796783699665,7709.504062000633,22152.074968002125,5145.396694214876
1790294906,40,,Aggregated,2.100000,0.000000,20000,20000,21000,21000,21000,22000,22000,22000,22000,22000,22000,1090,0,20000,19554.581318918288,7709.504062000633,22152.074968002125,5144.647706422018
1790294907,40,,Aggregated,2.300000,0.000000,20000,20000,21000,21000,21000,22000,22000,22000,22000,22000,22000,1094,0,20000,19554.358486669047,7709.504062000633,22152.074968002125,5144.781535648995
1790294908,40,,Aggregated,2.300000,0.000000,20000,20000,21000,21000,21000,22000,22000,22000,22000,22000,22000,1094,0,20000,19554.358486669047,7709.504062000633,22152.074968002125,5144.781535648995
1790294909,40,,Aggregated,2.100000,0.000000,20000,20000,21000,21000,21000,22000,22000,22000,22000,22000,22000,1096,0,20000,19556.096435012718,7709.504062000633,22152.074968002125,5145.228102189781
1790294910,40,,Aggregated,2.300000,0.000000,20000,20000,21000,21000,21000,22000,22000,22000,22000,22000,22000,1097,0,20000,19557.76736905008,7709.504062000633,22152.074968002125,5145.61257976299
1790294911,40,,Aggregated,2.300000,0.000000,20000,20000,21000,21000,21000,22000,22000,22000,22000,22000,22000,1097,0,20000,19557.76736905008,7709.504062000633,22152.074968002125,5145.61257976299
1790294912,40,,Aggregated,2.100000,0.000000,20000,20000,21000,21000,21000,22000,22000,22000,22000,22000,22000,1099,0,20000,19557.63547205363,7709.504062000633,22152.074968002125,5145.1828935395815
1790294913,40,,Aggregated,2.000000,0.000000,20000,20000,21000,21000,21000,22000,22000,22000,22000,22000,22000,1101,0,20000,19555.443207479508,7709.504062000633,22152.074968002125,5144.571298819255
1790294914,40,,Aggregated,2.000000,0.000000,20000,20000,21000,21000,21000,22000,22000,22000,22000,22000,22000,1102,0,20000,19555.42732224768,7709.504062000633,22152.074968002125,5145.402903811252
1790294915,40,,Aggregated,1.700000,0.000000,20000,20000,21000,21000,21000,22000,22000,22000,22000,22000,22000,1104,0,20000,19556.46366779705,7709.504062000633,22152.074968002125,5145.220108695652
1790294916,40,,Aggregated,1.700000,0.000000,20000,20000,21000,21000,21000,22000,22000,22000,22000,22000,22000,1106,0,20000,19555.453086736838,7709.504062000633,22152.074968002125,5144.944846292948
1790294917,40,,Aggregated,1.700000,0.000000,20000,20000,21000,21000,21000,22000,22000,22000,22000,22000,22000,1106,0,20000,19555.453086736838,7709.504062000633,22152.074968002125,5144.944846292948
1790294918,40,,Aggregated,1.600000,0.000000,20000,20000,21000,21000,21000,22000,22000,22000,22000,22000,22000,1111,0,20000,19557.201338251976,7709.504062000633,22152.074968002125,5146.30603060306
1790294919,40,,Aggregated,1.600000,0.000000,20000,20000,21000,21000,21000,22000,22000,22000,22000,22000,22000,1111,0,20000,19557.201338251976,7709.504062000633,22152.074968002125,5146.30603060306
1790294920,40,,Aggregated,1.200000,0.000000,20000,20000,21000,21000,21000,22000,22000,22000,22000,22000,22000,1114,0,20000,19560.024020253986,7709.504062000633,22152.074968002125,5146.973967684022
1790294921,40,,Aggregated,1.600000,0.000000,20000,20000,21000,21000,21000,22000,22000,22000,22000,22000,22000,1117,0,20000,19558.149233488755,7709.504062000633,22152.074968002125,5147.049239033125
1790294922,40,,Aggregated,1.500000,0.000000,20000,20000,21000,21000,21000,22000,22000,22000,22000,22000,22000,1119,0,20000,19559.04360946286,7709.504062000633,22152.074968002125,5146.98927613941
1790294923,40,,Aggregated,1.700000,0.000000,20000,20000,21000,21000,21000,22000,22000,22000,22000,22000,22000,1123,0,20000,19559.819680365934,7709.504062000633,22152.074968002125,5146.923419412288
1790294924,40,,Aggregated,1.700000,0.000000,20000,20000,21000,21000,21000,22000,22000,22000,22000,22000,22000,1123,0,20000,19559.819680365934,7709.504062000633,22152.074968002125,5146.923419412288
1790294925,40,,Aggregated,1.900000,0.000000,20000,20000,21000,21000,21000,22000,22000,22000,22000,22000,22000,1125,0,20000,19562.27155445417,7709.504062000633,22152.074968002125,5147.068444444444
1790294926,40,,Aggregated,2.100000,0.000000,20000,20000,21000,21000,21000,22000,22000,22000,22000,22000,22000,1128,0,20000,19562.46186161342,7709.504062000633,22152.074968002125,5147.519503546099
1790294927,40,,Aggregated,2.100000,0.000000,20000,20000,21000,21000,21000,22000,22000,22000,22000,22000,22000,1131,0,20000,19564.692767091903,7709.504062000633,22152.074968002125,5148.00884173298
1790294928,40,,Aggregated,2.100000,0.000000,20000,20000,21000,21000,21000,22000,22000,22000,22000,22000,22000,1132,0,20000,19564.68297542309,7709.504062000633,22152.074968002125,5148.002650176679
1790294929,40,,Aggregated,2.200000,0.000000,20000,20000,21000,21000,21000,22000,22000,22000,22000,22000,22000,1134,0,20000,19567.065471314763,7709.504062000633,22152.074968002125,5148.602292768959
1790294930,40,,Aggregated,2.500000,0.000000,20000,20000,21000,21000,21000,22000,22000,22000,22000,22000,22000,1135,0,20000,19567.39106499907,7709.504062000633,22152.074968002125,5148.575330396476
1790294931,40,,Aggregated,2.500000,0.000000,20000,20000,21000,21000,21000,22000,22000,22000,22000,22000,22000,1135,0,20000,19567.39106499907,7709.504062000633,22152.074968002125,5148.575330396476
1790294932,40,,Aggregated,2.300000,0.000000,20000,20000,21000,21000,21000,22000,22000,22000,22000,22000,22000,1137,0,20000,19570.426733292825,7709.504062000633,22152.074968002125,5148.648197009675
1790294933,40,,Aggregated,2.100000,0.000000,20000,20000,21000,21000,21000,22000,22000,22000,22000,22000,22000,1138,0,20000,19569.547840212603,7709.504062000633,22152.074968002125,5148.405096660808
1790294934,40,,Aggregated,1.800000,0.000000,20000,20000,21000,21000,21000,22000,22000,22000,22000,22000,22000,1139,0,20000,19570.67498211496,7709.504062000633,22152.074968002125,5148.223002633889
1790294935,40,,Aggregated,1.800000,0.000000,20000,20000,21000,21000,21000,22000,22000,22000,22000,22000,22000,1142,0,20000,19569.904695387864,7709.504062000633,22152.074968002125,5147.26357267951
1790294936,40,,Aggregated,1.500000,0.000000,20000,20000,21000,21000,21000,22000,22000,22000,22000,22000,22000,1145,0,20000,19563.08566920082,7709.504062000633,22152.074968002125,5146.048034934498
1790294937,40,,Aggregated,1.600000,0.000000,20000,20000,21000,21000,21000,22000,22000,22000,22000,22000,22000,1148,0,20000,19564.916830625385,7709.504062000633,22152.074968002125,5146.789198606271
1790294938,40,,Aggregated,1.600000,0.000000,20000,20000,21000,21000,21000,22000,22000,22000,22000,22000,22000,1148,0,20000,19564.916830625385,7709.504062000633,22152.074968002125,5146.789198606271
1790294939,40,,Aggregated,1.600000,0.000000,20000,20000,21000,21000,21000,22000,22000,22000,22000,22000,22000,1148,0,20000,19564.916830625385,7709.504062000633,22152.074968002125,5146.789198606271
1790294940,40,,Aggregated,1.700000,0.000000,20000,20000,21000,21000,21000,22000,22000,22000,22000,22000,22000,1152,0,20000,19565.88404748606,7709.504062000633,22152.074968002125,5146.866319444444
1790294941,40,,Aggregated,1.600000,0.000000,20000,20000,21000,21000,21000,22000,22000,22000,22000,22000,22000,1154,0,20000,19566.159162412427,7709.504062000633,22152.074968002125,5147.729636048527
1790294942,40,,Aggregated,1.400000,0.000000,20000,20000,21000,21000,21000,22000,22000,22000,22000,22000,22000,1159,0,20000,19566.396757938688,7709.504062000633,22152.074968002125,5146.982743744607
1790294943,40,,Aggregated,1.700000,0.000000,20000,20000,21000,21000,21000,22000,22000,22000,22000,22000,22000,1161,0,20000,19558.725820777723,7709.504062000633,22152.074968002125,5145.47459086994
1790294944,40,,Aggregated,1.900000,0.000000,20000,20000,21000,21000,21000,22000,22000,22000,22000,22000,22000,1162,0,20000,19559.859332648826,7709.504062000633,22152.074968002125,5145.730636833046
1790294945,40,,Aggregated,2.200000,0.000000,20000,20000,21000,21000,21000,22000,22000,22000,22000,22000,22000,1164,0,20000,19559.16955398534,7709.504062000633,22152.074968002125,5145.585910652921
1790294947,40,,Aggregated,2.300000,0.000000,20000,20000,21000,21000,21000,22000,22000,22000,22000,22000,22000,1167,0,20000,19558.394804466094,7709.504062000633,22152.074968002125,5145.639245929734
1790294948,40,,Aggregated,2.300000,0.000000,20000,20000,21000,21000,21000,22000,22000,22000,22000,22000,22000,1169,0,20000,19560.070502340404,7709.504062000633,22152.074968002125,5145.958083832335
1790294949,40,,Aggregated,2.200000,0.000000,20000,20000,21000,21000,21000,22000,22000,22000,22000,22000,22000,1173,0,20000,19560.15808299568,7709.504062000633,22152.074968002125,5145.783461210571
1790294950,40,,Aggregated,2.100000,0.000000,20000,20000,21000,21000,21000,22000,22000,22000,22000,22000,22000,1174,0,20000,19559.599017593642,7709.504062000633,22152.074968002125,5145.501703577513
1790294951,40,,Aggregated,2.100000,0.000000,20000,20000,21000,21000,21000,22000,22000,22000,22000,22000,22000,1175,0,20000,19559.411013590583,7709.504062000633,22152.074968002125,5145.307234042553
1790294952,40,,Aggregated,2.100000,0.000000,20000,20000,21000,21000,21000,22000,22000,22000,22000,22000,22000,1175,0,20000,19559.411013590583,7709.504062000633,22152.074968002125,5145.307234042553
1790294953,40,,Aggregated,2.100000,0.000000,20000,20000,21000,21000,21000,22000,22000,22000,22000,22000,22000,1175,0,20000,19559.411013590583,7709.504062000633,22152.074968002125,5145.307234042553
1790294954,40,,Aggregated,2.300000,0.000000,20000,20000,21000,21000,21000,22000,22000,22000,22000,22000,22000,1178,0,20000,19560.26661510266,7709.504062000633,22152.074968002125,5144.9439728353145
1790294955,40,,Aggregated,2.300000,0.000000,20000,20000,21000,21000,21000,22000,22000,22000,22000,22000,22000,1178,0,20000,19560.26661510266,7709.504062000633,22152.074968002125,5144.9439728353145
1790294956,40,,Aggregated,1.600000,0.000000,20000,20000,21000,21000,21000,22000,22000,22000,22000,22000,22000,1180,0,20000,19559.340878755873,7709.504062000633,22152.074968002125,5144.732203389831
1790294957,40,,Aggregated,1.600000,0.000000,20000,20000,21000,21000,21000,22000,22000,22000,22000,22000,22000,1180,0,20000,19559.340878755873,7709.504062000633,22152.074968002125,5144.732203389831
1790294958,40,,Aggregated,1.600000,0.000000,20000,20000,21000,21000,21000,22000,22000,22000,22000,22000,22000,1186,0,20000,19561.42379879589,7709.504062000633,22152.074968002125,5145.715008431704
1790294959,40,,Aggregated,1.600000,0.000000,20000,20000,21000,21000,21000,22000,22000,22000,22000,22000,22000,1187,0,20000,19561.94965480028,7709.504062000633,22152.074968002125,5145.441449031171
1790294960,40,,Aggregated,1.300000,0.000000,20000,20000,21000,21000,21000,22000,22000,22000,22000,22000,22000,1188,0,20000,19558.60192530718,7709.504062000633,22152.074968002125,5145.20202020202
1790294961,40,,Aggregated,1.700000,0.000000,20000,20000,21000,21000,21000,22000,22000,22000,22000,22000,22000,1191,0,20000,19558.77270077072,7709.504062000633,22152.074968002125,5145.444164567591
1790294962,40,,Aggregated,1.400000,0.000000,20000,20000,21000,21000,21000,22000,22000,22000,22000,22000,22000,1194,0,20000,19557.73623279391,7709.504062000633,22152.074968002125,5145.913735343383
1790294963,40,,Aggregated,1.400000,0.000000,20000,20000,21000,21000,21000,22000,22000,22000,22000,22000,22000,1194,0,20000,19557.73623279391,7709.504062000633,22152.074968002125,5145.913735343383
1790294964,40,,Aggregated,1.600000,0.000000,20000,20000,21000,21000,21000,22000,22000,22000,22000,22000,22000,1195,0,20000,19557.376517339693,7709.504062000633,22152.074968002125,5145.813389121339
1790294965,40,,Aggregated,1.900000,0.000000,20000,20000,21000,21000,21000,22000,22000,22000,22000,22000,22000,1198,0,20000,19560.169778236173,7709.504062000633,22152.074968002125,5145.128547579299
1790294966,40,,Aggregated,1.900000,0.000000,20000,20000,21000,21000,21000,22000,22000,22000,22000,22000,22000,1201,0,20000,19560.057040058233,7709.504062000633,22152.074968002125,5145.278101582015
1790294967,40,,Aggregated,1.700000,0.000000,20000,20000,21000,21000,21000,22000,22000,22000,22000,22000,22000,1203,0,20000,19563.143721192802,7709.504062000633,22152.074968002125,5145.393183707398
1790294968,40,,Aggregated,1.700000,0.000000,20000,20000,21000,21000,21000,22000,22000,22000,22000,22000,22000,1203,0,20000,19563.143721192802,7709.504062000633,22152.074968002125,5145.393183707398
1790294969,40,,Aggregated,2.300000,0.000000,20000,20000,21000,21000,21000,22000,22000,22000,22000,22000,22000,1211,0,20000,19565.179941250157,7709.504062000633,22152.074968002125,5147.5004128819155
1790294970,40,,Aggregated,1.700000,0.000000,20000,20000,21000,21000,21000,22000,22000,22000,22000,22000,22000,1213,0,20000,19565.54018746739,7709.504062000633,22152.074968002125,5147.720527617477
1790294971,40,,Aggregated,2.200000,0.000000,20000,20000,21000,21000,21000,22000,22000,22000,22000,22000,22000,1214,0,20000,19566.998349482656,7709.504062000633,22152.074968002125,5147.914332784185
1790294972,40,,Aggregated,2.200000,0.000000,20000,20000,21000,21000,21000,22000,22000,22000,22000,22000,22000,1214,0,20000,19566.998349482656,7709.504062000633,22152.074968002125,5147.914332784185
1790294973,40,,Aggregated,2.400000,0.000000,20000,20000,21000,21000,21000,22000,22000,22000,22000,22000,22000,1215,0,20000,19567.962427877323,7709.504062000633,22152.074968002125,5148.263374485597
1790294974,40,,Aggregated,2.200000,0.000000,20000,20000,21000,21000,21000,22000,22000,22000,22000,22000,22000,1216,0,20000,19567.06868249749,7709.504062000633,22152.074968002125,5147.877467105263
1790294975,40,,Aggregated,2.200000,0.000000,20000,20000,21000,21000,21000,22000,22000,22000,22000,22000,22000,1216,0,20000,19567.06868249749,7709.504062000633,22152.074968002125,5147.877467105263
1790294976,40,,Aggregated,2.100000,0.000000,20000,20000,21000,21000,21000,22000,22000,22000,22000,22000,22000,1217,0,20000,19567.31829882247,7709.504062000633,22152.074968002125,5148.013147082991
1790294977,40,,Aggregated,2.100000,0.000000,20000,20000,21000,21000,21000,22000,22000,22000,22000,22000,22000,1219,0,20000,19568.98697946099,7709.504062000633,22152.074968002125,5147.672682526661
1790294978,40,,Aggregated,1.600000,0.000000,20000,20000,21000,21000,21000,22000,22000,22000,22000,22000,22000,1226,0,20000,19566.90901695509,7709.504062000633,22152.074968002125,5148.047308319739
1790294979,40,,Aggregated,1.600000,0.000000,20000,20000,21000,21000,21000,22000,22000,22000,22000,22000,22000,1226,0,20000,19566.90901695509,7709.504062000633,22152.074968002125,5148.047308319739
1790294980,40,,Aggregated,1.600000,0.000000,20000,20000,21000,21000,21000,22000,22000,22000,22000,22000,22000,1226,0,20000,19566.90901695509,7709.504062000633,22152.074968002125,5148.047308319739
1790294981,40,,Aggregated,2.100000,0.000000,20000,20000,21000,21000,21000,22000,22000,22000,22000,22000,22000,1227,0,20000,19567.95728883777,7709.504062000633,22152.074968002125,5148.101874490628
1790294982,40,,Aggregated,1.700000,0.000000,20000,20000,21000,21000,21000,22000,22000,22000,22000,22000,22000,1230,0,20000,19569.356720473937,7709.504062000633,22152.074968002125,5148.847154471545
1790294983,40,,Aggregated,1.400000,0.000000,20000,20000,21000,21000,21000,22000,22000,22000,22000,22000,22000,1232,0,20000,19570.15279016148,7709.504062000633,22152.074968002125,5149.464285714285
1790294984,40,,Aggregated,1.600000,0.000000,20000,20000,21000,21000,21000,22000,22000,22000,22000,22000,22000,1236,0,20000,19571.44364291905,7709.504062000633,22152.074968002125,5149.689320388349
1790294985,40,,Aggregated,1.500000,0.000000,20000,20000,21000,21000,21000,22000,22000,22000,22000,22000,22000,1238,0,20000,19569.983817550845,7709.504062000633,22152.074968002125,5149.31098546042
1790294986,40,,Aggregated,1.800000,0.000000,20000,20000,21000,21000,21000,22000,22000,22000,22000,22000,22000,1240,0,20000,19568.889043555602,7709.504062000633,22152.074968002125,5149.086290322581
1790294987,40,,Aggregated,1.800000,0.000000,20000,20000,21000,21000,21000,22000,22000,22000,22000,22000,22000,1241,0,20000,19567.8492526172,7709.504062000633,22152.074968002125,5148.878323932313
1790294988,40,,Aggregated,2.100000,0.000000,20000,20000,21000,21000,21000,22000,22000,22000,22000,22000,22000,1243,0,20000,19566.829560567134,7709.504062000633,22152.074968002125,5148.707160096541
1790294989,40,,Aggregated,2.200000,0.000000,20000,20000,21000,21000,21000,22000,22000,22000,22000,22000,22000,1246,0,20000,19566.285248934146,7709.504062000633,22152.074968002125,5148.99518459069
1790294990,40,,Aggregated,1.900000,0.000000,20000,20000,21000,21000,21000,22000,22000,22000,22000,22000,22000,1249,0,20000,19566.76219665808,7709.504062000633,22152.074968002125,5148.015212169736
1790294991,40,,Aggregated,1.900000,0.000000,20000,20000,21000,21000,21000,22000,22000,22000,22000,22000,22000,1250,0,20000,19567.418088431157,7709.504062000633,22152.074968002125,5148.2832
1790294992,40,,Aggregated,2.100000,0.000000,20000,20000,21000,21000,21000,22000,22000,22000,22000,22000,22000,1253,0,20000,19570.37365701432,7709.504062000633,22152.074968002125,5149.1045490822025
1790294993,40,,Aggregated,2.100000,0.000000,20000,20000,21000,21000,21000,22000,22000,22000,22000,22000,22000,1254,0,20000,19571.143700948123,7709.504062000633,22152.074968002125,5149.497607655502
1790294994,40,,Aggregated,2.100000,0.000000,20000,20000,21000,21000,21000,22000,22000,22000,22000,22000,22000,1255,0,20000,19570.395920420673,7709.504062000633,22152.074968002125,5149.597609561753
1790294995,40,,Aggregated,2.100000,0.000000,20000,20000,21000,21000,21000,22000,22000,22000,22000,22000,22000,1256,0,20000,19571.66092733754,7709.504062000633,22152.074968002125,5149.898089171975
1790294996,40,,Aggregated,2.400000,0.000000,20000,20000,21000,21000,21000,22000,22000,22000,22000,22000,22000,1257,0,20000,19570.691639466942,7709.504062000633,22152.074968002125,5149.750198886237
1790294997,40,,Aggregated,2.400000,0.000000,20000,20000,21000,21000,21000,22000,22000,22000,22000,22000,22000,1257,0,20000,19570.691639466942,7709.504062000633,22152.074968002125,5149.750198886237
1790294998,40,,Aggregated,1.900000,0.000000,20000,20000,21000,21000,21000,22000,22000,22000,22000,22000,22000,1259,0,20000,19570.514825106387,7709.504062000633,22152.074968002125,5149.851469420175
1790294999,40,,Aggregated,1.600000,0.000000,20000,20000,21000,21000,21000,22000,22000,22000,22000,22000,22000,1263,0,20000,19565.45606521848,7709.504062000633,22152.074968002125,5149.197149643705
1790295000,40,,Aggregated,1.600000,0.000000,20000,20000,21000,21000,21000,22000,22000,22000,22000,22000,22000,1265,0,20000,19566.773165494815,7709.504062000633,22152.074968002125,5149.48695652174
1790295001,40,,Aggregated,1.600000,0.000000,20000,20000,21000,21000,21000,22000,22000,22000,22000,22000,22000,1268,0,20000,19567.86595595658,7709.504062000633,22152.074968002125,5149.6569400630915
1790295002,40,,Aggregated,1.800000,0.000000,20000,20000,21000,21000,21000,22000,22000,22000,22000,22000,22000,1271,0,20000,19567.43772115967,7709.504062000633,22152.074968002125,5149.477576711251
1790295003,40,,Aggregated,1.800000,0.000000,20000,20000,21000,21000,21000,22000,22000,22000,22000,22000,22000,1272,0,20000,19566.84705542291,7709.504062000633,22152.074968002125,5149.4944968553455
1790295004,40,,Aggregated,1.700000,0.000000,20000,20000,21000,21000,21000,22000,22000,22000,22000,22000,22000,1273,0,20000,19566.609666133496,7709.504062000633,22152.074968002125,5149.850746268657
1790295005,40,,Aggregated,1.700000,0.000000,20000,20000,21000,21000,21000,22000,22000,22000,22000,22000,22000,1276,0,20000,19565.192845991332,7709.504062000633,22152.074968002125,5149.307993730407
1790295006,40,,Aggregated,1.700000,0.000000,20000,20000,21000,21000,21000,22000,22000,22000,22000,22000,22000,1278,0,20000,19566.685217028124,7709.504062000633,22152.074968002125,5149.523474178403
1790295007,40,,Aggregated,1.800000,0.000000,20000,20000,21000,21000,21000,22000,22000,22000,22000,22000,22000,1280,0,20000,19566.713501580427,7709.504062000633,22152.074968002125,5149.30546875
1790295008,40,,Aggregated,2.000000,0.000000,20000,20000,21000,21000,21000,22000,22000,22000,22000,22000,22000,1282,0,20000,19566.58233310448,7709.504062000633,22152.074968002125,5149.226989079563
1790295009,40,,Aggregated,2.300000,0.000000,20000,20000,21000,21000,21000,22000,22000,22000,22000,22000,22000,1284,0,20000,19566.954863598865,7709.504062000633,22152.074968002125,5149.107476635514
1790295010,40,,Aggregated,2.300000,0.000000,20000,20000,21000,21000,21000,22000,22000,22000,22000,22000,22000,1284,0,20000,19566.954863598865,7709.504062000633,22152.074968002125,5149.107476635514
1790295011,40,,Aggregated,2.100000,0.000000,20000,20000,21000,21000,21000,22000,22000,22000,22000,22000,22000,1287,0,20000,19568.84156650578,7709.504062000633,22152.074968002125,5150.20745920746
1790295012,40,,Aggregated,1.900000,0.000000,20000,20000,21000,21000,21000,22000,22000,22000,22000,22000,22000,1290,0,20000,19569.852390820113,7709.504062000633,22152.074968002125,5150.767441860465
1790295013,40,,Aggregated,1.800000,0.000000,20000,20000,21000,21000,21000,22000,22000,22000,22000,22000,22000,1293,0,20000,19570.176831839093,7709.504062000633,22152.074968002125,5150.779582366589
1790295014,40,,Aggregated,1.800000,0.000000,20000,20000,21000,21000,21000,22000,22000,22000,22000,22000,22000,1293,0,20000,19570.176831839093,7709.504062000633,22152.074968002125,5150.779582366589
1790295015,40,,Aggregated,2.000000,0.000000,20000,20000,21000,21000,21000,22000,22000,22000,22000,22000,22000,1295,0,20000,19570.40454670807,7709.504062000633,22152.074968002125,5150.441698841699
1790295016,40,,Aggregated,2.000000,0.000000,20000,20000,21000,21000,21000,22000,22000,22000,22000,22000,22000,1295,0,20000,19570.40454670807,7709.504062000633,22152.074968002125,5150.441698841699
1790295017,40,,Aggregated,2.100000,0.000000,20000,20000,21000,21000,21000,22000,22000,22000,22000,22000,22000,1297,0,20000,19572.14380011099,7709.504062000633,22152.074968002125,5150.772552043177
1790295018,40,,Aggregated,1.700000,0.000000,20000,20000,21000,21000,21000,22000,22000,22000,22000,22000,22000,1298,0,20000,19571.195560464523,7709.504062000633,22152.074968002125,5150.463790446841
1790295019,40,,Aggregated,1.700000,0.000000,20000,20000,21000,21000,21000,22000,22000,22000,22000,22000,22000,1299,0,20000,19570.25321639334,7709.504062000633,22152.074968002125,5150.002309468822
1790295020,40,,Aggregated,1.500000,0.000000,20000,20000,21000,21000,21000,22000,22000,22000,22000,22000,22000,1303,0,20000,19570.174966044477,7709.504062000633,22152.074968002125,5150.570222563316
1790295021,40,,Aggregated,1.500000,0.000000,20000,20000,21000,21000,21000,22000,22000,22000,22000,22000,22000,1304,0,20000,19571.75725054751,7709.504062000633,22152.074968002125,5151.500766871166
1790295022,40,,Aggregated,1.700000,0.000000,20000,20000,21000,21000,21000,22000,22000,22000,22000,22000,22000,1307,0,20000,19571.626183880613,7709.504062000633,22152.074968002125,5151.418515684774
1790295023,40,,Aggregated,1.800000,0.000000,20000,20000,21000,21000,21000,22000,22000,22000,22000,22000,22000,1309,0,20000,19573.122470783015,7709.504062000633,22152.074968002125,5152.019098548511
1790295024,40,,Aggregated,1.600000,0.000000,20000,20000,21000,21000,21000,22000,22000,22000,22000,22000,22000,1312,0,20000,19574.354410406224,7709.504062000633,22152.074968002125,5151.233231707317
1790295025,40,,Aggregated,1.700000,0.000000,20000,20000,21000,21000,21000,22000,22000,22000,22000,22000,22000,1315,0,20000,19572.412783256248,7709.504062000633,22152.074968002125,5150.651711026616
1790295026,40,,Aggregated,1.800000,0.000000,20000,20000,21000,21000,21000,22000,22000,22000,22000,22000,22000,1316,0,20000,19573.263284761375,7709.504062000633,22152.074968002125,5150.822948328268
1790295027,40,,Aggregated,1.900000,0.000000,20000,20000,21000,21000,21000,22000,22000,22000,22000,22000,22000,1317,0,20000,19568.9122452589,7709.504062000633,22152.074968002125,5150.2072892938495
1790295028,40,,Aggregated,1.900000,0.000000,20000,20000,21000,21000,21000,22000,22000,22000,22000,22000,22000,1320,0,20000,19570.623387159823,7709.504062000633,22152.074968002125,5150.394696969697
1790295029,40,,Aggregated,1.900000,0.000000,20000,20000,21000,21000,21000,22000,22000,22000,22000,22000,22000,1322,0,20000,19573.484023499976,7709.504062000633,22152.074968002125,5151.37745839637
1790295030,40,,Aggregated,2.300000,0.000000,20000,20000,21000,21000,21000,22000,22000,22000,22000,22000,22000,1325,0,20000,19575.110756798473,7709.504062000633,22152.074968002125,5151.950943396227
1790295031,40,,Aggregated,2.100000,0.000000,20000,20000,21000,21000,21000,22000,22000,22000,22000,22000,22000,1327,0,20000,19573.613375248668,7709.504062000633,22152.074968002125,5151.759608138658
1790295032,40,,Aggregated,2.100000,0.000000,20000,20000,21000,21000,21000,22000,22000,22000,22000,22000,22000,1329,0,20000,19571.736031310742,7709.504062000633,22152.074968002125,5151.091045899172
1790295033,40,,Aggregated,2.100000,0.000000,20000,20000,21000,21000,21000,22000,22000,22000,22000,22000,22000,1332,0,20000,19570.755458063042,7709.504062000633,22152.074968002125,5150.647897897898
1790295034,40,,Aggregated,2.400000,0.000000,20000,20000,21000,21000,21000,22000,22000,22000,22000,22000,22000,1333,0,20000,19570.30584931956,7709.504062000633,22152.074968002125,5150.933233308327
1790295035,40,,Aggregated,2.200000,0.000000,20000,20000,21000,21000,21000,22000,22000,22000,22000,22000,22000,1334,0,20000,19571.719321830566,7709.504062000633,22152.074968002125,5151.357571214393
1790295036,40,,Aggregated,2.100000,0.000000,20000,20000,21000,21000,21000,22000,22000,22000,22000,22000,22000,1336,0,20000,19570.788168296385,7709.504062000633,22152.074968002125,5151.130988023952
1790295037,40,,Aggregated,2.100000,0.000000,20000,20000,21000,21000,21000,22000,22000,22000,22000,22000,22000,1337,0,20000,19564.006362350014,7709.504062000633,22152.074968002125,5149.793567688856
1790295038,40,,Aggregated,2.100000,0.000000,20000,20000,21000,21000,21000,22000,22000,22000,22000,22000,22000,1337,0,20000,19564.006362350014,7709.504062000633,22152.074968002125,5149.793567688856
1790295039,40,,Aggregated,2.100000,0.000000,20000,20000,21000,21000,21000,22000,22000,22000,22000,22000,22000,1338,0,20000,19565.19849829445,7709.504062000633,22152.074968002125,5150.286995515695
1790295040,40,,Aggregated,1.700000,0.000000,20000,20000,21000,21000,21000,22000,22000,22000,22000,22000,22000,1342,0,20000,19561.89167029208,7709.504062000633,22152.074968002125,5148.3107302533535
1790295041,40,,Aggregated,1.700000,0.000000,20000,20000,21000,21000,21000,22000,22000,22000,22000,22000,22000,1346,0,20000,19563.09946225035,7709.504062000633,22152.074968002125,5149.00074294205
1790295042,40,,Aggregated,1.800000,0.000000,20000,20000,21000,21000,21000,22000,22000,22000,22000,22000,22000,1349,0,20000,19560.897304624883,7709.504062000633,22152.074968002125,5148.670126019273
