Timestamp,User Count,Type,Name,Requests/s,Failures/s,50%,66%,75%,80%,90%,95%,98%,99%,99.9%,99.99%,100%,Total Request Count,Total Failure Count,Total Median Response Time,Total Average Response Time,Total Min Response Time,Total Max Response Time,Total Average Content Size
1790301775,0,,Aggregated,0.000000,0.000000,N/A,N/A,N/A,N/A,N/A,N/A,N/A,N/A,N/A,N/A,N/A,0,0,0,0.0,0,0,0
1790301776,20,,Aggregated,0.000000,0.000000,N/A,N/A,N/A,N/A,N/A,N/A,N/A,N/A,N/A,N/A,N/A,0,0,0,0.0,0,0,0
1790301777,40,,Aggregated,0.000000,0.000000,N/A,N/A,N/A,N/A,N/A,N/A,N/A,N/A,N/A,N/A,N/A,0,0,0,0.0,0,0,0
1790301778,40,,Aggregated,0.000000,0.000000,N/A,N/A,N/A,N/A,N/A,N/A,N/A,N/A,N/A,N/A,N/A,0,0,0,0.0,0,0,0
1790301779,40,,Aggregated,0.000000,0.000000,N/A,N/A,N/A,N/A,N/A,N/A,N/A,N/A,N/A,N/A,N/A,0,0,0,0.0,0,0,0
1790301780,40,,Aggregated,0.000000,0.000000,N/A,N/A,N/A,N/A,N/A,N/A,N/A,N/A,N/A,N/A,N/A,0,0,0,0.0,0,0,0
1790301781,40,,Aggregated,0.000000,0.000000,N/A,N/A,N/A,N/A,N/A,N/A,N/A,N/A,N/A,N/A,N/A,0,0,0,0.0,0,0,0
1790301782,40,,Aggregated,0.000000,0.000000,N/A,N/A,N/A,N/A,N/A,N/A,N/A,N/A,N/A,N/A,N/A,0,0,0,0.0,0,0,0
1790301783,40,,Aggregated,0.000000,0.000000,N/A,N/A,N/A,N/A,N/A,N/A,N/A,N/A,N/A,N/A,N/A,0,0,0,0.0,0,0,0
1790301784,40,,Aggregated,0.000000,0.000000,N/A,N/A,N/A,N/A,N/A,N/A,N/A,N/A,N/A,N/A,N/A,0,0,0,0.0,0,0,0
1790301785,40,,Aggregated,0.000000,0.000000,N/A,N/A,N/A,N/A,N/A,N/A,N/A,N/A,N/A,N/A,N/A,0,0,0,0.0,0,0,0
1790301786,40,,Aggregated,0.000000,0.000000,N/A,N/A,N/A,N/A,N/A,N/A,N/A,N/A,N/A,N/A,N/A,0,0,0,0.0,0,0,0
1790301787,40,,Aggregated,0.000000,0.000000,N/A,N/A,N/A,N/A,N/A,N/A,N/A,N/A,N/A,N/A,N/A,0,0,0,0.0,0,0,0
1790301788,40,,Aggregated,0.000000,0.000000,12000,12000,12000,12000,12000,12000,12000,12000,12000,12000,12000,1,0,11529.330993998883,11529.330993998883,11529.330993998883,11529.330993998883,3644.0
1790301789,40,,Aggregated,0.000000,0.000000,13000,13000,13000,13000,13000,13000,13000,13000,13000,13000,13000,2,0,13000,12344.238132998726,11529.330993998883,13159.145271998568,3833.5
1790301790,40,,Aggregated,0.000000,0.000000,13000,13000,13000,13000,13000,13000,13000,13000,13000,13000,13000,2,0,13000,12344.238132998726,11529.330993998883,13159.145271998568,3833.5
1790301791,40,,Aggregated,0.000000,0.000000,13000,13000,13000,13000,13000,13000,13000,13000,13000,13000,13000,2,0,13000,12344.238132998726,11529.330993998883,13159.145271998568,3833.5
1790301792,40,,Aggregated,0.000000,0.000000,13000,13000,13000,13000,13000,13000,13000,13000,13000,13000,13000,2,0,13000,12344.238132998726,11529.330993998883,13159.145271998568,3833.5
1790301793,40,,Aggregated,0.000000,0.000000,13000,13000,13000,13000,13000,13000,13000,13000,13000,13000,13000,2,0,13000,12344.238132998726,11529.330993998883,13159.145271998568,3833.5
1790301794,40,,Aggregated,0.200000,0.000000,17000,17000,19000,19000,19000,19000,19000,19000,19000,19000,19000,4,0,17000,15116.205093499957,11529.330993998883,18648.136372001318,4427.5
1790301795,40,,Aggregated,0.200000,0.000000,17000,17000,19000,19000,19000,19000,19000,19000,19000,19000,19000,4,0,17000,15116.205093499957,11529.330993998883,18648.136372001318,4427.5
1790301796,40,,Aggregated,0.200000,0.000000,17000,17000,19000,19000,19000,19000,19000,19000,19000,19000,19000,4,0,17000,15116.205093499957,11529.330993998883,18648.136372001318,4427.5
1790301797,40,,Aggregated,0.400000,0.000000,17000,19000,19000,21000,21000,21000,21000,21000,21000,21000,21000,5,0,17000,16245.39107879973,11529.330993998883,20762.135019998823,4718.2
1790301798,40,,Aggregated,0.400000,0.000000,17000,19000,19000,21000,21000,21000,21000,21000,21000,21000,21000,5,0,17000,16245.39107879973,11529.330993998883,20762.135019998823,4718.2
1790301799,40,,Aggregated,0.400000,0.000000,17000,19000,19000,21000,21000,21000,21000,21000,21000,21000,21000,5,0,17000,16245.39107879973,11529.330993998883,20762.135019998823,4718.2
1790301800,40,,Aggregated,0.400000,0.000000,17000,19000,19000,21000,21000,21000,21000,21000,21000,21000,21000,5,0,17000,16245.39107879973,11529.330993998883,20762.135019998823,4718.2
1790301801,40,,Aggregated,0.400000,0.000000,17000,19000,19000,21000,21000,21000,21000,21000,21000,21000,21000,5,0,17000,16245.39107879973,11529.330993998883,20762.135019998823,4718.2
1790301802,40,,Aggregated,0.400000,0.000000,17000,19000,19000,21000,21000,21000,21000,21000,21000,21000,21000,5,0,17000,16245.39107879973,11529.330993998883,20762.135019998823,4718.2
1790301803,40,,Aggregated,0.400000,0.000000,17000,19000,19000,21000,21000,21000,21000,21000,21000,21000,21000,5,0,17000,16245.39107879973,11529.330993998883,20762.135019998823,4718.2
1790301804,40,,Aggregated,0.400000,0.000000,17000,19000,19000,21000,21000,21000,21000,21000,21000,21000,21000,5,0,17000,16245.39107879973,11529.330993998883,20762.135019998823,4718.2
1790301805,40,,Aggregated,0.400000,0.000000,17000,19000,19000,21000,21000,21000,21000,21000,21000,21000,21000,5,0,17000,16245.39107879973,11529.330993998883,20762.135019998823,4718.2
1790301806,40,,Aggregated,0.400000,0.000000,17000,19000,19000,21000,21000,21000,21000,21000,21000,21000,21000,5,0,17000,16245.39107879973,11529.330993998883,20762.135019998823,4718.2
1790301807,40,,Aggregated,0.400000,0.000000,17000,19000,19000,21000,21000,21000,21000,21000,21000,21000,21000,5,0,17000,16245.39107879973,11529.330993998883,20762.135019998823,4718.2
1790301808,40,,Aggregated,0.400000,0.000000,17000,19000,19000,21000,21000,21000,21000,21000,21000,21000,21000,5,0,17000,16245.39107879973,11529.330993998883,20762.135019998823,4718.2
1790301809,40,,Aggregated,0.400000,0.000000,17000,19000,19000,21000,21000,21000,21000,21000,21000,21000,21000,5,0,17000,16245.39107879973,11529.330993998883,20762.135019998823,4718.2
1790301810,40,,Aggregated,0.400000,0.000000,17000,19000,19000,21000,21000,21000,21000,21000,21000,21000,21000,5,0,17000,16245.39107879973,11529.330993998883,20762.135019998823,4718.2
1790301811,40,,Aggregated,0.000000,0.000000,19000,21000,35000,35000,36000,36000,36000,36000,36000,36000,36000,7,0,19000,21763.24100899988,11529.330993998883,35629.36886500029,5888.857142857143
1790301812,40,,Aggregated,0.000000,0.000000,19000,21000,35000,35000,36000,36000,36000,36000,36000,36000,36000,7,0,19000,21763.24100899988,11529.330993998883,35629.36886500029,5888.857142857143
1790301813,40,,Aggregated,0.000000,0.000000,19000,21000,35000,35000,36000,36000,36000,36000,36000,36000,36000,7,0,19000,21763.24100899988,11529.330993998883,35629.36886500029,5888.857142857143
1790301814,40,,Aggregated,0.000000,0.000000,19000,21000,35000,35000,36000,36000,36000,36000,36000,36000,36000,7,0,19000,21763.24100899988,11529.330993998883,35629.36886500029,5888.857142857143
1790301815,40,,Aggregated,0.000000,0.000000,19000,21000,35000,35000,36000,36000,36000,36000,36000,36000,36000,7,0,19000,21763.24100899988,11529.330993998883,35629.36886500029,5888.857142857143
1790301816,40,,Aggregated,0.000000,0.000000,19000,21000,35000,35000,36000,36000,36000,36000,36000,36000,36000,7,0,19000,21763.24100899988,11529.330993998883,35629.36886500029,5888.857142857143
1790301817,40,,Aggregated,0.000000,0.000000,19000,21000,35000,35000,36000,36000,36000,36000,36000,36000,36000,7,0,19000,21763.24100899988,11529.330993998883,35629.36886500029,5888.857142857143
1790301818,40,,Aggregated,0.000000,0.000000,19000,21000,35000,35000,36000,36000,36000,36000,36000,36000,36000,7,0,19000,21763.24100899988,11529.330993998883,35629.36886500029,5888.857142857143
1790301819,40,,Aggregated,0.200000,0.000000,21000,35000,36000,36000,44000,44000,44000,44000,44000,44000,44000,8,0,21000,24531.052127375006,11529.330993998883,43905.72995600087,6580.5
1790301820,40,,Aggregated,0.200000,0.000000,21000,35000,36000,36000,44000,44000,44000,44000,44000,44000,44000,8,0,21000,24531.052127375006,11529.330993998883,43905.72995600087,6580.5
1790301821,40,,Aggregated,0.200000,0.000000,21000,35000,36000,36000,44000,44000,44000,44000,44000,44000,44000,8,0,21000,24531.052127375006,11529.330993998883,43905.72995600087,6580.5
1790301822,40,,Aggregated,0.200000,0.000000,21000,35000,36000,36000,44000,44000,44000,44000,44000,44000,44000,8,0,21000,24531.052127375006,11529.330993998883,43905.72995600087,6580.5
1790301823,40,,Aggregated,0.200000,0.000000,21000,35000,36000,36000,44000,44000,44000,44000,44000,44000,44000,8,0,21000,24531.052127375006,11529.330993998883,43905.72995600087,6580.5
1790301824,40,,Aggregated,0.200000,0.000000,21000,35000,36000,36000,44000,44000,44000,44000,44000,44000,44000,8,0,21000,24531.052127375006,11529.330993998883,43905.72995600087,6580.5
1790301825,40,,Aggregated,0.200000,0.000000,21000,35000,36000,36000,44000,44000,44000,44000,44000,44000,44000,8,0,21000,24531.052127375006,11529.330993998883,43905.72995600087,6580.5
1790301826,40,,Aggregated,0.200000,0.000000,21000,35000,36000,36000,44000,44000,44000,44000,44000,44000,44000,8,0,21000,24531.052127375006,11529.330993998883,43905.72995600087,6580.5
1790301827,40,,Aggregated,0.200000,0.000000,21000,35000,36000,36000,44000,44000,44000,44000,44000,44000,44000,8,0,21000,24531.052127375006,11529.330993998883,43905.72995600087,6580.5
1790301828,40,,Aggregated,0.200000,0.000000,21000,35000,36000,36000,44000,44000,44000,44000,44000,44000,44000,8,0,21000,24531.052127375006,11529.330993998883,43905.72995600087,6580.5
1790301829,40,,Aggregated,0.200000,0.000000,21000,35000,36000,36000,44000,44000,44000,44000,44000,44000,44000,8,0,21000,24531.052127375006,11529.330993998883,43905.72995600087,6580.5
1790301830,40,,Aggregated,0.200000,0.000000,21000,35000,36000,36000,44000,44000,44000,44000,44000,44000,44000,8,0,21000,24531.052127375006,11529.330993998883,43905.72995600087,6580.5
1790301831,40,,Aggregated,0.200000,0.000000,21000,35000,36000,36000,44000,44000,44000,44000,44000,44000,44000,8,0,21000,24531.052127375006,11529.330993998883,43905.72995600087,6580.5
1790301832,40,,Aggregated,0.200000,0.000000,21000,35000,36000,36000,44000,44000,44000,44000,44000,44000,44000,8,0,21000,24531.052127375006,11529.330993998883,43905.72995600087,6580.5
1790301833,40,,Aggregated,0.200000,0.000000,21000,35000,36000,36000,44000,44000,44000,44000,44000,44000,44000,8,0,21000,24531.052127375006,11529.330993998883,43905.72995600087,6580.5
1790301834,40,,Aggregated,0.200000,0.000000,21000,35000,36000,36000,44000,44000,44000,44000,44000,44000,44000,8,0,21000,24531.052127375006,11529.330993998883,43905.72995600087,6580.5
1790301835,40,,Aggregated,0.200000,0.000000,21000,35000,36000,36000,44000,44000,44000,44000,44000,44000,44000,8,0,21000,24531.052127375006,11529.330993998883,43905.72995600087,6580.5
1790301836,40,,Aggregated,0.200000,0.000000,21000,35000,36000,36000,44000,44000,44000,44000,44000,44000,44000,8,0,21000,24531.052127375006,11529.330993998883,43905.72995600087,6580.5
1790301837,40,,Aggregated,0.000000,0.000000,21000,25000,35000,36000,44000,44000,44000,44000,44000,44000,44000,9,0,21000,24529.130365777542,11529.330993998883,43905.72995600087,6600.222222222223
1790301838,40,,Aggregated,0.000000,0.000000,21000,25000,35000,36000,44000,44000,44000,44000,44000,44000,44000,9,0,21000,24529.130365777542,11529.330993998883,43905.72995600087,6600.222222222223
1790301839,40,,Aggregated,0.000000,0.000000,21000,25000,35000,36000,44000,44000,44000,44000,44000,44000,44000,9,0,21000,24529.130365777542,11529.330993998883,43905.72995600087,6600.222222222223
1790301840,40,,Aggregated,0.100000,0.000000,25000,35000,36000,44000,64000,64000,64000,64000,64000,64000,64000,10,0,25000,28434.893199199723,11529.330993998883,63586.75869999934,7405.1
1790301841,40,,Aggregated,0.100000,0.000000,25000,35000,36000,44000,64000,64000,64000,64000,64000,64000,64000,10,0,25000,28434.893199199723,11529.330993998883,63586.75869999934,7405.1
1790301842,40,,Aggregated,0.100000,0.000000,25000,35000,36000,44000,64000,64000,64000,64000,64000,64000,64000,10,0,25000,28434.893199199723,11529.330993998883,63586.75869999934,7405.1
1790301843,40,,Aggregated,0.100000,0.000000,25000,35000,36000,44000,64000,64000,64000,64000,64000,64000,64000,10,0,25000,28434.893199199723,11529.330993998883,63586.75869999934,7405.1
1790301844,40,,Aggregated,0.100000,0.000000,25000,35000,36000,44000,64000,64000,64000,64000,64000,64000,64000,10,0,25000,28434.893199199723,11529.330993998883,63586.75869999934,7405.1
1790301845,40,,Aggregated,0.100000,0.000000,25000,35000,36000,44000,64000,64000,64000,64000,64000,64000,64000,10,0,25000,28434.893199199723,11529.330993998883,63586.75869999934,7405.1
1790301846,40,,Aggregated,0.100000,0.000000,25000,35000,36000,44000,64000,64000,64000,64000,64000,64000,64000,10,0,25000,28434.893199199723,11529.330993998883,63586.75869999934,7405.1
1790301847,40,,Aggregated,0.100000,0.000000,25000,35000,36000,44000,64000,64000,64000,64000,64000,64000,64000,10,0,25000,28434.893199199723,11529.330993998883,63586.75869999934,7405.1
1790301848,40,,Aggregated,0.100000,0.000000,25000,35000,36000,44000,64000,64000,64000,64000,64000,64000,64000,10,0,25000,28434.893199199723,11529.330993998883,63586.75869999934,7405.1
1790301849,40,,Aggregated,0.100000,0.000000,25000,35000,36000,44000,64000,64000,64000,64000,64000,64000,64000,10,0,25000,28434.893199199723,11529.330993998883,63586.75869999934,7405.1
1790301850,40,,Aggregated,0.100000,0.000000,25000,35000,36000,44000,64000,64000,64000,64000,64000,64000,64000,10,0,25000,28434.893199199723,11529.330993998883,63586.75869999934,7405.1
1790301851,40,,Aggregated,0.100000,0.000000,25000,35000,36000,44000,64000,64000,64000,64000,64000,64000,64000,10,0,25000,28434.893199199723,11529.330993998883,63586.75869999934,7405.1
1790301852,40,,Aggregated,0.100000,0.000000,25000,35000,36000,44000,64000,64000,64000,64000,64000,64000,64000,10,0,25000,28434.893199199723,11529.330993998883,63586.75869999934,7405.1
1790301854,40,,Aggregated,0.100000,0.000000,25000,35000,36000,44000,64000,64000,64000,64000,64000,64000,64000,10,0,25000,28434.893199199723,11529.330993998883,63586.75869999934,7405.1
1790301855,40,,Aggregated,0.100000,0.000000,25000,35000,36000,44000,64000,64000,64000,64000,64000,64000,64000,10,0,25000,28434.893199199723,11529.330993998883,63586.75869999934,7405.1
1790301856,40,,Aggregated,0.100000,0.000000,25000,35000,36000,44000,64000,64000,64000,64000,64000,64000,64000,10,0,25000,28434.893199199723,11529.330993998883,63586.75869999934,7405.1
1790301857,40,,Aggregated,0.100000,0.000000,25000,35000,36000,44000,64000,64000,64000,64000,64000,64000,64000,10,0,25000,28434.893199199723,11529.330993998883,63586.75869999934,7405.1
1790301858,40,,Aggregated,0.100000,0.000000,25000,35000,36000,44000,64000,64000,64000,64000,64000,64000,64000,10,0,25000,28434.893199199723,11529.330993998883,63586.75869999934,7405.1
1790301859,40,,Aggregated,0.100000,0.000000,25000,35000,36000,44000,64000,64000,64000,64000,64000,64000,64000,10,0,25000,28434.893199199723,11529.330993998883,63586.75869999934,7405.1
1790301860,40,,Aggregated,0.100000,0.000000,25000,35000,36000,44000,64000,64000,64000,64000,64000,64000,64000,10,0,25000,28434.893199199723,11529.330993998883,63586.75869999934,7405.1
1790301861,40,,Aggregated,0.100000,0.000000,25000,35000,36000,44000,64000,64000,64000,64000,64000,64000,64000,10,0,25000,28434.893199199723,11529.330993998883,63586.75869999934,7405.1
1790301862,40,,Aggregated,0.100000,0.000000,25000,35000,36000,44000,64000,64000,64000,64000,64000,64000,64000,10,0,25000,28434.893199199723,11529.330993998883,63586.75869999934,7405.1
1790301863,40,,Aggregated,0.100000,0.000000,25000,35000,36000,44000,64000,64000,64000,64000,64000,64000,64000,10,0,25000,28434.893199199723,11529.330993998883,63586.75869999934,7405.1
1790301864,40,,Aggregated,0.100000,0.000000,25000,35000,36000,44000,64000,64000,64000,64000,64000,64000,64000,10,0,25000,28434.893199199723,11529.330993998883,63586.75869999934,7405.1
1790301865,40,,Aggregated,0.100000,0.000000,25000,35000,36000,44000,64000,64000,64000,64000,64000,64000,64000,10,0,25000,28434.893199199723,11529.330993998883,63586.75869999934,7405.1
1790301866,40,,Aggregated,0.100000,0.000000,25000,35000,36000,44000,64000,64000,64000,64000,64000,64000,64000,10,0,25000,28434.893199199723,11529.330993998883,63586.75869999934,7405.1
1790301867,40,,Aggregated,0.100000,0.000000,25000,35000,36000,44000,64000,64000,64000,64000,64000,64000,64000,10,0,25000,28434.893199199723,11529.330993998883,63586.75869999934,7405.1
1790301868,40,,Aggregated,0.100000,0.000000,25000,35000,36000,44000,64000,64000,64000,64000,64000,64000,64000,10,0,25000,28434.893199199723,11529.330993998883,63586.75869999934,7405.1
1790301869,40,,Aggregated,0.100000,0.000000,25000,35000,36000,44000,64000,64000,64000,64000,64000,64000,64000,10,0,25000,28434.893199199723,11529.330993998883,63586.75869999934,7405.1
1790301870,40,,Aggregated,0.100000,0.000000,25000,35000,36000,44000,64000,64000,64000,64000,64000,64000,64000,10,0,25000,28434.893199199723,11529.330993998883,63586.75869999934,7405.1
1790301871,40,,Aggregated,0.100000,0.000000,25000,35000,36000,44000,64000,64000,64000,64000,64000,64000,64000,10,0,25000,28434.893199199723,11529.330993998883,63586.75869999934,7405.1
1790301872,40,,Aggregated,0.000000,0.000000,25000,36000,44000,44000,64000,96000,96000,96000,96000,96000,96000,11,0,25000,34567.52140209078,11529.330993998883,95893.80343100129,8643.272727272728
1790301873,40,,Aggregated,0.000000,0.000000,25000,36000,44000,44000,64000,96000,96000,96000,96000,96000,96000,11,0,25000,34567.52140209078,11529.330993998883,95893.80343100129,8643.272727272728
1790301874,40,,Aggregated,0.000000,0.000000,25000,36000,44000,44000,64000,96000,96000,96000,96000,96000,96000,11,0,25000,34567.52140209078,11529.330993998883,95893.80343100129,8643.272727272728
1790301875,40,,Aggregated,0.100000,0.000000,35000,36000,64000,64000,96000,98000,98000,98000,98000,98000,98000,12,0,35000,39887.58701541641,11529.330993998883,98408.30876199834,9624.5
1790301876,40,,Aggregated,0.100000,0.000000,35000,36000,64000,64000,96000,98000,98000,98000,98000,98000,98000,12,0,35000,39887.58701541641,11529.330993998883,98408.30876199834,9624.5
1790301877,40,,Aggregated,0.100000,0.000000,35000,36000,64000,64000,96000,98000,98000,98000,98000,98000,98000,12,0,35000,39887.58701541641,11529.330993998883,98408.30876199834,9624.5
1790301878,40,,Aggregated,0.100000,0.000000,35000,36000,64000,64000,96000,98000,98000,98000,98000,98000,98000,12,0,35000,39887.58701541641,11529.330993998883,98408.30876199834,9624.5
1790301879,40,,Aggregated,0.100000,0.000000,35000,36000,64000,64000,96000,98000,98000,98000,98000,98000,98000,12,0,35000,39887.58701541641,11529.330993998883,98408.30876199834,9624.5
1790301880,40,,Aggregated,0.100000,0.000000,35000,36000,64000,64000,96000,98000,98000,98000,98000,98000,98000,12,0,35000,39887.58701541641,11529.330993998883,98408.30876199834,9624.5
1790301881,40,,Aggregated,0.100000,0.000000,35000,36000,64000,64000,96000,98000,98000,98000,98000,98000,98000,12,0,35000,39887.58701541641,11529.330993998883,98408.30876199834,9624.5
1790301882,40,,Aggregated,0.100000,0.000000,35000,36000,64000,64000,96000,98000,98000,98000,98000,98000,98000,12,0,35000,39887.58701541641,11529.330993998883,98408.30876199834,9624.5
1790301883,40,,Aggregated,0.200000,0.000000,35000,44000,64000,96000,98000,107000,107000,107000,107000,107000,107000,13,0,35000,45065.217850999594,11529.330993998883,107196.78787799785,10687.538461538461
1790301884,40,,Aggregated,0.200000,0.000000,35000,44000,64000,96000,98000,107000,107000,107000,107000,107000,107000,13,0,35000,45065.217850999594,11529.330993998883,107196.78787799785,10687.538461538461
1790301885,40,,Aggregated,0.200000,0.000000,35000,44000,64000,96000,98000,107000,107000,107000,107000,107000,107000,13,0,35000,45065.217850999594,11529.330993998883,107196.78787799785,10687.538461538461
1790301886,40,,Aggregated,0.200000,0.000000,35000,44000,64000,96000,98000,107000,107000,107000,107000,107000,107000,13,0,35000,45065.217850999594,11529.330993998883,107196.78787799785,10687.538461538461
1790301887,40,,Aggregated,0.200000,0.000000,35000,44000,64000,96000,98000,107000,107000,107000,107000,107000,107000,13,0,35000,45065.217850999594,11529.330993998883,107196.78787799785,10687.538461538461
1790301888,40,,Aggregated,0.200000,0.000000,35000,44000,64000,96000,98000,107000,107000,107000,107000,107000,107000,13,0,35000,45065.217850999594,11529.330993998883,107196.78787799785,10687.538461538461
1790301889,40,,Aggregated,0.200000,0.000000,35000,44000,64000,96000,98000,107000,107000,107000,107000,107000,107000,13,0,35000,45065.217850999594,11529.330993998883,107196.78787799785,10687.538461538461
1790301890,40,,Aggregated,0.200000,0.000000,35000,44000,64000,96000,98000,107000,107000,107000,107000,107000,107000,13,0,35000,45065.217850999594,11529.330993998883,107196.78787799785,10687.538461538461
1790301891,40,,Aggregated,0.200000,0.000000,35000,44000,64000,96000,98000,107000,107000,107000,107000,107000,107000,13,0,35000,45065.217850999594,11529.330993998883,107196.78787799785,10687.538461538461
1790301892,40,,Aggregated,0.200000,0.000000,35000,44000,64000,96000,98000,107000,107000,107000,107000,107000,107000,13,0,35000,45065.217850999594,11529.330993998883,107196.78787799785,10687.538461538461
1790301893,40,,Aggregated,0.200000,0.000000,35000,44000,64000,96000,98000,107000,107000,107000,107000,107000,107000,13,0,35000,45065.217850999594,11529.330993998883,107196.78787799785,10687.538461538461
1790301894,40,,Aggregated,0.200000,0.000000,35000,44000,64000,96000,98000,107000,107000,107000,107000,107000,107000,13,0,35000,45065.217850999594,11529.330993998883,107196.78787799785,10687.538461538461
1790301895,40,,Aggregated,0.100000,0.000000,36000,64000,96000,98000,107000,118000,118000,118000,118000,118000,118000,14,0,36000,50295.87284199962,11529.330993998883,118294.38772499998,11757.5
1790301896,40,,Aggregated,0.000000,0.000000,36000,64000,98000,107000,118000,120000,120000,120000,120000,120000,120000,15,0,36000,54949.57836319954,11529.330993998883,120101.45565999846,12709.8
1790301897,40,,Aggregated,0.000000,0.000000,36000,64000,98000,107000,118000,120000,120000,120000,120000,120000,120000,15,0,36000,54949.57836319954,11529.330993998883,120101.45565999846,12709.8
1790301898,40,,Aggregated,0.100000,0.000000,44000,96000,107000,107000,120000,121000,121000,121000,121000,121000,121000,16,0,44000,59088.58021887454,11529.330993998883,121173.60805399949,13499.0
1790301899,40,,Aggregated,0.100000,0.000000,44000,96000,107000,107000,120000,121000,121000,121000,121000,121000,121000,16,0,44000,59088.58021887454,11529.330993998883,121173.60805399949,13499.0
1790301900,40,,Aggregated,0.300000,0.000000,44000,98000,107000,118000,121000,124000,124000,124000,124000,124000,124000,17,0,44000,62884.00086199951,11529.330993998883,123610.73115199906,14180.411764705883
1790301901,40,,Aggregated,0.300000,0.000000,64000,98000,118000,120000,124000,124000,124000,124000,124000,124000,124000,18,0,64000,66291.91078949952,11529.330993998883,124226.37955699975,15018.277777777777
1790301902,40,,Aggregated,0.300000,0.000000,64000,98000,118000,120000,124000,124000,124000,124000,124000,124000,124000,18,0,64000,66291.91078949952,11529.330993998883,124226.37955699975,15018.277777777777
1790301903,40,,Aggregated,0.300000,0.000000,64000,98000,118000,120000,124000,124000,124000,124000,124000,124000,124000,18,0,64000,66291.91078949952,11529.330993998883,124226.37955699975,15018.277777777777
1790301904,40,,Aggregated,0.300000,0.000000,64000,98000,118000,120000,124000,124000,124000,124000,124000,124000,124000,18,0,64000,66291.91078949952,11529.330993998883,124226.37955699975,15018.277777777777
1790301905,40,,Aggregated,0.300000,0.000000,64000,98000,118000,120000,124000,124000,124000,124000,124000,124000,124000,18,0,64000,66291.91078949952,11529.330993998883,124226.37955699975,15018.277777777777
1790301906,40,,Aggregated,0.300000,0.000000,64000,98000,118000,120000,124000,124000,124000,124000,124000,124000,124000,18,0,64000,66291.91078949952,11529.330993998883,124226.37955699975,15018.277777777777
1790301907,40,,Aggregated,0.300000,0.000000,64000,98000,118000,120000,124000,124000,124000,124000,124000,124000,124000,18,0,64000,66291.91078949952,11529.330993998883,124226.37955699975,15018.277777777777
1790301908,40,,Aggregated,0.300000,0.000000,64000,98000,118000,120000,124000,124000,124000,124000,124000,124000,124000,18,0,64000,66291.91078949952,11529.330993998883,124226.37955699975,15018.277777777777
1790301909,40,,Aggregated,0.300000,0.000000,64000,98000,118000,120000,124000,124000,124000,124000,124000,124000,124000,18,0,64000,66291.91078949952,11529.330993998883,124226.37955699975,15018.277777777777
1790301910,40,,Aggregated,0.300000,0.000000,64000,98000,118000,120000,124000,124000,124000,124000,124000,124000,124000,18,0,64000,66291.91078949952,11529.330993998883,124226.37955699975,15018.277777777777
1790301911,40,,Aggregated,0.300000,0.000000,64000,98000,118000,120000,124000,124000,124000,124000,124000,124000,124000,18,0,64000,66291.91078949952,11529.330993998883,124226.37955699975,15018.277777777777
1790301912,40,,Aggregated,0.300000,0.000000,64000,98000,118000,120000,124000,124000,124000,124000,124000,124000,124000,18,0,64000,66291.91078949952,11529.330993998883,124226.37955699975,15018.277777777777
1790301913,40,,Aggregated,0.300000,0.000000,64000,98000,118000,120000,124000,124000,124000,124000,124000,124000,124000,18,0,64000,66291.91078949952,11529.330993998883,124226.37955699975,15018.277777777777
1790301914,40,,Aggregated,0.300000,0.000000,64000,98000,118000,120000,124000,124000,124000,124000,124000,124000,124000,18,0,64000,66291.91078949952,11529.330993998883,124226.37955699975,15018.277777777777
1790301915,40,,Aggregated,0.300000,0.000000,64000,98000,118000,120000,124000,124000,124000,124000,124000,124000,124000,18,0,64000,66291.91078949952,11529.330993998883,124226.37955699975,15018.277777777777
1790301916,40,,Aggregated,0.300000,0.000000,64000,98000,118000,120000,124000,124000,124000,124000,124000,124000,124000,18,0,64000,66291.91078949952,11529.330993998883,124226.37955699975,15018.277777777777
1790301917,40,,Aggregated,0.300000,0.000000,64000,98000,118000,120000,124000,124000,124000,124000,124000,124000,124000,18,0,64000,66291.91078949952,11529.330993998883,124226.37955699975,15018.277777777777
1790301918,40,,Aggregated,0.300000,0.000000,64000,98000,118000,120000,124000,124000,124000,124000,124000,124000,124000,18,0,64000,66291.91078949952,11529.330993998883,124226.37955699975,15018.277777777777
1790301919,40,,Aggregated,0.000000,0.000000,44000,98000,118000,120000,124000,124000,124000,124000,124000,124000,124000,19,0,44000,63846.06857621016,11529.330993998883,124226.37955699975,14486.052631578947
1790301920,40,,Aggregated,0.000000,0.000000,44000,98000,118000,120000,124000,124000,124000,124000,124000,124000,124000,19,0,44000,63846.06857621016,11529.330993998883,124226.37955699975,14486.052631578947
1790301921,40,,Aggregated,0.000000,0.000000,64000,107000,120000,121000,124000,145000,145000,145000,145000,145000,145000,20,0,64000,67888.21907204964,11529.330993998883,144689.07849300012,15267.05
1790301922,40,,Aggregated,0.100000,0.000000,64000,107000,120000,121000,124000,127000,145000,145000,145000,145000,145000,21,0,64000,70700.11018542814,11529.330993998883,144689.07849300012,15770.333333333334
1790301923,40,,Aggregated,0.100000,0.000000,64000,107000,120000,121000,124000,127000,145000,145000,145000,145000,145000,21,0,64000,70700.11018542814,11529.330993998883,144689.07849300012,15770.333333333334
1790301924,40,,Aggregated,0.100000,0.000000,64000,107000,120000,121000,124000,127000,145000,145000,145000,145000,145000,21,0,64000,70700.11018542814,11529.330993998883,144689.07849300012,15770.333333333334
1790301925,40,,Aggregated,0.100000,0.000000,64000,107000,120000,121000,124000,127000,145000,145000,145000,145000,145000,21,0,64000,70700.11018542814,11529.330993998883,144689.07849300012,15770.333333333334
1790301926,40,,Aggregated,0.100000,0.000000,64000,107000,120000,121000,124000,127000,145000,145000,145000,145000,145000,21,0,64000,70700.11018542814,11529.330993998883,144689.07849300012,15770.333333333334
1790301927,40,,Aggregated,0.100000,0.000000,64000,107000,120000,121000,124000,127000,145000,145000,145000,145000,145000,21,0,64000,70700.11018542814,11529.330993998883,144689.07849300012,15770.333333333334
1790301928,40,,Aggregated,0.100000,0.000000,64000,107000,120000,121000,124000,127000,145000,145000,145000,145000,145000,21,0,64000,70700.11018542814,11529.330993998883,144689.07849300012,15770.333333333334
1790301929,40,,Aggregated,0.100000,0.000000,64000,107000,120000,121000,124000,127000,145000,145000,145000,145000,145000,21,0,64000,70700.11018542814,11529.330993998883,144689.07849300012,15770.333333333334
1790301930,40,,Aggregated,0.100000,0.000000,64000,107000,120000,121000,124000,127000,145000,145000,145000,145000,145000,21,0,64000,70700.11018542814,11529.330993998883,144689.07849300012,15770.333333333334
1790301931,40,,Aggregated,0.300000,0.000000,96000,120000,124000,124000,141000,145000,155000,155000,155000,155000,155000,23,0,96000,77438.76654617347,11529.330993998883,155166.72983999888,16755.0
1790301932,40,,Aggregated,0.300000,0.000000,96000,120000,124000,124000,141000,145000,155000,155000,155000,155000,155000,23,0,96000,77438.76654617347,11529.330993998883,155166.72983999888,16755.0
1790301933,40,,Aggregated,0.300000,0.000000,96000,120000,124000,124000,141000,145000,155000,155000,155000,155000,155000,23,0,96000,77438.76654617347,11529.330993998883,155166.72983999888,16755.0
1790301934,40,,Aggregated,0.300000,0.000000,98000,121000,124000,141000,155000,157000,158000,158000,158000,158000,158000,25,0,98000,83863.12077543959,11529.330993998883,158145.71008599887,17633.72
1790301935,40,,Aggregated,0.300000,0.000000,98000,121000,124000,141000,155000,157000,158000,158000,158000,158000,158000,25,0,98000,83863.12077543959,11529.330993998883,158145.71008599887,17633.72
1790301936,40,,Aggregated,0.300000,0.000000,98000,121000,124000,141000,155000,157000,158000,158000,158000,158000,158000,25,0,98000,83863.12077543959,11529.330993998883,158145.71008599887,17633.72
1790301937,40,,Aggregated,0.300000,0.000000,107000,124000,127000,141000,157000,158000,160000,160000,160000,160000,160000,26,0,107000,86793.5854957303,11529.330993998883,160055.20350299776,18239.923076923078
1790301938,40,,Aggregated,0.300000,0.000000,107000,124000,127000,141000,157000,158000,160000,160000,160000,160000,160000,26,0,107000,86793.5854957303,11529.330993998883,160055.20350299776,18239.923076923078
1790301939,40,,Aggregated,0.500000,0.000000,107000,124000,141000,145000,158000,160000,163000,163000,163000,163000,163000,27,0,107000,89604.9531758515,11529.330993998883,162700.51285900263,18651.88888888889
1790301940,40,,Aggregated,0.500000,0.000000,118000,124000,145000,155000,160000,163000,163000,163000,163000,163000,163000,28,0,118000,92240.92482499963,11529.330993998883,163412.15935199943,19177.821428571428
1790301941,40,,Aggregated,0.500000,0.000000,118000,124000,145000,155000,160000,163000,163000,163000,163000,163000,163000,28,0,118000,92240.92482499963,11529.330993998883,163412.15935199943,19177.821428571428
1790301942,40,,Aggregated,0.500000,0.000000,118000,124000,145000,155000,160000,163000,163000,163000,163000,163000,163000,28,0,118000,92240.92482499963,11529.330993998883,163412.15935199943,19177.821428571428
1790301943,40,,Aggregated,0.600000,0.000000,118000,127000,145000,157000,163000,163000,166000,166000,166000,166000,166000,29,0,118000,94791.19009282732,11529.330993998883,166198.61759200285,19721.758620689656
1790301944,40,,Aggregated,0.600000,0.000000,118000,127000,145000,157000,163000,163000,166000,166000,166000,166000,166000,29,0,118000,94791.19009282732,11529.330993998883,166198.61759200285,19721.758620689656
1790301945,40,,Aggregated,0.600000,0.000000,120000,127000,155000,158000,163000,166000,169000,169000,169000,169000,169000,30,0,120000,97260.39399833303,11529.330993998883,168867.30725799862,20189.7
1790301946,40,,Aggregated,0.500000,0.000000,121000,145000,158000,160000,166000,170000,171000,171000,171000,171000,171000,32,0,121000,101817.690784531,11529.330993998883,170663.61092599982,21058.9375
1790301947,40,,Aggregated,0.500000,0.000000,121000,145000,158000,160000,166000,170000,171000,171000,171000,171000,171000,32,0,121000,101817.690784531,11529.330993998883,170663.61092599982,21058.9375
1790301948,40,,Aggregated,0.500000,0.000000,121000,145000,158000,163000,169000,171000,173000,173000,173000,173000,173000,33,0,121000,103968.35646796942,11529.330993998883,172789.65833799884,21468.939393939392
1790301949,40,,Aggregated,0.600000,0.000000,124000,155000,159000,163000,169000,171000,173000,173000,173000,173000,173000,34,0,124000,105579.64119691153,11529.330993998883,172789.65833799884,21819.735294117647
1790301950,40,,Aggregated,0.600000,0.000000,124000,157000,160000,163000,170000,173000,174000,174000,174000,174000,174000,35,0,124000,107536.32978622834,11529.330993998883,174063.74182299987,22221.257142857143
1790301951,40,,Aggregated,0.700000,0.000000,124000,158000,163000,166000,173000,174000,176000,176000,176000,176000,176000,37,0,124000,111187.08520170242,11529.330993998883,175843.00467600042,22987.567567567567
1790301952,40,,Aggregated,0.700000,0.000000,124000,158000,163000,166000,173000,174000,176000,176000,176000,176000,176000,37,0,124000,111187.08520170242,11529.330993998883,175843.00467600042,22987.567567567567
1790301953,40,,Aggregated,0.700000,0.000000,124000,158000,163000,166000,173000,174000,176000,176000,176000,176000,176000,37,0,124000,111187.08520170242,11529.330993998883,175843.00467600042,22987.567567567567
1790301954,40,,Aggregated,0.700000,0.000000,124000,158000,163000,166000,173000,174000,176000,176000,176000,176000,176000,37,0,124000,111187.08520170242,11529.330993998883,175843.00467600042,22987.567567567567
1790301955,40,,Aggregated,0.700000,0.000000,124000,158000,163000,166000,173000,174000,176000,176000,176000,176000,176000,37,0,124000,111187.08520170242,11529.330993998883,175843.00467600042,22987.567567567567
1790301956,40,,Aggregated,0.700000,0.000000,124000,158000,163000,166000,173000,174000,176000,176000,176000,176000,176000,37,0,124000,111187.08520170242,11529.330993998883,175843.00467600042,22987.567567567567
1790301957,40,,Aggregated,0.800000,0.000000,127000,159000,166000,170000,174000,182000,182000,182000,182000,182000,182000,39,0,127000,114803.47345664077,11529.330993998883,181710.0904400031,23771.871794871793
1790301958,40,,Aggregated,0.800000,0.000000,127000,159000,166000,170000,174000,182000,182000,182000,182000,182000,182000,39,0,127000,114803.47345664077,11529.330993998883,181710.0904400031,23771.871794871793
1790301959,40,,Aggregated,0.800000,0.000000,127000,159000,166000,170000,174000,182000,182000,182000,182000,182000,182000,39,0,127000,114803.47345664077,11529.330993998883,181710.0904400031,23771.871794871793
1790301960,40,,Aggregated,0.800000,0.000000,127000,159000,166000,170000,174000,182000,182000,182000,182000,182000,182000,39,0,127000,114803.47345664077,11529.330993998883,181710.0904400031,23771.871794871793
1790301961,40,,Aggregated,0.600000,0.000000,145000,163000,171000,174000,182000,185000,186000,186000,186000,186000,186000,43,0,145000,121369.97196651135,11529.330993998883,186024.16022300167,24887.767441860466
1790301962,40,,Aggregated,0.600000,0.000000,145000,163000,171000,174000,182000,185000,186000,186000,186000,186000,186000,43,0,145000,121369.97196651135,11529.330993998883,186024.16022300167,24887.767441860466
1790301963,40,,Aggregated,0.300000,0.000000,155000,166000,173000,174000,184000,186000,188000,188000,188000,188000,188000,44,0,155000,122881.08814761337,11529.330993998883,187859.08393499994,25220.25
1790301964,40,,Aggregated,0.300000,0.000000,155000,166000,173000,174000,184000,186000,188000,188000,188000,188000,188000,44,0,155000,122881.08814761337,11529.330993998883,187859.08393499994,25220.25
1790301965,40,,Aggregated,0.300000,0.000000,155000,166000,173000,174000,184000,186000,188000,188000,188000,188000,188000,44,0,155000,122881.08814761337,11529.330993998883,187859.08393499994,25220.25
1790301966,40,,Aggregated,0.600000,0.000000,155000,166000,173000,176000,185000,186000,189000,189000,189000,189000,189000,45,0,155000,124352.98043953313,11529.330993998883,189116.24128400217,25442.911111111112
1790301967,40,,Aggregated,0.600000,0.000000,155000,166000,173000,176000,185000,186000,189000,189000,189000,189000,189000,45,0,155000,124352.98043953313,11529.330993998883,189116.24128400217,25442.911111111112
1790301968,40,,Aggregated,0.600000,0.000000,155000,166000,173000,176000,185000,186000,189000,189000,189000,189000,189000,45,0,155000,124352.98043953313,11529.330993998883,189116.24128400217,25442.911111111112
1790301969,40,,Aggregated,0.800000,0.000000,155000,166000,173000,174000,185000,186000,189000,189000,189000,189000,189000,46,0,155000,122109.41527476064,11529.330993998883,189116.24128400217,25019.260869565216
1790301970,40,,Aggregated,0.800000,0.000000,155000,166000,173000,174000,185000,186000,189000,189000,189000,189000,189000,46,0,155000,122109.41527476064,11529.330993998883,189116.24128400217,25019.260869565216
1790301971,40,,Aggregated,0.800000,0.000000,155000,166000,173000,174000,185000,186000,189000,189000,189000,189000,189000,46,0,155000,122109.41527476064,11529.330993998883,189116.24128400217,25019.260869565216
1790301972,40,,Aggregated,0.800000,0.000000,155000,166000,173000,174000,185000,186000,189000,189000,189000,189000,189000,46,0,155000,122109.41527476064,11529.330993998883,189116.24128400217,25019.260869565216
1790301973,40,,Aggregated,0.700000,0.000000,155000,169000,174000,176000,185000,186000,189000,189000,189000,189000,189000,47,0,155000,123291.40271599981,11529.330993998883,189116.24128400217,25249.893617021276
1790301974,40,,Aggregated,0.700000,0.000000,155000,169000,174000,176000,185000,186000,189000,189000,189000,189000,189000,47,0,155000,123291.40271599981,11529.330993998883,189116.24128400217,25249.893617021276
1790301975,40,,Aggregated,0.700000,0.000000,155000,169000,174000,176000,185000,186000,189000,189000,189000,189000,189000,47,0,155000,123291.40271599981,11529.330993998883,189116.24128400217,25249.893617021276
1790301976,40,,Aggregated,0.700000,0.000000,155000,169000,174000,176000,185000,186000,189000,189000,189000,189000,189000,47,0,155000,123291.40271599981,11529.330993998883,189116.24128400217,25249.893617021276
1790301977,40,,Aggregated,0.700000,0.000000,155000,169000,174000,176000,185000,186000,189000,189000,189000,189000,189000,47,0,155000,123291.40271599981,11529.330993998883,189116.24128400217,25249.893617021276
1790301978,40,,Aggregated,0.200000,0.000000,157000,166000,174000,176000,185000,186000,189000,189000,189000,189000,189000,48,0,157000,123995.31186872891,11529.330993998883,189116.24128400217,25346.541666666668
1790301979,40,,Aggregated,0.200000,0.000000,155000,166000,173000,176000,185000,186000,189000,189000,189000,189000,189000,49,0,155000,123563.85234228552,11529.330993998883,189116.24128400217,25254.163265306124
1790301980,40,,Aggregated,0.200000,0.000000,155000,166000,173000,176000,185000,186000,189000,189000,189000,189000,189000,49,0,155000,123563.85234228552,11529.330993998883,189116.24128400217,25254.163265306124
1790301981,40,,Aggregated,0.200000,0.000000,155000,166000,173000,176000,185000,186000,189000,189000,189000,189000,189000,49,0,155000,123563.85234228552,11529.330993998883,189116.24128400217,25254.163265306124
1790301982,40,,Aggregated,0.200000,0.000000,155000,166000,173000,176000,185000,186000,189000,189000,189000,189000,189000,49,0,155000,123563.85234228552,11529.330993998883,189116.24128400217,25254.163265306124
1790301983,40,,Aggregated,0.200000,0.000000,155000,166000,173000,176000,185000,186000,189000,189000,189000,189000,189000,49,0,155000,123563.85234228552,11529.330993998883,189116.24128400217,25254.163265306124
1790301984,40,,Aggregated,0.200000,0.000000,155000,166000,173000,176000,185000,186000,189000,189000,189000,189000,189000,49,0,155000,123563.85234228552,11529.330993998883,189116.24128400217,25254.163265306124
1790301985,40,,Aggregated,0.200000,0.000000,155000,166000,173000,176000,185000,186000,189000,189000,189000,189000,189000,49,0,155000,123563.85234228552,11529.330993998883,189116.24128400217,25254.163265306124
1790301986,40,,Aggregated,0.200000,0.000000,155000,166000,173000,176000,185000,186000,189000,189000,189000,189000,189000,50,0,155000,121473.52301251987,11529.330993998883,189116.24128400217,24857.16
1790301987,40,,Aggregated,0.200000,0.000000,155000,166000,174000,176000,185000,188000,188000,189000,189000,189000,189000,51,0,155000,122774.0021077254,11529.330993998883,189116.24128400217,25104.470588235294
1790301988,40,,Aggregated,0.200000,0.000000,155000,166000,174000,176000,185000,188000,188000,189000,189000,189000,189000,51,0,155000,122774.0021077254,11529.330993998883,189116.24128400217,25104.470588235294
1790301989,40,,Aggregated,0.200000,0.000000,155000,166000,174000,176000,185000,188000,188000,189000,189000,189000,189000,51,0,155000,122774.0021077254,11529.330993998883,189116.24128400217,25104.470588235294
1790301990,40,,Aggregated,0.400000,0.000000,157000,169000,174000,178000,185000,188000,188000,189000,189000,189000,189000,52,0,157000,123831.49782673075,11529.330993998883,189116.24128400217,25310.26923076923
1790301991,40,,Aggregated,0.400000,0.000000,157000,169000,174000,178000,185000,188000,188000,189000,189000,189000,189000,52,0,157000,123831.49782673075,11529.330993998883,189116.24128400217,25310.26923076923
1790301992,40,,Aggregated,0.400000,0.000000,157000,169000,174000,178000,185000,188000,188000,189000,189000,189000,189000,52,0,157000,123831.49782673075,11529.330993998883,189116.24128400217,25310.26923076923
1790301993,40,,Aggregated,0.400000,0.000000,157000,169000,174000,178000,185000,188000,188000,189000,189000,189000,189000,52,0,157000,123831.49782673075,11529.330993998883,189116.24128400217,25310.26923076923
1790301994,40,,Aggregated,0.400000,0.000000,157000,169000,174000,178000,185000,188000,188000,189000,189000,189000,189000,52,0,157000,123831.49782673075,11529.330993998883,189116.24128400217,25310.26923076923
1790301995,40,,Aggregated,0.400000,0.000000,157000,169000,174000,178000,185000,188000,188000,189000,189000,189000,189000,52,0,157000,123831.49782673075,11529.330993998883,189116.24128400217,25310.26923076923
1790301996,40,,Aggregated,0.400000,0.000000,157000,169000,174000,178000,185000,188000,188000,189000,189000,189000,189000,52,0,157000,123831.49782673075,11529.330993998883,189116.24128400217,25310.26923076923
1790301997,40,,Aggregated,0.400000,0.000000,157000,169000,174000,178000,185000,188000,188000,189000,189000,189000,189000,52,0,157000,123831.49782673075,11529.330993998883,189116.24128400217,25310.26923076923
1790301998,40,,Aggregated,0.400000,0.000000,157000,169000,174000,178000,185000,188000,188000,189000,189000,189000,189000,52,0,157000,123831.49782673075,11529.330993998883,189116.24128400217,25310.26923076923
1790301999,40,,Aggregated,0.400000,0.000000,157000,169000,174000,178000,185000,188000,188000,189000,189000,189000,189000,52,0,157000,123831.49782673075,11529.330993998883,189116.24128400217,25310.26923076923
1790302000,40,,Aggregated,0.400000,0.000000,157000,169000,174000,178000,185000,188000,188000,189000,189000,189000,189000,52,0,157000,123831.49782673075,11529.330993998883,189116.24128400217,25310.26923076923
1790302001,40,,Aggregated,0.400000,0.000000,157000,169000,174000,178000,185000,188000,188000,189000,189000,189000,189000,52,0,157000,123831.49782673075,11529.330993998883,189116.24128400217,25310.26923076923
1790302002,40,,Aggregated,0.400000,0.000000,157000,169000,174000,178000,185000,188000,188000,189000,189000,189000,189000,52,0,157000,123831.49782673075,11529.330993998883,189116.24128400217,25310.26923076923
1790302003,40,,Aggregated,0.400000,0.000000,157000,169000,174000,178000,185000,188000,188000,189000,189000,189000,189000,52,0,157000,123831.49782673075,11529.330993998883,189116.24128400217,25310.26923076923
1790302004,40,,Aggregated,0.000000,0.000000,157000,166000,174000,178000,185000,188000,188000,189000,189000,189000,189000,53,0,157000,124553.70726626417,11529.330993998883,189116.24128400217,25389.264150943396
1790302006,40,,Aggregated,0.000000,0.000000,157000,166000,174000,178000,185000,188000,188000,189000,189000,189000,189000,53,0,157000,124553.70726626417,11529.330993998883,189116.24128400217,25389.264150943396
1790302007,40,,Aggregated,0.000000,0.000000,157000,166000,174000,178000,185000,188000,188000,189000,189000,189000,189000,53,0,157000,124553.70726626417,11529.330993998883,189116.24128400217,25389.264150943396
1790302008,40,,Aggregated,0.000000,0.000000,157000,166000,174000,178000,185000,188000,188000,189000,189000,189000,189000,53,0,157000,124553.70726626417,11529.330993998883,189116.24128400217,25389.264150943396
1790302009,40,,Aggregated,0.000000,0.000000,157000,166000,174000,178000,185000,188000,188000,189000,189000,189000,189000,53,0,157000,124553.70726626417,11529.330993998883,189116.24128400217,25389.264150943396
1790302010,40,,Aggregated,0.000000,0.000000,157000,166000,174000,178000,185000,188000,188000,189000,189000,189000,189000,53,0,157000,124553.70726626417,11529.330993998883,189116.24128400217,25389.264150943396
1790302011,40,,Aggregated,0.000000,0.000000,157000,166000,174000,178000,185000,188000,188000,189000,189000,189000,189000,53,0,157000,124553.70726626417,11529.330993998883,189116.24128400217,25389.264150943396
1790302012,40,,Aggregated,0.000000,0.000000,157000,166000,174000,178000,185000,188000,188000,189000,189000,189000,189000,53,0,157000,124553.70726626417,11529.330993998883,189116.24128400217,25389.264150943396
1790302013,40,,Aggregated,0.000000,0.000000,157000,166000,174000,178000,185000,188000,188000,189000,189000,189000,189000,53,0,157000,124553.70726626417,11529.330993998883,189116.24128400217,25389.264150943396
1790302014,40,,Aggregated,0.000000,0.000000,157000,166000,174000,178000,185000,188000,188000,189000,189000,189000,189000,53,0,157000,124553.70726626417,11529.330993998883,189116.24128400217,25389.264150943396
1790302015,40,,Aggregated,0.000000,0.000000,157000,166000,174000,178000,185000,188000,188000,189000,189000,189000,189000,53,0,157000,124553.70726626417,11529.330993998883,189116.24128400217,25389.264150943396
1790302016,40,,Aggregated,0.000000,0.000000,157000,166000,174000,178000,185000,188000,188000,189000,189000,189000,189000,53,0,157000,124553.70726626417,11529.330993998883,189116.24128400217,25389.264150943396
1790302017,40,,Aggregated,0.000000,0.000000,157000,166000,174000,178000,185000,188000,188000,189000,189000,189000,189000,53,0,157000,124553.70726626417,11529.330993998883,189116.24128400217,25389.264150943396
1790302018,40,,Aggregated,0.000000,0.000000,157000,166000,174000,178000,185000,188000,188000,189000,189000,189000,189000,53,0,157000,124553.70726626417,11529.330993998883,189116.24128400217,25389.264150943396
1790302019,40,,Aggregated,0.000000,0.000000,157000,166000,174000,178000,185000,188000,188000,189000,189000,189000,189000,54,0,157000,123836.74878490741,11529.330993998883,189116.24128400217,25220.074074074073
1790302020,40,,Aggregated,0.000000,0.000000,157000,166000,174000,178000,185000,188000,188000,189000,189000,189000,189000,54,0,157000,123836.74878490741,11529.330993998883,189116.24128400217,25220.074074074073
1790302021,40,,Aggregated,0.000000,0.000000,157000,166000,174000,178000,185000,188000,188000,189000,189000,189000,189000,54,0,157000,123836.74878490741,11529.330993998883,189116.24128400217,25220.074074074073
1790302022,40,,Aggregated,0.000000,0.000000,157000,166000,174000,178000,185000,188000,188000,189000,189000,189000,189000,54,0,157000,123836.74878490741,11529.330993998883,189116.24128400217,25220.074074074073
1790302023,40,,Aggregated,0.000000,0.000000,157000,166000,174000,178000,185000,188000,188000,189000,189000,189000,189000,54,0,157000,123836.74878490741,11529.330993998883,189116.24128400217,25220.074074074073
1790302024,40,,Aggregated,0.000000,0.000000,157000,166000,174000,178000,185000,188000,188000,189000,189000,189000,189000,54,0,157000,123836.74878490741,11529.330993998883,189116.24128400217,25220.074074074073
1790302025,40,,Aggregated,0.100000,0.000000,155000,163000,174000,176000,185000,188000,188000,189000,189000,189000,189000,56,0,155000,122119.72364389288,11529.330993998883,189116.24128400217,24905.839285714286
1790302026,40,,Aggregated,0.100000,0.000000,155000,163000,174000,176000,185000,188000,188000,189000,189000,189000,189000,56,0,155000,122119.72364389288,11529.330993998883,189116.24128400217,24905.839285714286
1790302027,40,,Aggregated,0.100000,0.000000,155000,163000,174000,176000,185000,188000,188000,189000,189000,189000,189000,56,0,155000,122119.72364389288,11529.330993998883,189116.24128400217,24905.839285714286
1790302028,40,,Aggregated,0.100000,0.000000,155000,163000,174000,176000,185000,188000,188000,189000,189000,189000,189000,56,0,155000,122119.72364389288,11529.330993998883,189116.24128400217,24905.839285714286
1790302029,40,,Aggregated,0.100000,0.000000,155000,163000,174000,176000,185000,188000,188000,189000,189000,189000,189000,56,0,155000,122119.72364389288,11529.330993998883,189116.24128400217,24905.839285714286
1790302030,40,,Aggregated,0.100000,0.000000,155000,163000,174000,176000,185000,188000,188000,189000,189000,189000,189000,56,0,155000,122119.72364389288,11529.330993998883,189116.24128400217,24905.839285714286
1790302031,40,,Aggregated,0.100000,0.000000,155000,163000,174000,176000,185000,188000,188000,189000,189000,189000,189000,56,0,155000,122119.72364389288,11529.330993998883,189116.24128400217,24905.839285714286
1790302032,40,,Aggregated,0.100000,0.000000,155000,163000,174000,176000,185000,188000,188000,189000,189000,189000,189000,56,0,155000,122119.72364389288,11529.330993998883,189116.24128400217,24905.839285714286
1790302033,40,,Aggregated,0.200000,0.000000,155000,166000,174000,178000,186000,188000,189000,194000,194000,194000,194000,57,0,155000,123374.50804180697,11529.330993998883,193642.43432499643,25035.070175438595
1790302034,40,,Aggregated,0.200000,0.000000,155000,166000,174000,178000,186000,188000,189000,194000,194000,194000,194000,57,0,155000,123374.50804180697,11529.330993998883,193642.43432499643,25035.070175438595
1790302035,40,,Aggregated,0.200000,0.000000,155000,166000,174000,178000,186000,188000,189000,194000,194000,194000,194000,57,0,155000,123374.50804180697,11529.330993998883,193642.43432499643,25035.070175438595
1790302036,40,,Aggregated,0.200000,0.000000,155000,166000,174000,178000,186000,188000,189000,194000,194000,194000,194000,57,0,155000,123374.50804180697,11529.330993998883,193642.43432499643,25035.070175438595
1790302037,40,,Aggregated,0.200000,0.000000,155000,166000,174000,178000,186000,188000,189000,194000,194000,194000,194000,57,0,155000,123374.50804180697,11529.330993998883,193642.43432499643,25035.070175438595
1790302038,40,,Aggregated,0.200000,0.000000,155000,166000,174000,178000,186000,188000,189000,194000,194000,194000,194000,57,0,155000,123374.50804180697,11529.330993998883,193642.43432499643,25035.070175438595
1790302039,40,,Aggregated,0.100000,0.000000,155000,166000,174000,178000,186000,188000,189000,194000,194000,194000,194000,58,0,155000,122911.61359018958,11529.330993998883,193642.43432499643,24970.327586206895
1790302040,40,,Aggregated,0.100000,0.000000,155000,166000,174000,178000,186000,188000,189000,194000,194000,194000,194000,58,0,155000,122911.61359018958,11529.330993998883,193642.43432499643,24970.327586206895
1790302041,40,,Aggregated,0.100000,0.000000,155000,166000,174000,178000,186000,188000,189000,194000,194000,194000,194000,58,0,155000,122911.61359018958,11529.330993998883,193642.43432499643,24970.327586206895
1790302042,40,,Aggregated,0.100000,0.000000,155000,166000,174000,178000,186000,188000,189000,194000,194000,194000,194000,58,0,155000,122911.61359018958,11529.330993998883,193642.43432499643,24970.327586206895
1790302043,40,,Aggregated,0.100000,0.000000,155000,166000,174000,178000,186000,188000,189000,194000,194000,194000,194000,58,0,155000,122911.61359018958,11529.330993998883,193642.43432499643,24970.327586206895
1790302044,40,,Aggregated,0.100000,0.000000,155000,166000,174000,178000,186000,188000,189000,194000,194000,194000,194000,58,0,155000,122911.61359018958,11529.330993998883,193642.43432499643,24970.327586206895
1790302045,40,,Aggregated,0.100000,0.000000,155000,166000,174000,178000,186000,188000,189000,194000,194000,194000,194000,58,0,155000,122911.61359018958,11529.330993998883,193642.43432499643,24970.327586206895
1790302046,40,,Aggregated,0.100000,0.000000,155000,166000,174000,178000,186000,188000,189000,194000,194000,194000,194000,58,0,155000,122911.61359018958,11529.330993998883,193642.43432499643,24970.327586206895
1790302047,40,,Aggregated,0.100000,0.000000,155000,166000,174000,178000,186000,188000,189000,194000,194000,194000,194000,58,0,155000,122911.61359018958,11529.330993998883,193642.43432499643,24970.327586206895
1790302048,40,,Aggregated,0.100000,0.000000,155000,166000,174000,178000,186000,188000,189000,194000,194000,194000,194000,58,0,155000,122911.61359018958,11529.330993998883,193642.43432499643,24970.327586206895
1790302049,40,,Aggregated,0.100000,0.000000,155000,166000,174000,178000,186000,188000,189000,194000,194000,194000,194000,58,0,155000,122911.61359018958,11529.330993998883,193642.43432499643,24970.327586206895
1790302050,40,,Aggregated,0.100000,0.000000,155000,166000,174000,178000,186000,188000,189000,194000,194000,194000,194000,58,0,155000,122911.61359018958,11529.330993998883,193642.43432499643,24970.327586206895
1790302051,40,,Aggregated,0.100000,0.000000,155000,166000,174000,178000,186000,188000,189000,194000,194000,194000,194000,58,0,155000,122911.61359018958,11529.330993998883,193642.43432499643,24970.327586206895
1790302052,40,,Aggregated,0.000000,0.000000,157000,168000,174000,178000,186000,188000,189000,194000,194000,194000,194000,60,0,157000,124604.28201326655,11529.330993998883,193642.43432499643,25279.233333333334
1790302053,40,,Aggregated,0.000000,0.000000,157000,168000,174000,178000,186000,188000,189000,194000,194000,194000,194000,60,0,157000,124604.28201326655,11529.330993998883,193642.43432499643,25279.233333333334
1790302054,40,,Aggregated,0.000000,0.000000,157000,168000,174000,178000,186000,188000,189000,194000,194000,194000,194000,60,0,157000,124604.28201326655,11529.330993998883,193642.43432499643,25279.233333333334
1790302055,40,,Aggregated,0.000000,0.000000,157000,168000,174000,178000,186000,188000,189000,194000,194000,194000,194000,60,0,157000,124604.28201326655,11529.330993998883,193642.43432499643,25279.233333333334
1790302056,40,,Aggregated,0.000000,0.000000,157000,168000,174000,178000,186000,188000,189000,194000,194000,194000,194000,60,0,157000,124604.28201326655,11529.330993998883,193642.43432499643,25279.233333333334
1790302057,40,,Aggregated,0.000000,0.000000,157000,168000,174000,178000,186000,188000,189000,194000,194000,194000,194000,60,0,157000,124604.28201326655,11529.330993998883,193642.43432499643,25279.233333333334
1790302058,40,,Aggregated,0.000000,0.000000,157000,168000,174000,178000,186000,188000,189000,194000,194000,194000,194000,60,0,157000,124604.28201326655,11529.330993998883,193642.43432499643,25279.233333333334
1790302059,40,,Aggregated,0.000000,0.000000,157000,168000,174000,178000,186000,188000,189000,194000,194000,194000,194000,60,0,157000,124604.28201326655,11529.330993998883,193642.43432499643,25279.233333333334
1790302060,40,,Aggregated,0.000000,0.000000,157000,168000,174000,178000,186000,188000,189000,194000,194000,194000,194000,60,0,157000,124604.28201326655,11529.330993998883,193642.43432499643,25279.233333333334
1790302061,40,,Aggregated,0.200000,0.000000,157000,168000,174000,178000,185000,188000,189000,194000,194000,194000,194000,61,0,157000,125175.2670717703,11529.330993998883,193642.43432499643,25368.983606557376
1790302062,40,,Aggregated,0.200000,0.000000,157000,168000,174000,178000,185000,188000,189000,194000,194000,194000,194000,61,0,157000,125175.2670717703,11529.330993998883,193642.43432499643,25368.983606557376
1790302063,40,,Aggregated,0.200000,0.000000,157000,168000,174000,178000,185000,188000,189000,194000,194000,194000,194000,61,0,157000,125175.2670717703,11529.330993998883,193642.43432499643,25368.983606557376
1790302064,40,,Aggregated,0.200000,0.000000,157000,168000,174000,178000,185000,188000,189000,194000,194000,194000,194000,61,0,157000,125175.2670717703,11529.330993998883,193642.43432499643,25368.983606557376
1790302065,40,,Aggregated,0.200000,0.000000,157000,168000,174000,178000,185000,188000,189000,194000,194000,194000,194000,61,0,157000,125175.2670717703,11529.330993998883,193642.43432499643,25368.983606557376
1790302066,40,,Aggregated,0.200000,0.000000,157000,168000,174000,178000,185000,188000,189000,194000,194000,194000,194000,61,0,157000,125175.2670717703,11529.330993998883,193642.43432499643,25368.983606557376
1790302067,40,,Aggregated,0.200000,0.000000,157000,168000,174000,178000,185000,188000,189000,194000,194000,194000,194000,61,0,157000,125175.2670717703,11529.330993998883,193642.43432499643,25368.983606557376
1790302068,40,,Aggregated,0.200000,0.000000,157000,168000,174000,178000,185000,188000,189000,194000,194000,194000,194000,61,0,157000,125175.2670717703,11529.330993998883,193642.43432499643,25368.983606557376
1790302069,40,,Aggregated,0.200000,0.000000,157000,168000,174000,178000,185000,188000,189000,194000,194000,194000,194000,61,0,157000,125175.2670717703,11529.330993998883,193642.43432499643,25368.983606557376
1790302070,40,,Aggregated,0.200000,0.000000,157000,168000,174000,178000,185000,188000,189000,194000,194000,194000,194000,61,0,157000,125175.2670717703,11529.330993998883,193642.43432499643,25368.983606557376
1790302071,40,,Aggregated,0.200000,0.000000,157000,168000,174000,178000,185000,188000,189000,194000,194000,194000,194000,61,0,157000,125175.2670717703,11529.330993998883,193642.43432499643,25368.983606557376
1790302072,40,,Aggregated,0.200000,0.000000,157000,168000,174000,178000,185000,188000,189000,194000,194000,194000,194000,61,0,157000,125175.2670717703,11529.330993998883,193642.43432499643,25368.983606557376
1790302073,40,,Aggregated,0.200000,0.000000,157000,168000,174000,178000,185000,188000,189000,194000,194000,194000,194000,61,0,157000,125175.2670717703,11529.330993998883,193642.43432499643,25368.983606557376
1790302074,40,,Aggregated,0.200000,0.000000,157000,168000,174000,178000,185000,188000,189000,194000,194000,194000,194000,61,0,157000,125175.2670717703,11529.330993998883,193642.43432499643,25368.983606557376
1790302075,40,,Aggregated,0.200000,0.000000,157000,168000,174000,178000,185000,188000,189000,194000,194000,194000,194000,61,0,157000,125175.2670717703,11529.330993998883,193642.43432499643,25368.983606557376
1790302076,40,,Aggregated,0.000000,0.000000,157000,168000,174000,178000,185000,188000,189000,194000,194000,194000,194000,62,0,157000,126037.43146596759,11529.330993998883,193642.43432499643,25523.516129032258
1790302077,40,,Aggregated,0.000000,0.000000,157000,168000,174000,178000,185000,188000,189000,194000,194000,194000,194000,62,0,157000,126037.43146596759,11529.330993998883,193642.43432499643,25523.516129032258
1790302078,40,,Aggregated,0.000000,0.000000,157000,168000,174000,178000,185000,188000,189000,194000,194000,194000,194000,62,0,157000,126037.43146596759,11529.330993998883,193642.43432499643,25523.516129032258
1790302079,40,,Aggregated,0.100000,0.000000,157000,169000,176000,179000,185000,188000,189000,194000,194000,194000,194000,63,0,157000,126930.98045458713,11529.330993998883,193642.43432499643,25673.968253968254
1790302080,40,,Aggregated,0.100000,0.000000,157000,169000,176000,179000,185000,188000,189000,194000,194000,194000,194000,63,0,157000,126930.98045458713,11529.330993998883,193642.43432499643,25673.968253968254
1790302081,40,,Aggregated,0.100000,0.000000,157000,169000,176000,179000,185000,188000,189000,194000,194000,194000,194000,63,0,157000,126930.98045458713,11529.330993998883,193642.43432499643,25673.968253968254
1790302082,40,,Aggregated,0.100000,0.000000,157000,169000,176000,179000,185000,188000,189000,194000,194000,194000,194000,63,0,157000,126930.98045458713,11529.330993998883,193642.43432499643,25673.968253968254
1790302083,40,,Aggregated,0.100000,0.000000,157000,169000,176000,179000,185000,188000,189000,194000,194000,194000,194000,63,0,157000,126930.98045458713,11529.330993998883,193642.43432499643,25673.968253968254
1790302084,40,,Aggregated,0.100000,0.000000,157000,169000,176000,179000,185000,188000,189000,194000,194000,194000,194000,63,0,157000,126930.98045458713,11529.330993998883,193642.43432499643,25673.968253968254
1790302085,40,,Aggregated,0.100000,0.000000,157000,169000,176000,179000,185000,188000,189000,194000,194000,194000,194000,63,0,157000,126930.98045458713,11529.330993998883,193642.43432499643,25673.968253968254
1790302086,40,,Aggregated,0.100000,0.000000,157000,169000,176000,179000,185000,188000,189000,194000,194000,194000,194000,63,0,157000,126930.98045458713,11529.330993998883,193642.43432499643,25673.968253968254
1790302087,40,,Aggregated,0.100000,0.000000,157000,169000,176000,179000,185000,188000,189000,194000,194000,194000,194000,63,0,157000,126930.98045458713,11529.330993998883,193642.43432499643,25673.968253968254
1790302088,40,,Aggregated,0.100000,0.000000,157000,169000,176000,179000,185000,188000,189000,194000,194000,194000,194000,63,0,157000,126930.98045458713,11529.330993998883,193642.43432499643,25673.968253968254
1790302089,40,,Aggregated,0.100000,0.000000,158000,170000,178000,179000,186000,188000,189000,194000,194000,194000,194000,64,0,158000,127874.45749023414,11529.330993998883,193642.43432499643,25839.78125
1790302090,40,,Aggregated,0.100000,0.000000,158000,170000,178000,179000,186000,188000,189000,194000,194000,194000,194000,64,0,158000,127874.45749023414,11529.330993998883,193642.43432499643,25839.78125
1790302091,40,,Aggregated,0.100000,0.000000,158000,169000,176000,179000,186000,188000,189000,194000,194000,194000,194000,65,0,158000,128488.56038799977,11529.330993998883,193642.43432499643,25960.476923076923
1790302092,40,,Aggregated,0.100000,0.000000,159000,170000,176000,179000,186000,188000,189000,194000,194000,194000,194000,66,0,159000,129146.34037086337,11529.330993998883,193642.43432499643,26068.469696969696
1790302093,40,,Aggregated,0.100000,0.000000,159000,170000,176000,179000,186000,188000,189000,194000,194000,194000,194000,66,0,159000,129146.34037086337,11529.330993998883,193642.43432499643,26068.469696969696
1790302094,40,,Aggregated,0.100000,0.000000,159000,170000,176000,179000,186000,188000,189000,194000,194000,194000,194000,66,0,159000,129146.34037086337,11529.330993998883,193642.43432499643,26068.469696969696
1790302095,40,,Aggregated,0.100000,0.000000,159000,170000,176000,179000,186000,188000,189000,194000,194000,194000,194000,66,0,159000,129146.34037086337,11529.330993998883,193642.43432499643,26068.469696969696
1790302096,40,,Aggregated,0.100000,0.000000,159000,170000,176000,179000,186000,188000,189000,194000,194000,194000,194000,66,0,159000,129146.34037086337,11529.330993998883,193642.43432499643,26068.469696969696
1790302097,40,,Aggregated,0.100000,0.000000,159000,170000,176000,179000,186000,188000,189000,194000,194000,194000,194000,66,0,159000,129146.34037086337,11529.330993998883,193642.43432499643,26068.469696969696
1790302098,40,,Aggregated,0.300000,0.000000,158000,170000,176000,179000,186000,188000,189000,194000,194000,194000,194000,67,0,158000,127467.43453525349,11529.330993998883,193642.43432499643,25746.611940298506
1790302099,40,,Aggregated,0.300000,0.000000,158000,170000,176000,179000,186000,188000,189000,194000,194000,194000,194000,67,0,158000,127467.43453525349,11529.330993998883,193642.43432499643,25746.611940298506
1790302100,40,,Aggregated,0.300000,0.000000,159000,169000,176000,179000,186000,188000,189000,194000,194000,194000,194000,68,0,159000,128014.90042491155,11529.330993998883,193642.43432499643,25825.897058823528
1790302101,40,,Aggregated,0.400000,0.000000,159000,169000,174000,179000,186000,188000,189000,194000,194000,194000,194000,69,0,159000,128492.31888975343,11529.330993998883,193642.43432499643,25927.0
1790302102,40,,Aggregated,0.400000,0.000000,159000,169000,174000,179000,186000,188000,189000,194000,194000,194000,194000,69,0,159000,128492.31888975343,11529.330993998883,193642.43432499643,25927.0
1790302103,40,,Aggregated,0.400000,0.000000,159000,169000,174000,179000,186000,188000,189000,194000,194000,194000,194000,69,0,159000,128492.31888975343,11529.330993998883,193642.43432499643,25927.0
1790302104,40,,Aggregated,0.400000,0.000000,159000,169000,174000,179000,186000,188000,189000,194000,194000,194000,194000,69,0,159000,128492.31888975343,11529.330993998883,193642.43432499643,25927.0
1790302105,40,,Aggregated,0.300000,0.000000,159000,170000,176000,179000,186000,188000,189000,194000,194000,194000,194000,70,0,159000,129246.7056686284,11529.330993998883,193642.43432499643,26037.47142857143
1790302106,40,,Aggregated,0.300000,0.000000,159000,169000,176000,179000,185000,188000,189000,194000,194000,194000,194000,71,0,159000,129078.66491845054,11529.330993998883,193642.43432499643,26025.859154929578
1790302107,40,,Aggregated,0.300000,0.000000,159000,169000,176000,179000,185000,188000,189000,194000,194000,194000,194000,71,0,159000,129078.66491845054,11529.330993998883,193642.43432499643,26025.859154929578
1790302108,40,,Aggregated,0.300000,0.000000,159000,169000,176000,179000,185000,188000,189000,194000,194000,194000,194000,71,0,159000,129078.66491845054,11529.330993998883,193642.43432499643,26025.859154929578
1790302109,40,,Aggregated,0.300000,0.000000,159000,169000,176000,179000,185000,188000,189000,194000,194000,194000,194000,71,0,159000,129078.66491845054,11529.330993998883,193642.43432499643,26025.859154929578
1790302110,40,,Aggregated,0.300000,0.000000,159000,169000,176000,179000,185000,188000,189000,194000,194000,194000,194000,71,0,159000,129078.66491845054,11529.330993998883,193642.43432499643,26025.859154929578
1790302111,40,,Aggregated,0.300000,0.000000,159000,169000,176000,179000,185000,188000,189000,194000,194000,194000,194000,71,0,159000,129078.66491845054,11529.330993998883,193642.43432499643,26025.859154929578
1790302112,40,,Aggregated,0.300000,0.000000,159000,169000,176000,179000,185000,188000,189000,194000,194000,194000,194000,71,0,159000,129078.66491845054,11529.330993998883,193642.43432499643,26025.859154929578
1790302113,40,,Aggregated,0.300000,0.000000,159000,169000,176000,179000,185000,188000,189000,194000,194000,194000,194000,71,0,159000,129078.66491845054,11529.330993998883,193642.43432499643,26025.859154929578
1790302114,40,,Aggregated,0.300000,0.000000,159000,169000,176000,179000,185000,188000,189000,194000,194000,194000,194000,71,0,159000,129078.66491845054,11529.330993998883,193642.43432499643,26025.859154929578
1790302115,40,,Aggregated,0.300000,0.000000,159000,169000,176000,179000,185000,188000,189000,194000,194000,194000,194000,71,0,159000,129078.66491845054,11529.330993998883,193642.43432499643,26025.859154929578
1790302116,40,,Aggregated,0.200000,0.000000,159000,169000,176000,179000,185000,188000,189000,194000,194000,194000,194000,72,0,159000,129558.29217247205,11529.330993998883,193642.43432499643,26107.76388888889
1790302117,40,,Aggregated,0.200000,0.000000,159000,169000,176000,179000,185000,188000,189000,194000,194000,194000,194000,72,0,159000,129558.29217247205,11529.330993998883,193642.43432499643,26107.76388888889
1790302118,40,,Aggregated,0.100000,0.000000,160000,170000,174000,179000,185000,188000,189000,194000,194000,194000,194000,74,0,160000,130716.61376886463,11529.330993998883,193642.43432499643,26323.135135135137
1790302119,40,,Aggregated,0.100000,0.000000,160000,170000,174000,179000,185000,188000,189000,194000,194000,194000,194000,74,0,160000,130716.61376886463,11529.330993998883,193642.43432499643,26323.135135135137
1790302120,40,,Aggregated,0.100000,0.000000,160000,171000,176000,179000,186000,188000,189000,194000,194000,194000,194000,75,0,160000,131481.7082241998,11529.330993998883,193642.43432499643,26471.573333333334
1790302121,40,,Aggregated,0.100000,0.000000,160000,171000,176000,179000,186000,188000,189000,194000,194000,194000,194000,75,0,160000,131481.7082241998,11529.330993998883,193642.43432499643,26471.573333333334
1790302122,40,,Aggregated,0.100000,0.000000,160000,171000,176000,179000,186000,188000,189000,194000,194000,194000,194000,75,0,160000,131481.7082241998,11529.330993998883,193642.43432499643,26471.573333333334
1790302123,40,,Aggregated,0.100000,0.000000,160000,171000,176000,179000,186000,188000,189000,194000,194000,194000,194000,75,0,160000,131481.7082241998,11529.330993998883,193642.43432499643,26471.573333333334
1790302124,40,,Aggregated,0.100000,0.000000,160000,171000,176000,179000,186000,188000,189000,194000,194000,194000,194000,75,0,160000,131481.7082241998,11529.330993998883,193642.43432499643,26471.573333333334
1790302125,40,,Aggregated,0.400000,0.000000,161000,171000,174000,179000,186000,188000,189000,194000,194000,194000,194000,77,0,161000,132475.97648897386,11529.330993998883,193642.43432499643,26677.0
1790302126,40,,Aggregated,0.400000,0.000000,161000,171000,174000,179000,186000,188000,189000,194000,194000,194000,194000,77,0,161000,132475.97648897386,11529.330993998883,193642.43432499643,26677.0
1790302127,40,,Aggregated,0.500000,0.000000,163000,172000,178000,179000,186000,188000,190000,194000,194000,194000,194000,81,0,163000,134769.7411008146,11529.330993998883,193642.43432499643,27018.753086419754
1790302128,40,,Aggregated,0.500000,0.000000,163000,172000,178000,179000,186000,188000,190000,194000,194000,194000,194000,81,0,163000,134769.7411008146,11529.330993998883,193642.43432499643,27018.753086419754
1790302129,40,,Aggregated,0.500000,0.000000,163000,172000,178000,179000,186000,188000,190000,194000,194000,194000,194000,81,0,163000,134769.7411008146,11529.330993998883,193642.43432499643,27018.753086419754
1790302130,40,,Aggregated,0.500000,0.000000,163000,172000,178000,179000,186000,188000,190000,194000,194000,194000,194000,81,0,163000,134769.7411008146,11529.330993998883,193642.43432499643,27018.753086419754
1790302131,40,,Aggregated,0.500000,0.000000,163000,172000,178000,179000,186000,188000,190000,194000,194000,194000,194000,81,0,163000,134769.7411008146,11529.330993998883,193642.43432499643,27018.753086419754
1790302132,40,,Aggregated,0.500000,0.000000,163000,172000,178000,179000,186000,188000,190000,194000,194000,194000,194000,81,0,163000,134769.7411008146,11529.330993998883,193642.43432499643,27018.753086419754
1790302133,40,,Aggregated,0.500000,0.000000,163000,172000,178000,179000,186000,188000,190000,194000,194000,194000,194000,81,0,163000,134769.7411008146,11529.330993998883,193642.43432499643,27018.753086419754
1790302134,40,,Aggregated,0.500000,0.000000,163000,172000,178000,179000,186000,188000,190000,194000,194000,194000,194000,81,0,163000,134769.7411008146,11529.330993998883,193642.43432499643,27018.753086419754
1790302135,40,,Aggregated,0.600000,0.000000,163000,173000,178000,180000,186000,188000,190000,194000,194000,194000,194000,82,0,163000,135376.69899785347,11529.330993998883,193642.43432499643,27139.89024390244
1790302136,40,,Aggregated,0.600000,0.000000,163000,173000,178000,180000,186000,188000,190000,194000,194000,194000,194000,82,0,163000,135376.69899785347,11529.330993998883,193642.43432499643,27139.89024390244
1790302137,40,,Aggregated,0.600000,0.000000,163000,173000,178000,180000,186000,188000,190000,194000,194000,194000,194000,82,0,163000,135376.69899785347,11529.330993998883,193642.43432499643,27139.89024390244
1790302138,40,,Aggregated,0.500000,0.000000,163000,172000,178000,180000,186000,188000,190000,194000,194000,194000,194000,83,0,163000,135715.1784578191,11529.330993998883,193642.43432499643,27195.14457831325
1790302139,40,,Aggregated,0.500000,0.000000,163000,172000,178000,180000,186000,188000,190000,194000,194000,194000,194000,83,0,163000,135715.1784578191,11529.330993998883,193642.43432499643,27195.14457831325
1790302140,40,,Aggregated,0.500000,0.000000,163000,172000,178000,180000,186000,188000,190000,194000,194000,194000,194000,83,0,163000,135715.1784578191,11529.330993998883,193642.43432499643,27195.14457831325
1790302141,40,,Aggregated,0.500000,0.000000,163000,172000,178000,180000,186000,188000,190000,194000,194000,194000,194000,83,0,163000,135715.1784578191,11529.330993998883,193642.43432499643,27195.14457831325
1790302142,40,,Aggregated,0.200000,0.000000,163000,173000,178000,180000,186000,188000,190000,194000,194000,194000,194000,84,0,163000,136209.45954999985,11529.330993998883,193642.43432499643,27270.095238095237
1790302143,40,,Aggregated,0.200000,0.000000,163000,173000,178000,180000,186000,188000,190000,194000,194000,194000,194000,84,0,163000,136209.45954999985,11529.330993998883,193642.43432499643,27270.095238095237
1790302144,40,,Aggregated,0.200000,0.000000,163000,173000,178000,180000,186000,188000,190000,194000,194000,194000,194000,84,0,163000,136209.45954999985,11529.330993998883,193642.43432499643,27270.095238095237
1790302145,40,,Aggregated,0.200000,0.000000,163000,173000,178000,180000,186000,188000,190000,194000,194000,194000,194000,84,0,163000,136209.45954999985,11529.330993998883,193642.43432499643,27270.095238095237
1790302146,40,,Aggregated,0.300000,0.000000,164000,174000,178000,180000,186000,188000,194000,194000,194000,194000,194000,86,0,164000,137338.01982343008,11529.330993998883,193642.43432499643,27437.116279069767
1790302147,40,,Aggregated,0.300000,0.000000,164000,174000,178000,181000,186000,188000,194000,194000,194000,194000,194000,87,0,164000,137879.173733816,11529.330993998883,193642.43432499643,27538.045977011494
1790302148,40,,Aggregated,0.200000,0.000000,165000,174000,178000,182000,186000,188000,194000,194000,194000,194000,194000,89,0,165000,138755.26196910106,11529.330993998883,193642.43432499643,27745.325842696628
1790302149,40,,Aggregated,0.400000,0.000000,165000,174000,178000,182000,186000,188000,194000,194000,194000,194000,194000,90,0,165000,137729.3739268777,11529.330993998883,193642.43432499643,27540.21111111111
1790302150,40,,Aggregated,0.400000,0.000000,165000,174000,178000,182000,186000,188000,194000,194000,194000,194000,194000,90,0,165000,137729.3739268777,11529.330993998883,193642.43432499643,27540.21111111111
1790302151,40,,Aggregated,0.600000,0.000000,165000,174000,179000,182000,186000,188000,194000,194000,194000,194000,194000,91,0,165000,138283.94577396696,11529.330993998883,193642.43432499643,27647.736263736264
1790302152,40,,Aggregated,0.600000,0.000000,165000,174000,179000,182000,186000,188000,194000,194000,194000,194000,194000,91,0,165000,138283.94577396696,11529.330993998883,193642.43432499643,27647.736263736264
1790302153,40,,Aggregated,0.600000,0.000000,165000,174000,179000,182000,186000,188000,194000,194000,194000,194000,194000,91,0,165000,138283.94577396696,11529.330993998883,193642.43432499643,27647.736263736264
1790302154,40,,Aggregated,0.600000,0.000000,165000,174000,179000,182000,186000,188000,194000,194000,194000,194000,194000,91,0,165000,138283.94577396696,11529.330993998883,193642.43432499643,27647.736263736264
1790302155,40,,Aggregated,0.600000,0.000000,165000,174000,179000,182000,186000,188000,194000,194000,194000,194000,194000,91,0,165000,138283.94577396696,11529.330993998883,193642.43432499643,27647.736263736264
1790302156,40,,Aggregated,0.600000,0.000000,165000,174000,179000,182000,186000,188000,194000,194000,194000,194000,194000,91,0,165000,138283.94577396696,11529.330993998883,193642.43432499643,27647.736263736264
1790302157,40,,Aggregated,0.600000,0.000000,165000,174000,179000,182000,186000,188000,194000,194000,194000,194000,194000,91,0,165000,138283.94577396696,11529.330993998883,193642.43432499643,27647.736263736264
1790302158,40,,Aggregated,0.600000,0.000000,165000,174000,179000,182000,186000,188000,194000,194000,194000,194000,194000,91,0,165000,138283.94577396696,11529.330993998883,193642.43432499643,27647.736263736264
1790302160,40,,Aggregated,0.600000,0.000000,165000,174000,179000,182000,186000,188000,194000,194000,194000,194000,194000,91,0,165000,138283.94577396696,11529.330993998883,193642.43432499643,27647.736263736264
1790302161,40,,Aggregated,0.600000,0.000000,165000,174000,179000,182000,186000,188000,194000,194000,194000,194000,194000,91,0,165000,138283.94577396696,11529.330993998883,193642.43432499643,27647.736263736264
1790302162,40,,Aggregated,0.600000,0.000000,165000,174000,179000,182000,186000,188000,194000,194000,194000,194000,194000,91,0,165000,138283.94577396696,11529.330993998883,193642.43432499643,27647.736263736264
1790302163,40,,Aggregated,0.600000,0.000000,165000,174000,179000,182000,186000,188000,194000,194000,194000,194000,194000,91,0,165000,138283.94577396696,11529.330993998883,193642.43432499643,27647.736263736264
1790302164,40,,Aggregated,0.100000,0.000000,165000,174000,179000,182000,186000,188000,194000,194000,194000,194000,194000,92,0,165000,137255.29008303248,11529.330993998883,193642.43432499643,27456.402173913044
1790302165,40,,Aggregated,0.100000,0.000000,165000,174000,179000,182000,186000,188000,194000,194000,194000,194000,194000,92,0,165000,137255.29008303248,11529.330993998883,193642.43432499643,27456.402173913044
1790302166,40,,Aggregated,0.000000,0.000000,165000,174000,179000,182000,186000,188000,194000,194000,194000,194000,194000,93,0,165000,137768.3900516128,11529.330993998883,193642.43432499643,27577.31182795699
1790302167,40,,Aggregated,0.000000,0.000000,165000,174000,179000,182000,186000,188000,194000,194000,194000,194000,194000,93,0,165000,137768.3900516128,11529.330993998883,193642.43432499643,27577.31182795699
1790302168,40,,Aggregated,0.000000,0.000000,165000,174000,179000,182000,186000,188000,194000,194000,194000,194000,194000,93,0,165000,137768.3900516128,11529.330993998883,193642.43432499643,27577.31182795699
1790302169,40,,Aggregated,0.000000,0.000000,165000,174000,179000,182000,186000,188000,194000,194000,194000,194000,194000,93,0,165000,137768.3900516128,11529.330993998883,193642.43432499643,27577.31182795699
1790302170,40,,Aggregated,0.000000,0.000000,165000,174000,179000,182000,186000,188000,194000,194000,194000,194000,194000,93,0,165000,137768.3900516128,11529.330993998883,193642.43432499643,27577.31182795699
1790302171,40,,Aggregated,0.000000,0.000000,165000,174000,179000,182000,186000,188000,194000,194000,194000,194000,194000,93,0,165000,137768.3900516128,11529.330993998883,193642.43432499643,27577.31182795699
1790302172,40,,Aggregated,0.200000,0.000000,166000,174000,179000,182000,186000,188000,194000,194000,194000,194000,194000,94,0,166000,138070.57068120202,11529.330993998883,193642.43432499643,27614.372340425532
1790302173,40,,Aggregated,0.200000,0.000000,166000,174000,179000,182000,186000,188000,194000,194000,194000,194000,194000,94,0,166000,138070.57068120202,11529.330993998883,193642.43432499643,27614.372340425532
1790302174,40,,Aggregated,0.300000,0.000000,166000,174000,179000,182000,187000,188000,194000,194000,194000,194000,194000,95,0,166000,138584.37334572617,11529.330993998883,193642.43432499643,27716.715789473685
1790302175,40,,Aggregated,0.300000,0.000000,166000,174000,179000,182000,187000,188000,194000,194000,194000,194000,194000,95,0,166000,138584.37334572617,11529.330993998883,193642.43432499643,27716.715789473685
1790302176,40,,Aggregated,0.300000,0.000000,166000,174000,179000,182000,187000,188000,194000,194000,194000,194000,194000,95,0,166000,138584.37334572617,11529.330993998883,193642.43432499643,27716.715789473685
1790302177,40,,Aggregated,0.300000,0.000000,166000,174000,179000,182000,187000,188000,194000,194000,194000,194000,194000,95,0,166000,138584.37334572617,11529.330993998883,193642.43432499643,27716.715789473685
1790302178,40,,Aggregated,0.300000,0.000000,166000,174000,179000,182000,187000,188000,194000,194000,194000,194000,194000,95,0,166000,138584.37334572617,11529.330993998883,193642.43432499643,27716.715789473685
1790302179,40,,Aggregated,0.300000,0.000000,166000,174000,179000,182000,187000,188000,194000,194000,194000,194000,194000,95,0,166000,138584.37334572617,11529.330993998883,193642.43432499643,27716.715789473685
1790302180,40,,Aggregated,0.300000,0.000000,166000,174000,179000,182000,187000,188000,194000,194000,194000,194000,194000,95,0,166000,138584.37334572617,11529.330993998883,193642.43432499643,27716.715789473685
1790302181,40,,Aggregated,0.300000,0.000000,166000,174000,179000,182000,187000,188000,194000,194000,194000,194000,194000,95,0,166000,138584.37334572617,11529.330993998883,193642.43432499643,27716.715789473685
1790302182,40,,Aggregated,0.300000,0.000000,166000,174000,179000,182000,187000,188000,194000,194000,194000,194000,194000,95,0,166000,138584.37334572617,11529.330993998883,193642.43432499643,27716.715789473685
1790302183,40,,Aggregated,0.300000,0.000000,166000,174000,179000,182000,187000,188000,194000,194000,194000,194000,194000,95,0,166000,138584.37334572617,11529.330993998883,193642.43432499643,27716.715789473685
1790302184,40,,Aggregated,0.300000,0.000000,166000,174000,179000,182000,187000,188000,194000,194000,194000,194000,194000,95,0,166000,138584.37334572617,11529.330993998883,193642.43432499643,27716.715789473685
1790302185,40,,Aggregated,0.300000,0.000000,166000,174000,179000,182000,187000,188000,194000,194000,194000,194000,194000,95,0,166000,138584.37334572617,11529.330993998883,193642.43432499643,27716.715789473685
1790302186,40,,Aggregated,0.300000,0.000000,166000,174000,179000,182000,187000,188000,194000,194000,194000,194000,194000,95,0,166000,138584.37334572617,11529.330993998883,193642.43432499643,27716.715789473685
1790302187,40,,Aggregated,0.300000,0.000000,166000,174000,179000,182000,187000,188000,194000,194000,194000,194000,194000,95,0,166000,138584.37334572617,11529.330993998883,193642.43432499643,27716.715789473685
1790302188,40,,Aggregated,0.000000,0.000000,166000,174000,180000,182000,187000,189000,194000,195000,195000,195000,195000,96,0,166000,139170.77405719776,11529.330993998883,194878.8416469979,27805.635416666668
1790302189,40,,Aggregated,0.000000,0.000000,166000,174000,180000,182000,187000,189000,194000,195000,195000,195000,195000,96,0,166000,139170.77405719776,11529.330993998883,194878.8416469979,27805.635416666668
1790302190,40,,Aggregated,0.000000,0.000000,166000,174000,180000,182000,187000,189000,194000,195000,195000,195000,195000,96,0,166000,139170.77405719776,11529.330993998883,194878.8416469979,27805.635416666668
1790302191,40,,Aggregated,0.000000,0.000000,166000,174000,180000,182000,187000,189000,194000,195000,195000,195000,195000,96,0,166000,139170.77405719776,11529.330993998883,194878.8416469979,27805.635416666668
1790302192,40,,Aggregated,0.000000,0.000000,166000,174000,180000,182000,187000,189000,194000,195000,195000,195000,195000,96,0,166000,139170.77405719776,11529.330993998883,194878.8416469979,27805.635416666668
1790302193,40,,Aggregated,0.000000,0.000000,166000,174000,180000,182000,187000,189000,194000,195000,195000,195000,195000,96,0,166000,139170.77405719776,11529.330993998883,194878.8416469979,27805.635416666668
1790302194,40,,Aggregated,0.000000,0.000000,166000,174000,180000,182000,187000,189000,194000,195000,195000,195000,195000,96,0,166000,139170.77405719776,11529.330993998883,194878.8416469979,27805.635416666668
1790302195,40,,Aggregated,0.100000,0.000000,166000,174000,179000,182000,187000,189000,194000,195000,195000,195000,195000,97,0,166000,139399.46739587613,11529.330993998883,194878.8416469979,27826.855670103094
1790302196,40,,Aggregated,0.100000,0.000000,166000,174000,179000,182000,187000,189000,194000,195000,195000,195000,195000,98,0,166000,139775.94380393863,11529.330993998883,194878.8416469979,27868.816326530614
1790302197,40,,Aggregated,0.100000,0.000000,166000,174000,179000,182000,187000,189000,194000,195000,195000,195000,195000,99,0,166000,140084.95414135343,11529.330993998883,194878.8416469979,27919.333333333332
1790302198,40,,Aggregated,0.100000,0.000000,166000,174000,179000,182000,187000,189000,194000,195000,195000,195000,195000,99,0,166000,140084.95414135343,11529.330993998883,194878.8416469979,27919.333333333332
1790302199,40,,Aggregated,0.100000,0.000000,166000,174000,179000,182000,187000,189000,194000,195000,195000,195000,195000,99,0,166000,140084.95414135343,11529.330993998883,194878.8416469979,27919.333333333332
1790302200,40,,Aggregated,0.100000,0.000000,166000,174000,179000,182000,187000,189000,194000,195000,195000,195000,195000,99,0,166000,140084.95414135343,11529.330993998883,194878.8416469979,27919.333333333332
1790302201,40,,Aggregated,0.100000,0.000000,166000,174000,179000,182000,187000,189000,194000,195000,195000,195000,195000,99,0,166000,140084.95414135343,11529.330993998883,194878.8416469979,27919.333333333332
1790302202,40,,Aggregated,0.100000,0.000000,166000,174000,179000,182000,187000,189000,194000,195000,195000,195000,195000,99,0,166000,140084.95414135343,11529.330993998883,194878.8416469979,27919.333333333332
1790302203,40,,Aggregated,0.100000,0.000000,166000,174000,179000,182000,187000,189000,194000,195000,195000,195000,195000,99,0,166000,140084.95414135343,11529.330993998883,194878.8416469979,27919.333333333332
1790302204,40,,Aggregated,0.100000,0.000000,166000,174000,179000,182000,187000,189000,194000,195000,195000,195000,195000,99,0,166000,140084.95414135343,11529.330993998883,194878.8416469979,27919.333333333332
1790302205,40,,Aggregated,0.100000,0.000000,166000,174000,179000,182000,187000,189000,194000,195000,195000,195000,195000,99,0,166000,140084.95414135343,11529.330993998883,194878.8416469979,27919.333333333332
1790302206,40,,Aggregated,0.300000,0.000000,166000,174000,179000,182000,187000,188000,194000,194000,195000,195000,195000,101,0,166000,139518.4845650296,11529.330993998883,194878.8416469979,27803.168316831685
1790302207,40,,Aggregated,0.300000,0.000000,166000,174000,179000,182000,187000,188000,194000,194000,195000,195000,195000,101,0,166000,139518.4845650296,11529.330993998883,194878.8416469979,27803.168316831685
1790302208,40,,Aggregated,0.300000,0.000000,166000,174000,179000,182000,187000,188000,194000,194000,195000,195000,195000,101,0,166000,139518.4845650296,11529.330993998883,194878.8416469979,27803.168316831685
1790302209,40,,Aggregated,0.300000,0.000000,166000,174000,179000,182000,187000,188000,194000,194000,195000,195000,195000,101,0,166000,139518.4845650296,11529.330993998883,194878.8416469979,27803.168316831685
1790302210,40,,Aggregated,0.300000,0.000000,166000,174000,179000,182000,187000,188000,194000,194000,195000,195000,195000,101,0,166000,139518.4845650296,11529.330993998883,194878.8416469979,27803.168316831685
1790302211,40,,Aggregated,0.300000,0.000000,166000,174000,179000,182000,187000,188000,194000,194000,195000,195000,195000,101,0,166000,139518.4845650296,11529.330993998883,194878.8416469979,27803.168316831685
1790302212,40,,Aggregated,0.200000,0.000000,166000,174000,179000,182000,187000,188000,194000,194000,195000,195000,195000,102,0,166000,139964.63902194108,11529.330993998883,194878.8416469979,27889.07843137255
1790302213,40,,Aggregated,0.200000,0.000000,166000,174000,179000,182000,187000,188000,194000,194000,195000,195000,195000,104,0,166000,139379.9945876441,11529.330993998883,194878.8416469979,27768.826923076922
1790302214,40,,Aggregated,0.200000,0.000000,166000,174000,179000,182000,187000,188000,194000,194000,195000,195000,195000,104,0,166000,139379.9945876441,11529.330993998883,194878.8416469979,27768.826923076922
1790302215,40,,Aggregated,0.200000,0.000000,166000,174000,179000,182000,187000,188000,194000,194000,195000,195000,195000,104,0,166000,139379.9945876441,11529.330993998883,194878.8416469979,27768.826923076922
1790302216,40,,Aggregated,0.200000,0.000000,166000,174000,179000,182000,187000,188000,194000,194000,195000,195000,195000,104,0,166000,139379.9945876441,11529.330993998883,194878.8416469979,27768.826923076922
1790302217,40,,Aggregated,0.200000,0.000000,166000,174000,179000,182000,187000,188000,194000,194000,195000,195000,195000,104,0,166000,139379.9945876441,11529.330993998883,194878.8416469979,27768.826923076922
1790302218,40,,Aggregated,0.200000,0.000000,166000,174000,179000,182000,187000,188000,194000,194000,195000,195000,195000,104,0,166000,139379.9945876441,11529.330993998883,194878.8416469979,27768.826923076922
1790302219,40,,Aggregated,0.200000,0.000000,166000,174000,179000,182000,187000,188000,194000,194000,195000,195000,195000,104,0,166000,139379.9945876441,11529.330993998883,194878.8416469979,27768.826923076922
1790302220,40,,Aggregated,0.200000,0.000000,166000,174000,179000,182000,187000,188000,194000,194000,195000,195000,195000,104,0,166000,139379.9945876441,11529.330993998883,194878.8416469979,27768.826923076922
1790302221,40,,Aggregated,0.300000,0.000000,166000,174000,179000,182000,187000,188000,194000,194000,195000,195000,195000,105,0,166000,139641.3347881236,11529.330993998883,194878.8416469979,27767.733333333334
1790302222,40,,Aggregated,0.300000,0.000000,166000,174000,179000,182000,187000,188000,194000,194000,195000,195000,195000,105,0,166000,139641.3347881236,11529.330993998883,194878.8416469979,27767.733333333334
1790302223,40,,Aggregated,0.300000,0.000000,166000,174000,179000,182000,187000,188000,194000,194000,195000,195000,195000,105,0,166000,139641.3347881236,11529.330993998883,194878.8416469979,27767.733333333334
1790302224,40,,Aggregated,0.300000,0.000000,166000,174000,179000,182000,187000,188000,194000,194000,195000,195000,195000,105,0,166000,139641.3347881236,11529.330993998883,194878.8416469979,27767.733333333334
1790302225,40,,Aggregated,0.300000,0.000000,166000,174000,179000,182000,187000,188000,194000,194000,195000,195000,195000,105,0,166000,139641.3347881236,11529.330993998883,194878.8416469979,27767.733333333334
1790302226,40,,Aggregated,0.300000,0.000000,166000,174000,179000,182000,187000,188000,194000,194000,195000,195000,195000,105,0,166000,139641.3347881236,11529.330993998883,194878.8416469979,27767.733333333334
1790302227,40,,Aggregated,0.300000,0.000000,166000,174000,179000,182000,187000,188000,194000,194000,195000,195000,195000,105,0,166000,139641.3347881236,11529.330993998883,194878.8416469979,27767.733333333334
1790302228,40,,Aggregated,0.300000,0.000000,166000,174000,179000,182000,187000,188000,194000,194000,195000,195000,195000,105,0,166000,139641.3347881236,11529.330993998883,194878.8416469979,27767.733333333334
1790302229,40,,Aggregated,0.300000,0.000000,166000,174000,179000,182000,187000,188000,194000,194000,195000,195000,195000,105,0,166000,139641.3347881236,11529.330993998883,194878.8416469979,27767.733333333334
1790302230,40,,Aggregated,0.300000,0.000000,166000,174000,179000,182000,187000,188000,194000,194000,195000,195000,195000,105,0,166000,139641.3347881236,11529.330993998883,194878.8416469979,27767.733333333334
1790302231,40,,Aggregated,0.300000,0.000000,166000,174000,179000,182000,187000,188000,194000,194000,195000,195000,195000,105,0,166000,139641.3347881236,11529.330993998883,194878.8416469979,27767.733333333334
1790302232,40,,Aggregated,0.300000,0.000000,166000,174000,179000,182000,187000,188000,194000,194000,195000,195000,195000,105,0,166000,139641.3347881236,11529.330993998883,194878.8416469979,27767.733333333334
1790302233,40,,Aggregated,0.300000,0.000000,166000,174000,179000,182000,187000,188000,194000,194000,195000,195000,195000,105,0,166000,139641.3347881236,11529.330993998883,194878.8416469979,27767.733333333334
1790302234,40,,Aggregated,0.300000,0.000000,166000,174000,179000,182000,187000,188000,194000,194000,195000,195000,195000,105,0,166000,139641.3347881236,11529.330993998883,194878.8416469979,27767.733333333334
1790302235,40,,Aggregated,0.300000,0.000000,166000,174000,179000,182000,187000,188000,194000,194000,195000,195000,195000,105,0,166000,139641.3347881236,11529.330993998883,194878.8416469979,27767.733333333334
1790302236,40,,Aggregated,0.300000,0.000000,166000,174000,179000,182000,187000,188000,194000,194000,195000,195000,195000,105,0,166000,139641.3347881236,11529.330993998883,194878.8416469979,27767.733333333334
1790302237,40,,Aggregated,0.300000,0.000000,166000,174000,179000,182000,187000,188000,194000,194000,195000,195000,195000,105,0,166000,139641.3347881236,11529.330993998883,194878.8416469979,27767.733333333334
1790302238,40,,Aggregated,0.000000,0.000000,166000,174000,179000,182000,187000,188000,194000,194000,195000,195000,195000,106,0,166000,140064.23183000923,11529.330993998883,194878.8416469979,27828.764150943396
1790302239,40,,Aggregated,0.000000,0.000000,166000,174000,179000,182000,187000,188000,194000,194000,195000,195000,195000,106,0,166000,140064.23183000923,11529.330993998883,194878.8416469979,27828.764150943396
1790302240,40,,Aggregated,0.000000,0.000000,166000,174000,179000,182000,187000,188000,194000,194000,195000,195000,195000,106,0,166000,140064.23183000923,11529.330993998883,194878.8416469979,27828.764150943396
1790302241,40,,Aggregated,0.000000,0.000000,166000,174000,179000,182000,187000,188000,194000,194000,195000,195000,195000,106,0,166000,140064.23183000923,11529.330993998883,194878.8416469979,27828.764150943396
1790302242,40,,Aggregated,0.000000,0.000000,166000,174000,179000,182000,187000,188000,194000,194000,195000,195000,195000,106,0,166000,140064.23183000923,11529.330993998883,194878.8416469979,27828.764150943396
1790302243,40,,Aggregated,0.000000,0.000000,166000,174000,179000,182000,187000,188000,194000,194000,195000,195000,195000,106,0,166000,140064.23183000923,11529.330993998883,194878.8416469979,27828.764150943396
1790302244,40,,Aggregated,0.000000,0.000000,166000,174000,179000,182000,187000,188000,194000,194000,195000,195000,195000,106,0,166000,140064.23183000923,11529.330993998883,194878.8416469979,27828.764150943396
1790302245,40,,Aggregated,0.100000,0.000000,166000,174000,180000,183000,187000,188000,194000,194000,195000,195000,195000,107,0,166000,140461.97783285961,11529.330993998883,194878.8416469979,27887.48598130841
1790302246,40,,Aggregated,0.100000,0.000000,166000,174000,180000,183000,187000,188000,194000,194000,195000,195000,195000,107,0,166000,140461.97783285961,11529.330993998883,194878.8416469979,27887.48598130841
1790302247,40,,Aggregated,0.100000,0.000000,166000,174000,180000,183000,187000,188000,194000,194000,195000,195000,195000,107,0,166000,140461.97783285961,11529.330993998883,194878.8416469979,27887.48598130841
1790302248,40,,Aggregated,0.100000,0.000000,166000,174000,180000,183000,187000,188000,194000,194000,195000,195000,195000,107,0,166000,140461.97783285961,11529.330993998883,194878.8416469979,27887.48598130841
1790302249,40,,Aggregated,0.100000,0.000000,166000,174000,180000,183000,187000,188000,194000,194000,195000,195000,195000,107,0,166000,140461.97783285961,11529.330993998883,194878.8416469979,27887.48598130841
1790302250,40,,Aggregated,0.100000,0.000000,166000,174000,180000,183000,187000,188000,194000,194000,195000,195000,195000,107,0,166000,140461.97783285961,11529.330993998883,194878.8416469979,27887.48598130841
1790302251,40,,Aggregated,0.100000,0.000000,166000,174000,180000,183000,187000,188000,194000,194000,195000,195000,195000,107,0,166000,140461.97783285961,11529.330993998883,194878.8416469979,27887.48598130841
1790302252,40,,Aggregated,0.100000,0.000000,166000,174000,180000,183000,187000,188000,194000,194000,195000,195000,195000,107,0,166000,140461.97783285961,11529.330993998883,194878.8416469979,27887.48598130841
1790302253,40,,Aggregated,0.100000,0.000000,166000,174000,180000,183000,187000,188000,194000,194000,195000,195000,195000,108,0,166000,140122.5625334813,11529.330993998883,194878.8416469979,27817.37962962963
1790302254,40,,Aggregated,0.100000,0.000000,166000,174000,180000,183000,187000,188000,194000,194000,195000,195000,195000,108,0,166000,140122.5625334813,11529.330993998883,194878.8416469979,27817.37962962963
1790302255,40,,Aggregated,0.100000,0.000000,166000,174000,180000,183000,187000,188000,194000,194000,195000,195000,195000,108,0,166000,140122.5625334813,11529.330993998883,194878.8416469979,27817.37962962963
1790302256,40,,Aggregated,0.200000,0.000000,166000,174000,179000,183000,187000,188000,194000,194000,195000,195000,195000,110,0,166000,138722.09748597248,9691.129451995948,194878.8416469979,27560.145454545454
1790302257,40,,Aggregated,0.200000,0.000000,166000,174000,179000,183000,187000,188000,194000,194000,195000,195000,195000,110,0,166000,138722.09748597248,9691.129451995948,194878.8416469979,27560.145454545454
1790302258,40,,Aggregated,0.200000,0.000000,166000,174000,179000,183000,187000,188000,194000,194000,195000,195000,195000,110,0,166000,138722.09748597248,9691.129451995948,194878.8416469979,27560.145454545454
1790302259,40,,Aggregated,0.200000,0.000000,166000,174000,179000,183000,187000,188000,194000,194000,195000,195000,195000,110,0,166000,138722.09748597248,9691.129451995948,194878.8416469979,27560.145454545454
1790302260,40,,Aggregated,0.200000,0.000000,166000,174000,179000,183000,187000,188000,194000,194000,195000,195000,195000,110,0,166000,138722.09748597248,9691.129451995948,194878.8416469979,27560.145454545454
1790302261,40,,Aggregated,0.200000,0.000000,166000,174000,179000,183000,187000,188000,194000,194000,195000,195000,195000,110,0,166000,138722.09748597248,9691.129451995948,194878.8416469979,27560.145454545454
1790302262,40,,Aggregated,0.200000,0.000000,166000,174000,179000,183000,187000,188000,194000,194000,195000,195000,195000,110,0,166000,138722.09748597248,9691.129451995948,194878.8416469979,27560.145454545454
1790302263,40,,Aggregated,0.200000,0.000000,166000,174000,179000,183000,187000,188000,194000,194000,195000,195000,195000,110,0,166000,138722.09748597248,9691.129451995948,194878.8416469979,27560.145454545454
1790302264,40,,Aggregated,0.300000,0.000000,165000,174000,179000,182000,186000,188000,194000,194000,195000,195000,195000,111,0,165000,138954.41000592773,9691.129451995948,194878.8416469979,27617.594594594593
1790302265,40,,Aggregated,0.200000,0.000000,166000,174000,179000,182000,186000,188000,194000,194000,195000,195000,195000,112,0,166000,139251.97165100873,9691.129451995948,194878.8416469979,27684.098214285714
1790302266,40,,Aggregated,0.200000,0.000000,166000,174000,179000,182000,186000,188000,194000,194000,195000,195000,195000,112,0,166000,139251.97165100873,9691.129451995948,194878.8416469979,27684.098214285714
1790302267,40,,Aggregated,0.200000,0.000000,166000,174000,179000,182000,186000,188000,194000,194000,195000,195000,195000,112,0,166000,139251.97165100873,9691.129451995948,194878.8416469979,27684.098214285714
1790302268,40,,Aggregated,0.200000,0.000000,166000,174000,179000,182000,186000,188000,194000,194000,195000,195000,195000,112,0,166000,139251.97165100873,9691.129451995948,194878.8416469979,27684.098214285714
1790302269,40,,Aggregated,0.200000,0.000000,166000,174000,179000,182000,186000,188000,194000,194000,195000,195000,195000,112,0,166000,139251.97165100873,9691.129451995948,194878.8416469979,27684.098214285714
1790302270,40,,Aggregated,0.200000,0.000000,166000,174000,179000,182000,186000,188000,194000,194000,195000,195000,195000,112,0,166000,139251.97165100873,9691.129451995948,194878.8416469979,27684.098214285714
1790302271,40,,Aggregated,0.200000,0.000000,166000,174000,179000,182000,186000,188000,194000,194000,195000,195000,195000,112,0,166000,139251.97165100873,9691.129451995948,194878.8416469979,27684.098214285714
1790302272,40,,Aggregated,0.200000,0.000000,166000,174000,179000,182000,186000,188000,194000,194000,195000,195000,195000,112,0,166000,139251.97165100873,9691.129451995948,194878.8416469979,27684.098214285714
1790302273,40,,Aggregated,0.200000,0.000000,166000,174000,179000,183000,186000,188000,194000,194000,195000,195000,195000,113,0,166000,139636.85115605293,9691.129451995948,194878.8416469979,27749.70796460177
1790302274,40,,Aggregated,0.200000,0.000000,166000,174000,179000,183000,186000,188000,194000,194000,195000,195000,195000,115,0,166000,139947.55260873906,9691.129451995948,194878.8416469979,27779.339130434782
1790302275,40,,Aggregated,0.200000,0.000000,166000,174000,179000,182000,186000,188000,194000,194000,195000,195000,195000,116,0,166000,140181.94306581892,9691.129451995948,194878.8416469979,27785.887931034482
1790302276,40,,Aggregated,0.200000,0.000000,166000,174000,179000,182000,186000,188000,194000,194000,195000,195000,195000,116,0,166000,140181.94306581892,9691.129451995948,194878.8416469979,27785.887931034482
1790302277,40,,Aggregated,0.200000,0.000000,166000,174000,179000,182000,186000,188000,194000,194000,195000,195000,195000,116,0,166000,140181.94306581892,9691.129451995948,194878.8416469979,27785.887931034482
1790302278,40,,Aggregated,0.200000,0.000000,166000,174000,179000,182000,186000,188000,194000,194000,195000,195000,195000,116,0,166000,140181.94306581892,9691.129451995948,194878.8416469979,27785.887931034482
1790302279,40,,Aggregated,0.200000,0.000000,166000,174000,179000,182000,186000,188000,194000,194000,195000,195000,195000,116,0,166000,140181.94306581892,9691.129451995948,194878.8416469979,27785.887931034482
1790302280,40,,Aggregated,0.200000,0.000000,166000,174000,179000,182000,186000,188000,194000,194000,195000,195000,195000,116,0,166000,140181.94306581892,9691.129451995948,194878.8416469979,27785.887931034482
1790302281,40,,Aggregated,0.200000,0.000000,166000,174000,179000,182000,186000,188000,194000,194000,195000,195000,195000,116,0,166000,140181.94306581892,9691.129451995948,194878.8416469979,27785.887931034482
1790302282,40,,Aggregated,0.200000,0.000000,166000,174000,179000,182000,186000,188000,194000,194000,195000,195000,195000,116,0,166000,140181.94306581892,9691.129451995948,194878.8416469979,27785.887931034482
1790302283,40,,Aggregated,0.200000,0.000000,166000,174000,179000,182000,186000,188000,194000,194000,195000,195000,195000,116,0,166000,140181.94306581892,9691.129451995948,194878.8416469979,27785.887931034482
1790302284,40,,Aggregated,0.200000,0.000000,166000,174000,179000,182000,186000,188000,194000,194000,195000,195000,195000,116,0,166000,140181.94306581892,9691.129451995948,194878.8416469979,27785.887931034482
1790302285,40,,Aggregated,0.400000,0.000000,166000,174000,179000,182000,186000,188000,194000,194000,195000,195000,195000,117,0,166000,140342.1154172307,9691.129451995948,194878.8416469979,27841.529914529914
1790302286,40,,Aggregated,0.300000,0.000000,166000,174000,179000,182000,186000,188000,194000,194000,195000,195000,195000,118,0,166000,140551.8020237965,9691.129451995948,194878.8416469979,27869.4406779661
1790302287,40,,Aggregated,0.100000,0.000000,166000,174000,179000,183000,187000,189000,194000,195000,195000,195000,195000,120,0,166000,141160.44773353322,9691.129451995948,195101.032175,27980.733333333334
1790302288,40,,Aggregated,0.100000,0.000000,166000,174000,179000,183000,187000,189000,194000,195000,195000,195000,195000,120,0,166000,141160.44773353322,9691.129451995948,195101.032175,27980.733333333334
1790302289,40,,Aggregated,0.100000,0.000000,166000,174000,179000,183000,187000,189000,194000,195000,195000,195000,195000,120,0,166000,141160.44773353322,9691.129451995948,195101.032175,27980.733333333334
1790302290,40,,Aggregated,0.400000,0.000000,166000,174000,179000,183000,187000,189000,194000,195000,195000,195000,195000,121,0,166000,141560.7103766032,9691.129451995948,195101.032175,28064.04958677686
1790302291,40,,Aggregated,0.400000,0.000000,166000,174000,179000,183000,187000,189000,194000,195000,195000,195000,195000,121,0,166000,141560.7103766032,9691.129451995948,195101.032175,28064.04958677686
1790302292,40,,Aggregated,0.400000,0.000000,166000,174000,179000,183000,187000,189000,194000,195000,195000,195000,195000,121,0,166000,141560.7103766032,9691.129451995948,195101.032175,28064.04958677686
1790302293,40,,Aggregated,0.500000,0.000000,166000,174000,179000,183000,187000,189000,194000,195000,195000,195000,195000,122,0,166000,141823.34254172942,9691.129451995948,195101.032175,28129.09836065574
1790302294,40,,Aggregated,0.500000,0.000000,166000,174000,179000,183000,187000,189000,194000,195000,195000,195000,195000,122,0,166000,141823.34254172942,9691.129451995948,195101.032175,28129.09836065574
1790302295,40,,Aggregated,0.500000,0.000000,166000,174000,179000,183000,187000,189000,194000,195000,195000,195000,195000,122,0,166000,141823.34254172942,9691.129451995948,195101.032175,28129.09836065574
1790302296,40,,Aggregated,0.500000,0.000000,166000,174000,179000,183000,187000,189000,194000,195000,195000,195000,195000,122,0,166000,141823.34254172942,9691.129451995948,195101.032175,28129.09836065574
1790302297,40,,Aggregated,0.500000,0.000000,166000,174000,179000,183000,187000,189000,194000,195000,195000,195000,195000,122,0,166000,141823.34254172942,9691.129451995948,195101.032175,28129.09836065574
1790302298,40,,Aggregated,0.500000,0.000000,166000,174000,179000,183000,187000,189000,194000,195000,195000,195000,195000,122,0,166000,141823.34254172942,9691.129451995948,195101.032175,28129.09836065574
1790302299,40,,Aggregated,0.500000,0.000000,166000,174000,179000,183000,187000,189000,194000,195000,195000,195000,195000,122,0,166000,141823.34254172942,9691.129451995948,195101.032175,28129.09836065574
1790302300,40,,Aggregated,0.500000,0.000000,166000,174000,179000,183000,187000,189000,194000,195000,195000,195000,195000,122,0,166000,141823.34254172942,9691.129451995948,195101.032175,28129.09836065574
1790302301,40,,Aggregated,0.500000,0.000000,166000,174000,179000,183000,187000,189000,194000,195000,195000,195000,195000,122,0,166000,141823.34254172942,9691.129451995948,195101.032175,28129.09836065574
1790302303,40,,Aggregated,0.200000,0.000000,166000,174000,180000,183000,187000,189000,194000,195000,195000,195000,195000,123,0,166000,142168.36643143895,9691.129451995948,195101.032175,28158.29268292683
1790302304,40,,Aggregated,0.100000,0.000000,166000,174000,180000,183000,187000,189000,194000,195000,195000,195000,195000,124,0,166000,142432.12014539505,9691.129451995948,195101.032175,28207.516129032258
1790302305,40,,Aggregated,0.100000,0.000000,166000,174000,180000,183000,187000,189000,194000,195000,195000,195000,195000,124,0,166000,142432.12014539505,9691.129451995948,195101.032175,28207.516129032258
1790302306,40,,Aggregated,0.200000,0.000000,166000,174000,179000,183000,187000,189000,194000,195000,195000,195000,195000,126,0,166000,141431.97755565858,9691.129451995948,195101.032175,28021.420634920636
1790302307,40,,Aggregated,0.200000,0.000000,166000,174000,179000,183000,187000,189000,194000,195000,195000,195000,195000,127,0,166000,141243.0997072676,9691.129451995948,195101.032175,27995.944881889765
1790302308,40,,Aggregated,0.200000,0.000000,166000,174000,179000,183000,187000,189000,194000,195000,195000,195000,195000,127,0,166000,141243.0997072676,9691.129451995948,195101.032175,27995.944881889765
1790302309,40,,Aggregated,0.200000,0.000000,166000,174000,179000,183000,187000,189000,194000,195000,195000,195000,195000,127,0,166000,141243.0997072676,9691.129451995948,195101.032175,27995.944881889765
1790302310,40,,Aggregated,0.200000,0.000000,166000,174000,179000,183000,187000,189000,194000,195000,195000,195000,195000,127,0,166000,141243.0997072676,9691.129451995948,195101.032175,27995.944881889765
1790302311,40,,Aggregated,0.200000,0.000000,166000,174000,179000,183000,187000,189000,194000,195000,195000,195000,195000,127,0,166000,141243.0997072676,9691.129451995948,195101.032175,27995.944881889765
1790302312,40,,Aggregated,0.200000,0.000000,166000,174000,179000,183000,187000,189000,194000,195000,195000,195000,195000,127,0,166000,141243.0997072676,9691.129451995948,195101.032175,27995.944881889765
1790302313,40,,Aggregated,0.200000,0.000000,166000,174000,179000,183000,187000,189000,194000,195000,195000,195000,195000,127,0,166000,141243.0997072676,9691.129451995948,195101.032175,27995.944881889765
1790302314,40,,Aggregated,0.500000,0.000000,166000,174000,179000,183000,187000,189000,194000,195000,195000,195000,195000,128,0,166000,141429.42749903115,9691.129451995948,195101.032175,28012.8125
1790302315,40,,Aggregated,0.500000,0.000000,165000,174000,179000,183000,187000,189000,194000,195000,195000,195000,195000,129,0,165000,141609.5595108061,9691.129451995948,195101.032175,28035.37984496124
1790302316,40,,Aggregated,0.500000,0.000000,165000,174000,179000,183000,187000,189000,194000,195000,195000,195000,195000,129,0,165000,141609.5595108061,9691.129451995948,195101.032175,28035.37984496124
1790302317,40,,Aggregated,0.500000,0.000000,165000,174000,179000,183000,187000,189000,194000,195000,195000,195000,195000,129,0,165000,141609.5595108061,9691.129451995948,195101.032175,28035.37984496124
1790302318,40,,Aggregated,0.300000,0.000000,166000,174000,179000,183000,187000,189000,194000,195000,195000,195000,195000,130,0,166000,141973.59519003838,9691.129451995948,195101.032175,28066.576923076922
1790302319,40,,Aggregated,0.300000,0.000000,166000,174000,179000,183000,187000,189000,194000,195000,195000,195000,195000,130,0,166000,141973.59519003838,9691.129451995948,195101.032175,28066.576923076922
1790302320,40,,Aggregated,0.300000,0.000000,166000,174000,179000,183000,187000,189000,194000,195000,195000,195000,195000,130,0,166000,141973.59519003838,9691.129451995948,195101.032175,28066.576923076922
1790302321,40,,Aggregated,0.200000,0.000000,165000,174000,179000,183000,187000,189000,194000,195000,195000,195000,195000,131,0,165000,141640.82987063352,9691.129451995948,195101.032175,28012.83969465649
1790302322,40,,Aggregated,0.200000,0.000000,165000,174000,179000,183000,187000,189000,194000,195000,195000,195000,195000,131,0,165000,141640.82987063352,9691.129451995948,195101.032175,28012.83969465649
1790302323,40,,Aggregated,0.400000,0.000000,166000,174000,180000,183000,187000,189000,194000,195000,195000,195000,195000,132,0,166000,141978.88840374237,9691.129451995948,195101.032175,28084.590909090908
1790302324,40,,Aggregated,0.400000,0.000000,166000,174000,180000,183000,187000,189000,194000,195000,195000,195000,195000,132,0,166000,141978.88840374237,9691.129451995948,195101.032175,28084.590909090908
1790302325,40,,Aggregated,0.400000,0.000000,166000,174000,180000,183000,187000,189000,194000,195000,195000,195000,195000,132,0,166000,141978.88840374237,9691.129451995948,195101.032175,28084.590909090908
1790302326,40,,Aggregated,0.400000,0.000000,166000,174000,180000,183000,187000,189000,194000,195000,195000,195000,195000,132,0,166000,141978.88840374237,9691.129451995948,195101.032175,28084.590909090908
1790302327,40,,Aggregated,0.400000,0.000000,166000,174000,180000,183000,187000,189000,194000,195000,195000,195000,195000,132,0,166000,141978.88840374237,9691.129451995948,195101.032175,28084.590909090908
1790302328,40,,Aggregated,0.400000,0.000000,166000,174000,180000,183000,187000,189000,194000,195000,195000,195000,195000,132,0,166000,141978.88840374237,9691.129451995948,195101.032175,28084.590909090908
1790302329,40,,Aggregated,0.400000,0.000000,166000,174000,180000,183000,187000,189000,194000,195000,195000,195000,195000,132,0,166000,141978.88840374237,9691.129451995948,195101.032175,28084.590909090908
1790302330,40,,Aggregated,0.400000,0.000000,166000,174000,180000,183000,187000,189000,194000,195000,195000,195000,195000,132,0,166000,141978.88840374237,9691.129451995948,195101.032175,28084.590909090908
1790302331,40,,Aggregated,0.400000,0.000000,166000,174000,180000,183000,187000,189000,194000,195000,195000,195000,195000,132,0,166000,141978.88840374237,9691.129451995948,195101.032175,28084.590909090908
1790302332,40,,Aggregated,0.200000,0.000000,166000,174000,180000,183000,187000,189000,194000,195000,195000,195000,195000,133,0,166000,142275.74017831573,9691.129451995948,195101.032175,28156.744360902256
1790302333,40,,Aggregated,0.200000,0.000000,166000,174000,180000,183000,187000,189000,194000,195000,195000,195000,195000,133,0,166000,142275.74017831573,9691.129451995948,195101.032175,28156.744360902256
1790302334,40,,Aggregated,0.200000,0.000000,166000,174000,180000,183000,187000,189000,194000,195000,195000,195000,195000,133,0,166000,142275.74017831573,9691.129451995948,195101.032175,28156.744360902256
1790302335,40,,Aggregated,0.200000,0.000000,166000,174000,180000,183000,187000,189000,194000,195000,195000,195000,195000,133,0,166000,142275.74017831573,9691.129451995948,195101.032175,28156.744360902256
1790302336,40,,Aggregated,0.200000,0.000000,166000,174000,180000,183000,187000,189000,194000,195000,195000,195000,195000,133,0,166000,142275.74017831573,9691.129451995948,195101.032175,28156.744360902256
1790302337,40,,Aggregated,0.100000,0.000000,166000,175000,181000,184000,187000,190000,194000,195000,195000,195000,195000,135,0,166000,142980.65683212582,9691.129451995948,195101.032175,28302.088888888888
1790302338,40,,Aggregated,0.100000,0.000000,166000,174000,181000,184000,187000,190000,194000,195000,195000,195000,195000,136,0,166000,142960.96828116907,9691.129451995948,195101.032175,28308.272058823528
1790302339,40,,Aggregated,0.100000,0.000000,166000,174000,181000,184000,187000,190000,194000,195000,195000,195000,195000,136,0,166000,142960.96828116907,9691.129451995948,195101.032175,28308.272058823528
1790302340,40,,Aggregated,0.300000,0.000000,166000,174000,181000,184000,187000,190000,194000,195000,195000,195000,195000,137,0,166000,142516.78635233574,9691.129451995948,195101.032175,28225.131386861314
1790302341,40,,Aggregated,0.400000,0.000000,166000,174000,181000,184000,187000,190000,194000,195000,195000,195000,195000,138,0,166000,142679.49723539854,9691.129451995948,195101.032175,28259.123188405796
1790302342,40,,Aggregated,0.400000,0.000000,166000,174000,181000,184000,187000,190000,194000,195000,195000,195000,195000,138,0,166000,142679.49723539854,9691.129451995948,195101.032175,28259.123188405796
1790302343,40,,Aggregated,0.400000,0.000000,166000,174000,181000,184000,187000,190000,194000,195000,195000,195000,195000,138,0,166000,142679.49723539854,9691.129451995948,195101.032175,28259.123188405796
1790302344,40,,Aggregated,0.400000,0.000000,166000,174000,181000,184000,187000,190000,194000,195000,195000,195000,195000,138,0,166000,142679.49723539854,9691.129451995948,195101.032175,28259.123188405796
1790302345,40,,Aggregated,0.500000,0.000000,166000,174000,181000,184000,188000,190000,194000,195000,195000,195000,195000,140,0,166000,143240.88905129285,9691.129451995948,195101.032175,28325.714285714286
1790302346,40,,Aggregated,0.500000,0.000000,166000,174000,181000,184000,188000,190000,194000,195000,195000,195000,195000,140,0,166000,143240.88905129285,9691.129451995948,195101.032175,28325.714285714286
1790302347,40,,Aggregated,0.500000,0.000000,166000,174000,181000,184000,188000,190000,194000,195000,195000,195000,195000,140,0,166000,143240.88905129285,9691.129451995948,195101.032175,28325.714285714286
1790302348,40,,Aggregated,0.500000,0.000000,166000,174000,181000,184000,188000,190000,194000,195000,195000,195000,195000,140,0,166000,143240.88905129285,9691.129451995948,195101.032175,28325.714285714286
1790302349,40,,Aggregated,0.500000,0.000000,166000,174000,181000,184000,188000,190000,194000,195000,195000,195000,195000,140,0,166000,143240.88905129285,9691.129451995948,195101.032175,28325.714285714286
1790302350,40,,Aggregated,0.500000,0.000000,166000,174000,181000,184000,188000,190000,194000,195000,195000,195000,195000,140,0,166000,143240.88905129285,9691.129451995948,195101.032175,28325.714285714286
1790302351,40,,Aggregated,0.500000,0.000000,166000,174000,181000,184000,188000,190000,194000,195000,195000,195000,195000,140,0,166000,143240.88905129285,9691.129451995948,195101.032175,28325.714285714286
1790302352,40,,Aggregated,0.500000,0.000000,166000,174000,181000,184000,188000,190000,194000,195000,195000,195000,195000,140,0,166000,143240.88905129285,9691.129451995948,195101.032175,28325.714285714286
1790302353,40,,Aggregated,0.300000,0.000000,166000,174000,181000,184000,187000,190000,194000,195000,195000,195000,195000,141,0,166000,143258.93529815596,9691.129451995948,195101.032175,28329.163120567377
1790302354,40,,Aggregated,0.300000,0.000000,166000,174000,181000,184000,187000,190000,194000,195000,195000,195000,195000,141,0,166000,143258.93529815596,9691.129451995948,195101.032175,28329.163120567377
1790302355,40,,Aggregated,0.300000,0.000000,166000,174000,181000,184000,187000,190000,194000,195000,195000,195000,195000,141,0,166000,143258.93529815596,9691.129451995948,195101.032175,28329.163120567377
1790302356,40,,Aggregated,0.300000,0.000000,166000,174000,181000,184000,187000,190000,194000,195000,195000,195000,195000,142,0,166000,143294.33307422532,9691.129451995948,195101.032175,28336.232394366198
1790302357,40,,Aggregated,0.300000,0.000000,166000,174000,181000,184000,187000,190000,194000,195000,195000,195000,195000,142,0,166000,143294.33307422532,9691.129451995948,195101.032175,28336.232394366198
1790302358,40,,Aggregated,0.300000,0.000000,166000,174000,181000,184000,187000,190000,194000,195000,195000,195000,195000,142,0,166000,143294.33307422532,9691.129451995948,195101.032175,28336.232394366198
1790302359,40,,Aggregated,0.100000,0.000000,166000,174000,181000,184000,188000,190000,194000,195000,195000,195000,195000,143,0,166000,143631.94833272722,9691.129451995948,195101.032175,28386.440559440558
1790302360,40,,Aggregated,0.200000,0.000000,166000,174000,181000,184000,188000,190000,194000,195000,195000,195000,195000,144,0,166000,143763.77844987492,9691.129451995948,195101.032175,28417.902777777777
1790302361,40,,Aggregated,0.200000,0.000000,166000,174000,181000,184000,188000,190000,194000,195000,195000,195000,195000,144,0,166000,143763.77844987492,9691.129451995948,195101.032175,28417.902777777777
1790302362,40,,Aggregated,0.200000,0.000000,166000,174000,181000,184000,188000,190000,194000,195000,195000,195000,195000,144,0,166000,143763.77844987492,9691.129451995948,195101.032175,28417.902777777777
1790302363,40,,Aggregated,0.200000,0.000000,166000,174000,181000,184000,188000,190000,194000,195000,195000,195000,195000,144,0,166000,143763.77844987492,9691.129451995948,195101.032175,28417.902777777777
1790302364,40,,Aggregated,0.200000,0.000000,166000,174000,181000,184000,188000,190000,194000,195000,195000,195000,195000,144,0,166000,143763.77844987492,9691.129451995948,195101.032175,28417.902777777777
1790302365,40,,Aggregated,0.200000,0.000000,166000,174000,181000,184000,188000,190000,194000,195000,195000,195000,195000,144,0,166000,143763.77844987492,9691.129451995948,195101.032175,28417.902777777777
1790302366,40,,Aggregated,0.200000,0.000000,166000,174000,181000,184000,188000,190000,194000,195000,195000,195000,195000,144,0,166000,143763.77844987492,9691.129451995948,195101.032175,28417.902777777777
1790302367,40,,Aggregated,0.200000,0.000000,166000,174000,181000,184000,188000,190000,194000,195000,195000,195000,195000,144,0,166000,143763.77844987492,9691.129451995948,195101.032175,28417.902777777777
1790302368,40,,Aggregated,0.300000,0.000000,165000,174000,181000,184000,188000,190000,194000,195000,195000,195000,195000,145,0,165000,143107.1975772275,9691.129451995948,195101.032175,28298.958620689657
1790302369,40,,Aggregated,0.300000,0.000000,165000,174000,181000,184000,188000,190000,194000,195000,195000,195000,195000,145,0,165000,143107.1975772275,9691.129451995948,195101.032175,28298.958620689657
1790302370,40,,Aggregated,0.300000,0.000000,165000,174000,181000,184000,188000,190000,194000,195000,195000,195000,195000,145,0,165000,143107.1975772275,9691.129451995948,195101.032175,28298.958620689657
1790302371,40,,Aggregated,0.300000,0.000000,165000,174000,181000,184000,188000,190000,194000,195000,195000,195000,195000,145,0,165000,143107.1975772275,9691.129451995948,195101.032175,28298.958620689657
1790302372,40,,Aggregated,0.300000,0.000000,165000,174000,181000,184000,188000,190000,194000,195000,195000,195000,195000,145,0,165000,143107.1975772275,9691.129451995948,195101.032175,28298.958620689657
1790302373,40,,Aggregated,0.300000,0.000000,165000,174000,181000,184000,188000,190000,194000,195000,195000,195000,195000,145,0,165000,143107.1975772275,9691.129451995948,195101.032175,28298.958620689657
1790302374,40,,Aggregated,0.100000,0.000000,166000,174000,181000,184000,188000,190000,194000,195000,195000,195000,195000,146,0,166000,143331.0630011369,9691.129451995948,195101.032175,28358.49315068493
1790302375,40,,Aggregated,0.100000,0.000000,166000,174000,181000,184000,188000,190000,194000,195000,195000,195000,195000,146,0,166000,143331.0630011369,9691.129451995948,195101.032175,28358.49315068493
1790302376,40,,Aggregated,0.100000,0.000000,166000,174000,181000,184000,188000,190000,194000,195000,195000,195000,195000,146,0,166000,143331.0630011369,9691.129451995948,195101.032175,28358.49315068493
1790302377,40,,Aggregated,0.200000,0.000000,165000,174000,181000,184000,188000,190000,194000,195000,195000,195000,195000,147,0,165000,143459.589935653,9691.129451995948,195101.032175,28390.07482993197
1790302378,40,,Aggregated,0.200000,0.000000,165000,174000,181000,184000,188000,190000,194000,195000,195000,195000,195000,147,0,165000,143459.589935653,9691.129451995948,195101.032175,28390.07482993197
1790302379,40,,Aggregated,0.200000,0.000000,165000,174000,181000,184000,188000,190000,194000,195000,195000,195000,195000,147,0,165000,143459.589935653,9691.129451995948,195101.032175,28390.07482993197
1790302380,40,,Aggregated,0.200000,0.000000,165000,174000,181000,184000,188000,190000,194000,195000,195000,195000,195000,147,0,165000,143459.589935653,9691.129451995948,195101.032175,28390.07482993197
1790302381,40,,Aggregated,0.200000,0.000000,165000,174000,181000,184000,188000,190000,194000,195000,195000,195000,195000,147,0,165000,143459.589935653,9691.129451995948,195101.032175,28390.07482993197
1790302382,40,,Aggregated,0.200000,0.000000,165000,174000,181000,184000,188000,190000,194000,195000,195000,195000,195000,147,0,165000,143459.589935653,9691.129451995948,195101.032175,28390.07482993197
1790302383,40,,Aggregated,0.200000,0.000000,165000,174000,181000,184000,188000,190000,194000,195000,195000,195000,195000,147,0,165000,143459.589935653,9691.129451995948,195101.032175,28390.07482993197
1790302384,40,,Aggregated,0.200000,0.000000,166000,174000,181000,184000,188000,190000,194000,195000,195000,195000,195000,148,0,166000,143648.00802399992,9691.129451995948,195101.032175,28414.472972972973
1790302385,40,,Aggregated,0.200000,0.000000,166000,174000,181000,184000,188000,190000,194000,195000,195000,195000,195000,148,0,166000,143648.00802399992,9691.129451995948,195101.032175,28414.472972972973
1790302386,40,,Aggregated,0.200000,0.000000,166000,174000,181000,184000,188000,190000,194000,195000,195000,195000,195000,148,0,166000,143648.00802399992,9691.129451995948,195101.032175,28414.472972972973
1790302387,40,,Aggregated,0.200000,0.000000,166000,174000,181000,184000,188000,190000,194000,195000,195000,195000,195000,148,0,166000,143648.00802399992,9691.129451995948,195101.032175,28414.472972972973
1790302388,40,,Aggregated,0.200000,0.000000,166000,174000,181000,184000,188000,190000,194000,195000,195000,195000,195000,148,0,166000,143648.00802399992,9691.129451995948,195101.032175,28414.472972972973
1790302389,40,,Aggregated,0.200000,0.000000,166000,174000,181000,184000,188000,190000,194000,195000,195000,195000,195000,148,0,166000,143648.00802399992,9691.129451995948,195101.032175,28414.472972972973
1790302390,40,,Aggregated,0.200000,0.000000,166000,174000,181000,184000,188000,190000,194000,195000,195000,195000,195000,148,0,166000,143648.00802399992,9691.129451995948,195101.032175,28414.472972972973
1790302391,40,,Aggregated,0.200000,0.000000,166000,174000,181000,184000,188000,190000,194000,195000,195000,195000,195000,148,0,166000,143648.00802399992,9691.129451995948,195101.032175,28414.472972972973
1790302392,40,,Aggregated,0.200000,0.000000,166000,174000,181000,184000,188000,190000,194000,195000,195000,195000,195000,148,0,166000,143648.00802399992,9691.129451995948,195101.032175,28414.472972972973
1790302393,40,,Aggregated,0.100000,0.000000,165000,174000,180000,184000,188000,190000,194000,195000,195000,195000,195000,149,0,165000,142844.88307806704,9691.129451995948,195101.032175,28261.946308724833
1790302394,40,,Aggregated,0.100000,0.000000,165000,174000,180000,184000,188000,190000,194000,195000,195000,195000,195000,149,0,165000,142844.88307806704,9691.129451995948,195101.032175,28261.946308724833
1790302395,40,,Aggregated,0.100000,0.000000,165000,174000,180000,184000,188000,190000,194000,195000,195000,195000,195000,149,0,165000,142844.88307806704,9691.129451995948,195101.032175,28261.946308724833
1790302396,40,,Aggregated,0.100000,0.000000,165000,174000,180000,184000,188000,190000,194000,195000,195000,195000,195000,149,0,165000,142844.88307806704,9691.129451995948,195101.032175,28261.946308724833
1790302397,40,,Aggregated,0.100000,0.000000,165000,174000,180000,184000,188000,190000,194000,195000,195000,195000,195000,149,0,165000,142844.88307806704,9691.129451995948,195101.032175,28261.946308724833
1790302398,40,,Aggregated,0.100000,0.000000,165000,174000,180000,184000,188000,190000,194000,195000,195000,195000,195000,150,0,165000,142043.9393207466,9691.129451995948,195101.032175,28114.993333333332
1790302399,40,,Aggregated,0.100000,0.000000,165000,174000,180000,184000,188000,190000,194000,195000,195000,195000,195000,150,0,165000,142043.9393207466,9691.129451995948,195101.032175,28114.993333333332
1790302400,40,,Aggregated,0.200000,0.000000,165000,174000,180000,183000,187000,190000,194000,195000,195000,195000,195000,151,0,165000,141933.3774538211,9691.129451995948,195101.032175,28090.80132450331
1790302401,40,,Aggregated,0.200000,0.000000,165000,174000,180000,183000,187000,190000,194000,195000,195000,195000,195000,152,0,165000,141281.99872958547,9691.129451995948,195101.032175,27977.46052631579
1790302402,40,,Aggregated,0.200000,0.000000,165000,174000,180000,183000,187000,190000,194000,195000,195000,195000,195000,152,0,165000,141281.99872958547,9691.129451995948,195101.032175,27977.46052631579
1790302403,40,,Aggregated,0.400000,0.000000,165000,174000,180000,184000,188000,190000,194000,195000,195000,195000,195000,153,0,165000,141600.29356613068,9691.129451995948,195101.032175,28037.11111111111
1790302404,40,,Aggregated,0.400000,0.000000,165000,174000,180000,184000,188000,190000,194000,195000,195000,195000,195000,153,0,165000,141600.29356613068,9691.129451995948,195101.032175,28037.11111111111
1790302405,40,,Aggregated,0.400000,0.000000,165000,174000,180000,184000,188000,190000,194000,195000,195000,195000,195000,153,0,165000,141600.29356613068,9691.129451995948,195101.032175,28037.11111111111
1790302406,40,,Aggregated,0.400000,0.000000,165000,174000,180000,184000,188000,190000,194000,195000,195000,195000,195000,153,0,165000,141600.29356613068,9691.129451995948,195101.032175,28037.11111111111
1790302407,40,,Aggregated,0.400000,0.000000,165000,174000,180000,184000,188000,190000,194000,195000,195000,195000,195000,153,0,165000,141600.29356613068,9691.129451995948,195101.032175,28037.11111111111
1790302408,40,,Aggregated,0.400000,0.000000,165000,174000,180000,184000,188000,190000,194000,195000,195000,195000,195000,153,0,165000,141600.29356613068,9691.129451995948,195101.032175,28037.11111111111
1790302409,40,,Aggregated,0.400000,0.000000,165000,174000,180000,184000,188000,190000,194000,195000,195000,195000,195000,153,0,165000,141600.29356613068,9691.129451995948,195101.032175,28037.11111111111
1790302410,40,,Aggregated,0.400000,0.000000,165000,174000,180000,184000,188000,190000,194000,195000,195000,195000,195000,153,0,165000,141600.29356613068,9691.129451995948,195101.032175,28037.11111111111
1790302411,40,,Aggregated,0.300000,0.000000,165000,174000,180000,184000,188000,190000,194000,195000,195000,195000,195000,154,0,165000,141015.79746903243,9691.129451995948,195101.032175,27932.72077922078
1790302412,40,,Aggregated,0.300000,0.000000,165000,174000,180000,184000,188000,190000,194000,195000,195000,195000,195000,155,0,165000,141221.7859698516,9691.129451995948,195101.032175,27977.045161290323
1790302413,40,,Aggregated,0.300000,0.000000,165000,174000,180000,184000,188000,190000,194000,195000,195000,195000,195000,155,0,165000,141221.7859698516,9691.129451995948,195101.032175,27977.045161290323
1790302414,40,,Aggregated,0.200000,0.000000,165000,174000,180000,183000,188000,190000,194000,195000,195000,195000,195000,156,0,165000,141120.68755840385,9691.129451995948,195101.032175,27959.121794871793
1790302415,40,,Aggregated,0.200000,0.000000,165000,174000,180000,183000,188000,190000,194000,195000,195000,195000,195000,156,0,165000,141120.68755840385,9691.129451995948,195101.032175,27959.121794871793
1790302416,40,,Aggregated,0.200000,0.000000,165000,174000,180000,183000,188000,190000,194000,195000,195000,195000,195000,156,0,165000,141120.68755840385,9691.129451995948,195101.032175,27959.121794871793
1790302417,40,,Aggregated,0.200000,0.000000,165000,174000,180000,183000,188000,190000,194000,195000,195000,195000,195000,156,0,165000,141120.68755840385,9691.129451995948,195101.032175,27959.121794871793
1790302418,40,,Aggregated,0.200000,0.000000,165000,174000,180000,183000,188000,190000,194000,195000,195000,195000,195000,156,0,165000,141120.68755840385,9691.129451995948,195101.032175,27959.121794871793
1790302419,40,,Aggregated,0.200000,0.000000,165000,174000,180000,183000,188000,190000,194000,195000,195000,195000,195000,156,0,165000,141120.68755840385,9691.129451995948,195101.032175,27959.121794871793
1790302420,40,,Aggregated,0.200000,0.000000,165000,174000,180000,183000,188000,190000,194000,195000,195000,195000,195000,156,0,165000,141120.68755840385,9691.129451995948,195101.032175,27959.121794871793
1790302421,40,,Aggregated,0.200000,0.000000,165000,174000,180000,183000,188000,190000,194000,195000,195000,195000,195000,156,0,165000,141120.68755840385,9691.129451995948,195101.032175,27959.121794871793
1790302422,40,,Aggregated,0.300000,0.000000,165000,174000,179000,183000,188000,190000,194000,195000,195000,195000,195000,157,0,165000,140845.1686914841,9691.129451995948,195101.032175,27917.732484076434
1790302423,40,,Aggregated,0.300000,0.000000,165000,174000,179000,183000,188000,190000,194000,195000,195000,195000,195000,157,0,165000,140845.1686914841,9691.129451995948,195101.032175,27917.732484076434
1790302424,40,,Aggregated,0.300000,0.000000,165000,174000,179000,183000,188000,190000,194000,195000,195000,195000,195000,157,0,165000,140845.1686914841,9691.129451995948,195101.032175,27917.732484076434
1790302425,40,,Aggregated,0.300000,0.000000,165000,174000,179000,183000,188000,190000,194000,195000,195000,195000,195000,157,0,165000,140845.1686914841,9691.129451995948,195101.032175,27917.732484076434
1790302426,40,,Aggregated,0.200000,0.000000,165000,174000,179000,183000,188000,190000,194000,195000,195000,195000,195000,158,0,165000,140958.75147630382,9691.129451995948,195101.032175,27942.101265822785
1790302427,40,,Aggregated,0.200000,0.000000,165000,174000,179000,183000,188000,190000,194000,195000,195000,195000,195000,158,0,165000,140958.75147630382,9691.129451995948,195101.032175,27942.101265822785
1790302428,40,,Aggregated,0.100000,0.000000,165000,174000,179000,183000,188000,190000,194000,195000,195000,195000,195000,159,0,165000,141166.44652469183,9691.129451995948,195101.032175,27962.767295597485
1790302429,40,,Aggregated,0.200000,0.000000,165000,174000,179000,183000,188000,190000,194000,195000,195000,195000,195000,160,0,165000,140954.07209661248,9691.129451995948,195101.032175,27924.4
1790302430,40,,Aggregated,0.200000,0.000000,165000,174000,179000,183000,188000,190000,194000,195000,195000,195000,195000,160,0,165000,140954.07209661248,9691.129451995948,195101.032175,27924.4
1790302431,40,,Aggregated,0.300000,0.000000,165000,174000,179000,183000,187000,190000,194000,195000,195000,195000,195000,161,0,165000,141156.49794424223,9691.129451995948,195101.032175,27923.55900621118
1790302432,40,,Aggregated,0.400000,0.000000,165000,174000,179000,183000,187000,190000,194000,195000,195000,195000,195000,163,0,165000,141347.4065053251,9691.129451995948,195101.032175,27949.920245398775
1790302433,40,,Aggregated,0.400000,0.000000,165000,174000,178000,183000,187000,190000,194000,195000,195000,195000,195000,165,0,165000,141194.80313269698,9691.129451995948,195101.032175,27912.00606060606
1790302434,40,,Aggregated,0.400000,0.000000,165000,174000,178000,183000,187000,190000,194000,195000,195000,195000,195000,165,0,165000,141194.80313269698,9691.129451995948,195101.032175,27912.00606060606
1790302435,40,,Aggregated,0.400000,0.000000,165000,174000,178000,183000,187000,190000,194000,195000,195000,195000,195000,165,0,165000,141194.80313269698,9691.129451995948,195101.032175,27912.00606060606
1790302436,40,,Aggregated,0.400000,0.000000,165000,174000,178000,183000,187000,190000,194000,195000,195000,195000,195000,165,0,165000,141194.80313269698,9691.129451995948,195101.032175,27912.00606060606
1790302437,40,,Aggregated,0.400000,0.000000,165000,174000,178000,183000,187000,190000,194000,195000,195000,195000,195000,165,0,165000,141194.80313269698,9691.129451995948,195101.032175,27912.00606060606
1790302438,40,,Aggregated,0.400000,0.000000,165000,174000,178000,183000,187000,190000,194000,195000,195000,195000,195000,165,0,165000,141194.80313269698,9691.129451995948,195101.032175,27912.00606060606
1790302439,40,,Aggregated,0.400000,0.000000,165000,174000,178000,183000,187000,190000,194000,195000,195000,195000,195000,165,0,165000,141194.80313269698,9691.129451995948,195101.032175,27912.00606060606
1790302441,40,,Aggregated,0.700000,0.000000,165000,174000,178000,182000,187000,190000,194000,195000,195000,195000,195000,166,0,165000,140405.56636163854,9691.129451995948,195101.032175,27761.831325301206
1790302442,40,,Aggregated,0.700000,0.000000,165000,174000,178000,182000,187000,190000,194000,195000,195000,195000,195000,166,0,165000,140405.56636163854,9691.129451995948,195101.032175,27761.831325301206
1790302443,40,,Aggregated,0.500000,0.000000,165000,174000,178000,182000,187000,190000,194000,195000,195000,195000,195000,167,0,165000,140567.93682553293,9691.129451995948,195101.032175,27798.209580838324
1790302444,40,,Aggregated,0.500000,0.000000,165000,174000,178000,182000,187000,190000,194000,195000,195000,195000,195000,167,0,165000,140567.93682553293,9691.129451995948,195101.032175,27798.209580838324
1790302445,40,,Aggregated,0.500000,0.000000,165000,174000,179000,182000,187000,190000,194000,195000,195000,195000,195000,168,0,165000,140794.90179051194,9691.129451995948,195101.032175,27849.178571428572
1790302446,40,,Aggregated,0.500000,0.000000,165000,174000,179000,182000,187000,190000,194000,195000,195000,195000,195000,168,0,165000,140794.90179051194,9691.129451995948,195101.032175,27849.178571428572
1790302447,40,,Aggregated,0.500000,0.000000,165000,174000,179000,182000,187000,190000,194000,195000,195000,195000,195000,168,0,165000,140794.90179051194,9691.129451995948,195101.032175,27849.178571428572
1790302448,40,,Aggregated,0.500000,0.000000,165000,174000,179000,182000,187000,190000,194000,195000,195000,195000,195000,168,0,165000,140794.90179051194,9691.129451995948,195101.032175,27849.178571428572
1790302449,40,,Aggregated,0.500000,0.000000,165000,174000,179000,182000,187000,190000,194000,195000,195000,195000,195000,168,0,165000,140794.90179051194,9691.129451995948,195101.032175,27849.178571428572
1790302450,40,,Aggregated,0.500000,0.000000,165000,174000,179000,182000,187000,190000,194000,195000,195000,195000,195000,168,0,165000,140794.90179051194,9691.129451995948,195101.032175,27849.178571428572
1790302451,40,,Aggregated,0.500000,0.000000,165000,174000,179000,182000,187000,190000,194000,195000,195000,195000,195000,168,0,165000,140794.90179051194,9691.129451995948,195101.032175,27849.178571428572
1790302452,40,,Aggregated,0.500000,0.000000,165000,174000,179000,182000,187000,190000,194000,195000,195000,195000,195000,168,0,165000,140794.90179051194,9691.129451995948,195101.032175,27849.178571428572
1790302453,40,,Aggregated,0.500000,0.000000,165000,174000,179000,182000,187000,190000,194000,195000,195000,195000,195000,168,0,165000,140794.90179051194,9691.129451995948,195101.032175,27849.178571428572
1790302454,40,,Aggregated,0.500000,0.000000,165000,174000,179000,182000,187000,190000,194000,195000,195000,195000,195000,168,0,165000,140794.90179051194,9691.129451995948,195101.032175,27849.178571428572
1790302455,40,,Aggregated,0.200000,0.000000,165000,174000,178000,182000,187000,190000,194000,195000,195000,195000,195000,169,0,165000,140922.86559844975,9691.129451995948,195101.032175,27850.792899408283
1790302456,40,,Aggregated,0.200000,0.000000,165000,174000,178000,182000,187000,190000,194000,195000,195000,195000,195000,169,0,165000,140922.86559844975,9691.129451995948,195101.032175,27850.792899408283
1790302457,40,,Aggregated,0.200000,0.000000,165000,174000,178000,182000,187000,190000,194000,195000,195000,195000,195000,169,0,165000,140922.86559844975,9691.129451995948,195101.032175,27850.792899408283
1790302458,40,,Aggregated,0.200000,0.000000,165000,174000,178000,182000,187000,190000,194000,195000,195000,195000,195000,169,0,165000,140922.86559844975,9691.129451995948,195101.032175,27850.792899408283
1790302459,40,,Aggregated,0.200000,0.000000,165000,174000,178000,182000,187000,190000,194000,195000,195000,195000,195000,169,0,165000,140922.86559844975,9691.129451995948,195101.032175,27850.792899408283
1790302460,40,,Aggregated,0.200000,0.000000,165000,174000,178000,182000,187000,190000,194000,195000,195000,195000,195000,169,0,165000,140922.86559844975,9691.129451995948,195101.032175,27850.792899408283
1790302461,40,,Aggregated,0.200000,0.000000,165000,174000,178000,182000,187000,190000,194000,195000,195000,195000,195000,169,0,165000,140922.86559844975,9691.129451995948,195101.032175,27850.792899408283
1790302462,40,,Aggregated,0.100000,0.000000,165000,174000,178000,182000,187000,190000,194000,195000,195000,195000,195000,170,0,165000,141109.50066815887,9691.129451995948,195101.032175,27882.20588235294
1790302463,40,,Aggregated,0.100000,0.000000,165000,173000,178000,182000,187000,190000,194000,195000,195000,195000,195000,171,0,165000,141193.6902315088,9691.129451995948,195101.032175,27892.847953216373
1790302464,40,,Aggregated,0.100000,0.000000,165000,173000,178000,182000,187000,190000,194000,195000,195000,195000,195000,171,0,165000,141193.6902315088,9691.129451995948,195101.032175,27892.847953216373
1790302465,40,,Aggregated,0.200000,0.000000,165000,173000,178000,182000,187000,190000,194000,195000,195000,195000,195000,172,0,165000,141292.319285564,9691.129451995948,195101.032175,27899.43023255814
1790302466,40,,Aggregated,0.200000,0.000000,165000,173000,178000,182000,187000,190000,194000,195000,195000,195000,195000,172,0,165000,141292.319285564,9691.129451995948,195101.032175,27899.43023255814
1790302467,40,,Aggregated,0.200000,0.000000,165000,173000,178000,182000,187000,190000,194000,195000,195000,195000,195000,172,0,165000,141292.319285564,9691.129451995948,195101.032175,27899.43023255814
1790302468,40,,Aggregated,0.200000,0.000000,165000,173000,178000,182000,187000,190000,194000,195000,195000,195000,195000,172,0,165000,141292.319285564,9691.129451995948,195101.032175,27899.43023255814
1790302469,40,,Aggregated,0.300000,0.000000,165000,173000,178000,182000,187000,190000,194000,195000,195000,195000,195000,174,0,165000,140891.58304446554,9691.129451995948,195101.032175,27829.626436781607
1790302470,40,,Aggregated,0.300000,0.000000,165000,173000,178000,182000,187000,190000,194000,195000,195000,195000,195000,174,0,165000,140891.58304446554,9691.129451995948,195101.032175,27829.626436781607
1790302471,40,,Aggregated,0.300000,0.000000,165000,173000,178000,182000,187000,190000,194000,195000,195000,195000,195000,174,0,165000,140891.58304446554,9691.129451995948,195101.032175,27829.626436781607
1790302472,40,,Aggregated,0.300000,0.000000,165000,173000,178000,182000,187000,190000,194000,195000,195000,195000,195000,174,0,165000,140891.58304446554,9691.129451995948,195101.032175,27829.626436781607
1790302473,40,,Aggregated,0.300000,0.000000,165000,173000,178000,182000,187000,190000,194000,195000,195000,195000,195000,174,0,165000,140891.58304446554,9691.129451995948,195101.032175,27829.626436781607
1790302474,40,,Aggregated,0.300000,0.000000,165000,173000,178000,182000,187000,190000,194000,195000,195000,195000,195000,174,0,165000,140891.58304446554,9691.129451995948,195101.032175,27829.626436781607
1790302475,40,,Aggregated,0.300000,0.000000,165000,173000,178000,182000,187000,190000,194000,195000,195000,195000,195000,174,0,165000,140891.58304446554,9691.129451995948,195101.032175,27829.626436781607
1790302476,40,,Aggregated,0.300000,0.000000,165000,173000,178000,182000,187000,190000,194000,195000,195000,195000,195000,174,0,165000,140891.58304446554,9691.129451995948,195101.032175,27829.626436781607
1790302477,40,,Aggregated,0.300000,0.000000,165000,173000,178000,182000,187000,190000,194000,195000,195000,195000,195000,174,0,165000,140891.58304446554,9691.129451995948,195101.032175,27829.626436781607
1790302478,40,,Aggregated,0.200000,0.000000,165000,173000,178000,182000,187000,190000,194000,195000,195000,195000,195000,175,0,165000,141060.64689493718,9691.129451995948,195101.032175,27861.18857142857
1790302479,40,,Aggregated,0.200000,0.000000,165000,173000,178000,182000,187000,190000,194000,195000,195000,195000,195000,175,0,165000,141060.64689493718,9691.129451995948,195101.032175,27861.18857142857
1790302480,40,,Aggregated,0.200000,0.000000,165000,173000,178000,182000,187000,190000,194000,195000,195000,195000,195000,175,0,165000,141060.64689493718,9691.129451995948,195101.032175,27861.18857142857
1790302481,40,,Aggregated,0.200000,0.000000,165000,173000,178000,182000,187000,190000,194000,195000,195000,195000,195000,175,0,165000,141060.64689493718,9691.129451995948,195101.032175,27861.18857142857
1790302482,40,,Aggregated,0.200000,0.000000,165000,173000,178000,182000,187000,190000,194000,195000,195000,195000,195000,175,0,165000,141060.64689493718,9691.129451995948,195101.032175,27861.18857142857
1790302483,40,,Aggregated,0.200000,0.000000,165000,173000,178000,182000,187000,190000,194000,195000,195000,195000,195000,175,0,165000,141060.64689493718,9691.129451995948,195101.032175,27861.18857142857
1790302484,40,,Aggregated,0.100000,0.000000,165000,174000,179000,182000,187000,190000,194000,195000,195000,195000,195000,176,0,165000,141330.1031199432,9691.129451995948,195101.032175,27915.99431818182
1790302485,40,,Aggregated,0.100000,0.000000,165000,174000,179000,182000,187000,190000,194000,195000,195000,195000,195000,176,0,165000,141330.1031199432,9691.129451995948,195101.032175,27915.99431818182
1790302486,40,,Aggregated,0.100000,0.000000,165000,173000,178000,182000,187000,190000,194000,195000,195000,195000,195000,178,0,165000,140923.42136485394,9691.129451995948,195101.032175,27856.25842696629
1790302487,40,,Aggregated,0.100000,0.000000,165000,173000,178000,182000,187000,190000,194000,195000,195000,195000,195000,178,0,165000,140923.42136485394,9691.129451995948,195101.032175,27856.25842696629
1790302488,40,,Aggregated,0.100000,0.000000,165000,173000,178000,182000,187000,190000,194000,195000,195000,195000,195000,178,0,165000,140923.42136485394,9691.129451995948,195101.032175,27856.25842696629
1790302489,40,,Aggregated,0.100000,0.000000,165000,173000,178000,182000,187000,190000,194000,195000,195000,195000,195000,178,0,165000,140923.42136485394,9691.129451995948,195101.032175,27856.25842696629
1790302490,40,,Aggregated,0.400000,0.000000,165000,173000,178000,182000,187000,190000,194000,195000,195000,195000,195000,179,0,165000,140443.85607769835,9691.129451995948,195101.032175,27767.893854748603
1790302491,40,,Aggregated,0.400000,0.000000,165000,173000,178000,182000,187000,190000,194000,195000,195000,195000,195000,179,0,165000,140443.85607769835,9691.129451995948,195101.032175,27767.893854748603
1790302492,40,,Aggregated,0.400000,0.000000,165000,173000,178000,182000,187000,190000,194000,195000,195000,195000,195000,179,0,165000,140443.85607769835,9691.129451995948,195101.032175,27767.893854748603
1790302493,40,,Aggregated,0.400000,0.000000,165000,173000,178000,182000,187000,190000,194000,195000,195000,195000,195000,179,0,165000,140443.85607769835,9691.129451995948,195101.032175,27767.893854748603
1790302494,40,,Aggregated,0.400000,0.000000,165000,173000,178000,182000,187000,190000,194000,195000,195000,195000,195000,179,0,165000,140443.85607769835,9691.129451995948,195101.032175,27767.893854748603
