Timestamp,User Count,Type,Name,Requests/s,Failures/s,50%,66%,75%,80%,90%,95%,98%,99%,99.9%,99.99%,100%,Total Request Count,Total Failure Count,Total Median Response Time,Total Average Response Time,Total Min Response Time,Total Max Response Time,Total Average Content Size
1790296186,0,,Aggregated,0.000000,0.000000,N/A,N/A,N/A,N/A,N/A,N/A,N/A,N/A,N/A,N/A,N/A,0,0,0,0.0,0,0,0
1790296187,20,,Aggregated,0.000000,0.000000,N/A,N/A,N/A,N/A,N/A,N/A,N/A,N/A,N/A,N/A,N/A,0,0,0,0.0,0,0,0
1790296188,40,,Aggregated,0.000000,0.000000,N/A,N/A,N/A,N/A,N/A,N/A,N/A,N/A,N/A,N/A,N/A,0,0,0,0.0,0,0,0
1790296189,40,,Aggregated,0.000000,0.000000,N/A,N/A,N/A,N/A,N/A,N/A,N/A,N/A,N/A,N/A,N/A,0,0,0,0.0,0,0,0
1790296190,40,,Aggregated,0.000000,0.000000,N/A,N/A,N/A,N/A,N/A,N/A,N/A,N/A,N/A,N/A,N/A,0,0,0,0.0,0,0,0
1790296191,40,,Aggregated,0.000000,0.000000,N/A,N/A,N/A,N/A,N/A,N/A,N/A,N/A,N/A,N/A,N/A,0,0,0,0.0,0,0,0
1790296192,40,,Aggregated,0.000000,0.000000,N/A,N/A,N/A,N/A,N/A,N/A,N/A,N/A,N/A,N/A,N/A,0,0,0,0.0,0,0,0
1790296193,40,,Aggregated,0.000000,0.000000,N/A,N/A,N/A,N/A,N/A,N/A,N/A,N/A,N/A,N/A,N/A,0,0,0,0.0,0,0,0
1790296194,40,,Aggregated,0.000000,0.000000,N/A,N/A,N/A,N/A,N/A,N/A,N/A,N/A,N/A,N/A,N/A,0,0,0,0.0,0,0,0
1790296196,40,,Aggregated,0.000000,0.000000,N/A,N/A,N/A,N/A,N/A,N/A,N/A,N/A,N/A,N/A,N/A,0,0,0,0.0,0,0,0
1790296197,40,,Aggregated,0.000000,0.000000,N/A,N/A,N/A,N/A,N/A,N/A,N/A,N/A,N/A,N/A,N/A,0,0,0,0.0,0,0,0
1790296198,40,,Aggregated,0.000000,0.000000,N/A,N/A,N/A,N/A,N/A,N/A,N/A,N/A,N/A,N/A,N/A,0,0,0,0.0,0,0,0
1790296199,40,,Aggregated,0.000000,0.000000,N/A,N/A,N/A,N/A,N/A,N/A,N/A,N/A,N/A,N/A,N/A,0,0,0,0.0,0,0,0
1790296200,40,,Aggregated,0.000000,0.000000,N/A,N/A,N/A,N/A,N/A,N/A,N/A,N/A,N/A,N/A,N/A,0,0,0,0.0,0,0,0
1790296201,40,,Aggregated,0.000000,0.000000,N/A,N/A,N/A,N/A,N/A,N/A,N/A,N/A,N/A,N/A,N/A,0,0,0,0.0,0,0,0
1790296202,40,,Aggregated,0.000000,0.000000,N/A,N/A,N/A,N/A,N/A,N/A,N/A,N/A,N/A,N/A,N/A,0,0,0,0.0,0,0,0
1790296203,40,,Aggregated,0.000000,0.000000,N/A,N/A,N/A,N/A,N/A,N/A,N/A,N/A,N/A,N/A,N/A,0,0,0,0.0,0,0,0
1790296204,40,,Aggregated,0.000000,0.000000,N/A,N/A,N/A,N/A,N/A,N/A,N/A,N/A,N/A,N/A,N/A,0,0,0,0.0,0,0,0
1790296205,40,,Aggregated,0.000000,0.000000,N/A,N/A,N/A,N/A,N/A,N/A,N/A,N/A,N/A,N/A,N/A,0,0,0,0.0,0,0,0
1790296206,40,,Aggregated,0.000000,0.000000,N/A,N/A,N/A,N/A,N/A,N/A,N/A,N/A,N/A,N/A,N/A,0,0,0,0.0,0,0,0
1790296207,40,,Aggregated,0.000000,0.000000,18000,18000,18000,18000,18000,18000,18000,18000,18000,18000,18000,1,0,18477.567309000733,18477.567309000733,18477.567309000733,18477.567309000733,4892.0
1790296208,40,,Aggregated,0.000000,0.000000,20000,20000,20000,20000,20000,20000,20000,20000,20000,20000,20000,2,0,20000,19443.14127550024,18477.567309000733,20408.715241999744,5340.5
1790296209,40,,Aggregated,0.000000,0.000000,20000,20000,20000,20000,20000,20000,20000,20000,20000,20000,20000,2,0,20000,19443.14127550024,18477.567309000733,20408.715241999744,5340.5
1790296210,40,,Aggregated,0.000000,0.000000,20000,20000,20000,20000,20000,20000,20000,20000,20000,20000,20000,2,0,20000,19443.14127550024,18477.567309000733,20408.715241999744,5340.5
1790296211,40,,Aggregated,0.000000,0.000000,20000,20000,20000,20000,20000,20000,20000,20000,20000,20000,20000,2,0,20000,19443.14127550024,18477.567309000733,20408.715241999744,5340.5
1790296212,40,,Aggregated,0.000000,0.000000,20000,20000,20000,20000,20000,20000,20000,20000,20000,20000,20000,2,0,20000,19443.14127550024,18477.567309000733,20408.715241999744,5340.5
1790296213,40,,Aggregated,0.000000,0.000000,20000,20000,20000,20000,20000,20000,20000,20000,20000,20000,20000,2,0,20000,19443.14127550024,18477.567309000733,20408.715241999744,5340.5
1790296214,40,,Aggregated,0.200000,0.000000,27000,27000,27000,27000,27000,27000,27000,27000,27000,27000,27000,6,0,26969.979617999343,24417.95863200059,18477.567309000733,26969.979617999343,6318.5
1790296215,40,,Aggregated,0.200000,0.000000,27000,27000,27000,27000,28000,28000,28000,28000,28000,28000,28000,13,0,27000,25812.97636023094,18477.567309000733,27897.215846998733,6609.846153846154
1790296216,40,,Aggregated,0.200000,0.000000,27000,27000,28000,28000,28000,28000,28000,28000,28000,28000,28000,18,0,27000,26406.744007500194,18477.567309000733,28491.36316100339,6712.333333333333
1790296217,40,,Aggregated,1.300000,0.000000,27000,28000,28000,28000,29000,30000,30000,30000,30000,30000,30000,23,0,27000,27019.979398826214,18477.567309000733,30128.451653999946,6786.695652173913
1790296218,40,,Aggregated,1.800000,0.000000,28000,28000,30000,30000,30000,31000,31000,31000,31000,31000,31000,28,0,28000,27601.555143535865,18477.567309000733,31104.271293999773,6893.535714285715
1790296219,40,,Aggregated,1.800000,0.000000,28000,30000,30000,30000,31000,31000,31000,31000,31000,31000,31000,34,0,28000,28182.852660058954,18477.567309000733,31396.86023000104,6970.029411764706
1790296220,40,,Aggregated,2.000000,0.000000,28000,30000,30000,31000,31000,32000,33000,33000,33000,33000,33000,36,0,28000,28413.382213416808,18477.567309000733,32710.834501001955,7006.472222222223
1790296221,40,,Aggregated,3.200000,0.000000,29000,30000,31000,31000,33000,33000,33000,33000,33000,33000,33000,40,0,29000,28871.74814705013,18477.567309000733,33303.13986100009,7126.925
1790296222,40,,Aggregated,3.200000,0.000000,29000,30000,31000,31000,33000,33000,33000,33000,33000,33000,33000,40,0,29000,28871.74814705013,18477.567309000733,33303.13986100009,7126.925
1790296223,40,,Aggregated,3.200000,0.000000,29000,30000,31000,31000,33000,33000,33000,33000,33000,33000,33000,40,0,29000,28871.74814705013,18477.567309000733,33303.13986100009,7126.925
1790296224,40,,Aggregated,3.200000,0.000000,29000,30000,31000,31000,33000,33000,33000,33000,33000,33000,33000,40,0,29000,28871.74814705013,18477.567309000733,33303.13986100009,7126.925
1790296225,40,,Aggregated,3.800000,0.000000,28000,30000,31000,31000,33000,33000,33000,33000,33000,33000,33000,42,0,28000,27824.124623238233,6840.591726999264,33303.13986100009,6900.619047619048
1790296226,40,,Aggregated,3.800000,0.000000,28000,30000,31000,31000,33000,33000,33000,33000,33000,33000,33000,42,0,28000,27824.124623238233,6840.591726999264,33303.13986100009,6900.619047619048
1790296227,40,,Aggregated,3.800000,0.000000,28000,30000,31000,31000,33000,33000,33000,33000,33000,33000,33000,42,0,28000,27824.124623238233,6840.591726999264,33303.13986100009,6900.619047619048
1790296228,40,,Aggregated,3.800000,0.000000,28000,30000,31000,31000,33000,33000,33000,33000,33000,33000,33000,42,0,28000,27824.124623238233,6840.591726999264,33303.13986100009,6900.619047619048
1790296229,40,,Aggregated,3.800000,0.000000,28000,30000,31000,31000,33000,33000,33000,33000,33000,33000,33000,42,0,28000,27824.124623238233,6840.591726999264,33303.13986100009,6900.619047619048
1790296230,40,,Aggregated,2.100000,0.000000,28000,30000,31000,31000,33000,33000,33000,33000,33000,33000,33000,43,0,28000,27412.730291162938,6840.591726999264,33303.13986100009,6816.767441860465
1790296231,40,,Aggregated,2.100000,0.000000,28000,30000,31000,31000,33000,33000,33000,33000,33000,33000,33000,43,0,28000,27412.730291162938,6840.591726999264,33303.13986100009,6816.767441860465
1790296232,40,,Aggregated,2.100000,0.000000,28000,30000,31000,31000,33000,33000,33000,33000,33000,33000,33000,43,0,28000,27412.730291162938,6840.591726999264,33303.13986100009,6816.767441860465
1790296233,40,,Aggregated,2.100000,0.000000,28000,30000,31000,31000,33000,33000,33000,33000,33000,33000,33000,43,0,28000,27412.730291162938,6840.591726999264,33303.13986100009,6816.767441860465
1790296234,40,,Aggregated,2.100000,0.000000,28000,30000,31000,31000,33000,33000,33000,33000,33000,33000,33000,43,0,28000,27412.730291162938,6840.591726999264,33303.13986100009,6816.767441860465
1790296235,40,,Aggregated,2.100000,0.000000,28000,30000,31000,31000,33000,33000,33000,33000,33000,33000,33000,43,0,28000,27412.730291162938,6840.591726999264,33303.13986100009,6816.767441860465
1790296236,40,,Aggregated,2.100000,0.000000,28000,30000,31000,31000,33000,33000,33000,33000,33000,33000,33000,43,0,28000,27412.730291162938,6840.591726999264,33303.13986100009,6816.767441860465
1790296237,40,,Aggregated,2.100000,0.000000,28000,30000,31000,31000,33000,33000,33000,33000,33000,33000,33000,43,0,28000,27412.730291162938,6840.591726999264,33303.13986100009,6816.767441860465
1790296238,40,,Aggregated,2.100000,0.000000,28000,30000,31000,31000,33000,33000,33000,33000,33000,33000,33000,43,0,28000,27412.730291162938,6840.591726999264,33303.13986100009,6816.767441860465
1790296239,40,,Aggregated,2.100000,0.000000,28000,30000,31000,31000,33000,33000,33000,33000,33000,33000,33000,43,0,28000,27412.730291162938,6840.591726999264,33303.13986100009,6816.767441860465
1790296240,40,,Aggregated,2.100000,0.000000,28000,30000,31000,31000,33000,33000,33000,33000,33000,33000,33000,43,0,28000,27412.730291162938,6840.591726999264,33303.13986100009,6816.767441860465
1790296241,40,,Aggregated,0.100000,0.000000,28000,30000,31000,31000,33000,33000,33000,33000,33000,33000,33000,46,0,28000,27497.7142577393,6840.591726999264,33303.13986100009,6853.434782608696
1790296242,40,,Aggregated,0.100000,0.000000,28000,30000,31000,31000,33000,33000,33000,33000,33000,33000,33000,46,0,28000,27497.7142577393,6840.591726999264,33303.13986100009,6853.434782608696
1790296243,40,,Aggregated,0.100000,0.000000,28000,30000,31000,31000,33000,33000,33000,33000,33000,33000,33000,46,0,28000,27497.7142577393,6840.591726999264,33303.13986100009,6853.434782608696
1790296244,40,,Aggregated,0.300000,0.000000,28000,30000,31000,31000,33000,33000,33000,33000,33000,33000,33000,48,0,28000,27532.6944927502,6840.591726999264,33303.13986100009,6854.083333333333
1790296245,40,,Aggregated,0.300000,0.000000,28000,30000,31000,31000,33000,33000,33000,33000,33000,33000,33000,50,0,28000,27553.362077020138,6840.591726999264,33303.13986100009,6874.82
1790296246,40,,Aggregated,0.400000,0.000000,28000,30000,31000,31000,33000,33000,33000,33000,33000,33000,33000,53,0,28000,27661.39214601894,6840.591726999264,33303.13986100009,6884.754716981132
1790296247,40,,Aggregated,0.700000,0.000000,29000,30000,31000,31000,33000,33000,33000,33000,33000,33000,33000,56,0,29000,27840.66762026792,6840.591726999264,33303.13986100009,6916.571428571428
1790296248,40,,Aggregated,0.700000,0.000000,29000,30000,31000,31000,33000,33000,33000,33000,33000,33000,33000,61,0,29000,28058.190729393496,6840.591726999264,33303.13986100009,6964.6557377049185
1790296249,40,,Aggregated,1.200000,0.000000,30000,30000,31000,31000,33000,33000,33000,33000,33000,33000,33000,68,0,30000,28294.966754661797,6840.591726999264,33303.13986100009,7016.088235294118
1790296250,40,,Aggregated,1.200000,0.000000,30000,30000,31000,31000,33000,33000,33000,33000,33000,33000,33000,69,0,30000,28354.075941681185,6840.591726999264,33303.13986100009,7025.536231884058
1790296251,40,,Aggregated,2.200000,0.000000,30000,30000,31000,31000,33000,33000,33000,33000,33000,33000,33000,72,0,30000,28109.710029138918,6840.591726999264,33303.13986100009,6985.375
1790296252,40,,Aggregated,2.200000,0.000000,30000,31000,31000,32000,33000,33000,33000,33000,33000,33000,33000,77,0,30000,28361.54074088316,6840.591726999264,33303.13986100009,7041.636363636364
1790296253,40,,Aggregated,2.500000,0.000000,30000,31000,31000,32000,33000,33000,33000,33000,33000,33000,33000,81,0,30000,28457.115550296334,6840.591726999264,33303.13986100009,7069.172839506173
1790296254,40,,Aggregated,2.500000,0.000000,30000,31000,31000,32000,33000,33000,33000,33000,33000,33000,33000,82,0,30000,28503.96801958542,6840.591726999264,33303.13986100009,7081.707317073171
1790296255,40,,Aggregated,2.500000,0.000000,30000,31000,31000,32000,33000,33000,33000,33000,33000,33000,33000,82,0,30000,28503.96801958542,6840.591726999264,33303.13986100009,7081.707317073171
1790296256,40,,Aggregated,2.500000,0.000000,30000,31000,31000,32000,33000,33000,33000,33000,33000,33000,33000,82,0,30000,28503.96801958542,6840.591726999264,33303.13986100009,7081.707317073171
1790296257,40,,Aggregated,2.500000,0.000000,30000,31000,31000,32000,33000,33000,33000,33000,33000,33000,33000,82,0,30000,28503.96801958542,6840.591726999264,33303.13986100009,7081.707317073171
1790296258,40,,Aggregated,3.200000,0.000000,30000,31000,31000,32000,33000,33000,33000,33000,33000,33000,33000,83,0,30000,28540.207241265132,6840.591726999264,33303.13986100009,7085.855421686747
1790296259,40,,Aggregated,3.200000,0.000000,30000,31000,31000,32000,33000,33000,33000,33000,33000,33000,33000,83,0,30000,28540.207241265132,6840.591726999264,33303.13986100009,7085.855421686747
1790296260,40,,Aggregated,3.200000,0.000000,30000,31000,31000,32000,33000,33000,33000,33000,33000,33000,33000,83,0,30000,28540.207241265132,6840.591726999264,33303.13986100009,7085.855421686747
1790296261,40,,Aggregated,3.200000,0.000000,30000,31000,31000,32000,33000,33000,33000,33000,33000,33000,33000,83,0,30000,28540.207241265132,6840.591726999264,33303.13986100009,7085.855421686747
1790296262,40,,Aggregated,1.400000,0.000000,30000,31000,31000,32000,33000,33000,33000,33000,33000,33000,33000,85,0,30000,28392.742341682435,6840.591726999264,33303.13986100009,7062.141176470588
1790296263,40,,Aggregated,1.400000,0.000000,30000,31000,31000,32000,33000,33000,33000,33000,33000,33000,33000,85,0,30000,28392.742341682435,6840.591726999264,33303.13986100009,7062.141176470588
1790296264,40,,Aggregated,1.400000,0.000000,30000,31000,31000,32000,33000,33000,33000,33000,33000,33000,33000,85,0,30000,28392.742341682435,6840.591726999264,33303.13986100009,7062.141176470588
1790296265,40,,Aggregated,1.400000,0.000000,30000,31000,31000,32000,33000,33000,33000,33000,33000,33000,33000,85,0,30000,28392.742341682435,6840.591726999264,33303.13986100009,7062.141176470588
1790296266,40,,Aggregated,1.400000,0.000000,30000,31000,31000,32000,33000,33000,33000,33000,33000,33000,33000,85,0,30000,28392.742341682435,6840.591726999264,33303.13986100009,7062.141176470588
1790296267,40,,Aggregated,1.400000,0.000000,30000,31000,31000,32000,33000,33000,33000,33000,33000,33000,33000,85,0,30000,28392.742341682435,6840.591726999264,33303.13986100009,7062.141176470588
1790296268,40,,Aggregated,1.400000,0.000000,30000,31000,31000,32000,33000,33000,33000,33000,33000,33000,33000,85,0,30000,28392.742341682435,6840.591726999264,33303.13986100009,7062.141176470588
1790296269,40,,Aggregated,1.400000,0.000000,30000,31000,31000,32000,33000,33000,33000,33000,33000,33000,33000,85,0,30000,28392.742341682435,6840.591726999264,33303.13986100009,7062.141176470588
1790296270,40,,Aggregated,1.400000,0.000000,30000,31000,31000,32000,33000,33000,33000,33000,33000,33000,33000,85,0,30000,28392.742341682435,6840.591726999264,33303.13986100009,7062.141176470588
1790296271,40,,Aggregated,1.400000,0.000000,30000,31000,31000,32000,33000,33000,33000,33000,33000,33000,33000,85,0,30000,28392.742341682435,6840.591726999264,33303.13986100009,7062.141176470588
1790296272,40,,Aggregated,0.200000,0.000000,30000,31000,31000,32000,33000,33000,33000,33000,33000,33000,33000,86,0,30000,28409.889186941953,6840.591726999264,33303.13986100009,7069.581395348837
1790296273,40,,Aggregated,0.200000,0.000000,30000,31000,31000,32000,33000,33000,33000,33000,33000,33000,33000,87,0,30000,28438.741710942602,6840.591726999264,33303.13986100009,7073.586206896552
1790296274,40,,Aggregated,0.100000,0.000000,30000,31000,31000,32000,33000,33000,33000,33000,33000,33000,33000,89,0,30000,28400.81526941577,6840.591726999264,33303.13986100009,7064.483146067416
1790296275,40,,Aggregated,0.100000,0.000000,30000,31000,31000,32000,33000,33000,33000,33000,33000,33000,33000,90,0,30000,28407.82432988894,6840.591726999264,33303.13986100009,7059.211111111111
1790296276,40,,Aggregated,0.300000,0.000000,30000,31000,31000,32000,33000,33000,33000,33000,33000,33000,33000,91,0,30000,28386.718454791295,6840.591726999264,33303.13986100009,7052.0989010989015
1790296277,40,,Aggregated,0.400000,0.000000,30000,31000,31000,32000,33000,33000,33000,33000,33000,33000,33000,96,0,30000,28436.674939635504,6840.591726999264,33303.13986100009,7074.260416666667
1790296278,40,,Aggregated,0.500000,0.000000,30000,31000,31000,32000,33000,33000,33000,33000,33000,33000,33000,98,0,30000,28429.985421193935,6840.591726999264,33303.13986100009,7072.7040816326535
1790296279,40,,Aggregated,0.800000,0.000000,30000,31000,31000,32000,33000,33000,33000,33000,33000,33000,33000,106,0,30000,28499.14651272647,6840.591726999264,33303.13986100009,7083.792452830188
1790296280,40,,Aggregated,1.200000,0.000000,30000,31000,31000,32000,33000,33000,33000,33000,33000,33000,33000,110,0,30000,28530.20071226373,6840.591726999264,33303.13986100009,7093.809090909091
1790296281,40,,Aggregated,1.800000,0.000000,30000,31000,31000,32000,32000,33000,33000,33000,33000,33000,33000,113,0,30000,28522.6062800089,6840.591726999264,33303.13986100009,7101.079646017699
1790296282,40,,Aggregated,2.200000,0.000000,30000,30000,31000,32000,32000,33000,33000,33000,33000,33000,33000,116,0,30000,28523.72158711214,6840.591726999264,33303.13986100009,7106.8448275862065
1790296283,40,,Aggregated,2.600000,0.000000,30000,30000,31000,32000,32000,33000,33000,33000,33000,33000,33000,117,0,30000,28531.098294718046,6840.591726999264,33303.13986100009,7107.974358974359
1790296284,40,,Aggregated,2.800000,0.000000,30000,31000,31000,32000,32000,33000,33000,33000,33000,33000,33000,120,0,30000,28588.33790403344,6840.591726999264,33303.13986100009,7125.341666666666
1790296285,40,,Aggregated,3.000000,0.000000,30000,31000,31000,32000,32000,33000,33000,33000,33000,33000,33000,121,0,30000,28612.65548533896,6840.591726999264,33303.13986100009,7135.297520661157
1790296286,40,,Aggregated,3.000000,0.000000,30000,31000,31000,32000,32000,33000,33000,33000,33000,33000,33000,121,0,30000,28612.65548533896,6840.591726999264,33303.13986100009,7135.297520661157
1790296287,40,,Aggregated,3.000000,0.000000,30000,31000,31000,32000,32000,33000,33000,33000,33000,33000,33000,121,0,30000,28612.65548533896,6840.591726999264,33303.13986100009,7135.297520661157
1790296288,40,,Aggregated,3.100000,0.000000,30000,31000,31000,32000,32000,33000,33000,33000,33000,33000,33000,122,0,30000,28640.781918041088,6840.591726999264,33303.13986100009,7136.139344262295
1790296289,40,,Aggregated,2.800000,0.000000,30000,31000,31000,32000,32000,33000,33000,33000,33000,33000,33000,123,0,30000,28652.89717466678,6840.591726999264,33303.13986100009,7140.756097560976
1790296290,40,,Aggregated,2.800000,0.000000,30000,31000,31000,32000,32000,33000,33000,33000,33000,33000,33000,123,0,30000,28652.89717466678,6840.591726999264,33303.13986100009,7140.756097560976
1790296291,40,,Aggregated,2.500000,0.000000,30000,31000,31000,32000,32000,33000,33000,33000,33000,33000,33000,124,0,30000,28516.49675920174,6840.591726999264,33303.13986100009,7112.564516129032
1790296292,40,,Aggregated,2.500000,0.000000,30000,31000,31000,32000,32000,33000,33000,33000,33000,33000,33000,124,0,30000,28516.49675920174,6840.591726999264,33303.13986100009,7112.564516129032
1790296293,40,,Aggregated,2.500000,0.000000,30000,31000,31000,32000,32000,33000,33000,33000,33000,33000,33000,124,0,30000,28516.49675920174,6840.591726999264,33303.13986100009,7112.564516129032
1790296294,40,,Aggregated,2.500000,0.000000,30000,31000,31000,32000,32000,33000,33000,33000,33000,33000,33000,124,0,30000,28516.49675920174,6840.591726999264,33303.13986100009,7112.564516129032
1790296295,40,,Aggregated,1.100000,0.000000,30000,31000,31000,32000,32000,33000,33000,33000,33000,33000,33000,125,0,30000,28541.540374328117,6840.591726999264,33303.13986100009,7121.448
1790296296,40,,Aggregated,0.800000,0.000000,30000,31000,31000,32000,32000,33000,33000,33000,33000,33000,33000,126,0,30000,28573.31832393662,6840.591726999264,33303.13986100009,7130.9682539682535
1790296297,40,,Aggregated,0.800000,0.000000,30000,31000,31000,32000,32000,33000,33000,33000,33000,33000,33000,126,0,30000,28573.31832393662,6840.591726999264,33303.13986100009,7130.9682539682535
1790296298,40,,Aggregated,0.800000,0.000000,30000,31000,31000,32000,32000,33000,33000,33000,33000,33000,33000,126,0,30000,28573.31832393662,6840.591726999264,33303.13986100009,7130.9682539682535
1790296299,40,,Aggregated,0.800000,0.000000,30000,31000,31000,32000,32000,33000,33000,33000,33000,33000,33000,126,0,30000,28573.31832393662,6840.591726999264,33303.13986100009,7130.9682539682535
1790296300,40,,Aggregated,0.800000,0.000000,30000,31000,31000,32000,32000,33000,33000,33000,33000,33000,33000,126,0,30000,28573.31832393662,6840.591726999264,33303.13986100009,7130.9682539682535
1790296301,40,,Aggregated,0.800000,0.000000,30000,31000,31000,32000,32000,33000,33000,33000,33000,33000,33000,126,0,30000,28573.31832393662,6840.591726999264,33303.13986100009,7130.9682539682535
1790296302,40,,Aggregated,0.300000,0.000000,30000,31000,31000,32000,32000,33000,33000,33000,33000,33000,33000,127,0,30000,28571.5663425434,6840.591726999264,33303.13986100009,7128.968503937008
1790296303,40,,Aggregated,0.200000,0.000000,30000,31000,31000,32000,32000,33000,33000,33000,33000,33000,33000,128,0,30000,28572.527885789154,6840.591726999264,33303.13986100009,7139.953125
1790296304,40,,Aggregated,0.200000,0.000000,30000,31000,31000,32000,32000,33000,33000,33000,33000,33000,33000,128,0,30000,28572.527885789154,6840.591726999264,33303.13986100009,7139.953125
1790296305,40,,Aggregated,0.300000,0.000000,30000,31000,31000,32000,32000,33000,33000,33000,33000,33000,33000,129,0,30000,28579.920322558246,6840.591726999264,33303.13986100009,7141.937984496124
1790296306,40,,Aggregated,0.400000,0.000000,30000,31000,31000,32000,32000,33000,33000,33000,33000,33000,33000,132,0,30000,28556.03466496982,6840.591726999264,33303.13986100009,7133.583333333333
1790296307,40,,Aggregated,0.300000,0.000000,30000,30000,31000,32000,32000,33000,33000,33000,33000,33000,33000,137,0,30000,28508.598747788452,6840.591726999264,33303.13986100009,7127.992700729927
1790296308,40,,Aggregated,0.300000,0.000000,30000,30000,31000,32000,32000,33000,33000,33000,33000,33000,33000,140,0,30000,28482.48057821443,6840.591726999264,33303.13986100009,7117.035714285715
1790296309,40,,Aggregated,0.600000,0.000000,30000,30000,31000,31000,32000,33000,33000,33000,33000,33000,33000,143,0,30000,28507.571022636523,6840.591726999264,33303.13986100009,7128.258741258741
1790296310,40,,Aggregated,1.200000,0.000000,30000,30000,31000,31000,32000,33000,33000,33000,33000,33000,33000,146,0,30000,28528.138266849448,6840.591726999264,33303.13986100009,7121.171232876713
1790296311,40,,Aggregated,1.500000,0.000000,30000,30000,31000,31000,32000,33000,33000,33000,33000,33000,33000,148,0,30000,28528.26845315553,6840.591726999264,33303.13986100009,7123.3378378378375
1790296312,40,,Aggregated,1.800000,0.000000,30000,30000,31000,31000,32000,33000,33000,33000,33000,33000,33000,155,0,30000,28620.047118213,6840.591726999264,33303.13986100009,7148.129032258064
1790296313,40,,Aggregated,1.800000,0.000000,30000,30000,31000,31000,32000,33000,33000,33000,33000,33000,33000,156,0,30000,28643.806875577036,6840.591726999264,33303.13986100009,7153.2307692307695
1790296314,40,,Aggregated,2.500000,0.000000,30000,30000,31000,31000,32000,33000,33000,33000,33000,33000,33000,158,0,30000,28667.188762753307,6840.591726999264,33303.13986100009,7167.727848101265
1790296315,40,,Aggregated,2.500000,0.000000,30000,30000,31000,31000,32000,33000,33000,33000,33000,33000,33000,159,0,30000,28660.31219733976,6840.591726999264,33303.13986100009,7166.452830188679
1790296316,40,,Aggregated,2.800000,0.000000,30000,30000,31000,31000,32000,33000,33000,33000,33000,33000,33000,160,0,30000,28669.9962657189,6840.591726999264,33303.13986100009,7169.96875
1790296317,40,,Aggregated,3.100000,0.000000,30000,30000,31000,31000,32000,33000,33000,33000,33000,33000,33000,162,0,30000,28570.688415932244,6840.591726999264,33303.13986100009,7149.240740740741
1790296318,40,,Aggregated,3.100000,0.000000,30000,30000,31000,31000,32000,33000,33000,33000,33000,33000,33000,162,0,30000,28570.688415932244,6840.591726999264,33303.13986100009,7149.240740740741
1790296319,40,,Aggregated,2.800000,0.000000,30000,30000,31000,31000,32000,33000,33000,33000,33000,33000,33000,163,0,30000,28569.82844302469,6840.591726999264,33303.13986100009,7152.515337423313
1790296320,40,,Aggregated,2.800000,0.000000,30000,30000,31000,31000,32000,33000,33000,33000,33000,33000,33000,164,0,30000,28580.982557408675,6840.591726999264,33303.13986100009,7155.878048780488
1790296321,40,,Aggregated,2.800000,0.000000,30000,30000,31000,31000,32000,33000,33000,33000,33000,33000,33000,164,0,30000,28580.982557408675,6840.591726999264,33303.13986100009,7155.878048780488
1790296322,40,,Aggregated,2.800000,0.000000,30000,30000,31000,31000,32000,33000,33000,33000,33000,33000,33000,164,0,30000,28580.982557408675,6840.591726999264,33303.13986100009,7155.878048780488
1790296323,40,,Aggregated,2.800000,0.000000,30000,30000,31000,31000,32000,33000,33000,33000,33000,33000,33000,164,0,30000,28580.982557408675,6840.591726999264,33303.13986100009,7155.878048780488
1790296324,40,,Aggregated,1.300000,0.000000,30000,30000,31000,31000,32000,33000,33000,33000,33000,33000,33000,166,0,30000,28593.185784271223,6840.591726999264,33303.13986100009,7164.542168674699
1790296325,40,,Aggregated,0.800000,0.000000,30000,30000,31000,31000,32000,33000,33000,33000,33000,33000,33000,167,0,30000,28600.109855060015,6840.591726999264,33303.13986100009,7164.988023952096
1790296326,40,,Aggregated,0.800000,0.000000,30000,30000,31000,31000,32000,33000,33000,33000,33000,33000,33000,167,0,30000,28600.109855060015,6840.591726999264,33303.13986100009,7164.988023952096
1790296327,40,,Aggregated,0.800000,0.000000,30000,30000,31000,31000,32000,33000,33000,33000,33000,33000,33000,167,0,30000,28600.109855060015,6840.591726999264,33303.13986100009,7164.988023952096
1790296328,40,,Aggregated,0.800000,0.000000,30000,30000,31000,31000,32000,33000,33000,33000,33000,33000,33000,167,0,30000,28600.109855060015,6840.591726999264,33303.13986100009,7164.988023952096
1790296329,40,,Aggregated,0.800000,0.000000,30000,30000,31000,31000,32000,33000,33000,33000,33000,33000,33000,167,0,30000,28600.109855060015,6840.591726999264,33303.13986100009,7164.988023952096
1790296330,40,,Aggregated,0.800000,0.000000,30000,30000,31000,31000,32000,33000,33000,33000,33000,33000,33000,167,0,30000,28600.109855060015,6840.591726999264,33303.13986100009,7164.988023952096
1790296331,40,,Aggregated,0.800000,0.000000,30000,30000,31000,31000,32000,33000,33000,33000,33000,33000,33000,167,0,30000,28600.109855060015,6840.591726999264,33303.13986100009,7164.988023952096
1790296332,40,,Aggregated,0.800000,0.000000,30000,30000,31000,31000,32000,33000,33000,33000,33000,33000,33000,167,0,30000,28600.109855060015,6840.591726999264,33303.13986100009,7164.988023952096
1790296333,40,,Aggregated,0.300000,0.000000,30000,30000,31000,31000,32000,33000,33000,33000,33000,33000,33000,168,0,30000,28609.88404398821,6840.591726999264,33303.13986100009,7167.523809523809
1790296334,40,,Aggregated,0.300000,0.000000,30000,30000,31000,31000,32000,33000,33000,33000,33000,33000,33000,170,0,30000,28609.5736402707,6840.591726999264,33303.13986100009,7169.041176470589
1790296335,40,,Aggregated,0.300000,0.000000,30000,30000,31000,31000,32000,33000,33000,33000,33000,33000,33000,170,0,30000,28609.5736402707,6840.591726999264,33303.13986100009,7169.041176470589
1790296336,40,,Aggregated,0.500000,0.000000,30000,30000,31000,31000,32000,33000,33000,33000,33000,33000,33000,172,0,30000,28591.936115000117,6840.591726999264,33303.13986100009,7162.03488372093
1790296337,40,,Aggregated,0.400000,0.000000,30000,30000,31000,31000,32000,33000,33000,33000,33000,33000,33000,174,0,30000,28598.465390563342,6840.591726999264,33303.13986100009,7164.0
1790296338,40,,Aggregated,0.300000,0.000000,30000,30000,31000,31000,32000,33000,33000,33000,33000,33000,33000,179,0,30000,28603.757956190082,6840.591726999264,33303.13986100009,7152.480446927374
1790296339,40,,Aggregated,0.500000,0.000000,30000,30000,31000,31000,32000,33000,33000,33000,33000,33000,33000,184,0,30000,28579.22899593492,6840.591726999264,33303.13986100009,7145.695652173913
1790296340,40,,Aggregated,0.900000,0.000000,30000,30000,31000,31000,32000,33000,33000,33000,33000,33000,33000,185,0,30000,28580.23740877311,6840.591726999264,33303.13986100009,7144.92972972973
1790296341,40,,Aggregated,1.200000,0.000000,30000,30000,31000,31000,32000,33000,33000,33000,33000,33000,33000,189,0,30000,28606.124310904903,6840.591726999264,33303.13986100009,7143.153439153439
1790296342,40,,Aggregated,1.700000,0.000000,30000,30000,31000,31000,32000,33000,33000,33000,33000,33000,33000,191,0,30000,28604.517840884968,6840.591726999264,33303.13986100009,7144.0366492146595
1790296343,40,,Aggregated,1.800000,0.000000,30000,30000,31000,31000,32000,33000,33000,33000,33000,33000,33000,195,0,30000,28650.16336659504,6840.591726999264,33303.13986100009,7158.969230769231
1790296344,40,,Aggregated,1.800000,0.000000,30000,30000,31000,31000,32000,33000,33000,33000,33000,33000,33000,195,0,30000,28650.16336659504,6840.591726999264,33303.13986100009,7158.969230769231
1790296345,40,,Aggregated,2.500000,0.000000,30000,30000,31000,31000,32000,33000,33000,33000,33000,33000,33000,196,0,30000,28642.73544335221,6840.591726999264,33303.13986100009,7162.127551020408
1790296347,40,,Aggregated,2.600000,0.000000,30000,30000,31000,31000,32000,33000,33000,33000,33000,33000,33000,199,0,30000,28680.091553990114,6840.591726999264,33303.13986100009,7165.371859296482
1790296348,40,,Aggregated,2.500000,0.000000,30000,30000,31000,31000,32000,33000,33000,33000,33000,33000,33000,200,0,30000,28680.040955255172,6840.591726999264,33303.13986100009,7167.29
1790296349,40,,Aggregated,2.600000,0.000000,30000,30000,31000,31000,32000,33000,33000,33000,33000,33000,33000,202,0,30000,28711.40621719325,6840.591726999264,33303.13986100009,7171.207920792079
1790296350,40,,Aggregated,2.600000,0.000000,30000,30000,31000,31000,32000,33000,33000,33000,33000,33000,33000,202,0,30000,28711.40621719325,6840.591726999264,33303.13986100009,7171.207920792079
1790296351,40,,Aggregated,2.600000,0.000000,30000,30000,31000,31000,32000,33000,33000,33000,33000,33000,33000,202,0,30000,28711.40621719325,6840.591726999264,33303.13986100009,7171.207920792079
1790296352,40,,Aggregated,2.600000,0.000000,30000,30000,31000,31000,32000,33000,33000,33000,33000,33000,33000,202,0,30000,28711.40621719325,6840.591726999264,33303.13986100009,7171.207920792079
1790296353,40,,Aggregated,1.800000,0.000000,30000,30000,31000,31000,32000,33000,33000,33000,33000,33000,33000,204,0,30000,28738.669623367823,6840.591726999264,33303.13986100009,7176.578431372549
1790296354,40,,Aggregated,1.700000,0.000000,30000,30000,31000,31000,32000,33000,33000,33000,33000,33000,33000,205,0,30000,28734.848170687987,6840.591726999264,33303.13986100009,7176.360975609756
1790296355,40,,Aggregated,1.200000,0.000000,30000,30000,31000,31000,32000,33000,33000,33000,33000,33000,33000,206,0,30000,28730.82174943222,6840.591726999264,33303.13986100009,7169.9320388349515
1790296356,40,,Aggregated,1.200000,0.000000,30000,30000,31000,31000,32000,33000,33000,33000,33000,33000,33000,207,0,30000,28736.168880985682,6840.591726999264,33303.13986100009,7169.275362318841
1790296357,40,,Aggregated,1.200000,0.000000,30000,30000,31000,31000,32000,33000,33000,33000,33000,33000,33000,207,0,30000,28736.168880985682,6840.591726999264,33303.13986100009,7169.275362318841
1790296358,40,,Aggregated,1.000000,0.000000,30000,30000,31000,31000,32000,33000,33000,33000,33000,33000,33000,208,0,30000,28644.93112040883,6840.591726999264,33303.13986100009,7149.985576923077
1790296359,40,,Aggregated,1.000000,0.000000,30000,30000,31000,31000,32000,33000,33000,33000,33000,33000,33000,208,0,30000,28644.93112040883,6840.591726999264,33303.13986100009,7149.985576923077
1790296360,40,,Aggregated,1.000000,0.000000,30000,30000,31000,31000,32000,33000,33000,33000,33000,33000,33000,208,0,30000,28644.93112040883,6840.591726999264,33303.13986100009,7149.985576923077
1790296361,40,,Aggregated,0.800000,0.000000,30000,30000,31000,31000,32000,33000,33000,33000,33000,33000,33000,209,0,30000,28591.67395264132,6840.591726999264,33303.13986100009,7142.0
1790296362,40,,Aggregated,0.800000,0.000000,30000,30000,31000,31000,32000,33000,33000,33000,33000,33000,33000,209,0,30000,28591.67395264132,6840.591726999264,33303.13986100009,7142.0
1790296363,40,,Aggregated,0.800000,0.000000,30000,30000,31000,31000,32000,33000,33000,33000,33000,33000,33000,209,0,30000,28591.67395264132,6840.591726999264,33303.13986100009,7142.0
1790296364,40,,Aggregated,0.700000,0.000000,30000,30000,31000,31000,32000,33000,33000,33000,33000,33000,33000,211,0,30000,28543.001182455148,6840.591726999264,33303.13986100009,7132.521327014218
1790296365,40,,Aggregated,0.700000,0.000000,29000,30000,31000,31000,32000,33000,33000,33000,33000,33000,33000,213,0,29000,28535.218775643352,6840.591726999264,33303.13986100009,7130.87323943662
1790296366,40,,Aggregated,0.500000,0.000000,29000,30000,31000,31000,32000,33000,33000,33000,33000,33000,33000,214,0,29000,28526.45298962634,6840.591726999264,33303.13986100009,7128.911214953271
1790296367,40,,Aggregated,0.500000,0.000000,29000,30000,31000,31000,32000,33000,33000,33000,33000,33000,33000,214,0,29000,28526.45298962634,6840.591726999264,33303.13986100009,7128.911214953271
1790296368,40,,Aggregated,0.700000,0.000000,29000,30000,31000,31000,32000,33000,33000,33000,33000,33000,33000,217,0,29000,28538.98313022137,6840.591726999264,33303.13986100009,7126.5161290322585
1790296369,40,,Aggregated,0.700000,0.000000,29000,30000,31000,31000,32000,33000,33000,33000,33000,33000,33000,220,0,29000,28540.151430804697,6840.591726999264,33303.13986100009,7129.436363636363
1790296370,40,,Aggregated,0.700000,0.000000,29000,30000,31000,31000,32000,33000,33000,33000,33000,33000,33000,222,0,29000,28551.160344270407,6840.591726999264,33303.13986100009,7131.972972972973
1790296371,40,,Aggregated,0.700000,0.000000,29000,30000,31000,31000,32000,33000,33000,33000,33000,33000,33000,222,0,29000,28551.160344270407,6840.591726999264,33303.13986100009,7131.972972972973
1790296372,40,,Aggregated,1.400000,0.000000,29000,30000,31000,31000,32000,33000,33000,33000,33000,33000,33000,228,0,29000,28599.09327606593,6840.591726999264,33303.13986100009,7140.434210526316
1790296373,40,,Aggregated,1.400000,0.000000,29000,30000,31000,31000,32000,33000,33000,33000,33000,33000,33000,229,0,29000,28615.494165480493,6840.591726999264,33303.13986100009,7143.240174672489
1790296374,40,,Aggregated,1.700000,0.000000,30000,30000,31000,31000,32000,33000,33000,33000,33000,33000,33000,232,0,30000,28646.74386416394,6840.591726999264,33303.13986100009,7145.064655172414
1790296375,40,,Aggregated,2.000000,0.000000,30000,30000,31000,31000,32000,33000,33000,33000,33000,33000,33000,234,0,30000,28672.60235480785,6840.591726999264,33303.13986100009,7150.444444444444
1790296376,40,,Aggregated,2.000000,0.000000,30000,30000,31000,31000,32000,33000,33000,33000,33000,33000,33000,236,0,30000,28691.535593330653,6840.591726999264,33303.13986100009,7157.754237288135
1790296377,40,,Aggregated,1.800000,0.000000,30000,30000,31000,31000,32000,33000,33000,33000,33000,33000,33000,238,0,30000,28683.748187000147,6840.591726999264,33303.13986100009,7153.651260504202
1790296378,40,,Aggregated,2.000000,0.000000,30000,30000,31000,31000,32000,33000,33000,33000,33000,33000,33000,240,0,30000,28688.00346536266,6840.591726999264,33303.13986100009,7150.7375
1790296379,40,,Aggregated,2.200000,0.000000,30000,30000,31000,31000,32000,33000,33000,33000,33000,33000,33000,241,0,30000,28687.775398410955,6840.591726999264,33303.13986100009,7151.589211618258
1790296380,40,,Aggregated,2.200000,0.000000,30000,30000,31000,31000,32000,33000,33000,33000,33000,33000,33000,241,0,30000,28687.775398410955,6840.591726999264,33303.13986100009,7151.589211618258
1790296381,40,,Aggregated,2.400000,0.000000,30000,30000,31000,31000,32000,33000,33000,33000,33000,33000,33000,242,0,30000,28699.752968483626,6840.591726999264,33303.13986100009,7153.49173553719
1790296382,40,,Aggregated,2.400000,0.000000,30000,30000,31000,31000,32000,33000,33000,33000,33000,33000,33000,242,0,30000,28699.752968483626,6840.591726999264,33303.13986100009,7153.49173553719
1790296383,40,,Aggregated,2.400000,0.000000,30000,30000,31000,31000,32000,33000,33000,33000,33000,33000,33000,242,0,30000,28699.752968483626,6840.591726999264,33303.13986100009,7153.49173553719
1790296384,40,,Aggregated,2.000000,0.000000,30000,30000,31000,31000,32000,33000,33000,33000,33000,33000,33000,243,0,30000,28705.534304111272,6840.591726999264,33303.13986100009,7154.572016460906
1790296385,40,,Aggregated,1.600000,0.000000,30000,30000,31000,31000,32000,33000,33000,33000,33000,33000,33000,245,0,30000,28708.508475926687,6840.591726999264,33303.13986100009,7148.497959183674
1790296386,40,,Aggregated,1.400000,0.000000,30000,30000,31000,31000,32000,33000,33000,33000,33000,33000,33000,246,0,30000,28719.041735670893,6840.591726999264,33303.13986100009,7150.4796747967475
1790296387,40,,Aggregated,1.400000,0.000000,30000,30000,31000,31000,32000,33000,33000,33000,33000,33000,33000,246,0,30000,28719.041735670893,6840.591726999264,33303.13986100009,7150.4796747967475
1790296388,40,,Aggregated,1.200000,0.000000,30000,30000,31000,31000,32000,33000,33000,33000,33000,33000,33000,247,0,30000,28726.599721101375,6840.591726999264,33303.13986100009,7152.141700404858
1790296389,40,,Aggregated,1.200000,0.000000,30000,30000,31000,31000,32000,33000,33000,33000,33000,33000,33000,247,0,30000,28726.599721101375,6840.591726999264,33303.13986100009,7152.141700404858
1790296390,40,,Aggregated,0.800000,0.000000,30000,30000,31000,31000,32000,33000,33000,33000,33000,33000,33000,248,0,30000,28734.88763687515,6840.591726999264,33303.13986100009,7154.995967741936
1790296391,40,,Aggregated,0.700000,0.000000,30000,30000,31000,31000,32000,33000,33000,33000,33000,33000,33000,249,0,30000,28736.27471539775,6840.591726999264,33303.13986100009,7155.622489959839
1790296392,40,,Aggregated,0.700000,0.000000,30000,30000,31000,31000,32000,33000,33000,33000,33000,33000,33000,249,0,30000,28736.27471539775,6840.591726999264,33303.13986100009,7155.622489959839
1790296393,40,,Aggregated,0.700000,0.000000,30000,30000,31000,31000,32000,33000,33000,33000,33000,33000,33000,249,0,30000,28736.27471539775,6840.591726999264,33303.13986100009,7155.622489959839
1790296394,40,,Aggregated,0.700000,0.000000,30000,30000,31000,31000,32000,33000,33000,33000,33000,33000,33000,253,0,30000,28720.781445502143,6840.591726999264,33303.13986100009,7145.581027667984
1790296395,40,,Aggregated,0.700000,0.000000,30000,30000,31000,31000,32000,33000,33000,33000,33000,33000,33000,253,0,30000,28720.781445502143,6840.591726999264,33303.13986100009,7145.581027667984
1790296396,40,,Aggregated,0.700000,0.000000,30000,30000,31000,31000,32000,33000,33000,33000,33000,33000,33000,253,0,30000,28720.781445502143,6840.591726999264,33303.13986100009,7145.581027667984
1790296397,40,,Aggregated,0.800000,0.000000,30000,30000,31000,31000,32000,33000,33000,33000,33000,33000,33000,256,0,30000,28719.289309257976,6840.591726999264,33303.13986100009,7138.765625
1790296398,40,,Aggregated,0.800000,0.000000,30000,30000,31000,31000,32000,33000,33000,33000,33000,33000,33000,257,0,30000,28718.821058292004,6840.591726999264,33303.13986100009,7137.653696498054
1790296399,40,,Aggregated,0.800000,0.000000,30000,30000,31000,31000,32000,33000,33000,33000,33000,33000,33000,258,0,30000,28715.93601288777,6840.591726999264,33303.13986100009,7138.988372093023
1790296400,40,,Aggregated,0.700000,0.000000,30000,30000,31000,31000,32000,32000,33000,33000,33000,33000,33000,261,0,30000,28731.15940996951,6840.591726999264,33303.13986100009,7145.072796934866
1790296401,40,,Aggregated,1.100000,0.000000,30000,30000,31000,31000,32000,32000,33000,33000,33000,33000,33000,262,0,30000,28733.904131969626,6840.591726999264,33303.13986100009,7144.748091603054
1790296402,40,,Aggregated,1.100000,0.000000,29000,30000,31000,31000,32000,32000,33000,33000,33000,33000,33000,264,0,29000,28726.42072261,6840.591726999264,33303.13986100009,7140.700757575758
1790296403,40,,Aggregated,1.300000,0.000000,29000,30000,31000,31000,32000,32000,33000,33000,33000,33000,33000,265,0,29000,28727.97592437751,6840.591726999264,33303.13986100009,7141.313207547169
1790296404,40,,Aggregated,1.200000,0.000000,29000,30000,31000,31000,32000,32000,33000,33000,33000,33000,33000,267,0,29000,28742.298793902788,6840.591726999264,33303.13986100009,7148.0374531835205
1790296405,40,,Aggregated,1.600000,0.000000,30000,30000,31000,31000,32000,32000,33000,33000,33000,33000,33000,271,0,30000,28754.47320031752,6840.591726999264,33303.13986100009,7149.269372693727
1790296406,40,,Aggregated,1.400000,0.000000,30000,30000,31000,31000,32000,32000,33000,33000,33000,33000,33000,275,0,30000,28760.01784966562,6840.591726999264,33303.13986100009,7146.498181818181
1790296407,40,,Aggregated,1.500000,0.000000,30000,30000,31000,31000,32000,32000,33000,33000,33000,33000,33000,277,0,30000,28759.16231317345,6840.591726999264,33303.13986100009,7145.740072202166
1790296408,40,,Aggregated,1.500000,0.000000,30000,30000,31000,31000,32000,32000,33000,33000,33000,33000,33000,279,0,30000,28778.54560883171,6840.591726999264,33303.13986100009,7153.5125448028675
1790296409,40,,Aggregated,2.300000,0.000000,30000,30000,31000,31000,32000,32000,33000,33000,33000,33000,33000,281,0,30000,28782.921132583797,6840.591726999264,33303.13986100009,7155.281138790036
1790296410,40,,Aggregated,2.200000,0.000000,30000,30000,31000,31000,32000,32000,33000,33000,33000,33000,33000,283,0,30000,28734.031515130915,6840.591726999264,33303.13986100009,7148.378091872792
1790296411,40,,Aggregated,2.200000,0.000000,30000,30000,31000,31000,32000,32000,33000,33000,33000,33000,33000,283,0,30000,28734.031515130915,6840.591726999264,33303.13986100009,7148.378091872792
1790296412,40,,Aggregated,2.200000,0.000000,30000,30000,31000,31000,32000,32000,33000,33000,33000,33000,33000,283,0,30000,28734.031515130915,6840.591726999264,33303.13986100009,7148.378091872792
1790296413,40,,Aggregated,2.200000,0.000000,30000,30000,31000,31000,32000,32000,33000,33000,33000,33000,33000,283,0,30000,28734.031515130915,6840.591726999264,33303.13986100009,7148.378091872792
1790296414,40,,Aggregated,2.200000,0.000000,30000,30000,31000,31000,32000,32000,33000,33000,33000,33000,33000,283,0,30000,28734.031515130915,6840.591726999264,33303.13986100009,7148.378091872792
1790296415,40,,Aggregated,2.200000,0.000000,30000,30000,31000,31000,32000,32000,33000,33000,33000,33000,33000,283,0,30000,28734.031515130915,6840.591726999264,33303.13986100009,7148.378091872792
1790296416,40,,Aggregated,1.800000,0.000000,30000,30000,31000,31000,32000,32000,33000,33000,33000,33000,33000,284,0,30000,28736.910812176222,6840.591726999264,33303.13986100009,7150.257042253521
1790296417,40,,Aggregated,1.500000,0.000000,30000,30000,31000,31000,32000,32000,33000,33000,33000,33000,33000,287,0,30000,28758.674358975768,6840.591726999264,33303.13986100009,7156.351916376307
1790296418,40,,Aggregated,1.500000,0.000000,30000,30000,31000,31000,32000,32000,33000,33000,33000,33000,33000,287,0,30000,28758.674358975768,6840.591726999264,33303.13986100009,7156.351916376307
1790296419,40,,Aggregated,1.500000,0.000000,30000,30000,31000,31000,32000,32000,33000,33000,33000,33000,33000,287,0,30000,28758.674358975768,6840.591726999264,33303.13986100009,7156.351916376307
1790296420,40,,Aggregated,1.000000,0.000000,30000,30000,31000,31000,32000,32000,33000,33000,33000,33000,33000,289,0,30000,28759.49158679255,6840.591726999264,33303.13986100009,7157.058823529412
1790296421,40,,Aggregated,0.800000,0.000000,30000,30000,31000,31000,32000,32000,33000,33000,33000,33000,33000,290,0,30000,28762.502603110508,6840.591726999264,33303.13986100009,7157.137931034483
1790296422,40,,Aggregated,0.800000,0.000000,30000,30000,31000,31000,32000,32000,33000,33000,33000,33000,33000,290,0,30000,28762.502603110508,6840.591726999264,33303.13986100009,7157.137931034483
1790296423,40,,Aggregated,0.800000,0.000000,30000,30000,31000,31000,32000,32000,33000,33000,33000,33000,33000,290,0,30000,28762.502603110508,6840.591726999264,33303.13986100009,7157.137931034483
1790296424,40,,Aggregated,0.700000,0.000000,30000,30000,31000,31000,32000,32000,33000,33000,33000,33000,33000,291,0,30000,28763.78902514106,6840.591726999264,33303.13986100009,7157.041237113402
1790296425,40,,Aggregated,0.700000,0.000000,30000,30000,31000,31000,32000,32000,33000,33000,33000,33000,33000,294,0,30000,28765.005564510386,6840.591726999264,33303.13986100009,7154.78231292517
1790296426,40,,Aggregated,0.700000,0.000000,30000,30000,31000,31000,32000,32000,33000,33000,33000,33000,33000,294,0,30000,28765.005564510386,6840.591726999264,33303.13986100009,7154.78231292517
1790296427,40,,Aggregated,0.900000,0.000000,30000,30000,31000,31000,32000,32000,33000,33000,33000,33000,33000,297,0,30000,28776.72386014833,6840.591726999264,33303.13986100009,7157.545454545455
1790296428,40,,Aggregated,0.900000,0.000000,30000,30000,31000,31000,32000,32000,33000,33000,33000,33000,33000,297,0,30000,28776.72386014833,6840.591726999264,33303.13986100009,7157.545454545455
1790296429,40,,Aggregated,0.800000,0.000000,30000,30000,31000,31000,32000,32000,33000,33000,33000,33000,33000,298,0,30000,28750.943832419638,6840.591726999264,33303.13986100009,7153.781879194631
1790296430,40,,Aggregated,0.800000,0.000000,30000,30000,31000,31000,32000,32000,33000,33000,33000,33000,33000,298,0,30000,28750.943832419638,6840.591726999264,33303.13986100009,7153.781879194631
1790296431,40,,Aggregated,1.000000,0.000000,30000,30000,31000,31000,32000,32000,33000,33000,33000,33000,33000,300,0,30000,28760.40595034685,6840.591726999264,33303.13986100009,7155.923333333333
1790296432,40,,Aggregated,0.900000,0.000000,30000,30000,31000,31000,32000,32000,33000,33000,33000,33000,33000,304,0,30000,28765.297556605452,6840.591726999264,33303.13986100009,7157.881578947368
1790296433,40,,Aggregated,0.800000,0.000000,30000,30000,31000,31000,32000,32000,33000,33000,33000,33000,33000,308,0,30000,28769.481786561875,6840.591726999264,33303.13986100009,7158.172077922078
1790296434,40,,Aggregated,1.200000,0.000000,30000,30000,31000,31000,32000,32000,33000,33000,33000,33000,33000,309,0,30000,28767.895088983994,6840.591726999264,33303.13986100009,7157.5987055016185
1790296435,40,,Aggregated,1.400000,0.000000,30000,30000,31000,31000,32000,32000,33000,33000,33000,33000,33000,313,0,30000,28762.084218735006,6840.591726999264,33303.13986100009,7157.817891373802
1790296436,40,,Aggregated,1.400000,0.000000,30000,30000,31000,31000,32000,32000,33000,33000,33000,33000,33000,314,0,30000,28759.371479828194,6840.591726999264,33303.13986100009,7157.382165605096
1790296437,40,,Aggregated,1.700000,0.000000,30000,30000,31000,31000,32000,32000,33000,33000,33000,33000,33000,315,0,30000,28770.757328035095,6840.591726999264,33303.13986100009,7157.380952380952
1790296438,40,,Aggregated,1.800000,0.000000,30000,30000,31000,31000,32000,32000,33000,33000,33000,33000,33000,316,0,30000,28766.243170515998,6840.591726999264,33303.13986100009,7157.145569620253
1790296439,40,,Aggregated,2.100000,0.000000,30000,30000,31000,31000,32000,32000,33000,33000,33000,33000,33000,319,0,30000,28775.66473362401,6840.591726999264,33303.13986100009,7158.60815047022
1790296440,40,,Aggregated,2.100000,0.000000,30000,30000,31000,31000,32000,32000,33000,33000,33000,33000,33000,320,0,30000,28778.10784127831,6840.591726999264,33303.13986100009,7160.63125
1790296441,40,,Aggregated,2.100000,0.000000,30000,30000,31000,31000,32000,32000,33000,33000,33000,33000,33000,322,0,30000,28796.030530407017,6840.591726999264,33303.13986100009,7165.065217391304
1790296442,40,,Aggregated,2.200000,0.000000,30000,30000,31000,31000,32000,32000,33000,33000,33000,33000,33000,324,0,30000,28705.293249389077,6840.591726999264,33303.13986100009,7147.070987654321
1790296443,40,,Aggregated,2.300000,0.000000,30000,30000,31000,31000,32000,32000,33000,33000,33000,33000,33000,325,0,30000,28713.792587015567,6840.591726999264,33303.13986100009,7149.024615384616
1790296444,40,,Aggregated,2.300000,0.000000,30000,30000,31000,31000,32000,32000,33000,33000,33000,33000,33000,325,0,30000,28713.792587015567,6840.591726999264,33303.13986100009,7149.024615384616
1790296445,40,,Aggregated,2.000000,0.000000,30000,30000,31000,31000,32000,32000,33000,33000,33000,33000,33000,327,0,30000,28707.013810339628,6840.591726999264,33303.13986100009,7146.391437308868
1790296446,40,,Aggregated,2.000000,0.000000,30000,30000,31000,31000,32000,32000,33000,33000,33000,33000,33000,327,0,30000,28707.013810339628,6840.591726999264,33303.13986100009,7146.391437308868
1790296447,40,,Aggregated,1.700000,0.000000,30000,30000,31000,31000,32000,32000,33000,33000,33000,33000,33000,328,0,30000,28708.220338094685,6840.591726999264,33303.13986100009,7141.420731707317
1790296448,40,,Aggregated,1.700000,0.000000,30000,30000,31000,31000,32000,32000,33000,33000,33000,33000,33000,328,0,30000,28708.220338094685,6840.591726999264,33303.13986100009,7141.420731707317
1790296449,40,,Aggregated,1.300000,0.000000,30000,30000,31000,31000,32000,32000,33000,33000,33000,33000,33000,329,0,30000,28703.54817579044,6840.591726999264,33303.13986100009,7139.519756838906
1790296450,40,,Aggregated,1.200000,0.000000,30000,30000,31000,31000,32000,32000,33000,33000,33000,33000,33000,332,0,30000,28707.325869596545,6840.591726999264,33303.13986100009,7142.246987951808
1790296451,40,,Aggregated,1.200000,0.000000,30000,30000,31000,31000,32000,32000,33000,33000,33000,33000,33000,332,0,30000,28707.325869596545,6840.591726999264,33303.13986100009,7142.246987951808
1790296452,40,,Aggregated,1.200000,0.000000,30000,30000,31000,31000,32000,32000,33000,33000,33000,33000,33000,332,0,30000,28707.325869596545,6840.591726999264,33303.13986100009,7142.246987951808
1790296453,40,,Aggregated,1.200000,0.000000,30000,30000,31000,31000,32000,32000,33000,33000,33000,33000,33000,332,0,30000,28707.325869596545,6840.591726999264,33303.13986100009,7142.246987951808
1790296454,40,,Aggregated,1.000000,0.000000,30000,30000,31000,31000,32000,32000,33000,33000,33000,33000,33000,334,0,30000,28702.17787892532,6840.591726999264,33303.13986100009,7143.850299401198
1790296455,40,,Aggregated,0.800000,0.000000,29000,30000,31000,31000,32000,32000,33000,33000,33000,33000,33000,335,0,29000,28702.223578710615,6840.591726999264,33303.13986100009,7144.7731343283585
1790296456,40,,Aggregated,0.700000,0.000000,29000,30000,31000,31000,32000,32000,33000,33000,33000,33000,33000,336,0,29000,28696.9121277472,6840.591726999264,33303.13986100009,7142.75
1790296457,40,,Aggregated,0.700000,0.000000,29000,30000,31000,31000,32000,32000,33000,33000,33000,33000,33000,336,0,29000,28696.9121277472,6840.591726999264,33303.13986100009,7142.75
1790296458,40,,Aggregated,0.800000,0.000000,29000,30000,31000,31000,32000,32000,33000,33000,33000,33000,33000,337,0,29000,28698.77727881324,6840.591726999264,33303.13986100009,7142.905044510386
1790296459,40,,Aggregated,0.900000,0.000000,29000,30000,31000,31000,32000,32000,33000,33000,33000,33000,33000,338,0,29000,28701.747793843373,6840.591726999264,33303.13986100009,7143.58875739645
1790296460,40,,Aggregated,0.900000,0.000000,29000,30000,31000,31000,32000,32000,33000,33000,33000,33000,33000,338,0,29000,28701.747793843373,6840.591726999264,33303.13986100009,7143.58875739645
1790296461,40,,Aggregated,0.800000,0.000000,29000,30000,31000,31000,32000,32000,33000,33000,33000,33000,33000,340,0,29000,28695.473811044296,6840.591726999264,33303.13986100009,7141.5264705882355
1790296462,40,,Aggregated,0.700000,0.000000,29000,30000,31000,31000,32000,32000,33000,33000,33000,33000,33000,341,0,29000,28695.191009205457,6840.591726999264,33303.13986100009,7141.970674486804
1790296463,40,,Aggregated,0.600000,0.000000,29000,30000,31000,31000,32000,32000,33000,33000,33000,33000,33000,342,0,29000,28695.306773444616,6840.591726999264,33303.13986100009,7142.274853801169
1790296464,40,,Aggregated,0.800000,0.000000,29000,30000,31000,31000,32000,32000,33000,33000,33000,33000,33000,346,0,29000,28704.016547841202,6840.591726999264,33303.13986100009,7146.35260115607
1790296465,40,,Aggregated,0.900000,0.000000,29000,30000,31000,31000,32000,32000,33000,33000,33000,33000,33000,352,0,29000,28731.367964119476,6840.591726999264,33303.13986100009,7144.772727272727
1790296466,40,,Aggregated,0.900000,0.000000,29000,30000,31000,31000,32000,32000,33000,33000,33000,33000,33000,353,0,29000,28725.668967229627,6840.591726999264,33303.13986100009,7144.0
1790296467,40,,Aggregated,0.900000,0.000000,29000,30000,31000,31000,32000,32000,33000,33000,33000,33000,33000,353,0,29000,28725.668967229627,6840.591726999264,33303.13986100009,7144.0
1790296468,40,,Aggregated,1.800000,0.000000,29000,30000,31000,31000,32000,32000,33000,33000,33000,33000,33000,355,0,29000,28741.67783774102,6840.591726999264,33303.13986100009,7146.698591549296
1790296469,40,,Aggregated,1.700000,0.000000,29000,30000,31000,31000,32000,32000,33000,33000,33000,33000,33000,356,0,29000,28750.44761389062,6840.591726999264,33303.13986100009,7149.314606741573
1790296470,40,,Aggregated,1.700000,0.000000,29000,30000,31000,31000,32000,32000,33000,33000,33000,33000,33000,359,0,29000,28755.009225604634,6840.591726999264,33303.13986100009,7151.2256267409475
1790296471,40,,Aggregated,1.800000,0.000000,29000,30000,31000,31000,32000,32000,33000,33000,33000,33000,33000,361,0,29000,28761.60686427442,6840.591726999264,33303.13986100009,7153.736842105263
1790296472,40,,Aggregated,1.800000,0.000000,30000,30000,31000,31000,32000,32000,33000,33000,33000,33000,33000,362,0,30000,28768.61769389797,6840.591726999264,33303.13986100009,7155.39226519337
1790296473,40,,Aggregated,1.800000,0.000000,30000,30000,31000,31000,32000,32000,33000,33000,33000,33000,33000,362,0,30000,28768.61769389797,6840.591726999264,33303.13986100009,7155.39226519337
1790296474,40,,Aggregated,2.100000,0.000000,29000,30000,31000,31000,32000,32000,33000,33000,33000,33000,33000,363,0,29000,28767.597858385856,6840.591726999264,33303.13986100009,7157.6859504132235
1790296475,40,,Aggregated,2.100000,0.000000,30000,30000,31000,31000,32000,32000,33000,33000,33000,33000,33000,365,0,30000,28778.213287013885,6840.591726999264,33303.13986100009,7160.657534246576
1790296476,40,,Aggregated,1.900000,0.000000,30000,30000,31000,31000,32000,32000,33000,33000,33000,33000,33000,366,0,30000,28787.382818538437,6840.591726999264,33303.13986100009,7160.6775956284155
1790296477,40,,Aggregated,1.900000,0.000000,30000,30000,31000,31000,32000,32000,33000,33000,33000,33000,33000,366,0,30000,28787.382818538437,6840.591726999264,33303.13986100009,7160.6775956284155
1790296478,40,,Aggregated,1.200000,0.000000,30000,30000,31000,31000,32000,32000,33000,33000,33000,33000,33000,369,0,30000,28784.296008027286,6840.591726999264,33303.13986100009,7160.013550135502
1790296479,40,,Aggregated,1.300000,0.000000,30000,30000,31000,31000,32000,32000,33000,33000,33000,33000,33000,370,0,30000,28784.307099321803,6840.591726999264,33303.13986100009,7158.891891891892
1790296480,40,,Aggregated,1.300000,0.000000,30000,30000,31000,31000,32000,32000,33000,33000,33000,33000,33000,370,0,30000,28784.307099321803,6840.591726999264,33303.13986100009,7158.891891891892
1790296481,40,,Aggregated,1.300000,0.000000,30000,30000,31000,31000,32000,32000,33000,33000,33000,33000,33000,371,0,30000,28793.255675528475,6840.591726999264,33303.13986100009,7162.097035040431
1790296482,40,,Aggregated,1.400000,0.000000,30000,30000,31000,31000,32000,32000,33000,33000,33000,33000,33000,372,0,30000,28788.98692498405,6840.591726999264,33303.13986100009,7162.158602150537
1790296483,40,,Aggregated,1.400000,0.000000,30000,30000,31000,31000,32000,32000,33000,33000,33000,33000,33000,373,0,30000,28797.14219780447,6840.591726999264,33303.13986100009,7165.812332439678
1790296484,40,,Aggregated,1.400000,0.000000,30000,30000,31000,31000,32000,32000,33000,33000,33000,33000,33000,373,0,30000,28797.14219780447,6840.591726999264,33303.13986100009,7165.812332439678
1790296485,40,,Aggregated,1.100000,0.000000,30000,30000,31000,31000,32000,32000,33000,33000,33000,33000,33000,374,0,30000,28799.476629837078,6840.591726999264,33303.13986100009,7165.5695187165775
1790296486,40,,Aggregated,1.100000,0.000000,30000,30000,31000,31000,32000,32000,33000,33000,33000,33000,33000,374,0,30000,28799.476629837078,6840.591726999264,33303.13986100009,7165.5695187165775
1790296487,40,,Aggregated,1.000000,0.000000,30000,30000,31000,31000,32000,32000,33000,33000,33000,33000,33000,376,0,30000,28799.705908218264,6840.591726999264,33303.13986100009,7167.632978723404
1790296488,40,,Aggregated,0.900000,0.000000,30000,30000,31000,31000,32000,32000,33000,33000,33000,33000,33000,378,0,30000,28801.289925172143,6840.591726999264,33303.13986100009,7165.962962962963
1790296489,40,,Aggregated,0.900000,0.000000,30000,30000,31000,31000,32000,32000,33000,33000,33000,33000,33000,378,0,30000,28801.289925172143,6840.591726999264,33303.13986100009,7165.962962962963
1790296490,40,,Aggregated,0.900000,0.000000,30000,30000,31000,31000,32000,32000,33000,33000,33000,33000,33000,378,0,30000,28801.289925172143,6840.591726999264,33303.13986100009,7165.962962962963
1790296491,40,,Aggregated,0.900000,0.000000,30000,30000,31000,31000,32000,32000,33000,33000,33000,33000,33000,378,0,30000,28801.289925172143,6840.591726999264,33303.13986100009,7165.962962962963
1790296492,40,,Aggregated,0.800000,0.000000,30000,30000,31000,31000,32000,32000,33000,33000,33000,33000,33000,379,0,30000,28795.853685111004,6840.591726999264,33303.13986100009,7164.841688654354
1790296493,40,,Aggregated,0.700000,0.000000,30000,30000,31000,31000,32000,32000,33000,33000,33000,33000,33000,381,0,30000,28800.14379168522,6840.591726999264,33303.13986100009,7168.170603674541
1790296494,40,,Aggregated,0.700000,0.000000,30000,30000,31000,31000,32000,32000,33000,33000,33000,33000,33000,386,0,30000,28805.100519448373,6840.591726999264,33303.13986100009,7170.836787564767
1790296495,40,,Aggregated,0.600000,0.000000,29000,30000,31000,31000,32000,32000,33000,33000,33000,33000,33000,387,0,29000,28802.747504633262,6840.591726999264,33303.13986100009,7170.974160206718
1790296497,40,,Aggregated,0.800000,0.000000,30000,30000,31000,31000,32000,32000,33000,33000,33000,33000,33000,390,0,30000,28805.691378343774,6840.591726999264,33303.13986100009,7173.569230769231
1790296498,40,,Aggregated,1.300000,0.000000,30000,30000,31000,31000,32000,32000,33000,33000,33000,33000,33000,393,0,30000,28814.32936912233,6840.591726999264,33303.13986100009,7174.404580152672
1790296499,40,,Aggregated,1.300000,0.000000,30000,30000,31000,31000,32000,32000,33000,33000,33000,33000,33000,395,0,30000,28831.408771701448,6840.591726999264,33303.13986100009,7179.9417721518985
1790296500,40,,Aggregated,1.600000,0.000000,30000,30000,31000,31000,32000,32000,33000,33000,33000,33000,33000,397,0,30000,28825.024923796154,6840.591726999264,33303.13986100009,7178.365239294711
1790296501,40,,Aggregated,1.700000,0.000000,30000,30000,31000,31000,32000,32000,33000,33000,33000,33000,33000,398,0,30000,28826.040113570532,6840.591726999264,33303.13986100009,7179.211055276382
1790296502,40,,Aggregated,1.700000,0.000000,30000,30000,31000,31000,32000,32000,33000,33000,33000,33000,33000,398,0,30000,28826.040113570532,6840.591726999264,33303.13986100009,7179.211055276382
1790296503,40,,Aggregated,1.900000,0.000000,29000,30000,31000,31000,32000,32000,33000,33000,33000,33000,33000,401,0,29000,28822.695199007656,6840.591726999264,33303.13986100009,7178.740648379053
1790296504,40,,Aggregated,2.000000,0.000000,29000,30000,31000,31000,32000,32000,33000,33000,33000,33000,33000,403,0,29000,28833.45496977188,6840.591726999264,33303.13986100009,7180.913151364764
1790296505,40,,Aggregated,2.000000,0.000000,29000,30000,31000,31000,32000,32000,33000,33000,33000,33000,33000,404,0,29000,28798.757040920966,6840.591726999264,33303.13986100009,7174.539603960396
1790296506,40,,Aggregated,2.000000,0.000000,29000,30000,31000,31000,32000,32000,33000,33000,33000,33000,33000,404,0,29000,28798.757040920966,6840.591726999264,33303.13986100009,7174.539603960396
1790296507,40,,Aggregated,2.200000,0.000000,29000,30000,31000,31000,32000,32000,33000,33000,33000,33000,33000,405,0,29000,28800.87567619524,6840.591726999264,33303.13986100009,7173.849382716049
1790296508,40,,Aggregated,2.200000,0.000000,29000,30000,31000,31000,32000,32000,33000,33000,33000,33000,33000,405,0,29000,28800.87567619524,6840.591726999264,33303.13986100009,7173.849382716049
1790296509,40,,Aggregated,1.700000,0.000000,30000,30000,31000,31000,32000,32000,33000,33000,33000,33000,33000,406,0,30000,28807.86244417505,6840.591726999264,33303.13986100009,7176.7339901477835
1790296510,40,,Aggregated,1.500000,0.000000,30000,30000,31000,31000,32000,32000,33000,33000,33000,33000,33000,408,0,30000,28816.18154151488,6840.591726999264,33303.13986100009,7176.433823529412
1790296511,40,,Aggregated,1.200000,0.000000,30000,30000,31000,31000,32000,32000,33000,33000,33000,33000,33000,409,0,30000,28821.339005293572,6840.591726999264,33303.13986100009,7176.875305623472
1790296512,40,,Aggregated,1.100000,0.000000,30000,30000,31000,31000,32000,32000,33000,33000,33000,33000,33000,411,0,30000,28826.16405771793,6840.591726999264,33303.13986100009,7177.5012165450125
1790296513,40,,Aggregated,1.100000,0.000000,30000,30000,31000,31000,32000,32000,33000,33000,33000,33000,33000,412,0,30000,28834.40005086668,6840.591726999264,33303.13986100009,7180.565533980583
1790296514,40,,Aggregated,1.100000,0.000000,30000,30000,31000,31000,32000,32000,33000,33000,33000,33000,33000,412,0,30000,28834.40005086668,6840.591726999264,33303.13986100009,7180.565533980583
1790296515,40,,Aggregated,1.300000,0.000000,30000,30000,31000,31000,32000,32000,33000,33000,33000,33000,33000,415,0,30000,28842.2603836845,6840.591726999264,33303.13986100009,7181.939759036145
1790296516,40,,Aggregated,1.300000,0.000000,30000,30000,31000,31000,32000,32000,33000,33000,33000,33000,33000,415,0,30000,28842.2603836845,6840.591726999264,33303.13986100009,7181.939759036145
1790296517,40,,Aggregated,0.900000,0.000000,30000,30000,31000,31000,32000,32000,33000,33000,33000,33000,33000,416,0,30000,28837.957262004977,6840.591726999264,33303.13986100009,7180.716346153846
1790296518,40,,Aggregated,1.100000,0.000000,30000,30000,31000,31000,32000,32000,33000,33000,33000,33000,33000,417,0,30000,28834.90693880832,6840.591726999264,33303.13986100009,7180.244604316546
1790296519,40,,Aggregated,1.100000,0.000000,30000,30000,31000,31000,32000,32000,33000,33000,33000,33000,33000,417,0,30000,28834.90693880832,6840.591726999264,33303.13986100009,7180.244604316546
1790296520,40,,Aggregated,1.100000,0.000000,30000,30000,31000,31000,32000,32000,33000,33000,33000,33000,33000,417,0,30000,28834.90693880832,6840.591726999264,33303.13986100009,7180.244604316546
1790296521,40,,Aggregated,1.100000,0.000000,30000,30000,31000,31000,32000,32000,33000,33000,33000,33000,33000,417,0,30000,28834.90693880832,6840.591726999264,33303.13986100009,7180.244604316546
1790296522,40,,Aggregated,1.100000,0.000000,30000,30000,31000,31000,32000,32000,33000,33000,33000,33000,33000,419,0,30000,28841.876168892763,6840.591726999264,33303.13986100009,7180.780429594272
1790296523,40,,Aggregated,1.100000,0.000000,30000,30000,31000,31000,32000,32000,33000,33000,33000,33000,33000,419,0,30000,28841.876168892763,6840.591726999264,33303.13986100009,7180.780429594272
1790296524,40,,Aggregated,1.100000,0.000000,30000,30000,31000,31000,32000,32000,33000,33000,33000,33000,33000,419,0,30000,28841.876168892763,6840.591726999264,33303.13986100009,7180.780429594272
1790296525,40,,Aggregated,0.800000,0.000000,29000,30000,31000,31000,32000,32000,33000,33000,33000,33000,33000,421,0,29000,28839.647630803007,6840.591726999264,33303.13986100009,7178.0071258907365
1790296526,40,,Aggregated,0.800000,0.000000,29000,30000,31000,31000,32000,32000,33000,33000,33000,33000,33000,426,0,29000,28808.908328197333,6840.591726999264,33303.13986100009,7171.589201877934
1790296527,40,,Aggregated,0.500000,0.000000,29000,30000,31000,31000,32000,32000,33000,33000,33000,33000,33000,430,0,29000,28827.98821669551,6840.591726999264,33303.13986100009,7176.6116279069765
1790296528,40,,Aggregated,1.100000,0.000000,29000,30000,31000,31000,32000,32000,33000,33000,33000,33000,33000,433,0,29000,28835.156974531328,6840.591726999264,33303.13986100009,7175.189376443418
1790296529,40,,Aggregated,1.200000,0.000000,29000,30000,31000,31000,32000,32000,33000,33000,33000,33000,33000,434,0,29000,28831.599609322733,6840.591726999264,33303.13986100009,7174.942396313364
1790296530,40,,Aggregated,1.300000,0.000000,29000,30000,31000,31000,32000,32000,33000,33000,33000,33000,33000,439,0,29000,28807.46886833729,6840.591726999264,33303.13986100009,7169.555808656037
1790296531,40,,Aggregated,1.300000,0.000000,29000,30000,31000,31000,32000,32000,33000,33000,33000,33000,33000,441,0,29000,28803.53833692986,6840.591726999264,33303.13986100009,7169.861678004535
1790296532,40,,Aggregated,1.600000,0.000000,29000,30000,31000,31000,32000,32000,33000,33000,33000,33000,33000,442,0,29000,28800.438486276176,6840.591726999264,33303.13986100009,7168.900452488688
1790296533,40,,Aggregated,1.600000,0.000000,29000,30000,31000,31000,32000,32000,33000,33000,33000,33000,33000,442,0,29000,28800.438486276176,6840.591726999264,33303.13986100009,7168.900452488688
1790296534,40,,Aggregated,1.600000,0.000000,29000,30000,31000,31000,32000,32000,33000,33000,33000,33000,33000,442,0,29000,28800.438486276176,6840.591726999264,33303.13986100009,7168.900452488688
1790296535,40,,Aggregated,2.300000,0.000000,29000,30000,31000,31000,32000,32000,33000,33000,33000,33000,33000,444,0,29000,28809.778214153313,6840.591726999264,33303.13986100009,7170.581081081081
1790296536,40,,Aggregated,2.300000,0.000000,29000,30000,31000,31000,32000,32000,33000,33000,33000,33000,33000,444,0,29000,28809.778214153313,6840.591726999264,33303.13986100009,7170.581081081081
1790296537,40,,Aggregated,2.300000,0.000000,29000,30000,31000,31000,32000,32000,33000,33000,33000,33000,33000,445,0,29000,28816.820284033867,6840.591726999264,33303.13986100009,7171.878651685393
1790296538,40,,Aggregated,2.300000,0.000000,29000,30000,31000,31000,32000,32000,33000,33000,33000,33000,33000,446,0,29000,28778.306511103307,6840.591726999264,33303.13986100009,7164.121076233184
1790296539,40,,Aggregated,1.600000,0.000000,29000,30000,31000,31000,32000,32000,33000,33000,33000,33000,33000,450,0,29000,28732.45135287572,6840.591726999264,33303.13986100009,7153.886666666666
1790296540,40,,Aggregated,1.600000,0.000000,29000,30000,31000,31000,32000,32000,33000,33000,33000,33000,33000,452,0,29000,28734.795841599713,6840.591726999264,33303.13986100009,7152.871681415929
1790296541,40,,Aggregated,1.600000,0.000000,29000,30000,31000,31000,32000,32000,33000,33000,33000,33000,33000,452,0,29000,28734.795841599713,6840.591726999264,33303.13986100009,7152.871681415929
1790296542,40,,Aggregated,1.600000,0.000000,29000,30000,31000,31000,32000,32000,33000,33000,33000,33000,33000,454,0,29000,28735.003987246862,6840.591726999264,33303.13986100009,7152.7400881057265
1790296543,40,,Aggregated,1.600000,0.000000,29000,30000,31000,31000,32000,32000,33000,33000,33000,33000,33000,454,0,29000,28735.003987246862,6840.591726999264,33303.13986100009,7152.7400881057265
1790296544,40,,Aggregated,1.100000,0.000000,29000,30000,31000,31000,32000,32000,33000,33000,33000,33000,33000,455,0,29000,28732.181440835328,6840.591726999264,33303.13986100009,7152.101098901099
1790296545,40,,Aggregated,1.200000,0.000000,29000,30000,31000,31000,32000,32000,33000,33000,33000,33000,33000,457,0,29000,28739.091611831678,6840.591726999264,33303.13986100009,7155.168490153173
1790296546,40,,Aggregated,1.300000,0.000000,29000,30000,31000,31000,32000,32000,33000,33000,33000,33000,33000,458,0,29000,28737.68019851763,6840.591726999264,33303.13986100009,7152.609170305677
1790296547,40,,Aggregated,1.300000,0.000000,29000,30000,31000,31000,32000,32000,33000,33000,33000,33000,33000,458,0,29000,28737.68019851763,6840.591726999264,33303.13986100009,7152.609170305677
1790296548,40,,Aggregated,1.400000,0.000000,29000,30000,31000,31000,32000,32000,33000,33000,33000,33000,33000,459,0,29000,28738.442255629798,6840.591726999264,33303.13986100009,7154.191721132897
1790296549,40,,Aggregated,1.400000,0.000000,29000,30000,31000,31000,32000,32000,33000,33000,33000,33000,33000,459,0,29000,28738.442255629798,6840.591726999264,33303.13986100009,7154.191721132897
1790296550,40,,Aggregated,1.400000,0.000000,29000,30000,31000,31000,32000,32000,33000,33000,33000,33000,33000,459,0,29000,28738.442255629798,6840.591726999264,33303.13986100009,7154.191721132897
1790296551,40,,Aggregated,1.400000,0.000000,29000,30000,31000,31000,32000,32000,33000,33000,33000,33000,33000,459,0,29000,28738.442255629798,6840.591726999264,33303.13986100009,7154.191721132897
1790296552,40,,Aggregated,0.700000,0.000000,29000,30000,31000,31000,32000,32000,33000,33000,33000,33000,33000,461,0,29000,28727.215871574994,6840.591726999264,33303.13986100009,7150.429501084599
1790296553,40,,Aggregated,0.700000,0.000000,29000,30000,31000,31000,32000,32000,33000,33000,33000,33000,33000,461,0,29000,28727.215871574994,6840.591726999264,33303.13986100009,7150.429501084599
1790296554,40,,Aggregated,0.700000,0.000000,29000,30000,31000,31000,32000,32000,33000,33000,33000,33000,33000,462,0,29000,28724.44587833999,6840.591726999264,33303.13986100009,7149.675324675325
1790296555,40,,Aggregated,0.600000,0.000000,29000,30000,31000,31000,32000,32000,33000,33000,33000,33000,33000,466,0,29000,28720.233989809178,6840.591726999264,33303.13986100009,7149.824034334764
1790296556,40,,Aggregated,0.700000,0.000000,29000,30000,31000,31000,32000,32000,33000,33000,33000,33000,33000,468,0,29000,28716.316897636912,6840.591726999264,33303.13986100009,7149.448717948718
1790296557,40,,Aggregated,0.700000,0.000000,29000,30000,31000,31000,32000,32000,33000,33000,33000,33000,33000,469,0,29000,28717.918484966045,6840.591726999264,33303.13986100009,7149.014925373134
1790296558,40,,Aggregated,0.900000,0.000000,29000,30000,31000,31000,32000,32000,33000,33000,33000,33000,33000,471,0,29000,28720.278819796335,6840.591726999264,33303.13986100009,7149.588110403397
1790296559,40,,Aggregated,1.100000,0.000000,29000,30000,31000,31000,32000,32000,33000,33000,33000,33000,33000,476,0,29000,28691.238815630404,6840.591726999264,33303.13986100009,7144.810924369748
1790296560,40,,Aggregated,1.200000,0.000000,29000,30000,31000,31000,32000,32000,33000,33000,33000,33000,33000,478,0,29000,28690.330654811863,6840.591726999264,33303.13986100009,7144.087866108786
1790296561,40,,Aggregated,1.500000,0.000000,29000,30000,31000,31000,32000,32000,33000,33000,33000,33000,33000,480,0,29000,28695.46719369807,6840.591726999264,33303.13986100009,7146.135416666667
1790296562,40,,Aggregated,1.800000,0.000000,29000,30000,31000,31000,32000,32000,33000,33000,33000,33000,33000,482,0,29000,28702.555527292687,6840.591726999264,33303.13986100009,7147.782157676348
1790296563,40,,Aggregated,2.000000,0.000000,29000,30000,31000,31000,32000,32000,33000,33000,33000,33000,33000,483,0,29000,28706.66547474757,6840.591726999264,33303.13986100009,7147.913043478261
1790296564,40,,Aggregated,2.000000,0.000000,29000,30000,31000,31000,32000,32000,33000,33000,33000,33000,33000,483,0,29000,28706.66547474757,6840.591726999264,33303.13986100009,7147.913043478261
1790296565,40,,Aggregated,2.000000,0.000000,29000,30000,31000,31000,32000,32000,33000,33000,33000,33000,33000,483,0,29000,28706.66547474757,6840.591726999264,33303.13986100009,7147.913043478261
1790296566,40,,Aggregated,2.100000,0.000000,29000,30000,31000,31000,32000,32000,33000,33000,33000,33000,33000,485,0,29000,28706.60584030531,6840.591726999264,33303.13986100009,7148.212371134021
1790296567,40,,Aggregated,1.700000,0.000000,29000,30000,31000,31000,32000,32000,33000,33000,33000,33000,33000,488,0,29000,28702.713749832117,6840.591726999264,33303.13986100009,7145.081967213115
1790296568,40,,Aggregated,1.600000,0.000000,29000,30000,31000,31000,32000,32000,33000,33000,33000,33000,33000,489,0,29000,28698.65967841324,6840.591726999264,33303.13986100009,7143.19018404908
1790296569,40,,Aggregated,1.600000,0.000000,29000,30000,31000,31000,32000,32000,33000,33000,33000,33000,33000,490,0,29000,28698.394850371576,6840.591726999264,33303.13986100009,7143.585714285714
1790296570,40,,Aggregated,1.600000,0.000000,29000,30000,31000,31000,32000,32000,33000,33000,33000,33000,33000,490,0,29000,28698.394850371576,6840.591726999264,33303.13986100009,7143.585714285714
1790296571,40,,Aggregated,1.600000,0.000000,29000,30000,31000,31000,32000,32000,33000,33000,33000,33000,33000,490,0,29000,28698.394850371576,6840.591726999264,33303.13986100009,7143.585714285714
1790296572,40,,Aggregated,1.600000,0.000000,29000,30000,31000,31000,32000,32000,33000,33000,33000,33000,33000,491,0,29000,28705.06422008976,6840.591726999264,33303.13986100009,7145.474541751528
1790296573,40,,Aggregated,1.100000,0.000000,29000,30000,31000,31000,32000,32000,33000,33000,33000,33000,33000,496,0,29000,28697.707362413443,6840.591726999264,33303.13986100009,7146.288306451613
1790296574,40,,Aggregated,1.100000,0.000000,29000,30000,31000,31000,32000,32000,33000,33000,33000,33000,33000,496,0,29000,28697.707362413443,6840.591726999264,33303.13986100009,7146.288306451613
1790296575,40,,Aggregated,1.200000,0.000000,29000,30000,31000,31000,32000,32000,33000,33000,33000,33000,33000,498,0,29000,28696.321941295315,6840.591726999264,33303.13986100009,7146.305220883534
1790296576,40,,Aggregated,1.200000,0.000000,29000,30000,31000,31000,32000,32000,33000,33000,33000,33000,33000,498,0,29000,28696.321941295315,6840.591726999264,33303.13986100009,7146.305220883534
1790296577,40,,Aggregated,1.400000,0.000000,29000,30000,31000,31000,32000,32000,33000,33000,33000,33000,33000,499,0,29000,28701.552550605345,6840.591726999264,33303.13986100009,7148.066132264529
1790296578,40,,Aggregated,1.400000,0.000000,29000,30000,31000,31000,32000,32000,33000,33000,33000,33000,33000,499,0,29000,28701.552550605345,6840.591726999264,33303.13986100009,7148.066132264529
1790296579,40,,Aggregated,1.400000,0.000000,29000,30000,31000,31000,32000,32000,33000,33000,33000,33000,33000,500,0,29000,28702.675791616133,6840.591726999264,33303.13986100009,7148.64
1790296580,40,,Aggregated,1.400000,0.000000,29000,30000,31000,31000,32000,32000,33000,33000,33000,33000,33000,500,0,29000,28702.675791616133,6840.591726999264,33303.13986100009,7148.64
1790296581,40,,Aggregated,1.400000,0.000000,29000,30000,31000,31000,32000,32000,33000,33000,33000,33000,33000,500,0,29000,28702.675791616133,6840.591726999264,33303.13986100009,7148.64
1790296582,40,,Aggregated,1.000000,0.000000,29000,30000,31000,31000,32000,32000,33000,33000,33000,33000,33000,502,0,29000,28699.37217032483,6840.591726999264,33303.13986100009,7150.264940239043
1790296583,40,,Aggregated,1.000000,0.000000,29000,30000,31000,31000,32000,32000,33000,33000,33000,33000,33000,502,0,29000,28699.37217032483,6840.591726999264,33303.13986100009,7150.264940239043
1790296584,40,,Aggregated,1.000000,0.000000,29000,30000,31000,31000,32000,32000,33000,33000,33000,33000,33000,503,0,29000,28698.225427141286,6840.591726999264,33303.13986100009,7150.6540755467195
1790296585,40,,Aggregated,0.800000,0.000000,29000,30000,31000,31000,32000,32000,33000,33000,33000,33000,33000,505,0,29000,28704.310617340725,6840.591726999264,33303.13986100009,7150.207920792079
1790296586,40,,Aggregated,0.700000,0.000000,29000,30000,31000,31000,32000,32000,33000,33000,33000,33000,33000,506,0,29000,28703.808282737285,6840.591726999264,33303.13986100009,7150.442687747036
1790296587,40,,Aggregated,0.600000,0.000000,29000,30000,31000,31000,32000,32000,33000,33000,33000,33000,33000,508,0,29000,28708.464731474545,6840.591726999264,33303.13986100009,7154.253937007874
1790296588,40,,Aggregated,0.700000,0.000000,29000,30000,31000,31000,32000,32000,33000,33000,33000,33000,33000,511,0,29000,28713.31813275552,6840.591726999264,33303.13986100009,7156.003913894325
1790296589,40,,Aggregated,0.800000,0.000000,29000,30000,31000,31000,32000,32000,33000,33000,33000,33000,33000,512,0,29000,28710.53809372279,6840.591726999264,33303.13986100009,7156.765625
1790296590,40,,Aggregated,0.900000,0.000000,29000,30000,31000,31000,32000,32000,33000,33000,33000,33000,33000,514,0,29000,28711.722081052667,6840.591726999264,33303.13986100009,7157.204280155642
1790296591,40,,Aggregated,1.100000,0.000000,29000,30000,31000,31000,32000,32000,33000,33000,33000,33000,33000,517,0,29000,28702.03906400788,6840.591726999264,33303.13986100009,7155.543520309478
1790296592,40,,Aggregated,1.200000,0.000000,29000,30000,31000,31000,32000,32000,33000,33000,33000,33000,33000,519,0,29000,28706.667146618638,6840.591726999264,33303.13986100009,7156.21387283237
1790296593,40,,Aggregated,1.400000,0.000000,29000,30000,31000,31000,32000,32000,33000,33000,33000,33000,33000,523,0,29000,28692.602386283117,6840.591726999264,33303.13986100009,7151.328871892925
1790296594,40,,Aggregated,1.600000,0.000000,29000,30000,31000,31000,32000,32000,33000,33000,33000,33000,33000,525,0,29000,28663.7736957449,6840.591726999264,33303.13986100009,7145.718095238095
1790296595,40,,Aggregated,1.600000,0.000000,29000,30000,31000,31000,32000,32000,33000,33000,33000,33000,33000,526,0,29000,28667.960592220676,6840.591726999264,33303.13986100009,7146.134980988593
1790296596,40,,Aggregated,1.800000,0.000000,29000,30000,31000,31000,32000,32000,33000,33000,33000,33000,33000,527,0,29000,28666.1761961102,6840.591726999264,33303.13986100009,7145.500948766604
1790296597,40,,Aggregated,2.300000,0.000000,29000,30000,31000,31000,32000,32000,33000,33000,33000,33000,33000,528,0,29000,28668.650317878928,6840.591726999264,33303.13986100009,7146.308712121212
1790296598,40,,Aggregated,2.200000,0.000000,29000,30000,31000,31000,32000,32000,33000,33000,33000,33000,33000,531,0,29000,28669.15339392292,6840.591726999264,33303.13986100009,7146.909604519774
1790296599,40,,Aggregated,2.100000,0.000000,29000,30000,31000,31000,32000,32000,33000,33000,33000,33000,33000,533,0,29000,28679.92351629093,6840.591726999264,33303.13986100009,7149.803001876173
1790296600,40,,Aggregated,2.100000,0.000000,29000,30000,31000,31000,32000,32000,33000,33000,33000,33000,33000,533,0,29000,28679.92351629093,6840.591726999264,33303.13986100009,7149.803001876173
1790296601,40,,Aggregated,2.000000,0.000000,29000,30000,31000,31000,32000,32000,33000,33000,33000,33000,33000,534,0,29000,28676.655834685516,6840.591726999264,33303.13986100009,7148.741573033708
1790296602,40,,Aggregated,2.000000,0.000000,29000,30000,31000,31000,32000,32000,33000,33000,33000,33000,33000,534,0,29000,28676.655834685516,6840.591726999264,33303.13986100009,7148.741573033708
1790296603,40,,Aggregated,2.000000,0.000000,29000,30000,31000,31000,32000,32000,33000,33000,33000,33000,33000,536,0,29000,28671.809048363928,6840.591726999264,33303.13986100009,7147.945895522388
1790296604,40,,Aggregated,1.700000,0.000000,29000,30000,31000,31000,32000,32000,33000,33000,33000,33000,33000,537,0,29000,28676.116114015018,6840.591726999264,33303.13986100009,7148.743016759777
1790296605,40,,Aggregated,1.500000,0.000000,29000,30000,31000,31000,32000,32000,33000,33000,33000,33000,33000,538,0,29000,28680.51501309863,6840.591726999264,33303.13986100009,7149.323420074349
1790296606,40,,Aggregated,1.300000,0.000000,29000,30000,31000,31000,32000,32000,33000,33000,33000,33000,33000,540,0,29000,28684.403692220494,6840.591726999264,33303.13986100009,7151.211111111111
1790296607,40,,Aggregated,1.300000,0.000000,29000,30000,31000,31000,32000,32000,33000,33000,33000,33000,33000,540,0,29000,28684.403692220494,6840.591726999264,33303.13986100009,7151.211111111111
1790296608,40,,Aggregated,1.200000,0.000000,29000,30000,31000,31000,32000,32000,33000,33000,33000,33000,33000,541,0,29000,28688.84115818681,6840.591726999264,33303.13986100009,7151.841035120148
1790296609,40,,Aggregated,1.200000,0.000000,29000,30000,31000,31000,32000,32000,33000,33000,33000,33000,33000,541,0,29000,28688.84115818681,6840.591726999264,33303.13986100009,7151.841035120148
1790296610,40,,Aggregated,1.200000,0.000000,29000,30000,31000,31000,32000,32000,33000,33000,33000,33000,33000,541,0,29000,28688.84115818681,6840.591726999264,33303.13986100009,7151.841035120148
1790296611,40,,Aggregated,1.200000,0.000000,29000,30000,31000,31000,32000,32000,33000,33000,33000,33000,33000,541,0,29000,28688.84115818681,6840.591726999264,33303.13986100009,7151.841035120148
1790296612,40,,Aggregated,0.800000,0.000000,29000,30000,31000,31000,32000,32000,33000,33000,33000,33000,33000,542,0,29000,28688.68192118278,6840.591726999264,33303.13986100009,7150.861623616236
1790296613,40,,Aggregated,0.700000,0.000000,29000,30000,31000,31000,32000,32000,33000,33000,33000,33000,33000,543,0,29000,28686.42704383069,6840.591726999264,33303.13986100009,7151.797421731123
1790296614,40,,Aggregated,0.700000,0.000000,29000,30000,31000,31000,32000,32000,33000,33000,33000,33000,33000,543,0,29000,28686.42704383069,6840.591726999264,33303.13986100009,7151.797421731123
1790296615,40,,Aggregated,0.700000,0.000000,29000,30000,31000,31000,32000,32000,33000,33000,33000,33000,33000,543,0,29000,28686.42704383069,6840.591726999264,33303.13986100009,7151.797421731123
1790296616,40,,Aggregated,0.700000,0.000000,29000,30000,31000,31000,32000,32000,33000,33000,33000,33000,33000,544,0,29000,28664.607608450482,6840.591726999264,33303.13986100009,7148.0
1790296617,40,,Aggregated,0.600000,0.000000,29000,30000,31000,31000,32000,32000,33000,33000,33000,33000,33000,546,0,29000,28663.0855973426,6840.591726999264,33303.13986100009,7147.826007326007
1790296618,40,,Aggregated,0.400000,0.000000,29000,30000,31000,31000,32000,32000,33000,33000,33000,33000,33000,550,0,29000,28672.452722107395,6840.591726999264,33303.13986100009,7150.118181818182
1790296619,40,,Aggregated,0.400000,0.000000,29000,30000,31000,31000,32000,32000,33000,33000,33000,33000,33000,552,0,29000,28670.97987170121,6840.591726999264,33303.13986100009,7149.534420289855
1790296620,40,,Aggregated,0.700000,0.000000,29000,30000,31000,31000,32000,32000,33000,33000,33000,33000,33000,555,0,29000,28670.545910021745,6840.591726999264,33303.13986100009,7148.9243243243245
1790296621,40,,Aggregated,0.900000,0.000000,29000,30000,31000,31000,32000,32000,33000,33000,33000,33000,33000,559,0,29000,28663.171494032325,6840.591726999264,33303.13986100009,7147.572450805009
1790296622,40,,Aggregated,1.100000,0.000000,29000,30000,31000,31000,32000,32000,33000,33000,33000,33000,33000,561,0,29000,28665.913277723834,6840.591726999264,33303.13986100009,7147.470588235294
1790296623,40,,Aggregated,1.400000,0.000000,29000,30000,31000,31000,32000,32000,33000,33000,33000,33000,33000,562,0,29000,28664.231019690513,6840.591726999264,33303.13986100009,7147.517793594306
1790296624,40,,Aggregated,1.800000,0.000000,29000,30000,31000,31000,32000,32000,33000,33000,33000,33000,33000,563,0,29000,28661.473467905987,6840.591726999264,33303.13986100009,7146.234458259325
1790296625,40,,Aggregated,1.900000,0.000000,29000,30000,31000,31000,32000,32000,33000,33000,33000,33000,33000,566,0,29000,28672.977571539,6840.591726999264,33303.13986100009,7149.475265017668
1790296626,40,,Aggregated,1.900000,0.000000,29000,30000,31000,31000,32000,32000,33000,33000,33000,33000,33000,568,0,29000,28676.24289521668,6840.591726999264,33303.13986100009,7152.308098591549
1790296627,40,,Aggregated,1.900000,0.000000,29000,30000,31000,31000,32000,32000,33000,33000,33000,33000,33000,569,0,29000,28680.20455368906,6840.591726999264,33303.13986100009,7152.224956063269
1790296628,40,,Aggregated,2.400000,0.000000,29000,30000,31000,31000,32000,32000,33000,33000,33000,33000,33000,570,0,29000,28678.79217316855,6840.591726999264,33303.13986100009,7152.266666666666
1790296629,40,,Aggregated,2.500000,0.000000,29000,30000,31000,31000,32000,32000,33000,33000,33000,33000,33000,571,0,29000,28680.05216837316,6840.591726999264,33303.13986100009,7152.478108581436
1790296630,40,,Aggregated,2.200000,0.000000,29000,30000,31000,31000,32000,32000,33000,33000,33000,33000,33000,574,0,29000,28684.044908029755,6840.591726999264,33303.13986100009,7153.58362369338
1790296631,40,,Aggregated,2.200000,0.000000,29000,30000,31000,31000,32000,32000,33000,33000,33000,33000,33000,574,0,29000,28684.044908029755,6840.591726999264,33303.13986100009,7153.58362369338
1790296632,40,,Aggregated,2.200000,0.000000,29000,30000,31000,31000,32000,32000,33000,33000,33000,33000,33000,574,0,29000,28684.044908029755,6840.591726999264,33303.13986100009,7153.58362369338
1790296633,40,,Aggregated,1.900000,0.000000,29000,30000,31000,31000,32000,32000,33000,33000,33000,33000,33000,575,0,29000,28682.996958671443,6840.591726999264,33303.13986100009,7153.713043478261
1790296634,40,,Aggregated,1.900000,0.000000,29000,30000,31000,31000,32000,32000,33000,33000,33000,33000,33000,575,0,29000,28682.996958671443,6840.591726999264,33303.13986100009,7153.713043478261
1790296635,40,,Aggregated,1.300000,0.000000,29000,30000,31000,31000,32000,32000,33000,33000,33000,33000,33000,578,0,29000,28685.927277889412,6840.591726999264,33303.13986100009,7154.671280276817
1790296636,40,,Aggregated,1.300000,0.000000,29000,30000,31000,31000,32000,32000,33000,33000,33000,33000,33000,579,0,29000,28666.427044152126,6840.591726999264,33303.13986100009,7151.298791018999
1790296637,40,,Aggregated,1.200000,0.000000,29000,30000,31000,31000,32000,32000,33000,33000,33000,33000,33000,580,0,29000,28670.631515938076,6840.591726999264,33303.13986100009,7152.625862068966
1790296638,40,,Aggregated,1.200000,0.000000,29000,30000,31000,31000,32000,32000,33000,33000,33000,33000,33000,580,0,29000,28670.631515938076,6840.591726999264,33303.13986100009,7152.625862068966
1790296640,40,,Aggregated,1.000000,0.000000,29000,30000,31000,31000,32000,32000,33000,33000,33000,33000,33000,581,0,29000,28677.3198204683,6840.591726999264,33303.13986100009,7153.4165232358
1790296641,40,,Aggregated,1.000000,0.000000,29000,30000,31000,31000,32000,32000,33000,33000,33000,33000,33000,581,0,29000,28677.3198204683,6840.591726999264,33303.13986100009,7153.4165232358
1790296642,40,,Aggregated,1.000000,0.000000,29000,30000,31000,31000,32000,32000,33000,33000,33000,33000,33000,582,0,29000,28684.235527455472,6840.591726999264,33303.13986100009,7154.821305841924
1790296643,40,,Aggregated,1.000000,0.000000,29000,30000,31000,31000,32000,32000,33000,33000,33000,33000,33000,582,0,29000,28684.235527455472,6840.591726999264,33303.13986100009,7154.821305841924
1790296644,40,,Aggregated,1.000000,0.000000,29000,30000,31000,31000,32000,32000,33000,33000,33000,33000,33000,582,0,29000,28684.235527455472,6840.591726999264,33303.13986100009,7154.821305841924
1790296645,40,,Aggregated,1.000000,0.000000,29000,30000,31000,31000,32000,32000,33000,33000,33000,33000,33000,582,0,29000,28684.235527455472,6840.591726999264,33303.13986100009,7154.821305841924
1790296646,40,,Aggregated,0.800000,0.000000,29000,30000,31000,31000,32000,32000,33000,33000,33000,33000,33000,584,0,29000,28693.597024563507,6840.591726999264,33303.13986100009,7153.467465753424
1790296647,40,,Aggregated,0.700000,0.000000,29000,30000,31000,31000,32000,32000,33000,33000,33000,33000,33000,585,0,29000,28691.591110442885,6840.591726999264,33303.13986100009,7153.203418803419
1790296648,40,,Aggregated,0.700000,0.000000,29000,30000,31000,31000,32000,32000,33000,33000,33000,33000,33000,587,0,29000,28687.236425712246,6840.591726999264,33303.13986100009,7151.451448040886
1790296649,40,,Aggregated,0.700000,0.000000,29000,30000,31000,31000,32000,32000,33000,33000,33000,33000,33000,587,0,29000,28687.236425712246,6840.591726999264,33303.13986100009,7151.451448040886
1790296650,40,,Aggregated,0.700000,0.000000,29000,30000,31000,31000,32000,32000,33000,33000,33000,33000,33000,587,0,29000,28687.236425712246,6840.591726999264,33303.13986100009,7151.451448040886
1790296651,40,,Aggregated,0.700000,0.000000,29000,30000,31000,31000,32000,32000,33000,33000,33000,33000,33000,593,0,29000,28705.233300529664,6840.591726999264,33303.13986100009,7154.023608768971
1790296652,40,,Aggregated,0.700000,0.000000,29000,30000,31000,31000,32000,32000,33000,33000,33000,33000,33000,595,0,29000,28707.57192839679,6840.591726999264,33303.13986100009,7154.220168067227
1790296653,40,,Aggregated,0.600000,0.000000,29000,30000,31000,31000,32000,32000,33000,33000,33000,33000,33000,596,0,29000,28707.66551729378,6840.591726999264,33303.13986100009,7154.822147651007
1790296654,40,,Aggregated,1.100000,0.000000,29000,30000,31000,31000,32000,32000,33000,33000,33000,33000,33000,597,0,29000,28696.264731852745,6840.591726999264,33303.13986100009,7153.371859296482
1790296655,40,,Aggregated,1.300000,0.000000,29000,30000,31000,31000,32000,32000,33000,33000,33000,33000,33000,603,0,29000,28714.69554056067,6840.591726999264,33303.13986100009,7156.0696517412935
1790296656,40,,Aggregated,1.400000,0.000000,29000,30000,31000,31000,32000,32000,33000,33000,33000,33000,33000,605,0,29000,28721.778879234847,6840.591726999264,33303.13986100009,7158.061157024794
1790296657,40,,Aggregated,1.500000,0.000000,29000,30000,31000,31000,32000,32000,33000,33000,33000,33000,33000,606,0,29000,28720.84523745228,6840.591726999264,33303.13986100009,7157.7046204620465
1790296658,40,,Aggregated,2.100000,0.000000,29000,30000,31000,31000,32000,32000,33000,33000,33000,33000,33000,608,0,29000,28726.78385822875,6840.591726999264,33303.13986100009,7158.054276315789
1790296659,40,,Aggregated,2.100000,0.000000,29000,30000,31000,31000,32000,32000,33000,33000,33000,33000,33000,608,0,29000,28726.78385822875,6840.591726999264,33303.13986100009,7158.054276315789
1790296660,40,,Aggregated,2.100000,0.000000,29000,30000,31000,31000,32000,32000,33000,33000,33000,33000,33000,610,0,29000,28734.15877001489,6840.591726999264,33303.13986100009,7161.686885245902
1790296661,40,,Aggregated,2.100000,0.000000,29000,30000,31000,31000,32000,32000,33000,33000,33000,33000,33000,611,0,29000,28740.08086935529,6840.591726999264,33303.13986100009,7162.353518821604
1790296662,40,,Aggregated,2.100000,0.000000,29000,30000,31000,31000,32000,32000,33000,33000,33000,33000,33000,613,0,29000,28741.948251569465,6840.591726999264,33303.13986100009,7162.706362153344
1790296663,40,,Aggregated,2.100000,0.000000,29000,30000,31000,31000,32000,32000,33000,33000,33000,33000,33000,613,0,29000,28741.948251569465,6840.591726999264,33303.13986100009,7162.706362153344
1790296664,40,,Aggregated,1.900000,0.000000,29000,30000,31000,31000,32000,32000,33000,33000,33000,33000,33000,614,0,29000,28746.260312334005,6840.591726999264,33303.13986100009,7164.052117263844
1790296665,40,,Aggregated,1.800000,0.000000,29000,30000,31000,31000,32000,32000,33000,33000,33000,33000,33000,616,0,29000,28746.013576230645,6840.591726999264,33303.13986100009,7165.181818181818
1790296666,40,,Aggregated,1.800000,0.000000,29000,30000,31000,31000,32000,32000,33000,33000,33000,33000,33000,616,0,29000,28746.013576230645,6840.591726999264,33303.13986100009,7165.181818181818
1790296667,40,,Aggregated,1.700000,0.000000,29000,30000,31000,31000,32000,32000,33000,33000,33000,33000,33000,618,0,29000,28746.120713668413,6840.591726999264,33303.13986100009,7165.504854368932
1790296668,40,,Aggregated,1.300000,0.000000,29000,30000,31000,31000,32000,32000,33000,33000,33000,33000,33000,619,0,29000,28749.015027683494,6840.591726999264,33303.13986100009,7165.9935379644585
1790296669,40,,Aggregated,1.100000,0.000000,29000,30000,31000,31000,32000,32000,33000,33000,33000,33000,33000,620,0,29000,28752.21951350497,6840.591726999264,33303.13986100009,7168.616129032258
1790296670,40,,Aggregated,1.100000,0.000000,29000,30000,31000,31000,32000,32000,33000,33000,33000,33000,33000,620,0,29000,28752.21951350497,6840.591726999264,33303.13986100009,7168.616129032258
1790296671,40,,Aggregated,1.100000,0.000000,29000,30000,31000,31000,32000,32000,33000,33000,33000,33000,33000,621,0,29000,28752.69314867968,6840.591726999264,33303.13986100009,7169.837359098228
1790296672,40,,Aggregated,1.200000,0.000000,29000,30000,31000,31000,32000,32000,33000,33000,33000,33000,33000,622,0,29000,28751.074828730034,6840.591726999264,33303.13986100009,7170.583601286174
1790296673,40,,Aggregated,1.100000,0.000000,29000,30000,31000,31000,32000,32000,33000,33000,33000,33000,33000,623,0,29000,28731.506959879745,6840.591726999264,33303.13986100009,7167.475120385233
1790296674,40,,Aggregated,1.100000,0.000000,29000,30000,31000,31000,32000,32000,33000,33000,33000,33000,33000,623,0,29000,28731.506959879745,6840.591726999264,33303.13986100009,7167.475120385233
1790296675,40,,Aggregated,1.100000,0.000000,29000,30000,31000,31000,32000,32000,33000,33000,33000,33000,33000,623,0,29000,28731.506959879745,6840.591726999264,33303.13986100009,7167.475120385233
1790296676,40,,Aggregated,0.900000,0.000000,29000,30000,31000,31000,32000,32000,33000,33000,33000,33000,33000,625,0,29000,28716.382431225727,6840.591726999264,33303.13986100009,7163.2192
1790296677,40,,Aggregated,0.700000,0.000000,29000,30000,31000,31000,32000,32000,33000,33000,33000,33000,33000,628,0,29000,28683.72000476765,6840.591726999264,33303.13986100009,7155.988853503185
1790296678,40,,Aggregated,0.800000,0.000000,29000,30000,31000,31000,32000,32000,33000,33000,33000,33000,33000,630,0,29000,28686.6514338922,6840.591726999264,33303.13986100009,7157.461904761904
1790296679,40,,Aggregated,0.700000,0.000000,29000,30000,31000,31000,32000,32000,33000,33000,33000,33000,33000,631,0,29000,28683.976385145936,6840.591726999264,33303.13986100009,7156.980982567354
1790296680,40,,Aggregated,0.700000,0.000000,29000,30000,31000,31000,32000,32000,33000,33000,33000,33000,33000,634,0,29000,28678.64375190391,6840.591726999264,33303.13986100009,7154.417981072555
1790296681,40,,Aggregated,1.000000,0.000000,29000,30000,31000,31000,32000,32000,33000,33000,33000,33000,33000,635,0,29000,28675.79910849304,6840.591726999264,33303.13986100009,7153.535433070866
1790296682,40,,Aggregated,1.400000,0.000000,29000,30000,31000,31000,32000,32000,33000,33000,33000,33000,33000,636,0,29000,28676.357919649497,6840.591726999264,33303.13986100009,7154.272012578616
1790296683,40,,Aggregated,1.400000,0.000000,29000,30000,31000,31000,32000,32000,33000,33000,33000,33000,33000,638,0,29000,28678.918179631783,6840.591726999264,33303.13986100009,7154.484326018809
1790296684,40,,Aggregated,1.300000,0.000000,29000,30000,31000,31000,32000,32000,33000,33000,33000,33000,33000,641,0,29000,28681.880441491543,6840.591726999264,33303.13986100009,7155.151326053042
1790296685,40,,Aggregated,1.400000,0.000000,29000,30000,31000,31000,32000,32000,33000,33000,33000,33000,33000,645,0,29000,28679.89371463577,6840.591726999264,33303.13986100009,7155.452713178294
1790296686,40,,Aggregated,1.400000,0.000000,29000,30000,31000,31000,32000,32000,33000,33000,33000,33000,33000,647,0,29000,28675.66627790274,6840.591726999264,33303.13986100009,7155.015455950541
1790296687,40,,Aggregated,2.100000,0.000000,29000,30000,31000,31000,32000,32000,33000,33000,33000,33000,33000,648,0,29000,28678.669142396717,6840.591726999264,33303.13986100009,7156.398148148148
1790296688,40,,Aggregated,2.100000,0.000000,29000,30000,31000,31000,32000,32000,33000,33000,33000,33000,33000,648,0,29000,28678.669142396717,6840.591726999264,33303.13986100009,7156.398148148148
1790296689,40,,Aggregated,2.300000,0.000000,29000,30000,31000,31000,32000,32000,33000,33000,33000,33000,33000,649,0,29000,28676.187321191173,6840.591726999264,33303.13986100009,7155.325115562404
1790296690,40,,Aggregated,1.900000,0.000000,29000,30000,31000,31000,32000,32000,33000,33000,33000,33000,33000,652,0,29000,28677.381734426493,6840.591726999264,33303.13986100009,7156.453987730061
1790296691,40,,Aggregated,1.900000,0.000000,29000,30000,31000,31000,32000,32000,33000,33000,33000,33000,33000,652,0,29000,28677.381734426493,6840.591726999264,33303.13986100009,7156.453987730061
1790296692,40,,Aggregated,1.600000,0.000000,29000,30000,31000,31000,32000,32000,33000,33000,33000,33000,33000,653,0,29000,28674.7449787995,6840.591726999264,33303.13986100009,7154.424196018376
1790296693,40,,Aggregated,1.700000,0.000000,29000,30000,31000,31000,32000,32000,33000,33000,33000,33000,33000,654,0,29000,28680.081611050566,6840.591726999264,33303.13986100009,7154.960244648318
1790296694,40,,Aggregated,1.700000,0.000000,29000,30000,31000,31000,32000,32000,33000,33000,33000,33000,33000,656,0,29000,28641.490990295835,6840.591726999264,33303.13986100009,7147.471036585366
1790296695,40,,Aggregated,1.600000,0.000000,29000,30000,31000,31000,32000,32000,33000,33000,33000,33000,33000,658,0,29000,28647.688001952985,6840.591726999264,33303.13986100009,7146.010638297872
1790296696,40,,Aggregated,1.700000,0.000000,29000,30000,31000,31000,32000,32000,33000,33000,33000,33000,33000,659,0,29000,28646.39359967081,6840.591726999264,33303.13986100009,7146.132018209408
1790296697,40,,Aggregated,1.700000,0.000000,29000,30000,31000,31000,32000,32000,33000,33000,33000,33000,33000,659,0,29000,28646.39359967081,6840.591726999264,33303.13986100009,7146.132018209408
1790296698,40,,Aggregated,1.100000,0.000000,29000,30000,31000,31000,32000,32000,33000,33000,33000,33000,33000,661,0,29000,28651.51366630267,6840.591726999264,33303.13986100009,7146.508320726172
1790296699,40,,Aggregated,1.100000,0.000000,29000,30000,31000,31000,32000,32000,33000,33000,33000,33000,33000,661,0,29000,28651.51366630267,6840.591726999264,33303.13986100009,7146.508320726172
1790296700,40,,Aggregated,1.200000,0.000000,29000,30000,31000,31000,32000,32000,33000,33000,33000,33000,33000,662,0,29000,28653.683287401913,6840.591726999264,33303.13986100009,7147.516616314199
1790296701,40,,Aggregated,1.200000,0.000000,29000,30000,31000,31000,32000,32000,33000,33000,33000,33000,33000,663,0,29000,28652.909942644143,6840.591726999264,33303.13986100009,7147.476621417798
1790296702,40,,Aggregated,1.200000,0.000000,29000,30000,31000,31000,32000,32000,33000,33000,33000,33000,33000,663,0,29000,28652.909942644143,6840.591726999264,33303.13986100009,7147.476621417798
1790296703,40,,Aggregated,1.200000,0.000000,29000,30000,31000,31000,32000,32000,33000,33000,33000,33000,33000,663,0,29000,28652.909942644143,6840.591726999264,33303.13986100009,7147.476621417798
1790296704,40,,Aggregated,1.200000,0.000000,29000,30000,31000,31000,32000,32000,33000,33000,33000,33000,33000,663,0,29000,28652.909942644143,6840.591726999264,33303.13986100009,7147.476621417798
1790296705,40,,Aggregated,1.000000,0.000000,29000,30000,31000,31000,32000,32000,33000,33000,33000,33000,33000,664,0,29000,28657.100967024195,6840.591726999264,33303.13986100009,7148.628012048192
1790296706,40,,Aggregated,1.000000,0.000000,29000,30000,31000,31000,32000,32000,33000,33000,33000,33000,33000,664,0,29000,28657.100967024195,6840.591726999264,33303.13986100009,7148.628012048192
1790296707,40,,Aggregated,0.700000,0.000000,29000,30000,31000,31000,32000,32000,33000,33000,33000,33000,33000,665,0,29000,28655.375306359492,6840.591726999264,33303.13986100009,7148.942857142857
1790296708,40,,Aggregated,0.600000,0.000000,29000,30000,31000,31000,32000,32000,33000,33000,33000,33000,33000,669,0,29000,28654.618448092766,6840.591726999264,33303.13986100009,7147.895366218236
1790296709,40,,Aggregated,0.600000,0.000000,29000,30000,31000,31000,32000,32000,33000,33000,33000,33000,33000,671,0,29000,28657.19409250232,6840.591726999264,33303.13986100009,7146.921013412817
1790296710,40,,Aggregated,0.700000,0.000000,29000,30000,31000,31000,32000,32000,33000,33000,33000,33000,33000,675,0,29000,28669.050296370453,6840.591726999264,33303.13986100009,7152.241481481481
1790296711,40,,Aggregated,0.800000,0.000000,29000,30000,31000,31000,32000,32000,33000,33000,33000,33000,33000,676,0,29000,28666.868074537062,6840.591726999264,33303.13986100009,7151.168639053254
1790296712,40,,Aggregated,1.000000,0.000000,29000,30000,31000,31000,32000,32000,33000,33000,33000,33000,33000,678,0,29000,28667.036941634295,6840.591726999264,33303.13986100009,7149.396755162242
1790296713,40,,Aggregated,1.000000,0.000000,29000,30000,31000,31000,32000,32000,33000,33000,33000,33000,33000,678,0,29000,28667.036941634295,6840.591726999264,33303.13986100009,7149.396755162242
1790296714,40,,Aggregated,1.300000,0.000000,29000,30000,31000,31000,32000,32000,33000,33000,33000,33000,33000,680,0,29000,28665.71928819125,6840.591726999264,33303.13986100009,7147.861764705883
1790296715,40,,Aggregated,1.500000,0.000000,29000,30000,31000,31000,32000,32000,33000,33000,33000,33000,33000,683,0,29000,28664.473081764347,6840.591726999264,33303.13986100009,7145.042459736457
1790296716,40,,Aggregated,1.500000,0.000000,29000,30000,31000,31000,32000,32000,33000,33000,33000,33000,33000,685,0,29000,28671.062318204447,6840.591726999264,33303.13986100009,7148.465693430657
1790296717,40,,Aggregated,1.900000,0.000000,29000,30000,31000,31000,32000,32000,33000,33000,33000,33000,33000,686,0,29000,28673.02340368228,6840.591726999264,33303.13986100009,7149.532069970845
1790296718,40,,Aggregated,2.100000,0.000000,29000,30000,31000,31000,32000,32000,33000,33000,33000,33000,33000,687,0,29000,28677.663183026267,6840.591726999264,33303.13986100009,7150.039301310044
1790296719,40,,Aggregated,2.000000,0.000000,29000,30000,31000,31000,32000,32000,33000,33000,33000,33000,33000,690,0,29000,28680.610696123254,6840.591726999264,33303.13986100009,7150.830434782609
1790296720,40,,Aggregated,2.000000,0.000000,29000,30000,31000,31000,32000,32000,33000,33000,33000,33000,33000,690,0,29000,28680.610696123254,6840.591726999264,33303.13986100009,7150.830434782609
1790296721,40,,Aggregated,2.000000,0.000000,29000,30000,31000,31000,32000,32000,33000,33000,33000,33000,33000,690,0,29000,28680.610696123254,6840.591726999264,33303.13986100009,7150.830434782609
1790296722,40,,Aggregated,1.900000,0.000000,29000,30000,31000,31000,32000,32000,33000,33000,33000,33000,33000,691,0,29000,28684.236753658533,6840.591726999264,33303.13986100009,7151.600578871201
1790296723,40,,Aggregated,1.500000,0.000000,29000,30000,31000,31000,32000,32000,33000,33000,33000,33000,33000,692,0,29000,28686.701221638796,6840.591726999264,33303.13986100009,7152.163294797688
1790296724,40,,Aggregated,1.300000,0.000000,29000,30000,31000,31000,32000,32000,33000,33000,33000,33000,33000,694,0,29000,28690.644460160005,6840.591726999264,33303.13986100009,7154.077809798271
1790296725,40,,Aggregated,1.300000,0.000000,29000,30000,31000,31000,32000,32000,33000,33000,33000,33000,33000,694,0,29000,28690.644460160005,6840.591726999264,33303.13986100009,7154.077809798271
1790296726,40,,Aggregated,1.300000,0.000000,29000,30000,31000,31000,32000,32000,33000,33000,33000,33000,33000,695,0,29000,28693.672058883512,6840.591726999264,33303.13986100009,7155.205755395684
1790296727,40,,Aggregated,1.200000,0.000000,29000,30000,31000,31000,32000,32000,33000,33000,33000,33000,33000,698,0,29000,28705.81037202585,6840.591726999264,33303.13986100009,7158.432664756447
1790296728,40,,Aggregated,1.200000,0.000000,29000,30000,31000,31000,32000,32000,33000,33000,33000,33000,33000,698,0,29000,28705.81037202585,6840.591726999264,33303.13986100009,7158.432664756447
1790296729,40,,Aggregated,1.200000,0.000000,29000,30000,31000,31000,32000,32000,33000,33000,33000,33000,33000,698,0,29000,28705.81037202585,6840.591726999264,33303.13986100009,7158.432664756447
1790296730,40,,Aggregated,1.100000,0.000000,29000,30000,31000,31000,32000,32000,33000,33000,33000,33000,33000,699,0,29000,28710.87584617031,6840.591726999264,33303.13986100009,7160.110157367668
1790296731,40,,Aggregated,0.900000,0.000000,29000,30000,31000,31000,32000,32000,33000,33000,33000,33000,33000,702,0,29000,28719.746022524287,6840.591726999264,33303.13986100009,7162.9031339031335
1790296732,40,,Aggregated,0.900000,0.000000,29000,30000,31000,31000,32000,32000,33000,33000,33000,33000,33000,703,0,29000,28719.632620803768,6840.591726999264,33303.13986100009,7162.810810810811
1790296733,40,,Aggregated,0.900000,0.000000,29000,30000,31000,31000,32000,32000,33000,33000,33000,33000,33000,703,0,29000,28719.632620803768,6840.591726999264,33303.13986100009,7162.810810810811
1790296734,40,,Aggregated,0.900000,0.000000,29000,30000,31000,31000,32000,32000,33000,33000,33000,33000,33000,703,0,29000,28719.632620803768,6840.591726999264,33303.13986100009,7162.810810810811
1790296735,40,,Aggregated,0.900000,0.000000,29000,30000,31000,31000,32000,32000,33000,33000,33000,33000,33000,703,0,29000,28719.632620803768,6840.591726999264,33303.13986100009,7162.810810810811
1790296736,40,,Aggregated,1.200000,0.000000,29000,30000,31000,31000,32000,32000,33000,33000,33000,33000,33000,704,0,29000,28720.413149703192,6840.591726999264,33303.13986100009,7162.725852272727
1790296737,40,,Aggregated,0.900000,0.000000,29000,30000,31000,31000,32000,32000,33000,33000,33000,33000,33000,705,0,29000,28719.61385291496,6840.591726999264,33303.13986100009,7162.97304964539
1790296738,40,,Aggregated,0.900000,0.000000,29000,30000,31000,31000,32000,32000,33000,33000,33000,33000,33000,707,0,29000,28721.599843473898,6840.591726999264,33303.13986100009,7163.51909476662
1790296739,40,,Aggregated,0.900000,0.000000,29000,30000,31000,31000,32000,32000,33000,33000,33000,33000,33000,708,0,29000,28721.485744214748,6840.591726999264,33303.13986100009,7163.247175141243
1790296740,40,,Aggregated,0.800000,0.000000,29000,30000,31000,31000,32000,32000,33000,33000,33000,33000,33000,712,0,29000,28725.343205957925,6840.591726999264,33303.13986100009,7162.907303370786
1790296741,40,,Aggregated,1.000000,0.000000,29000,30000,31000,31000,32000,32000,33000,33000,33000,33000,33000,713,0,29000,28726.988404332456,6840.591726999264,33303.13986100009,7162.350631136045
1790296742,40,,Aggregated,0.900000,0.000000,29000,30000,31000,31000,32000,32000,33000,33000,33000,33000,33000,715,0,29000,28729.437875885375,6840.591726999264,33303.13986100009,7163.5356643356645
1790296743,40,,Aggregated,1.100000,0.000000,29000,30000,31000,31000,32000,32000,33000,33000,33000,33000,33000,716,0,29000,28732.95291636039,6840.591726999264,33303.13986100009,7164.115921787709
1790296744,40,,Aggregated,1.000000,0.000000,29000,30000,31000,31000,32000,32000,33000,33000,33000,33000,33000,718,0,29000,28740.910922860785,6840.591726999264,33303.13986100009,7166.462395543175
1790296745,40,,Aggregated,1.000000,0.000000,29000,30000,31000,31000,32000,32000,33000,33000,33000,33000,33000,719,0,29000,28742.14451984985,6840.591726999264,33303.13986100009,7167.189151599444
1790296746,40,,Aggregated,1.300000,0.000000,29000,30000,31000,31000,32000,32000,33000,33000,33000,33000,33000,721,0,29000,28745.341814552066,6840.591726999264,33303.13986100009,7168.0221914008325
1790296747,40,,Aggregated,1.600000,0.000000,29000,30000,31000,31000,32000,32000,33000,33000,33000,33000,33000,722,0,29000,28746.719726702275,6840.591726999264,33303.13986100009,7168.6260387811635
1790296748,40,,Aggregated,1.500000,0.000000,29000,30000,31000,31000,32000,32000,33000,33000,33000,33000,33000,724,0,29000,28754.455855792872,6840.591726999264,33303.13986100009,7168.219613259668
1790296749,40,,Aggregated,1.700000,0.000000,29000,30000,31000,31000,32000,32000,33000,33000,33000,33000,33000,725,0,29000,28759.272981059366,6840.591726999264,33303.13986100009,7169.133793103449
1790296750,40,,Aggregated,1.600000,0.000000,29000,30000,31000,31000,32000,32000,33000,33000,33000,33000,33000,727,0,29000,28765.01452905233,6840.591726999264,33303.13986100009,7169.442916093535
1790296751,40,,Aggregated,1.600000,0.000000,29000,30000,31000,31000,32000,32000,33000,33000,33000,33000,33000,728,0,29000,28765.735184435496,6840.591726999264,33303.13986100009,7168.896978021978
1790296752,40,,Aggregated,1.700000,0.000000,29000,30000,31000,31000,32000,32000,33000,33000,33000,33000,33000,731,0,29000,28772.086989513053,6840.591726999264,33303.13986100009,7170.145006839945
1790296753,40,,Aggregated,1.700000,0.000000,29000,30000,31000,31000,32000,32000,33000,33000,33000,33000,33000,731,0,29000,28772.086989513053,6840.591726999264,33303.13986100009,7170.145006839945
1790296754,40,,Aggregated,1.500000,0.000000,29000,30000,31000,31000,32000,32000,33000,33000,33000,33000,33000,734,0,29000,28773.24328577662,6840.591726999264,33303.13986100009,7173.3310626703
1790296755,40,,Aggregated,1.600000,0.000000,29000,30000,31000,31000,32000,32000,33000,33000,33000,33000,33000,735,0,29000,28770.552841878965,6840.591726999264,33303.13986100009,7173.15918367347
1790296756,40,,Aggregated,1.500000,0.000000,29000,30000,31000,31000,32000,32000,33000,33000,33000,33000,33000,736,0,29000,28769.56481479217,6840.591726999264,33303.13986100009,7173.596467391304
1790296757,40,,Aggregated,1.500000,0.000000,29000,30000,31000,31000,32000,32000,33000,33000,33000,33000,33000,736,0,29000,28769.56481479217,6840.591726999264,33303.13986100009,7173.596467391304
1790296758,40,,Aggregated,1.500000,0.000000,29000,30000,31000,31000,32000,32000,33000,33000,33000,33000,33000,736,0,29000,28769.56481479217,6840.591726999264,33303.13986100009,7173.596467391304
1790296759,40,,Aggregated,1.500000,0.000000,29000,30000,31000,31000,32000,32000,33000,33000,33000,33000,33000,737,0,29000,28774.599684550933,6840.591726999264,33303.13986100009,7175.2835820895525
1790296760,40,,Aggregated,1.400000,0.000000,29000,30000,31000,31000,32000,32000,33000,33000,33000,33000,33000,738,0,29000,28778.667248466176,6840.591726999264,33303.13986100009,7176.380758807588
1790296761,40,,Aggregated,1.200000,0.000000,29000,30000,31000,31000,32000,32000,33000,33000,33000,33000,33000,739,0,29000,28780.64177605553,6840.591726999264,33303.13986100009,7176.378890392422
1790296762,40,,Aggregated,1.200000,0.000000,29000,30000,31000,31000,32000,32000,33000,33000,33000,33000,33000,741,0,29000,28782.218569978453,6840.591726999264,33303.13986100009,7175.831309041835
1790296763,40,,Aggregated,1.000000,0.000000,29000,30000,31000,31000,32000,32000,33000,33000,33000,33000,33000,742,0,29000,28784.564409160423,6840.591726999264,33303.13986100009,7174.963611859838
1790296764,40,,Aggregated,1.200000,0.000000,29000,30000,31000,31000,32000,32000,33000,33000,33000,33000,33000,744,0,29000,28786.849777967785,6840.591726999264,33303.13986100009,7175.334677419355
1790296765,40,,Aggregated,1.200000,0.000000,29000,30000,31000,31000,32000,32000,33000,33000,33000,33000,33000,745,0,29000,28765.711411299373,6840.591726999264,33303.13986100009,7171.187919463087
1790296766,40,,Aggregated,1.200000,0.000000,29000,30000,31000,31000,32000,32000,33000,33000,33000,33000,33000,745,0,29000,28765.711411299373,6840.591726999264,33303.13986100009,7171.187919463087
1790296767,40,,Aggregated,1.100000,0.000000,29000,30000,31000,31000,32000,32000,33000,33000,33000,33000,33000,746,0,29000,28765.234405403527,6840.591726999264,33303.13986100009,7171.288203753351
1790296768,40,,Aggregated,1.000000,0.000000,29000,30000,31000,31000,32000,32000,33000,33000,33000,33000,33000,748,0,29000,28763.41681964577,6840.591726999264,33303.13986100009,7170.118983957219
1790296769,40,,Aggregated,0.900000,0.000000,29000,30000,31000,31000,32000,32000,33000,33000,33000,33000,33000,749,0,29000,28761.214975445975,6840.591726999264,33303.13986100009,7169.560747663551
1790296770,40,,Aggregated,0.900000,0.000000,29000,30000,31000,31000,32000,32000,33000,33000,33000,33000,33000,749,0,29000,28761.214975445975,6840.591726999264,33303.13986100009,7169.560747663551
1790296771,40,,Aggregated,1.200000,0.000000,29000,30000,31000,31000,32000,32000,33000,33000,33000,33000,33000,750,0,29000,28763.842837888045,6840.591726999264,33303.13986100009,7170.496
1790296772,40,,Aggregated,1.200000,0.000000,29000,30000,31000,31000,32000,32000,33000,33000,33000,33000,33000,754,0,29000,28766.185751404555,6840.591726999264,33303.13986100009,7169.697612732096
1790296773,40,,Aggregated,1.100000,0.000000,29000,30000,31000,31000,32000,32000,33000,33000,33000,33000,33000,755,0,29000,28766.839104886138,6840.591726999264,33303.13986100009,7170.197350993378
1790296774,40,,Aggregated,1.200000,0.000000,29000,30000,31000,31000,32000,32000,33000,33000,33000,33000,33000,758,0,29000,28772.55216956205,6840.591726999264,33303.13986100009,7171.695250659631
1790296775,40,,Aggregated,1.300000,0.000000,29000,30000,31000,31000,32000,32000,33000,33000,33000,33000,33000,759,0,29000,28770.338404364997,6840.591726999264,33303.13986100009,7170.985507246377
1790296776,40,,Aggregated,1.300000,0.000000,29000,30000,31000,31000,32000,32000,33000,33000,33000,33000,33000,761,0,29000,28771.6985396689,6840.591726999264,33303.13986100009,7172.563731931669
1790296777,40,,Aggregated,1.300000,0.000000,29000,30000,31000,31000,32000,32000,33000,33000,33000,33000,33000,763,0,29000,28774.44252433818,6840.591726999264,33303.13986100009,7173.3433813892525
1790296778,40,,Aggregated,1.400000,0.000000,29000,30000,31000,31000,32000,32000,33000,33000,33000,33000,33000,764,0,29000,28774.69840113486,6840.591726999264,33303.13986100009,7173.274869109948
1790296779,40,,Aggregated,1.600000,0.000000,29000,30000,31000,31000,32000,32000,33000,33000,33000,33000,33000,766,0,29000,28776.729572762444,6840.591726999264,33303.13986100009,7176.065274151436
1790296780,40,,Aggregated,1.600000,0.000000,29000,30000,31000,31000,32000,32000,33000,33000,33000,33000,33000,766,0,29000,28776.729572762444,6840.591726999264,33303.13986100009,7176.065274151436
1790296781,40,,Aggregated,1.600000,0.000000,29000,30000,31000,31000,32000,32000,33000,33000,33000,33000,33000,767,0,29000,28774.958511940073,6840.591726999264,33303.13986100009,7175.544980443286
1790296783,40,,Aggregated,1.700000,0.000000,29000,30000,31000,31000,32000,32000,33000,33000,33000,33000,33000,769,0,29000,28781.289046464288,6840.591726999264,33303.13986100009,7177.742522756827
1790296784,40,,Aggregated,1.700000,0.000000,29000,30000,31000,31000,32000,32000,33000,33000,33000,33000,33000,769,0,29000,28781.289046464288,6840.591726999264,33303.13986100009,7177.742522756827
1790296785,40,,Aggregated,1.500000,0.000000,29000,30000,31000,31000,32000,32000,33000,33000,33000,33000,33000,770,0,29000,28780.8545076455,6840.591726999264,33303.13986100009,7177.6558441558445
1790296786,40,,Aggregated,1.500000,0.000000,29000,30000,31000,31000,32000,32000,33000,33000,33000,33000,33000,771,0,29000,28784.17619483922,6840.591726999264,33303.13986100009,7178.610894941634
1790296787,40,,Aggregated,1.400000,0.000000,29000,30000,31000,31000,32000,32000,33000,33000,33000,33000,33000,772,0,29000,28789.07895649098,6840.591726999264,33303.13986100009,7179.7422279792745
1790296788,40,,Aggregated,1.200000,0.000000,29000,30000,31000,31000,32000,32000,33000,33000,33000,33000,33000,773,0,29000,28792.38223117728,6840.591726999264,33303.13986100009,7179.632600258732
1790296789,40,,Aggregated,1.200000,0.000000,29000,30000,31000,31000,32000,32000,33000,33000,33000,33000,33000,776,0,29000,28803.191642003912,6840.591726999264,33303.13986100009,7182.6752577319585
1790296790,40,,Aggregated,1.100000,0.000000,29000,30000,31000,31000,32000,32000,33000,33000,33000,33000,33000,777,0,29000,28795.914036997467,6840.591726999264,33303.13986100009,7181.258687258687
1790296791,40,,Aggregated,1.100000,0.000000,29000,30000,31000,31000,32000,32000,33000,33000,33000,33000,33000,777,0,29000,28795.914036997467,6840.591726999264,33303.13986100009,7181.258687258687
1790296792,40,,Aggregated,1.200000,0.000000,29000,30000,31000,31000,32000,32000,33000,33000,33000,33000,33000,779,0,29000,28795.593867523785,6840.591726999264,33303.13986100009,7180.962772785622
1790296793,40,,Aggregated,1.100000,0.000000,29000,30000,31000,31000,32000,32000,33000,33000,33000,33000,33000,780,0,29000,28794.049359255165,6840.591726999264,33303.13986100009,7180.164102564103
1790296794,40,,Aggregated,1.100000,0.000000,29000,30000,31000,31000,32000,32000,33000,33000,33000,33000,33000,783,0,29000,28799.180633798253,6840.591726999264,33303.13986100009,7180.569604086845
1790296795,40,,Aggregated,1.100000,0.000000,29000,30000,31000,31000,32000,32000,33000,33000,33000,33000,33000,784,0,29000,28802.49665597198,6840.591726999264,33303.13986100009,7181.561224489796
1790296796,40,,Aggregated,1.100000,0.000000,29000,30000,31000,31000,32000,32000,33000,33000,33000,33000,33000,784,0,29000,28802.49665597198,6840.591726999264,33303.13986100009,7181.561224489796
1790296797,40,,Aggregated,1.400000,0.000000,29000,30000,31000,31000,32000,32000,33000,33000,33000,33000,33000,785,0,29000,28804.489031731257,6840.591726999264,33303.13986100009,7183.309554140127
1790296798,40,,Aggregated,1.400000,0.000000,29000,30000,31000,31000,32000,32000,33000,33000,33000,33000,33000,785,0,29000,28804.489031731257,6840.591726999264,33303.13986100009,7183.309554140127
1790296799,40,,Aggregated,1.400000,0.000000,29000,30000,31000,31000,32000,32000,33000,33000,33000,33000,33000,785,0,29000,28804.489031731257,6840.591726999264,33303.13986100009,7183.309554140127
1790296800,40,,Aggregated,1.300000,0.000000,29000,30000,31000,31000,32000,32000,33000,33000,33000,33000,33000,786,0,29000,28805.120035132364,6840.591726999264,33303.13986100009,7181.814249363868
1790296801,40,,Aggregated,1.200000,0.000000,29000,30000,31000,31000,32000,32000,33000,33000,33000,33000,33000,788,0,29000,28807.679791949293,6840.591726999264,33303.13986100009,7181.782994923858
1790296802,40,,Aggregated,0.900000,0.000000,29000,30000,31000,31000,32000,32000,33000,33000,33000,33000,33000,790,0,29000,28804.88703852664,6840.591726999264,33303.13986100009,7181.454430379747
1790296803,40,,Aggregated,0.900000,0.000000,29000,30000,31000,31000,32000,32000,33000,33000,33000,33000,33000,793,0,29000,28811.296702718842,6840.591726999264,33303.13986100009,7182.598991172762
1790296804,40,,Aggregated,1.100000,0.000000,29000,30000,31000,31000,32000,32000,33000,33000,33000,33000,33000,794,0,29000,28810.956944154965,6840.591726999264,33303.13986100009,7183.798488664987
1790296805,40,,Aggregated,1.100000,0.000000,29000,30000,31000,31000,32000,32000,33000,33000,33000,33000,33000,795,0,29000,28810.318370417666,6840.591726999264,33303.13986100009,7182.74465408805
1790296806,40,,Aggregated,1.100000,0.000000,29000,30000,31000,31000,32000,32000,33000,33000,33000,33000,33000,799,0,29000,28817.124188670892,6840.591726999264,33303.13986100009,7184.150187734668
1790296807,40,,Aggregated,1.100000,0.000000,29000,30000,31000,31000,32000,32000,33000,33000,33000,33000,33000,801,0,29000,28794.780698551862,6840.591726999264,33303.13986100009,7179.20099875156
1790296808,40,,Aggregated,1.100000,0.000000,29000,30000,31000,31000,32000,32000,33000,33000,33000,33000,33000,801,0,29000,28794.780698551862,6840.591726999264,33303.13986100009,7179.20099875156
1790296809,40,,Aggregated,1.400000,0.000000,29000,30000,31000,31000,32000,32000,33000,33000,33000,33000,33000,804,0,29000,28798.329818400554,6840.591726999264,33303.13986100009,7178.855721393034
1790296810,40,,Aggregated,1.600000,0.000000,29000,30000,31000,31000,32000,32000,33000,33000,33000,33000,33000,806,0,29000,28803.14622774074,6840.591726999264,33303.13986100009,7180.305210918114
1790296811,40,,Aggregated,1.600000,0.000000,29000,30000,31000,31000,32000,32000,33000,33000,33000,33000,33000,807,0,29000,28787.973426022352,6840.591726999264,33303.13986100009,7177.624535315985
1790296812,40,,Aggregated,2.000000,0.000000,29000,30000,31000,31000,32000,32000,33000,33000,33000,33000,33000,810,0,29000,28788.485622872886,6840.591726999264,33303.13986100009,7178.371604938272
1790296813,40,,Aggregated,1.900000,0.000000,29000,30000,31000,31000,32000,32000,33000,33000,33000,33000,33000,811,0,29000,28790.48245037366,6840.591726999264,33303.13986100009,7178.557336621455
1790296814,40,,Aggregated,1.900000,0.000000,29000,30000,31000,31000,32000,32000,33000,33000,33000,33000,33000,811,0,29000,28790.48245037366,6840.591726999264,33303.13986100009,7178.557336621455
1790296815,40,,Aggregated,1.900000,0.000000,29000,30000,31000,31000,32000,32000,33000,33000,33000,33000,33000,811,0,29000,28790.48245037366,6840.591726999264,33303.13986100009,7178.557336621455
1790296816,40,,Aggregated,1.700000,0.000000,29000,30000,31000,31000,32000,32000,33000,33000,33000,33000,33000,812,0,29000,28771.600796658913,6840.591726999264,33303.13986100009,7174.5578817733995
1790296817,40,,Aggregated,1.700000,0.000000,29000,30000,31000,31000,32000,32000,33000,33000,33000,33000,33000,813,0,29000,28771.102311936087,6840.591726999264,33303.13986100009,7173.910209102091
1790296818,40,,Aggregated,1.400000,0.000000,29000,30000,31000,31000,32000,32000,33000,33000,33000,33000,33000,814,0,29000,28774.803169067614,6840.591726999264,33303.13986100009,7174.577395577396
1790296819,40,,Aggregated,1.400000,0.000000,29000,30000,31000,31000,32000,32000,33000,33000,33000,33000,33000,815,0,29000,28778.157182125204,6840.591726999264,33303.13986100009,7175.20490797546
1790296820,40,,Aggregated,1.200000,0.000000,29000,30000,31000,31000,32000,32000,33000,33000,33000,33000,33000,820,0,29000,28779.892531659803,6840.591726999264,33303.13986100009,7174.243902439024
1790296821,40,,Aggregated,1.100000,0.000000,29000,30000,31000,31000,32000,32000,33000,33000,33000,33000,33000,821,0,29000,28781.931727601754,6840.591726999264,33303.13986100009,7174.993909866017
1790296822,40,,Aggregated,1.300000,0.000000,29000,30000,31000,31000,32000,32000,33000,33000,33000,33000,33000,823,0,29000,28778.283440791056,6840.591726999264,33303.13986100009,7174.546780072904
1790296823,40,,Aggregated,1.300000,0.000000,29000,30000,31000,31000,32000,32000,33000,33000,33000,33000,33000,823,0,29000,28778.283440791056,6840.591726999264,33303.13986100009,7174.546780072904
1790296824,40,,Aggregated,1.300000,0.000000,29000,30000,31000,31000,32000,32000,33000,33000,33000,33000,33000,823,0,29000,28778.283440791056,6840.591726999264,33303.13986100009,7174.546780072904
1790296825,40,,Aggregated,1.300000,0.000000,29000,30000,31000,31000,32000,32000,33000,33000,33000,33000,33000,824,0,29000,28782.120304587424,6840.591726999264,33303.13986100009,7175.575242718447
1790296826,40,,Aggregated,1.300000,0.000000,29000,30000,31000,31000,32000,32000,33000,33000,33000,33000,33000,824,0,29000,28782.120304587424,6840.591726999264,33303.13986100009,7175.575242718447
1790296827,40,,Aggregated,1.300000,0.000000,29000,30000,31000,31000,32000,32000,33000,33000,33000,33000,33000,826,0,29000,28783.49447236445,6840.591726999264,33303.13986100009,7177.175544794189
1790296828,40,,Aggregated,1.300000,0.000000,29000,30000,31000,31000,32000,32000,33000,33000,33000,33000,33000,826,0,29000,28783.49447236445,6840.591726999264,33303.13986100009,7177.175544794189
1790296829,40,,Aggregated,1.300000,0.000000,29000,30000,31000,31000,32000,32000,33000,33000,33000,33000,33000,826,0,29000,28783.49447236445,6840.591726999264,33303.13986100009,7177.175544794189
1790296830,40,,Aggregated,1.300000,0.000000,29000,30000,31000,31000,32000,32000,33000,33000,33000,33000,33000,826,0,29000,28783.49447236445,6840.591726999264,33303.13986100009,7177.175544794189
1790296831,40,,Aggregated,1.100000,0.000000,29000,30000,31000,31000,32000,32000,33000,33000,33000,33000,33000,828,0,29000,28784.799494036277,6840.591726999264,33303.13986100009,7177.531400966183
1790296832,40,,Aggregated,0.700000,0.000000,29000,30000,31000,31000,32000,32000,33000,33000,33000,33000,33000,829,0,29000,28786.12372683237,6840.591726999264,33303.13986100009,7178.189384800965
1790296833,40,,Aggregated,0.700000,0.000000,29000,30000,31000,31000,32000,32000,33000,33000,33000,33000,33000,830,0,29000,28787.609999474746,6840.591726999264,33303.13986100009,7178.653012048193
1790296834,40,,Aggregated,0.700000,0.000000,29000,30000,31000,31000,32000,32000,33000,33000,33000,33000,33000,832,0,29000,28790.8039297164,6840.591726999264,33303.13986100009,7179.992788461538
1790296835,40,,Aggregated,0.700000,0.000000,29000,30000,31000,31000,32000,32000,33000,33000,33000,33000,33000,833,0,29000,28772.780616254553,6840.591726999264,33303.13986100009,7176.222088835534
1790296836,40,,Aggregated,0.700000,0.000000,29000,30000,31000,31000,32000,32000,33000,33000,33000,33000,33000,837,0,29000,28776.334450108774,6840.591726999264,33303.13986100009,7176.21385902031
1790296837,40,,Aggregated,0.900000,0.000000,29000,30000,31000,31000,32000,32000,33000,33000,33000,33000,33000,840,0,29000,28775.741257685768,6840.591726999264,33303.13986100009,7175.4154761904765
1790296838,40,,Aggregated,0.900000,0.000000,29000,30000,31000,31000,32000,32000,33000,33000,33000,33000,33000,842,0,29000,28781.27271498818,6840.591726999264,33303.13986100009,7176.5059382422805
1790296839,40,,Aggregated,1.300000,0.000000,29000,30000,31000,31000,32000,32000,33000,33000,33000,33000,33000,844,0,29000,28778.860548893426,6840.591726999264,33303.13986100009,7175.545023696683
1790296840,40,,Aggregated,1.400000,0.000000,29000,30000,31000,31000,32000,32000,33000,33000,33000,33000,33000,846,0,29000,28782.82540754025,6840.591726999264,33303.13986100009,7175.456264775414
1790296841,40,,Aggregated,1.800000,0.000000,29000,30000,31000,31000,32000,32000,33000,33000,33000,33000,33000,847,0,29000,28780.22805879463,6840.591726999264,33303.13986100009,7175.985832349469
1790296842,40,,Aggregated,2.000000,0.000000,29000,30000,31000,31000,32000,32000,33000,33000,33000,33000,33000,849,0,29000,28780.098712109608,6840.591726999264,33303.13986100009,7175.981154299176
1790296843,40,,Aggregated,2.000000,0.000000,29000,30000,31000,31000,32000,32000,33000,33000,33000,33000,33000,851,0,29000,28786.42795135024,6840.591726999264,33303.13986100009,7177.2150411280845
1790296844,40,,Aggregated,2.000000,0.000000,29000,30000,31000,31000,32000,32000,33000,33000,33000,33000,33000,851,0,29000,28786.42795135024,6840.591726999264,33303.13986100009,7177.2150411280845
1790296845,40,,Aggregated,2.100000,0.000000,29000,30000,31000,31000,32000,32000,33000,33000,33000,33000,33000,852,0,29000,28785.117398732455,6840.591726999264,33303.13986100009,7177.826291079812
1790296846,40,,Aggregated,2.100000,0.000000,29000,30000,31000,31000,32000,32000,33000,33000,33000,33000,33000,854,0,29000,28787.348888676876,6840.591726999264,33303.13986100009,7177.788056206089
1790296847,40,,Aggregated,2.100000,0.000000,29000,30000,31000,31000,32000,32000,33000,33000,33000,33000,33000,854,0,29000,28787.348888676876,6840.591726999264,33303.13986100009,7177.788056206089
1790296848,40,,Aggregated,2.100000,0.000000,29000,30000,31000,31000,32000,32000,33000,33000,33000,33000,33000,854,0,29000,28787.348888676876,6840.591726999264,33303.13986100009,7177.788056206089
1790296849,40,,Aggregated,1.500000,0.000000,29000,30000,31000,31000,32000,32000,33000,33000,33000,33000,33000,856,0,29000,28787.6253768809,6840.591726999264,33303.13986100009,7177.59929906542
1790296850,40,,Aggregated,1.200000,0.000000,29000,30000,31000,31000,32000,32000,33000,33000,33000,33000,33000,860,0,29000,28782.124712376804,6840.591726999264,33303.13986100009,7174.372093023256
1790296851,40,,Aggregated,1.200000,0.000000,29000,30000,31000,31000,32000,32000,33000,33000,33000,33000,33000,862,0,29000,28785.64880819495,6840.591726999264,33303.13986100009,7173.960556844548
1790296852,40,,Aggregated,1.000000,0.000000,29000,30000,31000,31000,32000,32000,33000,33000,33000,33000,33000,863,0,29000,28788.13514607885,6840.591726999264,33303.13986100009,7174.457705677868
1790296853,40,,Aggregated,1.000000,0.000000,29000,30000,31000,31000,32000,32000,33000,33000,33000,33000,33000,863,0,29000,28788.13514607885,6840.591726999264,33303.13986100009,7174.457705677868
1790296854,40,,Aggregated,1.000000,0.000000,29000,30000,31000,31000,32000,32000,33000,33000,33000,33000,33000,863,0,29000,28788.13514607885,6840.591726999264,33303.13986100009,7174.457705677868
1790296855,40,,Aggregated,1.000000,0.000000,29000,30000,31000,31000,32000,32000,33000,33000,33000,33000,33000,863,0,29000,28788.13514607885,6840.591726999264,33303.13986100009,7174.457705677868
1790296856,40,,Aggregated,1.200000,0.000000,29000,30000,31000,31000,32000,32000,33000,33000,33000,33000,33000,864,0,29000,28789.428669162095,6840.591726999264,33303.13986100009,7174.991898148148
1790296857,40,,Aggregated,1.200000,0.000000,29000,30000,31000,31000,32000,32000,33000,33000,33000,33000,33000,865,0,29000,28768.56576105786,6840.591726999264,33303.13986100009,7170.9468208092485
1790296858,40,,Aggregated,1.000000,0.000000,29000,30000,31000,31000,32000,32000,33000,33000,33000,33000,33000,866,0,29000,28770.07105989382,6840.591726999264,33303.13986100009,7171.40415704388
1790296859,40,,Aggregated,1.000000,0.000000,29000,30000,31000,31000,32000,32000,33000,33000,33000,33000,33000,867,0,29000,28767.977377658648,6840.591726999264,33303.13986100009,7170.871972318339
1790296860,40,,Aggregated,1.100000,0.000000,29000,30000,31000,31000,32000,32000,33000,33000,33000,33000,33000,868,0,29000,28771.764232376783,6840.591726999264,33303.13986100009,7171.981566820276
1790296861,40,,Aggregated,1.100000,0.000000,29000,30000,31000,31000,32000,32000,33000,33000,33000,33000,33000,868,0,29000,28771.764232376783,6840.591726999264,33303.13986100009,7171.981566820276
1790296862,40,,Aggregated,1.100000,0.000000,29000,30000,31000,31000,32000,32000,33000,33000,33000,33000,33000,869,0,29000,28772.69584857658,6840.591726999264,33303.13986100009,7172.164556962025
1790296863,40,,Aggregated,0.600000,0.000000,29000,30000,31000,31000,32000,32000,33000,33000,33000,33000,33000,870,0,29000,28772.61049114833,6840.591726999264,33303.13986100009,7172.020689655173
1790296864,40,,Aggregated,0.600000,0.000000,29000,30000,31000,31000,32000,32000,33000,33000,33000,33000,33000,871,0,29000,28753.97592825034,6840.591726999264,33303.13986100009,7168.2376578645235
1790296865,40,,Aggregated,0.600000,0.000000,29000,30000,31000,31000,32000,32000,33000,33000,33000,33000,33000,872,0,29000,28754.63472303905,6840.591726999264,33303.13986100009,7168.366972477064
1790296866,40,,Aggregated,0.700000,0.000000,29000,30000,31000,31000,32000,32000,33000,33000,33000,33000,33000,876,0,29000,28761.5855446633,6840.591726999264,33303.13986100009,7170.511415525114
1790296867,40,,Aggregated,0.700000,0.000000,29000,30000,31000,31000,32000,32000,33000,33000,33000,33000,33000,877,0,29000,28765.868615622632,6840.591726999264,33303.13986100009,7171.435575826682
1790296868,40,,Aggregated,0.900000,0.000000,29000,30000,31000,31000,32000,32000,33000,33000,33000,33000,33000,880,0,29000,28769.861302192097,6840.591726999264,33303.13986100009,7172.406818181818
1790296869,40,,Aggregated,1.300000,0.000000,29000,30000,31000,31000,32000,32000,33000,33000,33000,33000,33000,882,0,29000,28769.165995746087,6840.591726999264,33303.13986100009,7173.052154195011
1790296870,40,,Aggregated,1.400000,0.000000,29000,30000,31000,31000,32000,32000,33000,33000,33000,33000,33000,886,0,29000,28779.950267889442,6840.591726999264,33303.13986100009,7177.088036117381
1790296871,40,,Aggregated,1.400000,0.000000,29000,30000,31000,31000,32000,32000,33000,33000,33000,33000,33000,888,0,29000,28785.82390747528,6840.591726999264,33303.13986100009,7177.434684684685
1790296872,40,,Aggregated,1.400000,0.000000,29000,30000,31000,31000,32000,32000,33000,33000,33000,33000,33000,888,0,29000,28785.82390747528,6840.591726999264,33303.13986100009,7177.434684684685
1790296873,40,,Aggregated,1.600000,0.000000,29000,30000,31000,31000,32000,32000,33000,33000,33000,33000,33000,889,0,29000,28786.30915989994,6840.591726999264,33303.13986100009,7177.473565804275
1790296874,40,,Aggregated,2.000000,0.000000,29000,30000,31000,31000,32000,32000,33000,33000,33000,33000,33000,892,0,29000,28792.90307413346,6840.591726999264,33303.13986100009,7179.201793721973
1790296875,40,,Aggregated,2.000000,0.000000,29000,30000,31000,31000,32000,32000,33000,33000,33000,33000,33000,894,0,29000,28797.012008344573,6840.591726999264,33303.13986100009,7179.444071588367
1790296876,40,,Aggregated,2.000000,0.000000,29000,30000,31000,31000,32000,32000,33000,33000,33000,33000,33000,894,0,29000,28797.012008344573,6840.591726999264,33303.13986100009,7179.444071588367
1790296877,40,,Aggregated,1.900000,0.000000,29000,30000,31000,31000,32000,32000,33000,33000,33000,33000,33000,895,0,29000,28798.392758435806,6840.591726999264,33303.13986100009,7179.316201117318
1790296878,40,,Aggregated,2.100000,0.000000,29000,30000,31000,31000,32000,32000,33000,33000,33000,33000,33000,897,0,29000,28795.315728221904,6840.591726999264,33303.13986100009,7178.4648829431435
1790296879,40,,Aggregated,2.100000,0.000000,29000,30000,31000,31000,32000,32000,33000,33000,33000,33000,33000,898,0,29000,28793.44992876286,6840.591726999264,33303.13986100009,7177.566815144766
1790296880,40,,Aggregated,1.800000,0.000000,29000,30000,31000,31000,32000,32000,33000,33000,33000,33000,33000,900,0,29000,28791.672409771163,6840.591726999264,33303.13986100009,7176.434444444444
1790296881,40,,Aggregated,1.600000,0.000000,29000,30000,31000,31000,32000,32000,33000,33000,33000,33000,33000,901,0,29000,28792.376158419585,6840.591726999264,33303.13986100009,7176.602663706993
1790296882,40,,Aggregated,1.700000,0.000000,29000,30000,31000,31000,32000,32000,33000,33000,33000,33000,33000,904,0,29000,28780.39409633634,6840.591726999264,33303.13986100009,7173.341814159292
1790296883,40,,Aggregated,1.700000,0.000000,29000,30000,31000,31000,32000,32000,33000,33000,33000,33000,33000,904,0,29000,28780.39409633634,6840.591726999264,33303.13986100009,7173.341814159292
1790296884,40,,Aggregated,1.300000,0.000000,29000,30000,31000,31000,32000,32000,33000,33000,33000,33000,33000,905,0,29000,28778.4867739879,6840.591726999264,33303.13986100009,7172.829834254144
1790296885,40,,Aggregated,1.300000,0.000000,29000,30000,31000,31000,32000,32000,33000,33000,33000,33000,33000,905,0,29000,28778.4867739879,6840.591726999264,33303.13986100009,7172.829834254144
1790296886,40,,Aggregated,1.300000,0.000000,29000,30000,31000,31000,32000,32000,33000,33000,33000,33000,33000,905,0,29000,28778.4867739879,6840.591726999264,33303.13986100009,7172.829834254144
1790296887,40,,Aggregated,1.300000,0.000000,29000,30000,31000,31000,32000,32000,33000,33000,33000,33000,33000,905,0,29000,28778.4867739879,6840.591726999264,33303.13986100009,7172.829834254144
1790296888,40,,Aggregated,1.300000,0.000000,29000,30000,31000,31000,32000,32000,33000,33000,33000,33000,33000,905,0,29000,28778.4867739879,6840.591726999264,33303.13986100009,7172.829834254144
1790296889,40,,Aggregated,1.000000,0.000000,29000,30000,31000,31000,32000,32000,33000,33000,33000,33000,33000,906,0,29000,28778.66714538637,6840.591726999264,33303.13986100009,7173.271523178808
1790296890,40,,Aggregated,1.000000,0.000000,29000,30000,31000,31000,32000,32000,33000,33000,33000,33000,33000,906,0,29000,28778.66714538637,6840.591726999264,33303.13986100009,7173.271523178808
1790296891,40,,Aggregated,0.700000,0.000000,29000,30000,31000,31000,32000,32000,33000,33000,33000,33000,33000,909,0,29000,28783.045566398298,6840.591726999264,33303.13986100009,7173.37293729373
1790296892,40,,Aggregated,0.700000,0.000000,29000,30000,31000,31000,32000,32000,33000,33000,33000,33000,33000,911,0,29000,28782.47709021411,6840.591726999264,33303.13986100009,7173.903402854006
1790296893,40,,Aggregated,0.600000,0.000000,29000,30000,31000,31000,32000,32000,33000,33000,33000,33000,33000,912,0,29000,28764.864887621774,6840.591726999264,33303.13986100009,7170.462719298245
1790296894,40,,Aggregated,1.000000,0.000000,29000,30000,31000,31000,32000,32000,33000,33000,33000,33000,33000,913,0,29000,28762.77332936808,6840.591726999264,33303.13986100009,7169.73713033954
1790296895,40,,Aggregated,0.700000,0.000000,29000,30000,31000,31000,32000,32000,33000,33000,33000,33000,33000,914,0,29000,28761.619313265925,6840.591726999264,33303.13986100009,7169.1728665207875
1790296896,40,,Aggregated,0.700000,0.000000,29000,30000,31000,31000,32000,32000,33000,33000,33000,33000,33000,916,0,29000,28759.349994176908,6840.591726999264,33303.13986100009,7168.056768558952
1790296897,40,,Aggregated,0.700000,0.000000,29000,30000,31000,31000,32000,32000,33000,33000,33000,33000,33000,917,0,29000,28759.505946958616,6840.591726999264,33303.13986100009,7167.96292257361
1790296898,40,,Aggregated,0.900000,0.000000,29000,30000,31000,31000,32000,32000,33000,33000,33000,33000,33000,920,0,29000,28758.584136767444,6840.591726999264,33303.13986100009,7168.039130434782
1790296899,40,,Aggregated,1.200000,0.000000,29000,30000,31000,31000,32000,32000,33000,33000,33000,33000,33000,921,0,29000,28761.448396610256,6840.591726999264,33303.13986100009,7168.959826275787
1790296900,40,,Aggregated,1.300000,0.000000,29000,30000,31000,31000,32000,32000,33000,33000,33000,33000,33000,922,0,29000,28762.763609710462,6840.591726999264,33303.13986100009,7169.332971800434
1790296901,40,,Aggregated,1.500000,0.000000,29000,30000,31000,31000,32000,32000,33000,33000,33000,33000,33000,926,0,29000,28769.5452364115,6840.591726999264,33303.13986100009,7170.609071274298
1790296902,40,,Aggregated,1.500000,0.000000,29000,30000,31000,31000,32000,32000,33000,33000,33000,33000,33000,927,0,29000,28771.735335442347,6840.591726999264,33303.13986100009,7172.157497303128
1790296903,40,,Aggregated,1.500000,0.000000,29000,30000,31000,31000,32000,32000,33000,33000,33000,33000,33000,930,0,29000,28774.6872978506,6840.591726999264,33303.13986100009,7172.304301075269
1790296904,40,,Aggregated,1.500000,0.000000,29000,30000,31000,31000,32000,32000,33000,33000,33000,33000,33000,932,0,29000,28775.61074163525,6840.591726999264,33303.13986100009,7171.909871244635
1790296905,40,,Aggregated,1.500000,0.000000,29000,30000,31000,31000,32000,32000,33000,33000,33000,33000,33000,933,0,29000,28776.166064868223,6840.591726999264,33303.13986100009,7171.663451232583
