Timestamp,User Count,Type,Name,Requests/s,Failures/s,50%,66%,75%,80%,90%,95%,98%,99%,99.9%,99.99%,100%,Total Request Count,Total Failure Count,Total Median Response Time,Total Average Response Time,Total Min Response Time,Total Max Response Time,Total Average Content Size
1790300934,0,,Aggregated,0.000000,0.000000,N/A,N/A,N/A,N/A,N/A,N/A,N/A,N/A,N/A,N/A,N/A,0,0,0,0.0,0,0,0
1790300935,20,,Aggregated,0.000000,0.000000,N/A,N/A,N/A,N/A,N/A,N/A,N/A,N/A,N/A,N/A,N/A,0,0,0,0.0,0,0,0
1790300936,40,,Aggregated,0.000000,0.000000,N/A,N/A,N/A,N/A,N/A,N/A,N/A,N/A,N/A,N/A,N/A,0,0,0,0.0,0,0,0
1790300937,40,,Aggregated,0.000000,0.000000,N/A,N/A,N/A,N/A,N/A,N/A,N/A,N/A,N/A,N/A,N/A,0,0,0,0.0,0,0,0
1790300938,40,,Aggregated,0.000000,0.000000,N/A,N/A,N/A,N/A,N/A,N/A,N/A,N/A,N/A,N/A,N/A,0,0,0,0.0,0,0,0
1790300939,40,,Aggregated,0.000000,0.000000,N/A,N/A,N/A,N/A,N/A,N/A,N/A,N/A,N/A,N/A,N/A,0,0,0,0.0,0,0,0
1790300940,40,,Aggregated,0.000000,0.000000,N/A,N/A,N/A,N/A,N/A,N/A,N/A,N/A,N/A,N/A,N/A,0,0,0,0.0,0,0,0
1790300941,40,,Aggregated,0.000000,0.000000,N/A,N/A,N/A,N/A,N/A,N/A,N/A,N/A,N/A,N/A,N/A,0,0,0,0.0,0,0,0
1790300942,40,,Aggregated,0.000000,0.000000,N/A,N/A,N/A,N/A,N/A,N/A,N/A,N/A,N/A,N/A,N/A,0,0,0,0.0,0,0,0
1790300943,40,,Aggregated,0.000000,0.000000,N/A,N/A,N/A,N/A,N/A,N/A,N/A,N/A,N/A,N/A,N/A,0,0,0,0.0,0,0,0
1790300944,40,,Aggregated,0.000000,0.000000,N/A,N/A,N/A,N/A,N/A,N/A,N/A,N/A,N/A,N/A,N/A,0,0,0,0.0,0,0,0
1790300945,40,,Aggregated,0.000000,0.000000,N/A,N/A,N/A,N/A,N/A,N/A,N/A,N/A,N/A,N/A,N/A,0,0,0,0.0,0,0,0
1790300946,40,,Aggregated,0.000000,0.000000,N/A,N/A,N/A,N/A,N/A,N/A,N/A,N/A,N/A,N/A,N/A,0,0,0,0.0,0,0,0
1790300947,40,,Aggregated,0.000000,0.000000,N/A,N/A,N/A,N/A,N/A,N/A,N/A,N/A,N/A,N/A,N/A,0,0,0,0.0,0,0,0
1790300948,40,,Aggregated,0.000000,0.000000,N/A,N/A,N/A,N/A,N/A,N/A,N/A,N/A,N/A,N/A,N/A,0,0,0,0.0,0,0,0
1790300949,40,,Aggregated,0.000000,0.000000,N/A,N/A,N/A,N/A,N/A,N/A,N/A,N/A,N/A,N/A,N/A,0,0,0,0.0,0,0,0
1790300950,40,,Aggregated,0.000000,0.000000,N/A,N/A,N/A,N/A,N/A,N/A,N/A,N/A,N/A,N/A,N/A,0,0,0,0.0,0,0,0
1790300951,40,,Aggregated,0.000000,0.000000,N/A,N/A,N/A,N/A,N/A,N/A,N/A,N/A,N/A,N/A,N/A,0,0,0,0.0,0,0,0
1790300952,40,,Aggregated,0.000000,0.000000,N/A,N/A,N/A,N/A,N/A,N/A,N/A,N/A,N/A,N/A,N/A,0,0,0,0.0,0,0,0
1790300953,40,,Aggregated,0.000000,0.000000,N/A,N/A,N/A,N/A,N/A,N/A,N/A,N/A,N/A,N/A,N/A,0,0,0,0.0,0,0,0
1790300954,40,,Aggregated,0.000000,0.000000,N/A,N/A,N/A,N/A,N/A,N/A,N/A,N/A,N/A,N/A,N/A,0,0,0,0.0,0,0,0
1790300955,40,,Aggregated,0.000000,0.000000,N/A,N/A,N/A,N/A,N/A,N/A,N/A,N/A,N/A,N/A,N/A,0,0,0,0.0,0,0,0
1790300956,40,,Aggregated,0.000000,0.000000,N/A,N/A,N/A,N/A,N/A,N/A,N/A,N/A,N/A,N/A,N/A,0,0,0,0.0,0,0,0
1790300957,40,,Aggregated,0.000000,0.000000,N/A,N/A,N/A,N/A,N/A,N/A,N/A,N/A,N/A,N/A,N/A,0,0,0,0.0,0,0,0
1790300958,40,,Aggregated,0.000000,0.000000,N/A,N/A,N/A,N/A,N/A,N/A,N/A,N/A,N/A,N/A,N/A,0,0,0,0.0,0,0,0
1790300959,40,,Aggregated,0.000000,0.000000,N/A,N/A,N/A,N/A,N/A,N/A,N/A,N/A,N/A,N/A,N/A,0,0,0,0.0,0,0,0
1790300960,40,,Aggregated,0.000000,0.000000,26000,26000,26000,26000,26000,26000,26000,26000,26000,26000,26000,1,0,25729.98350799753,25729.98350799753,25729.98350799753,25729.98350799753,9330.0
1790300961,40,,Aggregated,0.000000,0.000000,26000,26000,26000,26000,26000,26000,26000,26000,26000,26000,26000,1,0,25729.98350799753,25729.98350799753,25729.98350799753,25729.98350799753,9330.0
1790300962,40,,Aggregated,0.000000,0.000000,26000,26000,26000,26000,26000,26000,26000,26000,26000,26000,26000,1,0,25729.98350799753,25729.98350799753,25729.98350799753,25729.98350799753,9330.0
1790300963,40,,Aggregated,0.100000,0.000000,27000,27000,27000,27000,27000,27000,27000,27000,27000,27000,27000,2,0,27000,26597.261084998536,25729.98350799753,27464.53866199954,9704.5
1790300964,40,,Aggregated,0.100000,0.000000,29000,29000,30000,30000,30000,30000,30000,30000,30000,30000,30000,4,0,29000,28017.303531250036,25729.98350799753,29936.325476999627,10757.0
1790300965,40,,Aggregated,0.100000,0.000000,29000,29000,29000,30000,30000,30000,30000,30000,30000,30000,30000,5,0,29000,28305.007202999695,25729.98350799753,29936.325476999627,10966.0
1790300966,40,,Aggregated,0.100000,0.000000,29000,29000,29000,30000,30000,30000,30000,30000,30000,30000,30000,5,0,29000,28305.007202999695,25729.98350799753,29936.325476999627,10966.0
1790300967,40,,Aggregated,0.200000,0.000000,29000,29000,30000,30000,32000,32000,32000,32000,32000,32000,32000,6,0,29000,28970.36154566619,25729.98350799753,32297.133258998656,11211.0
1790300968,40,,Aggregated,0.200000,0.000000,29000,29000,30000,30000,32000,32000,32000,32000,32000,32000,32000,6,0,29000,28970.36154566619,25729.98350799753,32297.133258998656,11211.0
1790300969,40,,Aggregated,0.500000,0.000000,29000,30000,32000,32000,35000,35000,35000,35000,35000,35000,35000,7,0,29000,29798.084671142402,25729.98350799753,34764.42342399969,11328.42857142857
1790300970,40,,Aggregated,0.600000,0.000000,30000,32000,35000,35000,36000,36000,36000,36000,36000,36000,36000,8,0,30000,30581.22824087468,25729.98350799753,36063.233229000616,11488.75
1790300971,40,,Aggregated,0.600000,0.000000,30000,32000,35000,36000,37000,37000,37000,37000,37000,37000,37000,9,0,30000,31262.552304221674,25729.98350799753,36713.14481099762,11667.444444444445
1790300972,40,,Aggregated,0.700000,0.000000,32000,35000,36000,37000,37000,37000,37000,37000,37000,37000,37000,10,0,32000,31880.16287109931,25729.98350799753,37438.657972998044,11957.5
1790300973,40,,Aggregated,0.700000,0.000000,32000,35000,36000,37000,37000,37000,37000,37000,37000,37000,37000,10,0,32000,31880.16287109931,25729.98350799753,37438.657972998044,11957.5
1790300974,40,,Aggregated,0.800000,0.000000,32000,36000,37000,37000,37000,38000,38000,38000,38000,38000,38000,11,0,32000,32463.58418490854,25729.98350799753,38297.79732300085,12212.636363636364
1790300975,40,,Aggregated,0.800000,0.000000,32000,36000,37000,37000,37000,38000,38000,38000,38000,38000,38000,11,0,32000,32463.58418490854,25729.98350799753,38297.79732300085,12212.636363636364
1790300976,40,,Aggregated,0.800000,0.000000,32000,36000,37000,37000,37000,38000,38000,38000,38000,38000,38000,11,0,32000,32463.58418490854,25729.98350799753,38297.79732300085,12212.636363636364
1790300977,40,,Aggregated,0.800000,0.000000,32000,36000,37000,37000,37000,38000,38000,38000,38000,38000,38000,11,0,32000,32463.58418490854,25729.98350799753,38297.79732300085,12212.636363636364
1790300978,40,,Aggregated,0.600000,0.000000,36000,37000,43000,44000,44000,44000,44000,44000,44000,44000,44000,15,0,36000,35417.79551919923,25729.98350799753,44187.14674099829,13111.866666666667
1790300979,40,,Aggregated,0.500000,0.000000,37000,43000,44000,44000,44000,45000,45000,45000,45000,45000,45000,18,0,37000,36879.12077755492,25729.98350799753,44805.2698399988,13494.944444444445
1790300980,40,,Aggregated,0.800000,0.000000,38000,44000,44000,44000,45000,46000,46000,46000,46000,46000,46000,21,0,38000,38106.57713880903,25729.98350799753,45878.293691999716,13838.761904761905
1790300981,40,,Aggregated,0.800000,0.000000,43000,44000,44000,45000,46000,46000,47000,47000,47000,47000,47000,22,0,43000,38506.71893109046,25729.98350799753,46909.696569000516,13983.272727272728
1790300982,40,,Aggregated,1.300000,0.000000,43000,44000,45000,45000,46000,47000,47000,47000,47000,47000,47000,23,0,43000,38883.79585469517,25729.98350799753,47179.488173998834,14061.739130434782
1790300983,40,,Aggregated,1.300000,0.000000,44000,44000,45000,46000,47000,48000,48000,48000,48000,48000,48000,25,0,44000,39640.370020399576,25729.98350799753,48414.83743799836,14326.08
1790300984,40,,Aggregated,1.200000,0.000000,44000,45000,47000,47000,49000,49000,49000,49000,49000,49000,49000,28,0,44000,40662.164561785175,25729.98350799753,49303.97873900074,14682.92857142857
1790300985,40,,Aggregated,1.200000,0.000000,44000,46000,47000,48000,49000,49000,49000,49000,49000,49000,49000,29,0,44000,40960.580605102914,25729.98350799753,49316.229817999556,14784.344827586207
1790300986,40,,Aggregated,1.500000,0.000000,44000,47000,48000,49000,51000,52000,52000,52000,52000,52000,52000,33,0,44000,42227.08285590874,25729.98350799753,52233.80569400251,15190.939393939394
1790300987,40,,Aggregated,1.500000,0.000000,44000,47000,48000,49000,51000,52000,52000,52000,52000,52000,52000,33,0,44000,42227.08285590874,25729.98350799753,52233.80569400251,15190.939393939394
1790300988,40,,Aggregated,2.000000,0.000000,45000,48000,49000,49000,52000,53000,54000,54000,54000,54000,54000,35,0,45000,42867.83308471391,25729.98350799753,53629.0502869997,15341.142857142857
1790300989,40,,Aggregated,2.200000,0.000000,45000,48000,49000,51000,53000,54000,54000,54000,54000,54000,54000,37,0,45000,43453.66431975639,25729.98350799753,54008.48924800084,15506.594594594595
1790300990,40,,Aggregated,2.000000,0.000000,46000,49000,49000,51000,53000,54000,55000,55000,55000,55000,55000,38,0,46000,43763.49377602597,25729.98350799753,55227.183658000286,15589.71052631579
1790300991,40,,Aggregated,2.100000,0.000000,46000,49000,51000,52000,54000,55000,56000,56000,56000,56000,56000,39,0,46000,44075.00317010225,25729.98350799753,55912.360145001,15696.307692307691
1790300992,40,,Aggregated,2.100000,0.000000,46000,49000,51000,52000,54000,55000,56000,56000,56000,56000,56000,39,0,46000,44075.00317010225,25729.98350799753,55912.360145001,15696.307692307691
1790300993,40,,Aggregated,2.100000,0.000000,46000,49000,51000,52000,54000,55000,56000,56000,56000,56000,56000,39,0,46000,44075.00317010225,25729.98350799753,55912.360145001,15696.307692307691
1790300994,40,,Aggregated,2.100000,0.000000,46000,49000,51000,52000,54000,55000,56000,56000,56000,56000,56000,39,0,46000,44075.00317010225,25729.98350799753,55912.360145001,15696.307692307691
1790300995,40,,Aggregated,2.100000,0.000000,46000,49000,51000,52000,54000,55000,56000,56000,56000,56000,56000,39,0,46000,44075.00317010225,25729.98350799753,55912.360145001,15696.307692307691
1790300996,40,,Aggregated,2.100000,0.000000,46000,49000,51000,52000,54000,55000,56000,56000,56000,56000,56000,39,0,46000,44075.00317010225,25729.98350799753,55912.360145001,15696.307692307691
1790300997,40,,Aggregated,2.100000,0.000000,46000,49000,51000,52000,54000,55000,56000,56000,56000,56000,56000,39,0,46000,44075.00317010225,25729.98350799753,55912.360145001,15696.307692307691
1790300998,40,,Aggregated,2.100000,0.000000,46000,49000,51000,52000,54000,55000,56000,56000,56000,56000,56000,39,0,46000,44075.00317010225,25729.98350799753,55912.360145001,15696.307692307691
1790300999,40,,Aggregated,0.800000,0.000000,46000,49000,51000,52000,54000,55000,56000,56000,56000,56000,56000,40,0,46000,43811.268130924684,25729.98350799753,55912.360145001,15604.375
1790301000,40,,Aggregated,0.500000,0.000000,46000,49000,51000,52000,54000,55000,65000,65000,65000,65000,65000,41,0,46000,44335.76296378022,25729.98350799753,65315.55627800117,15721.09756097561
1790301001,40,,Aggregated,0.500000,0.000000,46000,49000,51000,52000,54000,55000,65000,65000,65000,65000,65000,41,0,46000,44335.76296378022,25729.98350799753,65315.55627800117,15721.09756097561
1790301002,40,,Aggregated,0.500000,0.000000,46000,49000,51000,52000,54000,55000,65000,65000,65000,65000,65000,41,0,46000,44335.76296378022,25729.98350799753,65315.55627800117,15721.09756097561
1790301003,40,,Aggregated,0.500000,0.000000,46000,49000,51000,52000,54000,55000,65000,65000,65000,65000,65000,41,0,46000,44335.76296378022,25729.98350799753,65315.55627800117,15721.09756097561
1790301004,40,,Aggregated,0.200000,0.000000,46000,49000,51000,52000,54000,55000,65000,65000,65000,65000,65000,42,0,46000,44296.85328469021,25729.98350799753,65315.55627800117,15693.666666666666
1790301005,40,,Aggregated,0.200000,0.000000,46000,49000,51000,52000,54000,55000,65000,65000,65000,65000,65000,42,0,46000,44296.85328469021,25729.98350799753,65315.55627800117,15693.666666666666
1790301006,40,,Aggregated,0.200000,0.000000,46000,49000,51000,52000,54000,55000,65000,65000,65000,65000,65000,42,0,46000,44296.85328469021,25729.98350799753,65315.55627800117,15693.666666666666
1790301007,40,,Aggregated,0.200000,0.000000,46000,49000,51000,52000,54000,55000,65000,65000,65000,65000,65000,42,0,46000,44296.85328469021,25729.98350799753,65315.55627800117,15693.666666666666
1790301008,40,,Aggregated,0.200000,0.000000,46000,49000,51000,52000,54000,55000,65000,65000,65000,65000,65000,42,0,46000,44296.85328469021,25729.98350799753,65315.55627800117,15693.666666666666
1790301009,40,,Aggregated,0.300000,0.000000,45000,49000,51000,52000,54000,55000,65000,65000,65000,65000,65000,43,0,45000,44146.521893464866,25729.98350799753,65315.55627800117,15672.511627906977
1790301010,40,,Aggregated,0.300000,0.000000,45000,49000,51000,52000,54000,55000,65000,65000,65000,65000,65000,44,0,45000,43834.19610054518,25729.98350799753,65315.55627800117,15585.5
1790301011,40,,Aggregated,0.300000,0.000000,45000,49000,51000,52000,54000,55000,65000,65000,65000,65000,65000,44,0,45000,43834.19610054518,25729.98350799753,65315.55627800117,15585.5
1790301012,40,,Aggregated,0.300000,0.000000,45000,49000,51000,52000,54000,55000,65000,65000,65000,65000,65000,44,0,45000,43834.19610054518,25729.98350799753,65315.55627800117,15585.5
1790301013,40,,Aggregated,0.300000,0.000000,46000,48000,49000,51000,54000,55000,65000,65000,65000,65000,65000,46,0,46000,43997.58989889107,25729.98350799753,65315.55627800117,15614.41304347826
1790301014,40,,Aggregated,0.300000,0.000000,46000,48000,49000,51000,54000,55000,65000,65000,65000,65000,65000,46,0,46000,43997.58989889107,25729.98350799753,65315.55627800117,15614.41304347826
1790301015,40,,Aggregated,0.300000,0.000000,46000,48000,49000,51000,54000,55000,65000,65000,65000,65000,65000,46,0,46000,43997.58989889107,25729.98350799753,65315.55627800117,15614.41304347826
1790301016,40,,Aggregated,0.500000,0.000000,45000,48000,49000,51000,54000,55000,65000,65000,65000,65000,65000,47,0,45000,43825.66926893591,25729.98350799753,65315.55627800117,15581.0
1790301017,40,,Aggregated,0.500000,0.000000,45000,48000,49000,51000,54000,55000,65000,65000,65000,65000,65000,47,0,45000,43825.66926893591,25729.98350799753,65315.55627800117,15581.0
1790301018,40,,Aggregated,0.400000,0.000000,46000,48000,51000,52000,54000,55000,65000,65000,65000,65000,65000,48,0,46000,44036.89756302053,25729.98350799753,65315.55627800117,15622.916666666666
1790301019,40,,Aggregated,0.500000,0.000000,45000,48000,49000,52000,54000,55000,65000,65000,65000,65000,65000,50,0,45000,43640.31381409973,25729.98350799753,65315.55627800117,15506.72
1790301020,40,,Aggregated,0.500000,0.000000,45000,48000,49000,52000,54000,55000,65000,65000,65000,65000,65000,50,0,45000,43640.31381409973,25729.98350799753,65315.55627800117,15506.72
1790301021,40,,Aggregated,0.500000,0.000000,45000,48000,49000,52000,54000,55000,65000,65000,65000,65000,65000,50,0,45000,43640.31381409973,25729.98350799753,65315.55627800117,15506.72
1790301022,40,,Aggregated,0.700000,0.000000,45000,48000,51000,52000,54000,55000,56000,65000,65000,65000,65000,51,0,45000,43835.77948554875,25729.98350799753,65315.55627800117,15579.058823529413
1790301023,40,,Aggregated,0.700000,0.000000,45000,48000,51000,52000,54000,55000,56000,65000,65000,65000,65000,51,0,45000,43835.77948554875,25729.98350799753,65315.55627800117,15579.058823529413
1790301024,40,,Aggregated,0.700000,0.000000,45000,48000,51000,52000,54000,55000,56000,65000,65000,65000,65000,51,0,45000,43835.77948554875,25729.98350799753,65315.55627800117,15579.058823529413
1790301025,40,,Aggregated,0.700000,0.000000,46000,48000,50000,52000,54000,55000,56000,65000,65000,65000,65000,53,0,46000,44006.72268709413,25729.98350799753,65315.55627800117,15625.358490566037
1790301026,40,,Aggregated,0.500000,0.000000,46000,48000,50000,52000,54000,55000,56000,65000,65000,65000,65000,55,0,46000,43972.11899845438,25729.98350799753,65315.55627800117,15584.363636363636
1790301027,40,,Aggregated,0.500000,0.000000,46000,48000,50000,51000,54000,55000,56000,65000,65000,65000,65000,56,0,46000,44010.754548071294,25729.98350799753,65315.55627800117,15600.482142857143
1790301028,40,,Aggregated,0.500000,0.000000,46000,48000,50000,51000,54000,55000,56000,65000,65000,65000,65000,56,0,46000,44010.754548071294,25729.98350799753,65315.55627800117,15600.482142857143
1790301029,40,,Aggregated,0.800000,0.000000,46000,48000,50000,52000,54000,56000,56000,65000,65000,65000,65000,57,0,46000,44221.10204033322,25729.98350799753,65315.55627800117,15662.719298245614
1790301030,40,,Aggregated,0.800000,0.000000,46000,48000,50000,52000,54000,56000,56000,65000,65000,65000,65000,60,0,46000,44251.15904088326,25729.98350799753,65315.55627800117,15649.15
1790301031,40,,Aggregated,0.800000,0.000000,46000,49000,50000,52000,54000,56000,59000,65000,65000,65000,65000,61,0,46000,44492.21786288519,25729.98350799753,65315.55627800117,15714.11475409836
1790301032,40,,Aggregated,0.800000,0.000000,46000,49000,50000,52000,54000,56000,59000,65000,65000,65000,65000,61,0,46000,44492.21786288519,25729.98350799753,65315.55627800117,15714.11475409836
1790301033,40,,Aggregated,1.100000,0.000000,46000,49000,50000,52000,54000,56000,59000,65000,65000,65000,65000,65,0,46000,44762.391586492275,25729.98350799753,65315.55627800117,15797.538461538461
1790301034,40,,Aggregated,1.100000,0.000000,46000,49000,50000,52000,54000,56000,59000,65000,65000,65000,65000,66,0,46000,44800.40496304544,25729.98350799753,65315.55627800117,15798.333333333334
1790301035,40,,Aggregated,1.200000,0.000000,46000,49000,50000,52000,54000,56000,59000,65000,65000,65000,65000,67,0,46000,44825.67283702982,25729.98350799753,65315.55627800117,15792.970149253732
1790301036,40,,Aggregated,1.400000,0.000000,46000,49000,51000,52000,55000,56000,62000,65000,65000,65000,65000,69,0,46000,45247.1712897536,25729.98350799753,65315.55627800117,15904.855072463768
1790301037,40,,Aggregated,1.500000,0.000000,47000,49000,52000,52000,54000,56000,62000,65000,65000,65000,65000,72,0,47000,45526.040982791696,25729.98350799753,65315.55627800117,15974.597222222223
1790301038,40,,Aggregated,1.500000,0.000000,47000,49000,52000,52000,54000,56000,62000,65000,65000,65000,65000,72,0,47000,45526.040982791696,25729.98350799753,65315.55627800117,15974.597222222223
1790301039,40,,Aggregated,1.500000,0.000000,47000,49000,51000,52000,54000,56000,62000,65000,65000,65000,65000,73,0,47000,45560.98722924656,25729.98350799753,65315.55627800117,15987.95890410959
1790301040,40,,Aggregated,1.500000,0.000000,47000,49000,51000,52000,54000,56000,62000,65000,65000,65000,65000,73,0,47000,45560.98722924656,25729.98350799753,65315.55627800117,15987.95890410959
1790301041,40,,Aggregated,1.500000,0.000000,47000,49000,51000,52000,54000,56000,62000,65000,65000,65000,65000,74,0,47000,45484.87136037837,25729.98350799753,65315.55627800117,15956.945945945947
1790301042,40,,Aggregated,1.500000,0.000000,47000,49000,52000,52000,54000,56000,62000,65000,65000,65000,65000,76,0,47000,45632.90832493421,25729.98350799753,65315.55627800117,15994.644736842105
1790301043,40,,Aggregated,1.200000,0.000000,47000,49000,52000,52000,55000,59000,64000,65000,65000,65000,65000,77,0,47000,45871.838225259715,25729.98350799753,65315.55627800117,16080.35064935065
1790301044,40,,Aggregated,1.300000,0.000000,47000,50000,52000,53000,56000,62000,64000,65000,65000,65000,65000,78,0,47000,46091.57501156403,25729.98350799753,65315.55627800117,16139.166666666666
1790301045,40,,Aggregated,1.300000,0.000000,47000,50000,52000,53000,56000,62000,64000,65000,65000,65000,65000,80,0,47000,46068.40030506243,25729.98350799753,65315.55627800117,16126.9375
1790301046,40,,Aggregated,1.300000,0.000000,47000,50000,52000,53000,56000,62000,64000,65000,65000,65000,65000,80,0,47000,46068.40030506243,25729.98350799753,65315.55627800117,16126.9375
1790301047,40,,Aggregated,1.300000,0.000000,47000,50000,52000,53000,56000,62000,64000,65000,65000,65000,65000,80,0,47000,46068.40030506243,25729.98350799753,65315.55627800117,16126.9375
1790301048,40,,Aggregated,1.200000,0.000000,47000,50000,52000,53000,56000,60000,64000,65000,65000,65000,65000,81,0,47000,46218.262553024615,25729.98350799753,65315.55627800117,16176.938271604939
1790301049,40,,Aggregated,1.200000,0.000000,47000,50000,52000,53000,56000,60000,64000,65000,65000,65000,65000,81,0,47000,46218.262553024615,25729.98350799753,65315.55627800117,16176.938271604939
1790301050,40,,Aggregated,1.200000,0.000000,47000,50000,52000,53000,56000,60000,64000,65000,65000,65000,65000,81,0,47000,46218.262553024615,25729.98350799753,65315.55627800117,16176.938271604939
1790301051,40,,Aggregated,0.900000,0.000000,47000,50000,52000,53000,56000,60000,64000,65000,65000,65000,65000,83,0,47000,46273.323923602344,25729.98350799753,65315.55627800117,16192.493975903615
1790301052,40,,Aggregated,0.900000,0.000000,47000,50000,52000,53000,56000,60000,64000,65000,65000,65000,65000,83,0,47000,46273.323923602344,25729.98350799753,65315.55627800117,16192.493975903615
1790301053,40,,Aggregated,0.900000,0.000000,47000,50000,52000,53000,56000,60000,64000,65000,65000,65000,65000,83,0,47000,46273.323923602344,25729.98350799753,65315.55627800117,16192.493975903615
1790301054,40,,Aggregated,0.900000,0.000000,47000,50000,52000,53000,56000,60000,64000,65000,65000,65000,65000,83,0,47000,46273.323923602344,25729.98350799753,65315.55627800117,16192.493975903615
1790301055,40,,Aggregated,0.900000,0.000000,47000,50000,52000,53000,56000,60000,64000,65000,65000,65000,65000,83,0,47000,46273.323923602344,25729.98350799753,65315.55627800117,16192.493975903615
1790301056,40,,Aggregated,0.600000,0.000000,47000,50000,52000,53000,56000,60000,64000,65000,65000,65000,65000,84,0,47000,46254.19597530948,25729.98350799753,65315.55627800117,16182.77380952381
1790301057,40,,Aggregated,0.600000,0.000000,47000,50000,52000,53000,56000,60000,64000,65000,65000,65000,65000,84,0,47000,46254.19597530948,25729.98350799753,65315.55627800117,16182.77380952381
1790301058,40,,Aggregated,0.600000,0.000000,47000,50000,52000,53000,56000,60000,64000,65000,65000,65000,65000,84,0,47000,46254.19597530948,25729.98350799753,65315.55627800117,16182.77380952381
1790301059,40,,Aggregated,0.400000,0.000000,47000,50000,52000,53000,56000,60000,64000,65000,65000,65000,65000,86,0,47000,46135.50455851155,25729.98350799753,65315.55627800117,16156.651162790698
1790301060,40,,Aggregated,0.400000,0.000000,47000,50000,52000,53000,56000,60000,64000,65000,65000,65000,65000,87,0,47000,46181.13648798844,25729.98350799753,65315.55627800117,16181.942528735632
1790301061,40,,Aggregated,0.400000,0.000000,47000,50000,52000,53000,56000,60000,64000,65000,65000,65000,65000,87,0,47000,46181.13648798844,25729.98350799753,65315.55627800117,16181.942528735632
1790301062,40,,Aggregated,0.500000,0.000000,47000,50000,52000,53000,56000,60000,64000,65000,65000,65000,65000,89,0,47000,46073.17737948309,25729.98350799753,65315.55627800117,16144.539325842698
1790301064,40,,Aggregated,0.500000,0.000000,47000,50000,52000,53000,56000,60000,64000,65000,65000,65000,65000,89,0,47000,46073.17737948309,25729.98350799753,65315.55627800117,16144.539325842698
1790301065,40,,Aggregated,0.500000,0.000000,47000,50000,52000,53000,56000,60000,64000,65000,65000,65000,65000,89,0,47000,46073.17737948309,25729.98350799753,65315.55627800117,16144.539325842698
1790301066,40,,Aggregated,0.500000,0.000000,47000,50000,52000,53000,56000,60000,64000,65000,65000,65000,65000,89,0,47000,46073.17737948309,25729.98350799753,65315.55627800117,16144.539325842698
1790301067,40,,Aggregated,0.600000,0.000000,47000,50000,52000,53000,56000,60000,64000,65000,65000,65000,65000,90,0,47000,45895.495218099924,25729.98350799753,65315.55627800117,16102.711111111112
1790301068,40,,Aggregated,0.600000,0.000000,47000,50000,52000,52000,56000,60000,64000,65000,65000,65000,65000,91,0,47000,45779.00426063727,25729.98350799753,65315.55627800117,16060.824175824177
1790301069,40,,Aggregated,0.600000,0.000000,47000,49000,51000,52000,56000,60000,64000,65000,65000,65000,65000,93,0,47000,45667.842589537504,25729.98350799753,65315.55627800117,16038.182795698925
1790301070,40,,Aggregated,0.600000,0.000000,47000,49000,51000,52000,56000,60000,64000,65000,65000,65000,65000,93,0,47000,45667.842589537504,25729.98350799753,65315.55627800117,16038.182795698925
1790301071,40,,Aggregated,0.700000,0.000000,47000,50000,51000,52000,56000,60000,64000,65000,65000,65000,65000,94,0,47000,45713.16448249986,25729.98350799753,65315.55627800117,16061.127659574468
1790301072,40,,Aggregated,0.700000,0.000000,47000,50000,51000,52000,56000,60000,64000,65000,65000,65000,65000,94,0,47000,45713.16448249986,25729.98350799753,65315.55627800117,16061.127659574468
1790301073,40,,Aggregated,0.700000,0.000000,47000,49000,51000,52000,56000,60000,64000,65000,65000,65000,65000,96,0,47000,45582.15451743737,25729.98350799753,65315.55627800117,16000.541666666666
1790301074,40,,Aggregated,0.700000,0.000000,47000,49000,51000,52000,56000,60000,64000,65000,65000,65000,65000,96,0,47000,45582.15451743737,25729.98350799753,65315.55627800117,16000.541666666666
1790301075,40,,Aggregated,0.700000,0.000000,47000,49000,51000,52000,56000,60000,64000,65000,65000,65000,65000,96,0,47000,45582.15451743737,25729.98350799753,65315.55627800117,16000.541666666666
1790301076,40,,Aggregated,0.700000,0.000000,47000,50000,51000,52000,56000,60000,64000,65000,65000,65000,65000,97,0,47000,45650.94278044317,25729.98350799753,65315.55627800117,16031.680412371134
1790301077,40,,Aggregated,0.700000,0.000000,47000,49000,51000,52000,56000,60000,64000,65000,65000,65000,65000,99,0,47000,45508.43230445444,25729.98350799753,65315.55627800117,15983.818181818182
1790301078,40,,Aggregated,0.800000,0.000000,47000,49000,51000,52000,55000,59000,63000,64000,65000,65000,65000,101,0,47000,45557.38487671278,25729.98350799753,65315.55627800117,15984.178217821782
1790301079,40,,Aggregated,0.800000,0.000000,47000,49000,51000,52000,55000,59000,63000,64000,65000,65000,65000,101,0,47000,45557.38487671278,25729.98350799753,65315.55627800117,15984.178217821782
1790301080,40,,Aggregated,0.900000,0.000000,47000,49000,51000,52000,55000,59000,63000,64000,65000,65000,65000,103,0,47000,45624.98224007758,25729.98350799753,65315.55627800117,15999.16504854369
1790301081,40,,Aggregated,0.900000,0.000000,47000,49000,51000,52000,55000,59000,63000,64000,65000,65000,65000,104,0,47000,45533.89700632683,25729.98350799753,65315.55627800117,15951.60576923077
1790301082,40,,Aggregated,1.000000,0.000000,47000,49000,51000,52000,55000,59000,63000,64000,65000,65000,65000,107,0,47000,45434.825463925146,25729.98350799753,65315.55627800117,15880.467289719627
1790301083,40,,Aggregated,1.000000,0.000000,47000,49000,51000,52000,55000,59000,63000,64000,65000,65000,65000,107,0,47000,45434.825463925146,25729.98350799753,65315.55627800117,15880.467289719627
1790301084,40,,Aggregated,1.000000,0.000000,47000,49000,51000,52000,55000,59000,63000,64000,65000,65000,65000,107,0,47000,45434.825463925146,25729.98350799753,65315.55627800117,15880.467289719627
1790301085,40,,Aggregated,1.200000,0.000000,47000,49000,51000,52000,55000,59000,63000,64000,65000,65000,65000,108,0,47000,45458.94311812028,25729.98350799753,65315.55627800117,15889.462962962964
1790301086,40,,Aggregated,1.100000,0.000000,47000,49000,51000,52000,56000,59000,63000,64000,65000,65000,65000,109,0,47000,45581.963229229244,25729.98350799753,65315.55627800117,15929.587155963303
1790301087,40,,Aggregated,1.100000,0.000000,47000,49000,51000,52000,56000,59000,63000,64000,65000,65000,65000,109,0,47000,45581.963229229244,25729.98350799753,65315.55627800117,15929.587155963303
1790301088,40,,Aggregated,1.100000,0.000000,47000,49000,51000,52000,56000,59000,63000,64000,65000,65000,65000,109,0,47000,45581.963229229244,25729.98350799753,65315.55627800117,15929.587155963303
1790301089,40,,Aggregated,1.000000,0.000000,47000,50000,51000,52000,55000,59000,63000,64000,65000,65000,65000,112,0,47000,45789.088990553464,25729.98350799753,65315.55627800117,15999.294642857143
1790301090,40,,Aggregated,1.000000,0.000000,47000,50000,51000,52000,55000,59000,63000,64000,65000,65000,65000,112,0,47000,45789.088990553464,25729.98350799753,65315.55627800117,15999.294642857143
1790301091,40,,Aggregated,1.000000,0.000000,47000,50000,51000,52000,55000,59000,63000,64000,65000,65000,65000,112,0,47000,45789.088990553464,25729.98350799753,65315.55627800117,15999.294642857143
1790301092,40,,Aggregated,0.900000,0.000000,47000,50000,51000,52000,55000,59000,63000,64000,65000,65000,65000,113,0,47000,45855.388774389285,25729.98350799753,65315.55627800117,16022.663716814159
1790301093,40,,Aggregated,0.900000,0.000000,47000,50000,51000,52000,55000,59000,63000,64000,65000,65000,65000,114,0,47000,45853.6566457543,25729.98350799753,65315.55627800117,16019.605263157895
1790301094,40,,Aggregated,0.800000,0.000000,47000,50000,51000,52000,55000,59000,63000,64000,65000,65000,65000,115,0,47000,45863.7773114086,25729.98350799753,65315.55627800117,16026.017391304347
1790301095,40,,Aggregated,0.700000,0.000000,47000,50000,52000,53000,56000,59000,63000,64000,65000,65000,65000,117,0,47000,46053.13297910246,25729.98350799753,65315.55627800117,16088.119658119658
1790301096,40,,Aggregated,0.700000,0.000000,47000,50000,52000,53000,56000,59000,63000,64000,65000,65000,65000,119,0,47000,46140.61726457973,25729.98350799753,65315.55627800117,16106.596638655463
1790301097,40,,Aggregated,0.700000,0.000000,47000,50000,52000,53000,56000,59000,63000,64000,65000,65000,65000,119,0,47000,46140.61726457973,25729.98350799753,65315.55627800117,16106.596638655463
1790301098,40,,Aggregated,0.900000,0.000000,48000,50000,52000,53000,56000,59000,63000,64000,65000,65000,65000,120,0,48000,46156.11699399156,25729.98350799753,65315.55627800117,16116.541666666666
1790301099,40,,Aggregated,1.000000,0.000000,48000,50000,52000,53000,56000,59000,63000,64000,65000,65000,65000,122,0,48000,46246.8584685163,25729.98350799753,65315.55627800117,16159.22131147541
1790301100,40,,Aggregated,1.000000,0.000000,48000,50000,52000,53000,56000,59000,63000,64000,65000,65000,65000,122,0,48000,46246.8584685163,25729.98350799753,65315.55627800117,16159.22131147541
1790301101,40,,Aggregated,1.100000,0.000000,48000,50000,52000,53000,56000,59000,63000,64000,65000,65000,65000,123,0,48000,46324.669981268205,25729.98350799753,65315.55627800117,16173.853658536585
1790301102,40,,Aggregated,1.200000,0.000000,48000,50000,52000,53000,56000,59000,63000,64000,65000,65000,65000,124,0,48000,46271.22663349186,25729.98350799753,65315.55627800117,16155.104838709678
1790301103,40,,Aggregated,1.100000,0.000000,47000,50000,52000,53000,56000,59000,63000,64000,65000,65000,65000,125,0,47000,46212.42943609593,25729.98350799753,65315.55627800117,16134.072
1790301104,40,,Aggregated,1.100000,0.000000,47000,50000,52000,53000,56000,59000,63000,64000,65000,65000,65000,125,0,47000,46212.42943609593,25729.98350799753,65315.55627800117,16134.072
1790301105,40,,Aggregated,1.100000,0.000000,47000,50000,52000,53000,56000,59000,63000,64000,65000,65000,65000,125,0,47000,46212.42943609593,25729.98350799753,65315.55627800117,16134.072
1790301106,40,,Aggregated,1.100000,0.000000,47000,50000,52000,53000,56000,59000,63000,64000,65000,65000,65000,125,0,47000,46212.42943609593,25729.98350799753,65315.55627800117,16134.072
1790301107,40,,Aggregated,1.100000,0.000000,47000,50000,52000,53000,56000,59000,63000,64000,65000,65000,65000,125,0,47000,46212.42943609593,25729.98350799753,65315.55627800117,16134.072
1790301108,40,,Aggregated,0.800000,0.000000,47000,50000,52000,53000,56000,59000,63000,64000,65000,65000,65000,126,0,47000,46218.16538076183,25729.98350799753,65315.55627800117,16140.412698412698
1790301109,40,,Aggregated,0.800000,0.000000,47000,50000,52000,53000,56000,59000,63000,64000,65000,65000,65000,126,0,47000,46218.16538076183,25729.98350799753,65315.55627800117,16140.412698412698
1790301110,40,,Aggregated,0.600000,0.000000,47000,50000,52000,53000,56000,59000,63000,64000,65000,65000,65000,128,0,47000,46223.69184167962,25729.98350799753,65315.55627800117,16142.8828125
1790301111,40,,Aggregated,0.600000,0.000000,47000,50000,52000,53000,56000,59000,63000,64000,65000,65000,65000,128,0,47000,46223.69184167962,25729.98350799753,65315.55627800117,16142.8828125
1790301112,40,,Aggregated,0.400000,0.000000,47000,50000,52000,53000,56000,59000,63000,64000,65000,65000,65000,129,0,47000,46190.64574141856,25729.98350799753,65315.55627800117,16135.488372093023
1790301113,40,,Aggregated,0.400000,0.000000,47000,50000,52000,53000,56000,59000,63000,64000,65000,65000,65000,129,0,47000,46190.64574141856,25729.98350799753,65315.55627800117,16135.488372093023
1790301114,40,,Aggregated,0.400000,0.000000,47000,50000,52000,53000,56000,59000,63000,64000,65000,65000,65000,129,0,47000,46190.64574141856,25729.98350799753,65315.55627800117,16135.488372093023
1790301115,40,,Aggregated,0.500000,0.000000,47000,50000,52000,53000,56000,59000,63000,64000,65000,65000,65000,130,0,47000,46174.76565883841,25729.98350799753,65315.55627800117,16126.107692307693
1790301116,40,,Aggregated,0.500000,0.000000,47000,50000,52000,53000,56000,59000,63000,64000,65000,65000,65000,130,0,47000,46174.76565883841,25729.98350799753,65315.55627800117,16126.107692307693
1790301117,40,,Aggregated,0.500000,0.000000,47000,50000,52000,53000,56000,59000,63000,64000,65000,65000,65000,131,0,47000,46151.61223906103,25729.98350799753,65315.55627800117,16119.946564885497
1790301118,40,,Aggregated,0.500000,0.000000,47000,50000,52000,53000,56000,59000,63000,64000,65000,65000,65000,131,0,47000,46151.61223906103,25729.98350799753,65315.55627800117,16119.946564885497
1790301119,40,,Aggregated,0.500000,0.000000,47000,50000,52000,53000,56000,59000,63000,64000,65000,65000,65000,131,0,47000,46151.61223906103,25729.98350799753,65315.55627800117,16119.946564885497
1790301120,40,,Aggregated,0.500000,0.000000,47000,50000,52000,53000,56000,59000,63000,64000,65000,65000,65000,135,0,47000,46106.51605068886,25729.98350799753,65315.55627800117,16118.881481481481
1790301121,40,,Aggregated,0.500000,0.000000,47000,50000,52000,53000,56000,59000,63000,64000,65000,65000,65000,136,0,47000,46147.88282536763,25729.98350799753,65315.55627800117,16132.595588235294
1790301122,40,,Aggregated,0.500000,0.000000,47000,50000,52000,53000,56000,59000,63000,64000,65000,65000,65000,136,0,47000,46147.88282536763,25729.98350799753,65315.55627800117,16132.595588235294
1790301123,40,,Aggregated,0.600000,0.000000,47000,50000,52000,53000,56000,59000,63000,64000,65000,65000,65000,139,0,47000,46189.44088813668,25729.98350799753,65315.55627800117,16138.007194244605
1790301124,40,,Aggregated,0.600000,0.000000,47000,50000,52000,53000,56000,59000,63000,64000,65000,65000,65000,139,0,47000,46189.44088813668,25729.98350799753,65315.55627800117,16138.007194244605
1790301125,40,,Aggregated,0.600000,0.000000,47000,50000,52000,53000,56000,59000,63000,64000,65000,65000,65000,139,0,47000,46189.44088813668,25729.98350799753,65315.55627800117,16138.007194244605
1790301126,40,,Aggregated,1.000000,0.000000,47000,50000,52000,53000,56000,59000,63000,64000,65000,65000,65000,140,0,47000,46169.22720904284,25729.98350799753,65315.55627800117,16129.978571428572
1790301127,40,,Aggregated,0.900000,0.000000,47000,50000,52000,53000,56000,59000,63000,64000,65000,65000,65000,142,0,47000,46210.39307780986,25729.98350799753,65315.55627800117,16143.394366197183
1790301128,40,,Aggregated,1.000000,0.000000,47000,50000,51000,52000,56000,59000,63000,64000,65000,65000,65000,146,0,47000,46103.67572544521,25729.98350799753,65315.55627800117,16115.280821917808
1790301129,40,,Aggregated,1.000000,0.000000,47000,50000,51000,52000,56000,59000,63000,64000,65000,65000,65000,148,0,47000,46140.38267547973,25729.98350799753,65315.55627800117,16112.608108108108
1790301130,40,,Aggregated,1.000000,0.000000,47000,50000,51000,52000,56000,59000,63000,64000,65000,65000,65000,148,0,47000,46140.38267547973,25729.98350799753,65315.55627800117,16112.608108108108
1790301131,40,,Aggregated,1.000000,0.000000,47000,50000,51000,52000,56000,59000,63000,64000,65000,65000,65000,148,0,47000,46140.38267547973,25729.98350799753,65315.55627800117,16112.608108108108
1790301132,40,,Aggregated,1.000000,0.000000,47000,50000,51000,52000,56000,59000,63000,64000,65000,65000,65000,148,0,47000,46140.38267547973,25729.98350799753,65315.55627800117,16112.608108108108
1790301133,40,,Aggregated,1.200000,0.000000,47000,50000,51000,53000,56000,59000,63000,64000,65000,65000,65000,149,0,47000,46202.52035310067,25729.98350799753,65315.55627800117,16130.26845637584
1790301134,40,,Aggregated,1.200000,0.000000,47000,50000,51000,53000,56000,59000,63000,64000,65000,65000,65000,149,0,47000,46202.52035310067,25729.98350799753,65315.55627800117,16130.26845637584
1790301135,40,,Aggregated,1.200000,0.000000,47000,50000,51000,53000,56000,59000,63000,64000,65000,65000,65000,150,0,47000,46211.05998378666,25729.98350799753,65315.55627800117,16131.12
1790301136,40,,Aggregated,0.900000,0.000000,47000,50000,51000,52000,56000,59000,63000,64000,65000,65000,65000,151,0,47000,46234.17545283444,25729.98350799753,65315.55627800117,16131.496688741721
1790301137,40,,Aggregated,0.900000,0.000000,47000,50000,51000,52000,56000,59000,63000,64000,65000,65000,65000,151,0,47000,46234.17545283444,25729.98350799753,65315.55627800117,16131.496688741721
1790301138,40,,Aggregated,0.900000,0.000000,47000,50000,51000,52000,56000,59000,63000,64000,65000,65000,65000,151,0,47000,46234.17545283444,25729.98350799753,65315.55627800117,16131.496688741721
1790301139,40,,Aggregated,1.100000,0.000000,47000,50000,51000,52000,56000,59000,63000,64000,65000,65000,65000,152,0,47000,46252.70727759868,25729.98350799753,65315.55627800117,16141.901315789473
1790301140,40,,Aggregated,1.100000,0.000000,47000,50000,51000,52000,56000,59000,63000,64000,65000,65000,65000,152,0,47000,46252.70727759868,25729.98350799753,65315.55627800117,16141.901315789473
1790301141,40,,Aggregated,0.400000,0.000000,47000,50000,51000,52000,56000,59000,63000,64000,65000,65000,65000,153,0,47000,46265.55386886927,25729.98350799753,65315.55627800117,16140.509803921568
1790301142,40,,Aggregated,0.400000,0.000000,47000,50000,51000,52000,56000,59000,63000,64000,65000,65000,65000,154,0,47000,46302.16089242208,25729.98350799753,65315.55627800117,16156.097402597403
1790301143,40,,Aggregated,0.400000,0.000000,47000,50000,51000,52000,56000,59000,63000,64000,65000,65000,65000,156,0,47000,46315.91850864742,25729.98350799753,65315.55627800117,16160.666666666666
1790301144,40,,Aggregated,0.500000,0.000000,47000,50000,51000,52000,56000,59000,63000,64000,65000,65000,65000,157,0,47000,46296.12525837576,25729.98350799753,65315.55627800117,16148.96178343949
1790301145,40,,Aggregated,0.500000,0.000000,47000,50000,51000,52000,56000,59000,63000,64000,65000,65000,65000,157,0,47000,46296.12525837576,25729.98350799753,65315.55627800117,16148.96178343949
1790301146,40,,Aggregated,0.500000,0.000000,47000,50000,51000,52000,56000,59000,63000,64000,65000,65000,65000,157,0,47000,46296.12525837576,25729.98350799753,65315.55627800117,16148.96178343949
1790301147,40,,Aggregated,0.700000,0.000000,47000,50000,51000,52000,56000,59000,63000,64000,65000,65000,65000,159,0,47000,46229.05099054083,25729.98350799753,65315.55627800117,16119.169811320755
1790301148,40,,Aggregated,0.600000,0.000000,47000,50000,51000,52000,56000,59000,63000,64000,65000,65000,65000,160,0,47000,46240.2929838687,25729.98350799753,65315.55627800117,16124.63125
1790301149,40,,Aggregated,0.600000,0.000000,47000,50000,51000,52000,56000,59000,63000,64000,65000,65000,65000,160,0,47000,46240.2929838687,25729.98350799753,65315.55627800117,16124.63125
1790301150,40,,Aggregated,0.600000,0.000000,47000,50000,51000,52000,56000,59000,63000,64000,65000,65000,65000,160,0,47000,46240.2929838687,25729.98350799753,65315.55627800117,16124.63125
1790301151,40,,Aggregated,0.800000,0.000000,47000,50000,51000,52000,55000,58000,63000,64000,65000,65000,65000,162,0,47000,46196.98261086413,25729.98350799753,65315.55627800117,16119.62962962963
1790301152,40,,Aggregated,0.800000,0.000000,47000,50000,51000,52000,55000,58000,63000,64000,65000,65000,65000,163,0,47000,46108.46887295085,25729.98350799753,65315.55627800117,16094.840490797545
1790301153,40,,Aggregated,0.800000,0.000000,47000,50000,51000,52000,55000,58000,63000,64000,65000,65000,65000,163,0,47000,46108.46887295085,25729.98350799753,65315.55627800117,16094.840490797545
1790301154,40,,Aggregated,0.800000,0.000000,47000,50000,51000,52000,55000,58000,63000,64000,65000,65000,65000,163,0,47000,46108.46887295085,25729.98350799753,65315.55627800117,16094.840490797545
1790301155,40,,Aggregated,0.700000,0.000000,47000,50000,51000,52000,55000,58000,63000,64000,65000,65000,65000,164,0,47000,46152.45696001824,25729.98350799753,65315.55627800117,16108.256097560976
1790301156,40,,Aggregated,0.700000,0.000000,47000,50000,51000,52000,56000,58000,63000,64000,65000,65000,65000,167,0,47000,46105.28675595801,25729.98350799753,65315.55627800117,16097.041916167665
1790301157,40,,Aggregated,0.700000,0.000000,47000,50000,51000,52000,56000,58000,63000,64000,65000,65000,65000,167,0,47000,46105.28675595801,25729.98350799753,65315.55627800117,16097.041916167665
1790301158,40,,Aggregated,0.700000,0.000000,47000,50000,51000,53000,56000,59000,63000,64000,65000,65000,65000,169,0,47000,46248.29808277506,25729.98350799753,65315.55627800117,16132.378698224851
1790301159,40,,Aggregated,0.800000,0.000000,48000,50000,52000,53000,56000,59000,63000,64000,65000,65000,65000,170,0,48000,46341.98507038227,25729.98350799753,65315.55627800117,16154.652941176471
1790301160,40,,Aggregated,0.800000,0.000000,48000,50000,52000,53000,56000,59000,63000,64000,65000,65000,65000,170,0,48000,46341.98507038227,25729.98350799753,65315.55627800117,16154.652941176471
1790301161,40,,Aggregated,0.800000,0.000000,48000,50000,52000,53000,56000,59000,63000,64000,65000,65000,65000,170,0,48000,46341.98507038227,25729.98350799753,65315.55627800117,16154.652941176471
1790301162,40,,Aggregated,0.800000,0.000000,48000,50000,52000,53000,56000,59000,63000,64000,65000,65000,65000,170,0,48000,46341.98507038227,25729.98350799753,65315.55627800117,16154.652941176471
1790301163,40,,Aggregated,1.000000,0.000000,48000,50000,52000,53000,56000,59000,63000,64000,65000,65000,65000,171,0,48000,46369.45364140344,25729.98350799753,65315.55627800117,16160.397660818713
1790301164,40,,Aggregated,0.800000,0.000000,47000,50000,51000,53000,56000,59000,63000,64000,65000,65000,65000,173,0,47000,46330.08657106929,25729.98350799753,65315.55627800117,16151.364161849711
1790301165,40,,Aggregated,0.800000,0.000000,48000,50000,52000,53000,56000,59000,63000,64000,65000,65000,65000,174,0,48000,46371.978270839,25729.98350799753,65315.55627800117,16161.902298850575
1790301166,40,,Aggregated,0.800000,0.000000,48000,50000,52000,53000,56000,59000,63000,64000,65000,65000,65000,174,0,48000,46371.978270839,25729.98350799753,65315.55627800117,16161.902298850575
1790301167,40,,Aggregated,1.100000,0.000000,47000,50000,52000,53000,56000,59000,63000,64000,65000,65000,65000,176,0,47000,46328.14687555671,25729.98350799753,65315.55627800117,16142.880681818182
1790301168,40,,Aggregated,1.100000,0.000000,47000,50000,52000,53000,56000,59000,63000,64000,65000,65000,65000,176,0,47000,46328.14687555671,25729.98350799753,65315.55627800117,16142.880681818182
1790301169,40,,Aggregated,0.700000,0.000000,47000,50000,51000,53000,56000,59000,63000,64000,65000,65000,65000,178,0,47000,46333.20735912913,25729.98350799753,65315.55627800117,16147.657303370786
1790301170,40,,Aggregated,0.800000,0.000000,47000,50000,51000,53000,56000,59000,63000,64000,65000,65000,65000,179,0,47000,46340.49233433509,25729.98350799753,65315.55627800117,16151.977653631286
1790301171,40,,Aggregated,0.700000,0.000000,47000,50000,51000,52000,56000,59000,63000,64000,65000,65000,65000,181,0,47000,46283.82484357448,25729.98350799753,65315.55627800117,16134.154696132597
1790301172,40,,Aggregated,0.700000,0.000000,47000,50000,51000,52000,56000,59000,63000,64000,65000,65000,65000,181,0,47000,46283.82484357448,25729.98350799753,65315.55627800117,16134.154696132597
1790301173,40,,Aggregated,0.700000,0.000000,47000,50000,51000,52000,56000,59000,63000,64000,65000,65000,65000,181,0,47000,46283.82484357448,25729.98350799753,65315.55627800117,16134.154696132597
1790301174,40,,Aggregated,1.000000,0.000000,47000,50000,51000,52000,56000,59000,63000,64000,65000,65000,65000,182,0,47000,46273.17549586255,25729.98350799753,65315.55627800117,16128.741758241758
1790301175,40,,Aggregated,1.000000,0.000000,47000,50000,51000,53000,56000,59000,63000,64000,65000,65000,65000,184,0,47000,46311.460809499906,25729.98350799753,65315.55627800117,16137.864130434782
1790301176,40,,Aggregated,1.000000,0.000000,47000,50000,51000,53000,56000,59000,63000,64000,65000,65000,65000,184,0,47000,46311.460809499906,25729.98350799753,65315.55627800117,16137.864130434782
1790301177,40,,Aggregated,1.000000,0.000000,47000,50000,51000,53000,56000,59000,63000,64000,65000,65000,65000,184,0,47000,46311.460809499906,25729.98350799753,65315.55627800117,16137.864130434782
1790301178,40,,Aggregated,1.000000,0.000000,47000,50000,51000,53000,56000,59000,63000,64000,65000,65000,65000,184,0,47000,46311.460809499906,25729.98350799753,65315.55627800117,16137.864130434782
1790301179,40,,Aggregated,1.000000,0.000000,47000,50000,51000,53000,56000,59000,63000,64000,65000,65000,65000,184,0,47000,46311.460809499906,25729.98350799753,65315.55627800117,16137.864130434782
1790301180,40,,Aggregated,0.800000,0.000000,47000,50000,51000,53000,56000,59000,63000,64000,65000,65000,65000,185,0,47000,46215.68734471342,25729.98350799753,65315.55627800117,16107.183783783783
1790301181,40,,Aggregated,0.800000,0.000000,47000,50000,51000,52000,56000,59000,63000,64000,65000,65000,65000,187,0,47000,46272.64280595177,25729.98350799753,65315.55627800117,16122.941176470587
1790301182,40,,Aggregated,0.600000,0.000000,47000,50000,51000,52000,56000,59000,63000,64000,65000,65000,65000,189,0,47000,46254.07046564012,25729.98350799753,65315.55627800117,16103.798941798941
1790301183,40,,Aggregated,0.600000,0.000000,47000,50000,51000,52000,56000,59000,63000,64000,65000,65000,65000,189,0,47000,46254.07046564012,25729.98350799753,65315.55627800117,16103.798941798941
1790301184,40,,Aggregated,0.600000,0.000000,47000,50000,51000,52000,56000,59000,63000,64000,65000,65000,65000,189,0,47000,46254.07046564012,25729.98350799753,65315.55627800117,16103.798941798941
1790301185,40,,Aggregated,0.800000,0.000000,47000,50000,51000,52000,56000,59000,63000,64000,65000,65000,65000,190,0,47000,46245.61102699464,25729.98350799753,65315.55627800117,16102.568421052632
1790301186,40,,Aggregated,0.800000,0.000000,47000,50000,51000,52000,56000,59000,63000,64000,65000,65000,65000,190,0,47000,46245.61102699464,25729.98350799753,65315.55627800117,16102.568421052632
1790301187,40,,Aggregated,0.600000,0.000000,47000,50000,51000,52000,55000,59000,63000,64000,65000,65000,65000,192,0,47000,46256.92640398429,25729.98350799753,65315.55627800117,16100.453125
1790301188,40,,Aggregated,0.600000,0.000000,47000,50000,51000,52000,55000,59000,63000,64000,65000,65000,65000,192,0,47000,46256.92640398429,25729.98350799753,65315.55627800117,16100.453125
1790301189,40,,Aggregated,0.600000,0.000000,47000,50000,51000,52000,55000,59000,63000,64000,65000,65000,65000,192,0,47000,46256.92640398429,25729.98350799753,65315.55627800117,16100.453125
1790301190,40,,Aggregated,0.800000,0.000000,47000,50000,51000,52000,55000,59000,63000,64000,65000,65000,65000,193,0,47000,46260.052314295244,25729.98350799753,65315.55627800117,16101.891191709845
1790301191,40,,Aggregated,0.800000,0.000000,47000,50000,51000,52000,55000,59000,63000,64000,65000,65000,65000,195,0,47000,46153.97152619993,25729.98350799753,65315.55627800117,16073.235897435898
1790301192,40,,Aggregated,0.800000,0.000000,47000,50000,51000,52000,55000,59000,63000,64000,65000,65000,65000,196,0,47000,46162.765103153004,25729.98350799753,65315.55627800117,16076.214285714286
1790301193,40,,Aggregated,0.900000,0.000000,47000,50000,51000,52000,56000,59000,63000,64000,65000,65000,65000,197,0,47000,46226.90208757356,25729.98350799753,65315.55627800117,16096.893401015228
1790301194,40,,Aggregated,0.800000,0.000000,47000,50000,51000,52000,56000,59000,63000,64000,65000,65000,65000,198,0,47000,46174.36942407065,25729.98350799753,65315.55627800117,16084.444444444445
1790301195,40,,Aggregated,0.700000,0.000000,47000,50000,51000,52000,55000,59000,62000,63000,65000,65000,65000,201,0,47000,46117.24518323876,25729.98350799753,65315.55627800117,16069.0
1790301196,40,,Aggregated,0.800000,0.000000,47000,50000,51000,52000,55000,59000,62000,63000,65000,65000,65000,203,0,47000,46138.59565075365,25729.98350799753,65315.55627800117,16075.364532019705
1790301197,40,,Aggregated,0.800000,0.000000,47000,50000,51000,52000,56000,59000,63000,64000,67000,67000,67000,204,0,47000,46240.01388845583,25729.98350799753,66827.9161419996,16098.446078431372
1790301198,40,,Aggregated,1.100000,0.000000,47000,50000,51000,52000,56000,59000,63000,64000,67000,67000,67000,205,0,47000,46177.01211255604,25729.98350799753,66827.9161419996,16076.29756097561
1790301199,40,,Aggregated,1.400000,0.000000,47000,50000,51000,52000,56000,59000,63000,64000,67000,67000,67000,206,0,47000,46194.945354058196,25729.98350799753,66827.9161419996,16079.713592233009
1790301200,40,,Aggregated,1.400000,0.000000,47000,50000,51000,52000,56000,59000,63000,64000,67000,67000,67000,206,0,47000,46194.945354058196,25729.98350799753,66827.9161419996,16079.713592233009
1790301201,40,,Aggregated,1.400000,0.000000,47000,50000,51000,52000,56000,59000,63000,64000,67000,67000,67000,206,0,47000,46194.945354058196,25729.98350799753,66827.9161419996,16079.713592233009
1790301202,40,,Aggregated,1.400000,0.000000,47000,50000,51000,52000,56000,59000,63000,65000,73000,73000,73000,208,0,47000,46304.20116310571,25729.98350799753,73017.79901099871,16095.85576923077
1790301203,40,,Aggregated,1.400000,0.000000,47000,50000,51000,52000,56000,59000,63000,65000,73000,73000,73000,208,0,47000,46304.20116310571,25729.98350799753,73017.79901099871,16095.85576923077
1790301204,40,,Aggregated,1.000000,0.000000,47000,50000,51000,52000,56000,59000,63000,65000,73000,73000,73000,209,0,47000,46237.06734703343,25729.98350799753,73017.79901099871,16078.464114832535
1790301205,40,,Aggregated,1.000000,0.000000,47000,50000,51000,52000,56000,59000,63000,65000,73000,73000,73000,209,0,47000,46237.06734703343,25729.98350799753,73017.79901099871,16078.464114832535
1790301206,40,,Aggregated,1.100000,0.000000,47000,50000,51000,52000,56000,59000,63000,65000,73000,73000,73000,210,0,47000,46274.58191945708,25729.98350799753,73017.79901099871,16092.066666666668
1790301207,40,,Aggregated,1.100000,0.000000,47000,50000,51000,52000,56000,59000,63000,65000,73000,73000,73000,211,0,47000,46226.338069232166,25729.98350799753,73017.79901099871,16077.52606635071
1790301208,40,,Aggregated,1.100000,0.000000,47000,50000,51000,52000,56000,59000,63000,65000,73000,73000,73000,211,0,47000,46226.338069232166,25729.98350799753,73017.79901099871,16077.52606635071
1790301209,40,,Aggregated,1.100000,0.000000,47000,50000,51000,52000,56000,59000,63000,65000,73000,73000,73000,211,0,47000,46226.338069232166,25729.98350799753,73017.79901099871,16077.52606635071
1790301210,40,,Aggregated,1.100000,0.000000,47000,50000,51000,52000,56000,59000,63000,65000,73000,73000,73000,211,0,47000,46226.338069232166,25729.98350799753,73017.79901099871,16077.52606635071
1790301211,40,,Aggregated,0.600000,0.000000,47000,50000,51000,52000,56000,59000,63000,65000,73000,73000,73000,213,0,47000,46245.06080956802,25729.98350799753,73017.79901099871,16076.93896713615
1790301212,40,,Aggregated,0.600000,0.000000,47000,50000,51000,52000,56000,59000,63000,65000,73000,73000,73000,213,0,47000,46245.06080956802,25729.98350799753,73017.79901099871,16076.93896713615
1790301213,40,,Aggregated,0.600000,0.000000,47000,50000,51000,52000,56000,59000,63000,65000,73000,73000,73000,213,0,47000,46245.06080956802,25729.98350799753,73017.79901099871,16076.93896713615
1790301215,40,,Aggregated,0.600000,0.000000,47000,50000,51000,52000,56000,59000,63000,65000,73000,73000,73000,213,0,47000,46245.06080956802,25729.98350799753,73017.79901099871,16076.93896713615
1790301216,40,,Aggregated,0.500000,0.000000,47000,50000,52000,52000,56000,59000,63000,65000,73000,73000,73000,214,0,47000,46286.57728334577,25729.98350799753,73017.79901099871,16091.05140186916
1790301217,40,,Aggregated,0.500000,0.000000,47000,50000,52000,52000,56000,59000,63000,65000,73000,73000,73000,214,0,47000,46286.57728334577,25729.98350799753,73017.79901099871,16091.05140186916
1790301218,40,,Aggregated,0.500000,0.000000,47000,50000,52000,52000,56000,59000,63000,65000,73000,73000,73000,215,0,47000,46312.25075067439,25729.98350799753,73017.79901099871,16104.479069767442
1790301219,40,,Aggregated,0.500000,0.000000,47000,50000,52000,52000,56000,59000,63000,65000,73000,73000,73000,216,0,47000,46259.3060361111,25729.98350799753,73017.79901099871,16085.148148148148
1790301220,40,,Aggregated,0.500000,0.000000,47000,50000,52000,52000,56000,59000,63000,65000,73000,73000,73000,216,0,47000,46259.3060361111,25729.98350799753,73017.79901099871,16085.148148148148
1790301221,40,,Aggregated,0.300000,0.000000,47000,50000,52000,52000,56000,59000,63000,65000,73000,73000,73000,218,0,47000,46253.32705814219,25729.98350799753,73017.79901099871,16078.880733944954
1790301222,40,,Aggregated,0.300000,0.000000,47000,50000,52000,52000,56000,59000,63000,65000,73000,73000,73000,218,0,47000,46253.32705814219,25729.98350799753,73017.79901099871,16078.880733944954
1790301223,40,,Aggregated,0.300000,0.000000,47000,50000,52000,52000,56000,59000,63000,65000,73000,73000,73000,218,0,47000,46253.32705814219,25729.98350799753,73017.79901099871,16078.880733944954
1790301224,40,,Aggregated,0.300000,0.000000,47000,50000,52000,52000,56000,59000,63000,65000,73000,73000,73000,218,0,47000,46253.32705814219,25729.98350799753,73017.79901099871,16078.880733944954
1790301225,40,,Aggregated,0.300000,0.000000,47000,50000,52000,52000,56000,59000,63000,65000,73000,73000,73000,218,0,47000,46253.32705814219,25729.98350799753,73017.79901099871,16078.880733944954
1790301226,40,,Aggregated,0.500000,0.000000,47000,50000,52000,53000,56000,59000,63000,65000,73000,73000,73000,220,0,47000,46304.87249280452,25729.98350799753,73017.79901099871,16098.95
1790301227,40,,Aggregated,0.500000,0.000000,47000,50000,52000,52000,55000,59000,63000,65000,73000,73000,73000,222,0,47000,46252.54946475673,25729.98350799753,73017.79901099871,16084.612612612613
1790301228,40,,Aggregated,0.500000,0.000000,47000,50000,52000,53000,55000,59000,63000,65000,73000,73000,73000,223,0,47000,46287.72653436321,25729.98350799753,73017.79901099871,16094.95067264574
1790301229,40,,Aggregated,0.800000,0.000000,47000,50000,52000,53000,56000,59000,63000,65000,73000,73000,73000,228,0,47000,46333.82945004384,25729.98350799753,73017.79901099871,16108.640350877193
1790301230,40,,Aggregated,0.800000,0.000000,47000,50000,52000,53000,56000,59000,63000,65000,73000,73000,73000,229,0,47000,46397.56875420085,25729.98350799753,73017.79901099871,16127.480349344978
1790301231,40,,Aggregated,0.800000,0.000000,47000,50000,52000,53000,56000,59000,63000,65000,73000,73000,73000,229,0,47000,46397.56875420085,25729.98350799753,73017.79901099871,16127.480349344978
1790301232,40,,Aggregated,0.800000,0.000000,47000,50000,52000,53000,56000,59000,63000,65000,73000,73000,73000,229,0,47000,46397.56875420085,25729.98350799753,73017.79901099871,16127.480349344978
1790301233,40,,Aggregated,1.300000,0.000000,48000,50000,52000,53000,56000,60000,64000,65000,73000,73000,73000,230,0,48000,46477.30293952606,25729.98350799753,73017.79901099871,16153.726086956522
1790301234,40,,Aggregated,1.300000,0.000000,48000,50000,52000,53000,56000,60000,64000,65000,73000,73000,73000,230,0,48000,46477.30293952606,25729.98350799753,73017.79901099871,16153.726086956522
1790301235,40,,Aggregated,1.100000,0.000000,48000,50000,52000,53000,56000,60000,64000,65000,73000,73000,73000,231,0,48000,46495.36161403027,25729.98350799753,73017.79901099871,16157.190476190477
1790301236,40,,Aggregated,1.100000,0.000000,48000,50000,52000,53000,56000,60000,64000,65000,73000,73000,73000,231,0,48000,46495.36161403027,25729.98350799753,73017.79901099871,16157.190476190477
1790301237,40,,Aggregated,1.200000,0.000000,48000,50000,52000,53000,56000,60000,64000,65000,73000,73000,73000,232,0,48000,46472.74366867238,25729.98350799753,73017.79901099871,16155.129310344828
1790301238,40,,Aggregated,1.200000,0.000000,48000,50000,52000,53000,56000,60000,64000,65000,73000,73000,73000,232,0,48000,46472.74366867238,25729.98350799753,73017.79901099871,16155.129310344828
1790301239,40,,Aggregated,1.100000,0.000000,47000,50000,52000,53000,56000,60000,64000,65000,73000,73000,73000,233,0,47000,46425.77745106434,25729.98350799753,73017.79901099871,16141.527896995709
1790301240,40,,Aggregated,0.900000,0.000000,47000,50000,52000,53000,56000,60000,64000,65000,73000,73000,73000,236,0,47000,46370.27442775844,25729.98350799753,73017.79901099871,16118.487288135593
1790301241,40,,Aggregated,0.900000,0.000000,47000,50000,52000,53000,56000,60000,64000,65000,73000,73000,73000,237,0,47000,46347.944763789,25729.98350799753,73017.79901099871,16111.974683544304
1790301242,40,,Aggregated,0.600000,0.000000,47000,50000,52000,53000,56000,60000,64000,65000,73000,73000,73000,238,0,47000,46358.1765838109,25729.98350799753,73017.79901099871,16119.596638655463
1790301243,40,,Aggregated,0.600000,0.000000,47000,50000,52000,53000,56000,60000,64000,65000,73000,73000,73000,238,0,47000,46358.1765838109,25729.98350799753,73017.79901099871,16119.596638655463
1790301244,40,,Aggregated,0.800000,0.000000,47000,50000,52000,53000,56000,60000,64000,65000,73000,73000,73000,239,0,47000,46353.61382961084,25729.98350799753,73017.79901099871,16116.903765690377
1790301245,40,,Aggregated,0.900000,0.000000,47000,50000,52000,53000,56000,60000,64000,65000,73000,73000,73000,240,0,47000,46389.501446470786,25729.98350799753,73017.79901099871,16127.191666666668
1790301246,40,,Aggregated,0.800000,0.000000,47000,50000,52000,53000,56000,59000,64000,65000,73000,73000,73000,241,0,47000,46417.08161499582,25729.98350799753,73017.79901099871,16131.937759336099
1790301247,40,,Aggregated,0.900000,0.000000,47000,50000,52000,53000,56000,60000,64000,65000,73000,73000,73000,243,0,47000,46478.745077765394,25729.98350799753,73017.79901099871,16152.576131687243
1790301248,40,,Aggregated,0.900000,0.000000,48000,50000,52000,53000,56000,60000,64000,65000,73000,73000,73000,244,0,48000,46495.919092377015,25729.98350799753,73017.79901099871,16160.88524590164
1790301249,40,,Aggregated,1.000000,0.000000,48000,50000,52000,53000,56000,60000,64000,65000,73000,73000,73000,245,0,48000,46515.79257853874,25729.98350799753,73017.79901099871,16167.502040816327
1790301250,40,,Aggregated,1.200000,0.000000,48000,50000,52000,53000,56000,60000,64000,65000,73000,73000,73000,246,0,48000,46528.58480280484,25729.98350799753,73017.79901099871,16169.99593495935
1790301251,40,,Aggregated,1.200000,0.000000,48000,50000,52000,53000,56000,60000,64000,65000,73000,73000,73000,246,0,48000,46528.58480280484,25729.98350799753,73017.79901099871,16169.99593495935
1790301252,40,,Aggregated,1.200000,0.000000,48000,50000,52000,53000,56000,60000,64000,65000,73000,73000,73000,246,0,48000,46528.58480280484,25729.98350799753,73017.79901099871,16169.99593495935
1790301253,40,,Aggregated,1.000000,0.000000,48000,50000,52000,53000,56000,60000,64000,65000,73000,73000,73000,247,0,48000,46435.71218112548,23589.047248002316,73017.79901099871,16138.202429149798
1790301254,40,,Aggregated,1.000000,0.000000,48000,50000,52000,53000,56000,60000,64000,65000,73000,73000,73000,247,0,48000,46435.71218112548,23589.047248002316,73017.79901099871,16138.202429149798
1790301255,40,,Aggregated,1.000000,0.000000,48000,50000,52000,53000,56000,60000,64000,65000,73000,73000,73000,247,0,48000,46435.71218112548,23589.047248002316,73017.79901099871,16138.202429149798
1790301256,40,,Aggregated,0.900000,0.000000,48000,50000,52000,53000,56000,60000,64000,65000,73000,73000,73000,248,0,48000,46477.61165549997,23589.047248002316,73017.79901099871,16155.709677419354
1790301257,40,,Aggregated,0.700000,0.000000,48000,50000,52000,53000,56000,60000,64000,65000,73000,73000,73000,249,0,48000,46489.76230950197,23589.047248002316,73017.79901099871,16161.461847389559
1790301258,40,,Aggregated,0.700000,0.000000,48000,50000,52000,53000,56000,60000,65000,65000,73000,73000,73000,250,0,48000,46565.09638710396,23589.047248002316,73017.79901099871,16188.568
1790301259,40,,Aggregated,0.700000,0.000000,48000,50000,52000,53000,56000,60000,65000,65000,73000,73000,73000,250,0,48000,46565.09638710396,23589.047248002316,73017.79901099871,16188.568
1790301260,40,,Aggregated,0.700000,0.000000,48000,50000,52000,53000,56000,60000,65000,65000,73000,73000,73000,250,0,48000,46565.09638710396,23589.047248002316,73017.79901099871,16188.568
1790301261,40,,Aggregated,0.600000,0.000000,48000,50000,52000,53000,56000,60000,64000,65000,73000,73000,73000,252,0,48000,46483.965508245994,23589.047248002316,73017.79901099871,16161.190476190477
1790301262,40,,Aggregated,0.500000,0.000000,48000,50000,52000,53000,56000,60000,64000,65000,73000,73000,73000,253,0,48000,46508.54604645451,23589.047248002316,73017.79901099871,16166.778656126482
1790301263,40,,Aggregated,0.500000,0.000000,48000,50000,52000,53000,56000,60000,64000,65000,73000,73000,73000,254,0,48000,46522.51573768106,23589.047248002316,73017.79901099871,16172.641732283464
1790301264,40,,Aggregated,0.600000,0.000000,48000,50000,52000,53000,56000,60000,64000,65000,73000,73000,73000,255,0,48000,46521.04382349799,23589.047248002316,73017.79901099871,16166.654901960785
1790301265,40,,Aggregated,0.600000,0.000000,48000,50000,52000,53000,56000,60000,64000,65000,73000,73000,73000,255,0,48000,46521.04382349799,23589.047248002316,73017.79901099871,16166.654901960785
1790301266,40,,Aggregated,0.600000,0.000000,48000,50000,52000,53000,56000,60000,64000,65000,73000,73000,73000,255,0,48000,46521.04382349799,23589.047248002316,73017.79901099871,16166.654901960785
1790301267,40,,Aggregated,0.800000,0.000000,48000,50000,52000,53000,56000,60000,64000,65000,73000,73000,73000,257,0,48000,46552.77920729958,23589.047248002316,73017.79901099871,16174.782101167315
1790301268,40,,Aggregated,0.800000,0.000000,48000,50000,52000,53000,56000,60000,64000,65000,73000,73000,73000,259,0,48000,46520.07269178374,23589.047248002316,73017.79901099871,16154.96138996139
1790301269,40,,Aggregated,0.700000,0.000000,48000,50000,52000,53000,56000,60000,64000,65000,73000,73000,73000,260,0,48000,46500.19895346918,23589.047248002316,73017.79901099871,16149.761538461538
1790301270,40,,Aggregated,0.900000,0.000000,48000,50000,52000,53000,56000,60000,64000,65000,73000,73000,73000,261,0,48000,46458.26943057851,23589.047248002316,73017.79901099871,16141.325670498085
1790301271,40,,Aggregated,1.000000,0.000000,48000,50000,52000,53000,56000,60000,64000,65000,73000,73000,73000,263,0,48000,46455.7628662129,23589.047248002316,73017.79901099871,16137.699619771864
1790301272,40,,Aggregated,1.000000,0.000000,48000,50000,52000,53000,56000,60000,64000,65000,73000,73000,73000,263,0,48000,46455.7628662129,23589.047248002316,73017.79901099871,16137.699619771864
1790301273,40,,Aggregated,1.000000,0.000000,48000,50000,52000,53000,56000,60000,64000,65000,73000,73000,73000,263,0,48000,46455.7628662129,23589.047248002316,73017.79901099871,16137.699619771864
1790301274,40,,Aggregated,1.000000,0.000000,48000,50000,52000,53000,56000,60000,64000,65000,73000,73000,73000,264,0,48000,46445.38205254543,23589.047248002316,73017.79901099871,16133.742424242424
1790301275,40,,Aggregated,1.000000,0.000000,48000,50000,52000,53000,56000,60000,64000,65000,73000,73000,73000,264,0,48000,46445.38205254543,23589.047248002316,73017.79901099871,16133.742424242424
1790301276,40,,Aggregated,0.900000,0.000000,47000,50000,52000,53000,56000,60000,64000,65000,73000,73000,73000,265,0,47000,46379.818992739594,23589.047248002316,73017.79901099871,16116.91320754717
1790301277,40,,Aggregated,0.900000,0.000000,47000,50000,52000,53000,56000,60000,64000,65000,73000,73000,73000,265,0,47000,46379.818992739594,23589.047248002316,73017.79901099871,16116.91320754717
1790301278,40,,Aggregated,1.000000,0.000000,48000,50000,52000,53000,56000,60000,64000,65000,73000,73000,73000,266,0,48000,46384.78366827065,23589.047248002316,73017.79901099871,16124.642857142857
1790301279,40,,Aggregated,0.800000,0.000000,48000,50000,52000,53000,56000,60000,64000,65000,73000,73000,73000,267,0,48000,46403.23203454305,23589.047248002316,73017.79901099871,16128.83520599251
1790301280,40,,Aggregated,0.800000,0.000000,48000,50000,52000,53000,56000,60000,64000,65000,73000,73000,73000,267,0,48000,46403.23203454305,23589.047248002316,73017.79901099871,16128.83520599251
1790301281,40,,Aggregated,0.600000,0.000000,48000,50000,52000,53000,56000,60000,64000,65000,73000,73000,73000,268,0,48000,46415.502338604456,23589.047248002316,73017.79901099871,16135.339552238805
1790301282,40,,Aggregated,0.600000,0.000000,48000,50000,52000,53000,56000,60000,64000,65000,73000,73000,73000,268,0,48000,46415.502338604456,23589.047248002316,73017.79901099871,16135.339552238805
1790301283,40,,Aggregated,0.600000,0.000000,48000,50000,52000,53000,56000,60000,64000,65000,73000,73000,73000,268,0,48000,46415.502338604456,23589.047248002316,73017.79901099871,16135.339552238805
1790301284,40,,Aggregated,0.600000,0.000000,48000,50000,52000,53000,56000,60000,64000,65000,73000,73000,73000,268,0,48000,46415.502338604456,23589.047248002316,73017.79901099871,16135.339552238805
1790301285,40,,Aggregated,0.500000,0.000000,48000,50000,52000,53000,56000,60000,64000,65000,73000,73000,73000,270,0,48000,46470.87763890368,23589.047248002316,73017.79901099871,16153.748148148148
1790301286,40,,Aggregated,0.400000,0.000000,48000,50000,52000,53000,56000,60000,64000,65000,73000,73000,73000,271,0,48000,46479.423328653116,23589.047248002316,73017.79901099871,16155.678966789668
1790301287,40,,Aggregated,0.400000,0.000000,48000,50000,52000,53000,56000,60000,64000,65000,73000,73000,73000,271,0,48000,46479.423328653116,23589.047248002316,73017.79901099871,16155.678966789668
1790301288,40,,Aggregated,0.600000,0.000000,48000,50000,52000,53000,56000,60000,64000,65000,73000,73000,73000,272,0,48000,46498.377455253656,23589.047248002316,73017.79901099871,16163.04411764706
1790301289,40,,Aggregated,0.600000,0.000000,48000,50000,52000,53000,56000,60000,64000,65000,73000,73000,73000,272,0,48000,46498.377455253656,23589.047248002316,73017.79901099871,16163.04411764706
1790301290,40,,Aggregated,0.600000,0.000000,48000,50000,52000,53000,56000,60000,64000,65000,73000,73000,73000,273,0,48000,46498.93818914651,23589.047248002316,73017.79901099871,16165.362637362638
1790301291,40,,Aggregated,0.600000,0.000000,48000,50000,52000,53000,56000,60000,64000,65000,73000,73000,73000,273,0,48000,46498.93818914651,23589.047248002316,73017.79901099871,16165.362637362638
1790301292,40,,Aggregated,0.600000,0.000000,48000,50000,52000,53000,56000,60000,64000,65000,73000,73000,73000,273,0,48000,46498.93818914651,23589.047248002316,73017.79901099871,16165.362637362638
1790301293,40,,Aggregated,0.600000,0.000000,48000,50000,52000,53000,56000,60000,64000,65000,73000,73000,73000,274,0,48000,46450.91527000729,23589.047248002316,73017.79901099871,16152.930656934306
1790301294,40,,Aggregated,0.500000,0.000000,48000,50000,52000,53000,56000,60000,64000,65000,73000,73000,73000,277,0,48000,46518.727921469304,23589.047248002316,73017.79901099871,16171.176895306859
1790301295,40,,Aggregated,0.500000,0.000000,48000,50000,52000,53000,56000,60000,64000,65000,73000,73000,73000,277,0,48000,46518.727921469304,23589.047248002316,73017.79901099871,16171.176895306859
1790301296,40,,Aggregated,0.500000,0.000000,48000,50000,52000,53000,56000,60000,64000,65000,73000,73000,73000,277,0,48000,46518.727921469304,23589.047248002316,73017.79901099871,16171.176895306859
1790301297,40,,Aggregated,0.900000,0.000000,48000,50000,52000,53000,56000,60000,64000,65000,73000,73000,73000,278,0,48000,46489.40871520502,23589.047248002316,73017.79901099871,16161.575539568345
1790301298,40,,Aggregated,0.700000,0.000000,48000,50000,52000,53000,56000,59000,64000,65000,73000,73000,73000,281,0,48000,46478.3184363274,23589.047248002316,73017.79901099871,16158.519572953737
1790301299,40,,Aggregated,0.700000,0.000000,48000,50000,52000,53000,56000,59000,64000,65000,73000,73000,73000,283,0,48000,46516.06972957598,23589.047248002316,73017.79901099871,16170.47703180212
1790301300,40,,Aggregated,0.700000,0.000000,48000,50000,52000,53000,56000,59000,64000,65000,73000,73000,73000,285,0,48000,46579.42317545263,23589.047248002316,73017.79901099871,16187.82807017544
1790301301,40,,Aggregated,1.000000,0.000000,48000,50000,52000,53000,56000,59000,64000,65000,73000,73000,73000,288,0,48000,46578.64621326042,23589.047248002316,73017.79901099871,16178.628472222223
1790301302,40,,Aggregated,1.000000,0.000000,48000,50000,52000,53000,56000,59000,64000,65000,73000,73000,73000,288,0,48000,46578.64621326042,23589.047248002316,73017.79901099871,16178.628472222223
1790301303,40,,Aggregated,1.100000,0.000000,48000,50000,52000,53000,56000,59000,64000,65000,73000,73000,73000,289,0,48000,46615.265613802774,23589.047248002316,73017.79901099871,16185.688581314878
1790301304,40,,Aggregated,1.100000,0.000000,48000,50000,52000,53000,56000,59000,64000,65000,73000,73000,73000,289,0,48000,46615.265613802774,23589.047248002316,73017.79901099871,16185.688581314878
1790301305,40,,Aggregated,1.500000,0.000000,48000,50000,52000,53000,56000,60000,65000,67000,100000,100000,100000,291,0,48000,46805.13471970104,23589.047248002316,99650.85122199889,16244.288659793814
1790301306,40,,Aggregated,1.500000,0.000000,48000,50000,52000,53000,56000,60000,65000,67000,100000,100000,100000,293,0,48000,46769.130580559744,23589.047248002316,99650.85122199889,16239.034129692833
1790301307,40,,Aggregated,1.500000,0.000000,48000,50000,52000,53000,56000,60000,65000,67000,100000,100000,100000,293,0,48000,46769.130580559744,23589.047248002316,99650.85122199889,16239.034129692833
1790301308,40,,Aggregated,1.600000,0.000000,48000,50000,52000,53000,56000,60000,65000,67000,100000,100000,100000,294,0,48000,46746.63331271431,23589.047248002316,99650.85122199889,16231.255102040815
1790301309,40,,Aggregated,1.600000,0.000000,48000,50000,52000,53000,56000,60000,65000,67000,100000,100000,100000,294,0,48000,46746.63331271431,23589.047248002316,99650.85122199889,16231.255102040815
1790301310,40,,Aggregated,1.500000,0.000000,48000,50000,52000,53000,56000,60000,65000,67000,100000,100000,100000,295,0,48000,46741.32751749493,23589.047248002316,99650.85122199889,16228.071186440679
1790301311,40,,Aggregated,1.200000,0.000000,48000,50000,52000,53000,56000,60000,65000,67000,100000,100000,100000,296,0,48000,46751.205759057455,23589.047248002316,99650.85122199889,16230.233108108108
1790301312,40,,Aggregated,1.200000,0.000000,48000,50000,52000,53000,56000,60000,65000,67000,100000,100000,100000,296,0,48000,46751.205759057455,23589.047248002316,99650.85122199889,16230.233108108108
1790301313,40,,Aggregated,1.200000,0.000000,48000,50000,52000,53000,56000,60000,65000,67000,100000,100000,100000,296,0,48000,46751.205759057455,23589.047248002316,99650.85122199889,16230.233108108108
1790301314,40,,Aggregated,1.200000,0.000000,48000,50000,52000,53000,56000,60000,65000,67000,100000,100000,100000,296,0,48000,46751.205759057455,23589.047248002316,99650.85122199889,16230.233108108108
1790301315,40,,Aggregated,1.200000,0.000000,48000,50000,52000,53000,56000,60000,65000,67000,100000,100000,100000,296,0,48000,46751.205759057455,23589.047248002316,99650.85122199889,16230.233108108108
1790301316,40,,Aggregated,1.200000,0.000000,48000,50000,52000,53000,56000,60000,65000,67000,100000,100000,100000,296,0,48000,46751.205759057455,23589.047248002316,99650.85122199889,16230.233108108108
1790301317,40,,Aggregated,1.200000,0.000000,48000,50000,52000,53000,56000,60000,65000,67000,100000,100000,100000,296,0,48000,46751.205759057455,23589.047248002316,99650.85122199889,16230.233108108108
1790301318,40,,Aggregated,1.200000,0.000000,48000,50000,52000,53000,56000,60000,65000,67000,100000,100000,100000,296,0,48000,46751.205759057455,23589.047248002316,99650.85122199889,16230.233108108108
1790301319,40,,Aggregated,1.200000,0.000000,48000,50000,52000,53000,56000,60000,65000,67000,100000,100000,100000,296,0,48000,46751.205759057455,23589.047248002316,99650.85122199889,16230.233108108108
1790301320,40,,Aggregated,1.200000,0.000000,48000,50000,52000,53000,56000,60000,65000,67000,100000,100000,100000,296,0,48000,46751.205759057455,23589.047248002316,99650.85122199889,16230.233108108108
1790301321,40,,Aggregated,1.200000,0.000000,48000,50000,52000,53000,56000,60000,65000,67000,100000,100000,100000,296,0,48000,46751.205759057455,23589.047248002316,99650.85122199889,16230.233108108108
1790301322,40,,Aggregated,0.100000,0.000000,48000,50000,52000,53000,56000,60000,65000,67000,100000,100000,100000,299,0,48000,46834.91535436791,23589.047248002316,99650.85122199889,16257.227424749164
1790301323,40,,Aggregated,0.100000,0.000000,48000,51000,52000,53000,56000,60000,65000,67000,100000,100000,100000,300,0,48000,46849.09438351335,23589.047248002316,99650.85122199889,16261.603333333333
1790301324,40,,Aggregated,0.100000,0.000000,48000,51000,52000,53000,56000,60000,65000,67000,100000,100000,100000,300,0,48000,46849.09438351335,23589.047248002316,99650.85122199889,16261.603333333333
1790301325,40,,Aggregated,0.000000,0.000000,48000,51000,52000,53000,56000,60000,64000,65000,100000,100000,100000,301,0,48000,46867.47019009968,23589.047248002316,99650.85122199889,16266.90365448505
1790301326,40,,Aggregated,0.400000,0.000000,48000,51000,52000,53000,56000,60000,64000,65000,100000,100000,100000,303,0,48000,46853.808375501656,23589.047248002316,99650.85122199889,16261.960396039603
1790301327,40,,Aggregated,0.500000,0.000000,48000,51000,52000,53000,56000,60000,64000,65000,100000,100000,100000,305,0,48000,46865.34018617377,23589.047248002316,99650.85122199889,16264.19344262295
1790301328,40,,Aggregated,0.500000,0.000000,48000,51000,52000,53000,56000,60000,64000,65000,100000,100000,100000,308,0,48000,46786.81025951948,23589.047248002316,99650.85122199889,16240.295454545454
1790301329,40,,Aggregated,0.700000,0.000000,48000,50000,52000,53000,56000,60000,64000,65000,100000,100000,100000,309,0,48000,46798.80229333981,23589.047248002316,99650.85122199889,16242.838187702266
1790301330,40,,Aggregated,0.700000,0.000000,48000,50000,52000,53000,56000,60000,64000,65000,100000,100000,100000,309,0,48000,46798.80229333981,23589.047248002316,99650.85122199889,16242.838187702266
1790301331,40,,Aggregated,1.200000,0.000000,48000,51000,52000,53000,56000,60000,64000,65000,100000,100000,100000,310,0,48000,46851.83581596129,23589.047248002316,99650.85122199889,16256.874193548387
1790301332,40,,Aggregated,1.200000,0.000000,48000,51000,52000,53000,56000,60000,64000,65000,100000,100000,100000,311,0,48000,46796.075172463025,23589.047248002316,99650.85122199889,16236.083601286173
1790301333,40,,Aggregated,1.300000,0.000000,48000,51000,52000,53000,56000,60000,64000,65000,100000,100000,100000,312,0,48000,46840.24591577244,23589.047248002316,99650.85122199889,16248.426282051281
1790301334,40,,Aggregated,1.300000,0.000000,48000,51000,52000,53000,56000,60000,64000,65000,100000,100000,100000,312,0,48000,46840.24591577244,23589.047248002316,99650.85122199889,16248.426282051281
1790301335,40,,Aggregated,1.300000,0.000000,48000,51000,52000,53000,56000,60000,64000,65000,100000,100000,100000,312,0,48000,46840.24591577244,23589.047248002316,99650.85122199889,16248.426282051281
1790301336,40,,Aggregated,1.300000,0.000000,48000,51000,52000,53000,56000,60000,64000,65000,100000,100000,100000,312,0,48000,46840.24591577244,23589.047248002316,99650.85122199889,16248.426282051281
1790301337,40,,Aggregated,1.200000,0.000000,48000,51000,52000,53000,56000,60000,64000,65000,100000,100000,100000,313,0,48000,46851.716588428106,23589.047248002316,99650.85122199889,16249.223642172525
1790301338,40,,Aggregated,1.100000,0.000000,48000,51000,52000,53000,56000,60000,64000,65000,100000,100000,100000,315,0,48000,46841.070661406346,23589.047248002316,99650.85122199889,16247.314285714287
1790301339,40,,Aggregated,1.000000,0.000000,48000,51000,52000,53000,56000,60000,64000,65000,100000,100000,100000,317,0,48000,46822.73415580441,23589.047248002316,99650.85122199889,16241.611987381704
1790301340,40,,Aggregated,1.000000,0.000000,48000,51000,52000,53000,56000,60000,64000,65000,100000,100000,100000,317,0,48000,46822.73415580441,23589.047248002316,99650.85122199889,16241.611987381704
1790301341,40,,Aggregated,0.700000,0.000000,48000,50000,52000,53000,56000,60000,64000,65000,100000,100000,100000,319,0,48000,46796.289164335416,23589.047248002316,99650.85122199889,16233.241379310344
1790301342,40,,Aggregated,0.800000,0.000000,48000,50000,52000,53000,56000,60000,64000,65000,100000,100000,100000,320,0,48000,46781.681949031234,23589.047248002316,99650.85122199889,16227.221875
1790301343,40,,Aggregated,0.800000,0.000000,48000,50000,52000,53000,56000,60000,64000,65000,100000,100000,100000,322,0,48000,46738.457267720485,23589.047248002316,99650.85122199889,16213.627329192546
1790301344,40,,Aggregated,0.800000,0.000000,48000,50000,52000,53000,56000,60000,64000,65000,100000,100000,100000,322,0,48000,46738.457267720485,23589.047248002316,99650.85122199889,16213.627329192546
1790301345,40,,Aggregated,0.800000,0.000000,48000,50000,52000,53000,56000,60000,64000,65000,100000,100000,100000,324,0,48000,46698.85814697529,23589.047248002316,99650.85122199889,16199.632716049382
1790301346,40,,Aggregated,1.000000,0.000000,48000,50000,52000,53000,56000,60000,64000,65000,100000,100000,100000,325,0,48000,46711.80549410152,23589.047248002316,99650.85122199889,16204.046153846153
1790301347,40,,Aggregated,1.000000,0.000000,48000,50000,52000,53000,56000,60000,64000,65000,100000,100000,100000,325,0,48000,46711.80549410152,23589.047248002316,99650.85122199889,16204.046153846153
1790301348,40,,Aggregated,1.000000,0.000000,48000,50000,52000,53000,56000,60000,64000,65000,100000,100000,100000,325,0,48000,46711.80549410152,23589.047248002316,99650.85122199889,16204.046153846153
1790301349,40,,Aggregated,1.200000,0.000000,48000,50000,52000,53000,56000,60000,64000,65000,100000,100000,100000,326,0,48000,46752.024904159494,23589.047248002316,99650.85122199889,16212.211656441717
1790301350,40,,Aggregated,1.200000,0.000000,48000,50000,52000,53000,56000,60000,64000,65000,100000,100000,100000,326,0,48000,46752.024904159494,23589.047248002316,99650.85122199889,16212.211656441717
1790301351,40,,Aggregated,1.100000,0.000000,48000,50000,52000,53000,56000,60000,64000,65000,100000,100000,100000,327,0,48000,46766.503294941875,23589.047248002316,99650.85122199889,16220.727828746178
1790301352,40,,Aggregated,0.900000,0.000000,48000,51000,52000,53000,56000,60000,64000,65000,100000,100000,100000,329,0,48000,46791.751135316095,23589.047248002316,99650.85122199889,16225.04255319149
1790301353,40,,Aggregated,0.900000,0.000000,48000,51000,52000,53000,56000,60000,64000,65000,100000,100000,100000,329,0,48000,46791.751135316095,23589.047248002316,99650.85122199889,16225.04255319149
1790301354,40,,Aggregated,0.900000,0.000000,48000,51000,52000,53000,56000,60000,64000,65000,100000,100000,100000,329,0,48000,46791.751135316095,23589.047248002316,99650.85122199889,16225.04255319149
1790301355,40,,Aggregated,0.900000,0.000000,48000,51000,52000,53000,56000,60000,64000,65000,100000,100000,100000,329,0,48000,46791.751135316095,23589.047248002316,99650.85122199889,16225.04255319149
1790301356,40,,Aggregated,0.700000,0.000000,48000,51000,52000,53000,56000,60000,64000,65000,100000,100000,100000,331,0,48000,46821.8638804592,23589.047248002316,99650.85122199889,16234.574018126888
1790301357,40,,Aggregated,0.700000,0.000000,48000,51000,52000,53000,56000,60000,64000,65000,100000,100000,100000,331,0,48000,46821.8638804592,23589.047248002316,99650.85122199889,16234.574018126888
1790301358,40,,Aggregated,0.500000,0.000000,48000,51000,52000,53000,56000,60000,64000,65000,100000,100000,100000,332,0,48000,46839.14267390661,23589.047248002316,99650.85122199889,16234.334337349397
1790301359,40,,Aggregated,0.500000,0.000000,48000,51000,52000,53000,56000,60000,64000,65000,100000,100000,100000,332,0,48000,46839.14267390661,23589.047248002316,99650.85122199889,16234.334337349397
1790301360,40,,Aggregated,0.500000,0.000000,48000,51000,52000,53000,56000,60000,64000,65000,100000,100000,100000,332,0,48000,46839.14267390661,23589.047248002316,99650.85122199889,16234.334337349397
1790301361,40,,Aggregated,0.600000,0.000000,48000,51000,52000,53000,56000,60000,64000,65000,100000,100000,100000,333,0,48000,46860.45592503301,23589.047248002316,99650.85122199889,16240.792792792792
1790301362,40,,Aggregated,0.600000,0.000000,48000,51000,52000,53000,56000,60000,64000,65000,100000,100000,100000,334,0,48000,46816.03307919459,23589.047248002316,99650.85122199889,16227.04491017964
1790301363,40,,Aggregated,0.600000,0.000000,48000,51000,52000,53000,56000,60000,64000,65000,100000,100000,100000,335,0,48000,46843.24434371044,23589.047248002316,99650.85122199889,16232.101492537313
1790301364,40,,Aggregated,0.600000,0.000000,48000,51000,52000,53000,56000,60000,64000,65000,100000,100000,100000,335,0,48000,46843.24434371044,23589.047248002316,99650.85122199889,16232.101492537313
1790301365,40,,Aggregated,0.500000,0.000000,48000,51000,52000,53000,56000,60000,64000,65000,100000,100000,100000,336,0,48000,46890.966237008906,23589.047248002316,99650.85122199889,16252.580357142857
1790301366,40,,Aggregated,0.500000,0.000000,48000,51000,52000,53000,56000,60000,64000,65000,100000,100000,100000,336,0,48000,46890.966237008906,23589.047248002316,99650.85122199889,16252.580357142857
1790301367,40,,Aggregated,0.600000,0.000000,48000,51000,52000,53000,56000,60000,64000,65000,100000,100000,100000,337,0,48000,46912.517858821935,23589.047248002316,99650.85122199889,16263.623145400594
1790301368,40,,Aggregated,0.700000,0.000000,48000,51000,52000,53000,56000,60000,64000,65000,100000,100000,100000,338,0,48000,46904.91668346743,23589.047248002316,99650.85122199889,16260.757396449704
1790301369,40,,Aggregated,0.700000,0.000000,48000,51000,52000,53000,56000,60000,64000,65000,100000,100000,100000,338,0,48000,46904.91668346743,23589.047248002316,99650.85122199889,16260.757396449704
1790301370,40,,Aggregated,0.700000,0.000000,48000,51000,52000,53000,56000,60000,64000,65000,100000,100000,100000,338,0,48000,46904.91668346743,23589.047248002316,99650.85122199889,16260.757396449704
1790301371,40,,Aggregated,0.600000,0.000000,48000,51000,52000,53000,56000,60000,64000,65000,100000,100000,100000,339,0,48000,46910.290207645994,23589.047248002316,99650.85122199889,16261.117994100296
1790301373,40,,Aggregated,0.600000,0.000000,48000,51000,52000,53000,56000,60000,64000,65000,100000,100000,100000,339,0,48000,46910.290207645994,23589.047248002316,99650.85122199889,16261.117994100296
1790301374,40,,Aggregated,0.600000,0.000000,48000,51000,52000,53000,56000,60000,64000,65000,100000,100000,100000,339,0,48000,46910.290207645994,23589.047248002316,99650.85122199889,16261.117994100296
1790301375,40,,Aggregated,0.600000,0.000000,48000,51000,52000,53000,56000,60000,64000,65000,100000,100000,100000,339,0,48000,46910.290207645994,23589.047248002316,99650.85122199889,16261.117994100296
1790301376,40,,Aggregated,0.500000,0.000000,48000,51000,52000,53000,56000,60000,64000,65000,100000,100000,100000,340,0,48000,46919.93177997644,23589.047248002316,99650.85122199889,16264.191176470587
1790301377,40,,Aggregated,0.400000,0.000000,48000,51000,52000,53000,56000,60000,64000,65000,100000,100000,100000,343,0,48000,46917.782673524736,23589.047248002316,99650.85122199889,16266.355685131195
1790301378,40,,Aggregated,0.400000,0.000000,48000,51000,52000,53000,56000,60000,64000,65000,100000,100000,100000,343,0,48000,46917.782673524736,23589.047248002316,99650.85122199889,16266.355685131195
1790301379,40,,Aggregated,0.400000,0.000000,48000,51000,52000,53000,56000,60000,64000,65000,100000,100000,100000,344,0,48000,46927.53304063658,23589.047248002316,99650.85122199889,16267.938953488372
1790301380,40,,Aggregated,0.700000,0.000000,48000,51000,52000,53000,56000,60000,64000,65000,100000,100000,100000,345,0,48000,46946.23440298257,23589.047248002316,99650.85122199889,16273.542028985506
1790301381,40,,Aggregated,0.600000,0.000000,48000,51000,52000,53000,56000,60000,64000,65000,100000,100000,100000,346,0,48000,46948.13639299417,23589.047248002316,99650.85122199889,16274.231213872832
1790301382,40,,Aggregated,0.600000,0.000000,48000,51000,52000,53000,56000,60000,64000,65000,100000,100000,100000,346,0,48000,46948.13639299417,23589.047248002316,99650.85122199889,16274.231213872832
1790301383,40,,Aggregated,0.700000,0.000000,48000,51000,52000,53000,56000,60000,64000,65000,100000,100000,100000,349,0,48000,46923.77781946127,23589.047248002316,99650.85122199889,16267.042979942693
1790301384,40,,Aggregated,0.700000,0.000000,48000,51000,52000,53000,56000,60000,64000,65000,100000,100000,100000,349,0,48000,46923.77781946127,23589.047248002316,99650.85122199889,16267.042979942693
1790301385,40,,Aggregated,0.700000,0.000000,48000,51000,52000,53000,56000,60000,64000,65000,100000,100000,100000,350,0,48000,46945.7579619971,23589.047248002316,99650.85122199889,16272.174285714285
1790301386,40,,Aggregated,1.000000,0.000000,48000,51000,52000,53000,56000,60000,63000,65000,100000,100000,100000,352,0,48000,46992.568300741426,23589.047248002316,99650.85122199889,16282.647727272728
1790301387,40,,Aggregated,1.100000,0.000000,48000,51000,52000,53000,56000,60000,64000,65000,100000,100000,100000,355,0,48000,47051.65987776615,23589.047248002316,99650.85122199889,16297.983098591549
1790301388,40,,Aggregated,1.100000,0.000000,48000,51000,52000,53000,56000,60000,64000,65000,100000,100000,100000,355,0,48000,47051.65987776615,23589.047248002316,99650.85122199889,16297.983098591549
1790301389,40,,Aggregated,1.200000,0.000000,48000,51000,52000,53000,56000,60000,64000,65000,100000,100000,100000,357,0,48000,47050.841092330484,23589.047248002316,99650.85122199889,16297.859943977592
1790301390,40,,Aggregated,1.100000,0.000000,48000,51000,52000,53000,56000,60000,64000,65000,100000,100000,100000,358,0,48000,47036.375296371465,23589.047248002316,99650.85122199889,16289.885474860335
1790301391,40,,Aggregated,1.200000,0.000000,48000,51000,52000,53000,56000,60000,64000,65000,100000,100000,100000,359,0,48000,47019.15559676876,23589.047248002316,99650.85122199889,16280.200557103064
1790301392,40,,Aggregated,1.300000,0.000000,48000,51000,52000,53000,56000,60000,64000,65000,100000,100000,100000,360,0,48000,47037.242940611075,23589.047248002316,99650.85122199889,16284.325
1790301393,40,,Aggregated,1.300000,0.000000,48000,51000,52000,53000,56000,60000,64000,65000,100000,100000,100000,360,0,48000,47037.242940611075,23589.047248002316,99650.85122199889,16284.325
1790301394,40,,Aggregated,1.400000,0.000000,48000,51000,52000,53000,56000,60000,64000,65000,100000,100000,100000,364,0,48000,47068.379931826894,23589.047248002316,99650.85122199889,16292.445054945056
1790301395,40,,Aggregated,1.400000,0.000000,48000,51000,52000,53000,56000,60000,64000,65000,100000,100000,100000,364,0,48000,47068.379931826894,23589.047248002316,99650.85122199889,16292.445054945056
1790301396,40,,Aggregated,1.400000,0.000000,48000,51000,52000,53000,56000,60000,64000,65000,100000,100000,100000,364,0,48000,47068.379931826894,23589.047248002316,99650.85122199889,16292.445054945056
1790301397,40,,Aggregated,1.400000,0.000000,48000,51000,52000,53000,56000,60000,64000,65000,100000,100000,100000,364,0,48000,47068.379931826894,23589.047248002316,99650.85122199889,16292.445054945056
1790301398,40,,Aggregated,1.400000,0.000000,48000,51000,52000,53000,56000,60000,64000,65000,100000,100000,100000,364,0,48000,47068.379931826894,23589.047248002316,99650.85122199889,16292.445054945056
1790301399,40,,Aggregated,1.400000,0.000000,48000,51000,52000,53000,56000,60000,64000,65000,100000,100000,100000,364,0,48000,47068.379931826894,23589.047248002316,99650.85122199889,16292.445054945056
1790301400,40,,Aggregated,1.400000,0.000000,48000,51000,52000,53000,56000,60000,64000,65000,100000,100000,100000,364,0,48000,47068.379931826894,23589.047248002316,99650.85122199889,16292.445054945056
1790301401,40,,Aggregated,0.700000,0.000000,48000,51000,52000,53000,56000,60000,64000,65000,100000,100000,100000,367,0,48000,47037.94412650679,23589.047248002316,99650.85122199889,16280.133514986375
1790301402,40,,Aggregated,0.700000,0.000000,48000,51000,52000,53000,56000,60000,64000,65000,100000,100000,100000,367,0,48000,47037.94412650679,23589.047248002316,99650.85122199889,16280.133514986375
1790301403,40,,Aggregated,0.700000,0.000000,48000,51000,52000,53000,56000,60000,64000,65000,100000,100000,100000,367,0,48000,47037.94412650679,23589.047248002316,99650.85122199889,16280.133514986375
1790301404,40,,Aggregated,0.700000,0.000000,48000,51000,52000,53000,56000,60000,64000,65000,100000,100000,100000,369,0,48000,47076.055926596164,23589.047248002316,99650.85122199889,16289.815718157182
1790301405,40,,Aggregated,0.700000,0.000000,48000,51000,52000,53000,56000,60000,64000,65000,100000,100000,100000,370,0,48000,47089.89322974321,23589.047248002316,99650.85122199889,16296.618918918919
1790301406,40,,Aggregated,0.700000,0.000000,48000,51000,52000,53000,56000,60000,64000,65000,100000,100000,100000,371,0,48000,47073.53349430186,23589.047248002316,99650.85122199889,16290.530997304582
1790301407,40,,Aggregated,0.600000,0.000000,48000,51000,52000,53000,56000,60000,64000,65000,100000,100000,100000,372,0,48000,47063.317257505354,23589.047248002316,99650.85122199889,16288.588709677419
1790301408,40,,Aggregated,0.700000,0.000000,48000,51000,52000,53000,56000,60000,64000,65000,100000,100000,100000,373,0,48000,47071.62771393295,23589.047248002316,99650.85122199889,16289.064343163538
1790301409,40,,Aggregated,0.700000,0.000000,48000,51000,52000,53000,56000,60000,64000,65000,100000,100000,100000,374,0,48000,47075.98720795185,23589.047248002316,99650.85122199889,16291.826203208557
1790301410,40,,Aggregated,0.700000,0.000000,48000,51000,52000,53000,56000,60000,64000,65000,100000,100000,100000,374,0,48000,47075.98720795185,23589.047248002316,99650.85122199889,16291.826203208557
1790301411,40,,Aggregated,0.800000,0.000000,48000,51000,52000,53000,56000,60000,64000,65000,100000,100000,100000,375,0,48000,47061.662424170645,23589.047248002316,99650.85122199889,16287.786666666667
1790301412,40,,Aggregated,0.800000,0.000000,48000,51000,52000,53000,56000,60000,64000,65000,100000,100000,100000,375,0,48000,47061.662424170645,23589.047248002316,99650.85122199889,16287.786666666667
1790301413,40,,Aggregated,1.000000,0.000000,48000,51000,52000,53000,56000,60000,64000,65000,100000,100000,100000,377,0,48000,47051.82372040846,23589.047248002316,99650.85122199889,16282.435013262599
1790301414,40,,Aggregated,0.900000,0.000000,48000,51000,52000,53000,56000,60000,64000,65000,100000,100000,100000,379,0,48000,47060.49669600262,23589.047248002316,99650.85122199889,16285.617414248021
1790301415,40,,Aggregated,0.900000,0.000000,48000,51000,52000,53000,56000,60000,64000,65000,100000,100000,100000,379,0,48000,47060.49669600262,23589.047248002316,99650.85122199889,16285.617414248021
1790301416,40,,Aggregated,1.000000,0.000000,48000,51000,52000,53000,56000,60000,64000,65000,100000,100000,100000,380,0,48000,47036.15856186314,23589.047248002316,99650.85122199889,16280.868421052632
1790301417,40,,Aggregated,1.000000,0.000000,48000,51000,52000,53000,56000,60000,64000,65000,100000,100000,100000,380,0,48000,47036.15856186314,23589.047248002316,99650.85122199889,16280.868421052632
1790301418,40,,Aggregated,1.000000,0.000000,48000,51000,52000,53000,56000,60000,64000,65000,100000,100000,100000,380,0,48000,47036.15856186314,23589.047248002316,99650.85122199889,16280.868421052632
1790301419,40,,Aggregated,1.000000,0.000000,48000,51000,52000,53000,56000,60000,64000,65000,100000,100000,100000,380,0,48000,47036.15856186314,23589.047248002316,99650.85122199889,16280.868421052632
1790301420,40,,Aggregated,0.800000,0.000000,48000,51000,52000,53000,56000,60000,64000,65000,100000,100000,100000,381,0,48000,46998.544009679776,23589.047248002316,99650.85122199889,16270.860892388451
1790301421,40,,Aggregated,0.800000,0.000000,48000,51000,52000,53000,56000,60000,64000,65000,100000,100000,100000,381,0,48000,46998.544009679776,23589.047248002316,99650.85122199889,16270.860892388451
1790301422,40,,Aggregated,0.800000,0.000000,48000,51000,52000,53000,56000,60000,64000,65000,100000,100000,100000,381,0,48000,46998.544009679776,23589.047248002316,99650.85122199889,16270.860892388451
1790301423,40,,Aggregated,0.800000,0.000000,48000,51000,52000,53000,56000,60000,64000,65000,100000,100000,100000,381,0,48000,46998.544009679776,23589.047248002316,99650.85122199889,16270.860892388451
1790301424,40,,Aggregated,0.800000,0.000000,48000,51000,52000,53000,56000,60000,64000,65000,100000,100000,100000,381,0,48000,46998.544009679776,23589.047248002316,99650.85122199889,16270.860892388451
1790301425,40,,Aggregated,0.800000,0.000000,48000,51000,52000,53000,56000,60000,64000,65000,100000,100000,100000,381,0,48000,46998.544009679776,23589.047248002316,99650.85122199889,16270.860892388451
1790301426,40,,Aggregated,0.400000,0.000000,48000,51000,52000,53000,56000,60000,64000,65000,100000,100000,100000,382,0,48000,46976.05468403663,23589.047248002316,99650.85122199889,16267.850785340313
1790301427,40,,Aggregated,0.400000,0.000000,48000,51000,52000,53000,56000,60000,64000,65000,100000,100000,100000,382,0,48000,46976.05468403663,23589.047248002316,99650.85122199889,16267.850785340313
1790301428,40,,Aggregated,0.200000,0.000000,48000,51000,52000,53000,56000,60000,64000,65000,100000,100000,100000,383,0,48000,47003.95883403132,23589.047248002316,99650.85122199889,16273.067885117494
1790301429,40,,Aggregated,0.200000,0.000000,48000,51000,52000,53000,56000,60000,64000,65000,100000,100000,100000,384,0,48000,46988.28391599739,23589.047248002316,99650.85122199889,16267.1171875
1790301430,40,,Aggregated,0.300000,0.000000,48000,51000,52000,53000,56000,60000,64000,65000,100000,100000,100000,386,0,48000,46997.97555307254,23589.047248002316,99650.85122199889,16269.189119170984
1790301431,40,,Aggregated,0.300000,0.000000,48000,51000,52000,53000,56000,60000,64000,65000,100000,100000,100000,387,0,48000,47003.61392455556,23589.047248002316,99650.85122199889,16270.023255813954
1790301432,40,,Aggregated,0.300000,0.000000,48000,51000,52000,53000,56000,60000,64000,65000,100000,100000,100000,387,0,48000,47003.61392455556,23589.047248002316,99650.85122199889,16270.023255813954
1790301433,40,,Aggregated,0.300000,0.000000,48000,51000,52000,53000,56000,60000,64000,65000,100000,100000,100000,387,0,48000,47003.61392455556,23589.047248002316,99650.85122199889,16270.023255813954
1790301434,40,,Aggregated,0.600000,0.000000,48000,51000,52000,53000,56000,60000,64000,65000,100000,100000,100000,389,0,48000,47014.5333584653,23589.047248002316,99650.85122199889,16276.182519280206
1790301435,40,,Aggregated,0.600000,0.000000,48000,51000,52000,53000,56000,60000,64000,65000,100000,100000,100000,391,0,48000,47030.886175644504,23589.047248002316,99650.85122199889,16282.849104859335
1790301436,40,,Aggregated,0.700000,0.000000,48000,51000,52000,53000,56000,60000,64000,65000,100000,100000,100000,393,0,48000,47046.058168491094,23589.047248002316,99650.85122199889,16286.93893129771
1790301437,40,,Aggregated,0.700000,0.000000,48000,51000,52000,53000,56000,60000,64000,65000,100000,100000,100000,393,0,48000,47046.058168491094,23589.047248002316,99650.85122199889,16286.93893129771
1790301438,40,,Aggregated,0.800000,0.000000,48000,51000,52000,53000,56000,60000,64000,65000,100000,100000,100000,394,0,48000,47053.23366930458,23589.047248002316,99650.85122199889,16290.299492385786
1790301439,40,,Aggregated,0.800000,0.000000,48000,51000,52000,53000,56000,60000,64000,65000,100000,100000,100000,394,0,48000,47053.23366930458,23589.047248002316,99650.85122199889,16290.299492385786
1790301440,40,,Aggregated,1.100000,0.000000,48000,51000,52000,53000,56000,60000,64000,65000,100000,100000,100000,397,0,48000,47111.85038882369,23589.047248002316,99650.85122199889,16308.403022670025
1790301441,40,,Aggregated,1.100000,0.000000,48000,51000,52000,53000,56000,60000,64000,65000,100000,100000,100000,398,0,48000,47109.15530194222,23589.047248002316,99650.85122199889,16305.552763819096
1790301442,40,,Aggregated,0.900000,0.000000,48000,51000,52000,53000,56000,60000,64000,65000,100000,100000,100000,400,0,48000,47138.864032195015,23589.047248002316,99650.85122199889,16314.6425
1790301443,40,,Aggregated,0.900000,0.000000,48000,51000,52000,53000,56000,60000,64000,65000,100000,100000,100000,400,0,48000,47138.864032195015,23589.047248002316,99650.85122199889,16314.6425
1790301444,40,,Aggregated,1.100000,0.000000,48000,51000,52000,53000,56000,60000,63000,65000,100000,100000,100000,401,0,48000,47125.38494156361,23589.047248002316,99650.85122199889,16309.85536159601
1790301445,40,,Aggregated,1.300000,0.000000,48000,51000,52000,53000,56000,60000,63000,65000,100000,100000,100000,402,0,48000,47130.49695731594,23589.047248002316,99650.85122199889,16311.126865671642
1790301446,40,,Aggregated,1.300000,0.000000,48000,51000,52000,53000,56000,60000,63000,65000,100000,100000,100000,402,0,48000,47130.49695731594,23589.047248002316,99650.85122199889,16311.126865671642
1790301447,40,,Aggregated,1.300000,0.000000,48000,51000,52000,53000,56000,60000,63000,65000,100000,100000,100000,402,0,48000,47130.49695731594,23589.047248002316,99650.85122199889,16311.126865671642
1790301448,40,,Aggregated,1.200000,0.000000,48000,51000,52000,53000,56000,60000,63000,65000,100000,100000,100000,403,0,48000,47127.587486821365,23589.047248002316,99650.85122199889,16310.37965260546
1790301449,40,,Aggregated,1.200000,0.000000,48000,51000,52000,53000,56000,60000,63000,65000,100000,100000,100000,403,0,48000,47127.587486821365,23589.047248002316,99650.85122199889,16310.37965260546
1790301450,40,,Aggregated,0.900000,0.000000,48000,51000,52000,53000,56000,60000,63000,65000,100000,100000,100000,404,0,48000,47110.648979732694,23589.047248002316,99650.85122199889,16304.264851485148
1790301451,40,,Aggregated,0.900000,0.000000,48000,51000,52000,53000,56000,60000,63000,65000,100000,100000,100000,406,0,48000,47163.697000674896,23589.047248002316,99650.85122199889,16322.603448275862
1790301452,40,,Aggregated,0.900000,0.000000,48000,51000,52000,53000,56000,60000,63000,65000,100000,100000,100000,406,0,48000,47163.697000674896,23589.047248002316,99650.85122199889,16322.603448275862
1790301453,40,,Aggregated,0.900000,0.000000,48000,51000,52000,53000,56000,60000,63000,65000,100000,100000,100000,406,0,48000,47163.697000674896,23589.047248002316,99650.85122199889,16322.603448275862
1790301454,40,,Aggregated,0.900000,0.000000,48000,51000,52000,53000,57000,60000,63000,65000,100000,100000,100000,408,0,48000,47176.75314980148,23589.047248002316,99650.85122199889,16324.002450980392
1790301455,40,,Aggregated,0.900000,0.000000,48000,51000,52000,53000,57000,60000,63000,65000,100000,100000,100000,408,0,48000,47176.75314980148,23589.047248002316,99650.85122199889,16324.002450980392
1790301456,40,,Aggregated,0.900000,0.000000,48000,51000,52000,53000,57000,60000,63000,65000,100000,100000,100000,408,0,48000,47176.75314980148,23589.047248002316,99650.85122199889,16324.002450980392
1790301457,40,,Aggregated,0.700000,0.000000,48000,51000,52000,53000,57000,60000,63000,65000,100000,100000,100000,409,0,48000,47189.08425677752,23589.047248002316,99650.85122199889,16329.224938875306
1790301458,40,,Aggregated,0.700000,0.000000,48000,51000,52000,53000,57000,60000,63000,65000,100000,100000,100000,410,0,48000,47197.84153536098,23589.047248002316,99650.85122199889,16332.041463414635
1790301459,40,,Aggregated,0.600000,0.000000,48000,51000,52000,53000,56000,60000,63000,65000,100000,100000,100000,411,0,48000,47190.735681034064,23589.047248002316,99650.85122199889,16329.669099756691
1790301460,40,,Aggregated,0.600000,0.000000,48000,51000,52000,53000,56000,60000,63000,65000,100000,100000,100000,411,0,48000,47190.735681034064,23589.047248002316,99650.85122199889,16329.669099756691
1790301461,40,,Aggregated,0.800000,0.000000,48000,51000,52000,53000,57000,60000,63000,65000,100000,100000,100000,412,0,48000,47218.235406516986,23589.047248002316,99650.85122199889,16340.516990291262
1790301462,40,,Aggregated,0.800000,0.000000,48000,51000,52000,53000,57000,60000,63000,65000,100000,100000,100000,413,0,48000,47219.07302572639,23589.047248002316,99650.85122199889,16343.375302663439
1790301463,40,,Aggregated,0.500000,0.000000,48000,51000,52000,54000,57000,60000,63000,65000,100000,100000,100000,414,0,48000,47246.873835816434,23589.047248002316,99650.85122199889,16353.42270531401
1790301464,40,,Aggregated,0.600000,0.000000,48000,51000,52000,54000,57000,60000,63000,65000,100000,100000,100000,415,0,48000,47223.14831054457,23589.047248002316,99650.85122199889,16342.185542168674
1790301465,40,,Aggregated,0.600000,0.000000,48000,51000,52000,54000,57000,60000,63000,65000,100000,100000,100000,416,0,48000,47244.63636518269,23589.047248002316,99650.85122199889,16351.665865384615
1790301466,40,,Aggregated,0.600000,0.000000,48000,51000,52000,54000,57000,60000,63000,65000,100000,100000,100000,418,0,48000,47228.02133695453,23589.047248002316,99650.85122199889,16347.246411483253
1790301467,40,,Aggregated,0.600000,0.000000,48000,51000,52000,54000,57000,60000,63000,65000,100000,100000,100000,419,0,48000,47233.79132672791,23589.047248002316,99650.85122199889,16349.761336515514
1790301468,40,,Aggregated,0.800000,0.000000,48000,51000,52000,54000,57000,60000,63000,65000,100000,100000,100000,420,0,48000,47247.62281193569,23589.047248002316,99650.85122199889,16354.27380952381
1790301469,40,,Aggregated,1.100000,0.000000,48000,51000,52000,54000,57000,60000,63000,65000,100000,100000,100000,422,0,48000,47284.42083794784,23589.047248002316,99650.85122199889,16363.530805687204
1790301470,40,,Aggregated,0.900000,0.000000,48000,51000,52000,54000,57000,60000,63000,65000,100000,100000,100000,423,0,48000,47315.581091030705,23589.047248002316,99650.85122199889,16372.917257683215
1790301471,40,,Aggregated,0.900000,0.000000,48000,51000,52000,54000,57000,60000,63000,65000,100000,100000,100000,423,0,48000,47315.581091030705,23589.047248002316,99650.85122199889,16372.917257683215
1790301472,40,,Aggregated,0.900000,0.000000,48000,51000,52000,54000,57000,60000,63000,65000,100000,100000,100000,423,0,48000,47315.581091030705,23589.047248002316,99650.85122199889,16372.917257683215
1790301473,40,,Aggregated,0.900000,0.000000,48000,51000,52000,54000,57000,60000,63000,65000,100000,100000,100000,423,0,48000,47315.581091030705,23589.047248002316,99650.85122199889,16372.917257683215
1790301474,40,,Aggregated,0.900000,0.000000,48000,51000,52000,54000,57000,60000,63000,65000,100000,100000,100000,423,0,48000,47315.581091030705,23589.047248002316,99650.85122199889,16372.917257683215
1790301475,40,,Aggregated,1.000000,0.000000,48000,51000,52000,54000,57000,60000,63000,65000,100000,100000,100000,425,0,48000,47275.174766287026,23589.047248002316,99650.85122199889,16358.43294117647
1790301476,40,,Aggregated,1.000000,0.000000,48000,51000,52000,54000,57000,60000,63000,65000,100000,100000,100000,425,0,48000,47275.174766287026,23589.047248002316,99650.85122199889,16358.43294117647
1790301477,40,,Aggregated,1.000000,0.000000,48000,51000,52000,54000,57000,60000,63000,65000,100000,100000,100000,425,0,48000,47275.174766287026,23589.047248002316,99650.85122199889,16358.43294117647
1790301478,40,,Aggregated,1.000000,0.000000,48000,51000,52000,54000,57000,60000,63000,65000,100000,100000,100000,425,0,48000,47275.174766287026,23589.047248002316,99650.85122199889,16358.43294117647
1790301479,40,,Aggregated,0.900000,0.000000,48000,51000,52000,54000,57000,60000,63000,65000,100000,100000,100000,426,0,48000,47280.248472032836,23589.047248002316,99650.85122199889,16360.469483568075
1790301480,40,,Aggregated,0.600000,0.000000,48000,51000,52000,54000,57000,60000,63000,65000,100000,100000,100000,427,0,48000,47282.300002192,23589.047248002316,99650.85122199889,16361.180327868853
1790301481,40,,Aggregated,0.600000,0.000000,48000,51000,52000,54000,57000,60000,63000,65000,100000,100000,100000,427,0,48000,47282.300002192,23589.047248002316,99650.85122199889,16361.180327868853
1790301482,40,,Aggregated,0.600000,0.000000,48000,51000,52000,54000,57000,60000,63000,65000,100000,100000,100000,427,0,48000,47282.300002192,23589.047248002316,99650.85122199889,16361.180327868853
1790301483,40,,Aggregated,0.500000,0.000000,48000,51000,52000,54000,57000,60000,63000,65000,100000,100000,100000,429,0,48000,47255.162792223746,23589.047248002316,99650.85122199889,16350.92773892774
1790301484,40,,Aggregated,0.500000,0.000000,48000,51000,52000,54000,57000,60000,63000,65000,100000,100000,100000,429,0,48000,47255.162792223746,23589.047248002316,99650.85122199889,16350.92773892774
1790301485,40,,Aggregated,0.600000,0.000000,48000,51000,52000,54000,57000,60000,63000,65000,100000,100000,100000,431,0,48000,47284.71460396053,23589.047248002316,99650.85122199889,16362.519721577726
1790301486,40,,Aggregated,0.600000,0.000000,48000,51000,52000,54000,57000,60000,63000,65000,100000,100000,100000,432,0,48000,47290.357543826365,23589.047248002316,99650.85122199889,16364.398148148148
1790301487,40,,Aggregated,0.500000,0.000000,48000,51000,52000,54000,57000,60000,63000,65000,100000,100000,100000,433,0,48000,47255.409866189344,23589.047248002316,99650.85122199889,16352.993071593533
1790301488,40,,Aggregated,0.700000,0.000000,48000,51000,52000,54000,57000,60000,63000,65000,100000,100000,100000,434,0,48000,47265.50003825112,23589.047248002316,99650.85122199889,16355.299539170506
1790301489,40,,Aggregated,0.700000,0.000000,48000,51000,52000,54000,57000,60000,63000,65000,100000,100000,100000,434,0,48000,47265.50003825112,23589.047248002316,99650.85122199889,16355.299539170506
1790301490,40,,Aggregated,0.700000,0.000000,48000,51000,52000,54000,57000,60000,63000,65000,100000,100000,100000,434,0,48000,47265.50003825112,23589.047248002316,99650.85122199889,16355.299539170506
1790301491,40,,Aggregated,0.800000,0.000000,48000,51000,52000,54000,57000,60000,63000,65000,100000,100000,100000,435,0,48000,47275.66505148043,23589.047248002316,99650.85122199889,16356.942528735632
1790301492,40,,Aggregated,0.800000,0.000000,48000,51000,52000,54000,57000,60000,63000,65000,100000,100000,100000,435,0,48000,47275.66505148043,23589.047248002316,99650.85122199889,16356.942528735632
1790301493,40,,Aggregated,0.800000,0.000000,48000,51000,52000,53000,57000,60000,63000,65000,100000,100000,100000,436,0,48000,47282.17297567657,23589.047248002316,99650.85122199889,16358.064220183487
1790301494,40,,Aggregated,0.800000,0.000000,48000,51000,52000,54000,57000,60000,63000,65000,100000,100000,100000,438,0,48000,47309.79354192919,23589.047248002316,99650.85122199889,16366.125570776256
1790301495,40,,Aggregated,0.600000,0.000000,48000,51000,52000,54000,57000,60000,63000,65000,100000,100000,100000,439,0,48000,47322.842238633224,23589.047248002316,99650.85122199889,16372.986332574032
1790301496,40,,Aggregated,0.800000,0.000000,48000,51000,52000,54000,57000,60000,63000,65000,100000,100000,100000,442,0,48000,47322.55420966512,23589.047248002316,99650.85122199889,16374.072398190045
1790301497,40,,Aggregated,0.900000,0.000000,48000,51000,52000,54000,57000,60000,63000,65000,100000,100000,100000,444,0,48000,47352.7396382432,23589.047248002316,99650.85122199889,16382.207207207208
1790301498,40,,Aggregated,0.900000,0.000000,48000,51000,52000,54000,57000,60000,63000,65000,100000,100000,100000,445,0,48000,47374.09125472355,23589.047248002316,99650.85122199889,16387.47415730337
1790301499,40,,Aggregated,0.900000,0.000000,48000,51000,52000,54000,57000,60000,63000,65000,100000,100000,100000,445,0,48000,47374.09125472355,23589.047248002316,99650.85122199889,16387.47415730337
1790301500,40,,Aggregated,1.100000,0.000000,48000,51000,52000,54000,57000,60000,63000,65000,100000,100000,100000,447,0,48000,47378.40534313195,23589.047248002316,99650.85122199889,16388.921700223713
1790301501,40,,Aggregated,1.100000,0.000000,48000,51000,52000,54000,57000,60000,63000,65000,100000,100000,100000,448,0,48000,47340.72887815174,23589.047248002316,99650.85122199889,16379.736607142857
1790301502,40,,Aggregated,1.100000,0.000000,48000,51000,52000,54000,57000,60000,63000,65000,100000,100000,100000,448,0,48000,47340.72887815174,23589.047248002316,99650.85122199889,16379.736607142857
1790301503,40,,Aggregated,1.100000,0.000000,48000,51000,52000,54000,57000,60000,63000,65000,100000,100000,100000,448,0,48000,47340.72887815174,23589.047248002316,99650.85122199889,16379.736607142857
1790301504,40,,Aggregated,1.300000,0.000000,48000,51000,52000,54000,57000,60000,63000,65000,100000,100000,100000,449,0,48000,47336.52333838971,23589.047248002316,99650.85122199889,16378.630289532293
1790301505,40,,Aggregated,1.300000,0.000000,48000,51000,52000,54000,57000,60000,63000,65000,100000,100000,100000,450,0,48000,47327.33256526884,23589.047248002316,99650.85122199889,16376.573333333334
1790301506,40,,Aggregated,1.300000,0.000000,48000,51000,52000,54000,57000,60000,63000,65000,100000,100000,100000,450,0,48000,47327.33256526884,23589.047248002316,99650.85122199889,16376.573333333334
1790301507,40,,Aggregated,1.300000,0.000000,48000,51000,52000,54000,57000,60000,63000,65000,100000,100000,100000,450,0,48000,47327.33256526884,23589.047248002316,99650.85122199889,16376.573333333334
1790301508,40,,Aggregated,0.900000,0.000000,48000,51000,52000,54000,57000,60000,63000,65000,100000,100000,100000,451,0,48000,47346.575978261586,23589.047248002316,99650.85122199889,16382.980044345897
1790301509,40,,Aggregated,0.800000,0.000000,48000,51000,52000,54000,57000,60000,63000,65000,100000,100000,100000,452,0,48000,47332.30141811056,23589.047248002316,99650.85122199889,16377.400442477876
1790301510,40,,Aggregated,0.600000,0.000000,48000,51000,52000,54000,57000,60000,63000,65000,100000,100000,100000,453,0,48000,47327.9241565143,23589.047248002316,99650.85122199889,16378.260485651213
1790301511,40,,Aggregated,0.600000,0.000000,48000,51000,52000,54000,57000,60000,63000,65000,100000,100000,100000,453,0,48000,47327.9241565143,23589.047248002316,99650.85122199889,16378.260485651213
1790301512,40,,Aggregated,0.700000,0.000000,48000,51000,52000,54000,57000,60000,63000,65000,100000,100000,100000,454,0,48000,47338.12992269598,23589.047248002316,99650.85122199889,16381.281938325992
1790301513,40,,Aggregated,0.700000,0.000000,48000,51000,52000,54000,57000,60000,63000,65000,100000,100000,100000,454,0,48000,47338.12992269598,23589.047248002316,99650.85122199889,16381.281938325992
1790301514,40,,Aggregated,0.700000,0.000000,48000,51000,52000,54000,57000,60000,63000,65000,100000,100000,100000,454,0,48000,47338.12992269598,23589.047248002316,99650.85122199889,16381.281938325992
1790301515,40,,Aggregated,0.700000,0.000000,48000,51000,52000,54000,57000,60000,63000,65000,100000,100000,100000,454,0,48000,47338.12992269598,23589.047248002316,99650.85122199889,16381.281938325992
1790301516,40,,Aggregated,0.600000,0.000000,48000,51000,52000,54000,57000,60000,63000,65000,100000,100000,100000,456,0,48000,47350.76967061618,23589.047248002316,99650.85122199889,16383.993421052632
1790301517,40,,Aggregated,0.500000,0.000000,48000,51000,52000,54000,57000,60000,63000,65000,100000,100000,100000,458,0,48000,47371.40276934493,23589.047248002316,99650.85122199889,16390.644104803494
1790301518,40,,Aggregated,0.500000,0.000000,48000,51000,52000,54000,57000,60000,63000,65000,100000,100000,100000,458,0,48000,47371.40276934493,23589.047248002316,99650.85122199889,16390.644104803494
1790301519,40,,Aggregated,0.500000,0.000000,48000,51000,52000,54000,57000,60000,63000,65000,100000,100000,100000,458,0,48000,47371.40276934493,23589.047248002316,99650.85122199889,16390.644104803494
1790301520,40,,Aggregated,0.800000,0.000000,48000,51000,52000,54000,57000,60000,63000,65000,100000,100000,100000,460,0,48000,47387.986384608645,23589.047248002316,99650.85122199889,16396.595652173914
1790301522,40,,Aggregated,0.800000,0.000000,48000,51000,52000,54000,57000,60000,63000,65000,100000,100000,100000,460,0,48000,47387.986384608645,23589.047248002316,99650.85122199889,16396.595652173914
1790301523,40,,Aggregated,0.800000,0.000000,48000,51000,52000,54000,57000,60000,63000,65000,100000,100000,100000,460,0,48000,47387.986384608645,23589.047248002316,99650.85122199889,16396.595652173914
1790301524,40,,Aggregated,0.700000,0.000000,48000,51000,52000,54000,57000,60000,63000,65000,100000,100000,100000,461,0,48000,47400.49985902381,23589.047248002316,99650.85122199889,16399.375271149675
1790301525,40,,Aggregated,0.700000,0.000000,48000,51000,53000,54000,57000,60000,63000,65000,100000,100000,100000,462,0,48000,47423.92600732245,23589.047248002316,99650.85122199889,16407.18614718615
1790301526,40,,Aggregated,0.700000,0.000000,48000,51000,53000,54000,57000,60000,63000,65000,100000,100000,100000,462,0,48000,47423.92600732245,23589.047248002316,99650.85122199889,16407.18614718615
1790301527,40,,Aggregated,0.700000,0.000000,48000,51000,53000,54000,57000,60000,63000,65000,100000,100000,100000,463,0,48000,47408.12043312737,23589.047248002316,99650.85122199889,16399.278617710585
1790301528,40,,Aggregated,0.800000,0.000000,48000,51000,52000,54000,57000,60000,63000,65000,100000,100000,100000,465,0,48000,47388.01524870531,23589.047248002316,99650.85122199889,16393.574193548386
1790301529,40,,Aggregated,0.800000,0.000000,48000,51000,52000,54000,57000,60000,63000,65000,100000,100000,100000,465,0,48000,47388.01524870531,23589.047248002316,99650.85122199889,16393.574193548386
1790301530,40,,Aggregated,0.700000,0.000000,48000,51000,53000,54000,57000,60000,63000,65000,100000,100000,100000,468,0,48000,47443.49008220079,23589.047248002316,99650.85122199889,16413.34188034188
1790301531,40,,Aggregated,0.700000,0.000000,48000,51000,53000,54000,57000,60000,63000,65000,100000,100000,100000,468,0,48000,47443.49008220079,23589.047248002316,99650.85122199889,16413.34188034188
1790301532,40,,Aggregated,0.700000,0.000000,48000,51000,53000,54000,57000,60000,63000,65000,100000,100000,100000,470,0,48000,47435.70532678291,23589.047248002316,99650.85122199889,16410.46170212766
1790301533,40,,Aggregated,1.000000,0.000000,48000,51000,53000,54000,57000,60000,63000,65000,100000,100000,100000,471,0,48000,47437.57005873666,23589.047248002316,99650.85122199889,16410.450106157114
1790301534,40,,Aggregated,0.800000,0.000000,48000,51000,53000,54000,57000,60000,63000,65000,100000,100000,100000,472,0,48000,47435.269380006284,23589.047248002316,99650.85122199889,16408.044491525423
1790301535,40,,Aggregated,0.800000,0.000000,48000,51000,53000,54000,57000,60000,63000,65000,100000,100000,100000,472,0,48000,47435.269380006284,23589.047248002316,99650.85122199889,16408.044491525423
1790301536,40,,Aggregated,1.100000,0.000000,48000,51000,53000,54000,57000,60000,63000,65000,100000,100000,100000,473,0,48000,47452.59964921981,23589.047248002316,99650.85122199889,16416.241014799154
1790301537,40,,Aggregated,1.100000,0.000000,48000,51000,53000,54000,57000,60000,63000,65000,100000,100000,100000,473,0,48000,47452.59964921981,23589.047248002316,99650.85122199889,16416.241014799154
1790301538,40,,Aggregated,1.100000,0.000000,48000,51000,53000,54000,57000,60000,63000,65000,100000,100000,100000,473,0,48000,47452.59964921981,23589.047248002316,99650.85122199889,16416.241014799154
1790301539,40,,Aggregated,1.100000,0.000000,48000,51000,53000,54000,57000,60000,63000,65000,100000,100000,100000,474,0,48000,47444.05241351048,23589.047248002316,99650.85122199889,16413.949367088608
1790301540,40,,Aggregated,1.000000,0.000000,48000,51000,53000,54000,57000,60000,63000,65000,100000,100000,100000,475,0,48000,47450.31911005046,23589.047248002316,99650.85122199889,16413.534736842106
1790301541,40,,Aggregated,1.000000,0.000000,48000,51000,53000,54000,57000,60000,63000,65000,100000,100000,100000,475,0,48000,47450.31911005046,23589.047248002316,99650.85122199889,16413.534736842106
1790301542,40,,Aggregated,0.700000,0.000000,48000,51000,53000,54000,57000,60000,63000,65000,100000,100000,100000,476,0,48000,47444.18184553565,23589.047248002316,99650.85122199889,16412.006302521007
1790301543,40,,Aggregated,0.700000,0.000000,48000,51000,52000,54000,57000,60000,63000,65000,100000,100000,100000,477,0,48000,47448.704565046064,23589.047248002316,99650.85122199889,16411.605870020965
1790301544,40,,Aggregated,0.700000,0.000000,48000,51000,52000,54000,57000,60000,63000,65000,100000,100000,100000,477,0,48000,47448.704565046064,23589.047248002316,99650.85122199889,16411.605870020965
1790301545,40,,Aggregated,0.600000,0.000000,48000,51000,52000,54000,57000,60000,63000,65000,100000,100000,100000,480,0,48000,47431.99108940827,23589.047248002316,99650.85122199889,16407.775
1790301546,40,,Aggregated,0.600000,0.000000,48000,51000,52000,53000,57000,60000,63000,65000,100000,100000,100000,481,0,48000,47437.51075616625,23589.047248002316,99650.85122199889,16408.758835758836
1790301547,40,,Aggregated,0.500000,0.000000,48000,51000,52000,53000,57000,60000,63000,65000,100000,100000,100000,483,0,48000,47441.04727549683,23589.047248002316,99650.85122199889,16410.115942028984
1790301548,40,,Aggregated,0.700000,0.000000,48000,51000,52000,53000,57000,60000,63000,65000,100000,100000,100000,484,0,48000,47444.4577755268,23589.047248002316,99650.85122199889,16411.23140495868
1790301549,40,,Aggregated,0.800000,0.000000,48000,51000,52000,53000,57000,60000,63000,65000,100000,100000,100000,485,0,48000,47440.092031861794,23589.047248002316,99650.85122199889,16409.529896907217
1790301550,40,,Aggregated,0.800000,0.000000,48000,51000,52000,53000,57000,60000,63000,65000,100000,100000,100000,485,0,48000,47440.092031861794,23589.047248002316,99650.85122199889,16409.529896907217
1790301551,40,,Aggregated,1.100000,0.000000,48000,51000,52000,53000,57000,60000,63000,65000,100000,100000,100000,486,0,48000,47435.25794471187,23589.047248002316,99650.85122199889,16409.366255144032
1790301552,40,,Aggregated,1.100000,0.000000,48000,51000,52000,53000,57000,60000,63000,65000,100000,100000,100000,487,0,48000,47440.34708102869,23589.047248002316,99650.85122199889,16409.35523613963
1790301553,40,,Aggregated,1.000000,0.000000,48000,51000,52000,53000,57000,60000,63000,65000,100000,100000,100000,488,0,48000,47456.12124381347,23589.047248002316,99650.85122199889,16414.051229508197
1790301554,40,,Aggregated,1.100000,0.000000,48000,51000,52000,53000,57000,60000,63000,65000,100000,100000,100000,489,0,48000,47447.27247265026,23589.047248002316,99650.85122199889,16407.840490797545
1790301555,40,,Aggregated,1.100000,0.000000,48000,51000,52000,53000,57000,60000,63000,65000,100000,100000,100000,489,0,48000,47447.27247265026,23589.047248002316,99650.85122199889,16407.840490797545
1790301556,40,,Aggregated,1.100000,0.000000,48000,51000,52000,53000,57000,60000,63000,65000,100000,100000,100000,489,0,48000,47447.27247265026,23589.047248002316,99650.85122199889,16407.840490797545
1790301557,40,,Aggregated,1.100000,0.000000,48000,51000,52000,53000,57000,60000,63000,65000,100000,100000,100000,489,0,48000,47447.27247265026,23589.047248002316,99650.85122199889,16407.840490797545
1790301558,40,,Aggregated,1.100000,0.000000,48000,51000,52000,53000,57000,60000,63000,65000,100000,100000,100000,489,0,48000,47447.27247265026,23589.047248002316,99650.85122199889,16407.840490797545
1790301559,40,,Aggregated,0.800000,0.000000,48000,51000,52000,54000,57000,60000,63000,65000,100000,100000,100000,490,0,48000,47481.35040890199,23589.047248002316,99650.85122199889,16418.065306122448
1790301560,40,,Aggregated,0.600000,0.000000,48000,51000,52000,53000,57000,60000,63000,65000,100000,100000,100000,491,0,48000,47486.62199636858,23589.047248002316,99650.85122199889,16421.23217922607
1790301561,40,,Aggregated,0.500000,0.000000,48000,51000,52000,53000,57000,60000,63000,65000,100000,100000,100000,492,0,48000,47478.63499891865,23589.047248002316,99650.85122199889,16421.611788617887
1790301562,40,,Aggregated,0.500000,0.000000,48000,51000,52000,53000,57000,60000,63000,65000,100000,100000,100000,494,0,48000,47437.29023817808,23589.047248002316,99650.85122199889,16406.576923076922
1790301563,40,,Aggregated,0.500000,0.000000,48000,51000,52000,53000,57000,60000,63000,65000,100000,100000,100000,494,0,48000,47437.29023817808,23589.047248002316,99650.85122199889,16406.576923076922
1790301564,40,,Aggregated,0.600000,0.000000,48000,51000,52000,53000,57000,60000,63000,65000,100000,100000,100000,495,0,48000,47413.89439116156,23589.047248002316,99650.85122199889,16399.878787878788
1790301565,40,,Aggregated,0.700000,0.000000,48000,51000,52000,53000,57000,60000,63000,65000,100000,100000,100000,496,0,48000,47433.28937512091,23589.047248002316,99650.85122199889,16406.3064516129
1790301566,40,,Aggregated,0.700000,0.000000,48000,51000,52000,53000,57000,60000,63000,65000,100000,100000,100000,496,0,48000,47433.28937512091,23589.047248002316,99650.85122199889,16406.3064516129
1790301567,40,,Aggregated,0.700000,0.000000,48000,51000,52000,53000,57000,60000,63000,65000,100000,100000,100000,496,0,48000,47433.28937512091,23589.047248002316,99650.85122199889,16406.3064516129
1790301568,40,,Aggregated,0.700000,0.000000,48000,51000,52000,54000,57000,60000,63000,65000,100000,100000,100000,500,0,48000,47453.68527309792,23589.047248002316,99650.85122199889,16417.222
1790301569,40,,Aggregated,0.700000,0.000000,48000,51000,52000,54000,57000,60000,63000,65000,100000,100000,100000,500,0,48000,47453.68527309792,23589.047248002316,99650.85122199889,16417.222
1790301570,40,,Aggregated,0.700000,0.000000,48000,51000,52000,54000,57000,60000,63000,65000,100000,100000,100000,500,0,48000,47453.68527309792,23589.047248002316,99650.85122199889,16417.222
1790301571,40,,Aggregated,0.700000,0.000000,48000,51000,52000,54000,57000,60000,63000,65000,100000,100000,100000,500,0,48000,47453.68527309792,23589.047248002316,99650.85122199889,16417.222
1790301572,40,,Aggregated,0.900000,0.000000,48000,51000,52000,54000,57000,60000,63000,65000,100000,100000,100000,501,0,48000,47474.77843461668,23589.047248002316,99650.85122199889,16421.724550898205
1790301573,40,,Aggregated,0.800000,0.000000,48000,51000,52000,54000,57000,60000,63000,65000,100000,100000,100000,502,0,48000,47476.60417041625,23589.047248002316,99650.85122199889,16423.011952191235
1790301574,40,,Aggregated,0.800000,0.000000,48000,51000,52000,54000,57000,60000,63000,65000,100000,100000,100000,504,0,48000,47468.9527709265,23589.047248002316,99650.85122199889,16420.275793650795
1790301575,40,,Aggregated,0.800000,0.000000,48000,51000,52000,54000,57000,60000,63000,65000,100000,100000,100000,504,0,48000,47468.9527709265,23589.047248002316,99650.85122199889,16420.275793650795
1790301576,40,,Aggregated,0.900000,0.000000,48000,51000,52000,54000,57000,60000,63000,65000,100000,100000,100000,505,0,48000,47474.966250774174,23589.047248002316,99650.85122199889,16421.257425742573
1790301577,40,,Aggregated,0.900000,0.000000,48000,51000,52000,54000,57000,60000,63000,65000,100000,100000,100000,505,0,48000,47474.966250774174,23589.047248002316,99650.85122199889,16421.257425742573
1790301578,40,,Aggregated,0.900000,0.000000,48000,51000,52000,54000,57000,60000,63000,65000,100000,100000,100000,505,0,48000,47474.966250774174,23589.047248002316,99650.85122199889,16421.257425742573
1790301579,40,,Aggregated,0.900000,0.000000,48000,51000,52000,54000,57000,60000,63000,65000,100000,100000,100000,505,0,48000,47474.966250774174,23589.047248002316,99650.85122199889,16421.257425742573
1790301580,40,,Aggregated,0.900000,0.000000,48000,51000,52000,54000,57000,60000,63000,65000,100000,100000,100000,505,0,48000,47474.966250774174,23589.047248002316,99650.85122199889,16421.257425742573
1790301581,40,,Aggregated,0.600000,0.000000,48000,51000,52000,53000,57000,60000,63000,65000,100000,100000,100000,506,0,48000,47479.179380219284,23589.047248002316,99650.85122199889,16423.09486166008
1790301582,40,,Aggregated,0.500000,0.000000,48000,51000,52000,53000,57000,60000,63000,65000,100000,100000,100000,508,0,48000,47457.169573558975,23589.047248002316,99650.85122199889,16412.818897637797
1790301583,40,,Aggregated,0.500000,0.000000,48000,51000,52000,53000,57000,60000,63000,65000,100000,100000,100000,509,0,48000,47463.71856855984,23589.047248002316,99650.85122199889,16413.168958742634
1790301584,40,,Aggregated,0.600000,0.000000,48000,51000,52000,53000,57000,60000,63000,65000,100000,100000,100000,510,0,48000,47469.40239509991,23589.047248002316,99650.85122199889,16417.15294117647
1790301585,40,,Aggregated,0.800000,0.000000,48000,51000,52000,53000,57000,60000,63000,65000,100000,100000,100000,515,0,48000,47477.129858186316,23589.047248002316,99650.85122199889,16423.72427184466
1790301586,40,,Aggregated,0.800000,0.000000,48000,51000,52000,53000,57000,60000,63000,65000,100000,100000,100000,515,0,48000,47477.129858186316,23589.047248002316,99650.85122199889,16423.72427184466
1790301587,40,,Aggregated,0.800000,0.000000,48000,51000,52000,53000,57000,60000,63000,65000,100000,100000,100000,515,0,48000,47477.129858186316,23589.047248002316,99650.85122199889,16423.72427184466
1790301588,40,,Aggregated,1.100000,0.000000,48000,51000,52000,53000,57000,60000,63000,65000,100000,100000,100000,517,0,48000,47463.779017860645,23589.047248002316,99650.85122199889,16424.353965183753
1790301589,40,,Aggregated,1.100000,0.000000,48000,51000,52000,53000,57000,60000,63000,65000,100000,100000,100000,518,0,48000,47423.76742913505,23589.047248002316,99650.85122199889,16411.492277992278
1790301590,40,,Aggregated,1.100000,0.000000,48000,51000,52000,53000,56000,59000,63000,65000,100000,100000,100000,521,0,48000,47380.43533599417,23589.047248002316,99650.85122199889,16398.030710172745
1790301591,40,,Aggregated,1.300000,0.000000,48000,51000,52000,53000,56000,59000,63000,65000,100000,100000,100000,522,0,48000,47358.45481486007,23589.047248002316,99650.85122199889,16392.28544061303
1790301592,40,,Aggregated,1.300000,0.000000,48000,51000,52000,53000,56000,59000,63000,65000,100000,100000,100000,522,0,48000,47358.45481486007,23589.047248002316,99650.85122199889,16392.28544061303
1790301593,40,,Aggregated,1.400000,0.000000,48000,51000,52000,53000,56000,59000,63000,65000,100000,100000,100000,523,0,48000,47313.35811581828,23589.047248002316,99650.85122199889,16376.764818355641
1790301594,40,,Aggregated,1.500000,0.000000,48000,51000,52000,53000,56000,59000,63000,65000,100000,100000,100000,525,0,48000,47320.966826765645,23589.047248002316,99650.85122199889,16379.721904761906
1790301595,40,,Aggregated,1.500000,0.000000,48000,51000,52000,53000,56000,59000,63000,65000,100000,100000,100000,525,0,48000,47320.966826765645,23589.047248002316,99650.85122199889,16379.721904761906
1790301596,40,,Aggregated,1.500000,0.000000,48000,51000,52000,53000,56000,59000,63000,65000,100000,100000,100000,525,0,48000,47320.966826765645,23589.047248002316,99650.85122199889,16379.721904761906
1790301597,40,,Aggregated,1.500000,0.000000,48000,51000,52000,53000,56000,59000,63000,65000,100000,100000,100000,525,0,48000,47320.966826765645,23589.047248002316,99650.85122199889,16379.721904761906
1790301598,40,,Aggregated,1.500000,0.000000,48000,51000,52000,53000,56000,59000,63000,65000,100000,100000,100000,525,0,48000,47320.966826765645,23589.047248002316,99650.85122199889,16379.721904761906
1790301599,40,,Aggregated,1.000000,0.000000,48000,51000,52000,53000,56000,59000,63000,65000,100000,100000,100000,527,0,48000,47340.07037044585,23589.047248002316,99650.85122199889,16383.679316888045
1790301600,40,,Aggregated,1.000000,0.000000,48000,51000,52000,53000,56000,59000,63000,65000,100000,100000,100000,527,0,48000,47340.07037044585,23589.047248002316,99650.85122199889,16383.679316888045
1790301601,40,,Aggregated,1.000000,0.000000,48000,51000,52000,53000,56000,59000,63000,65000,100000,100000,100000,527,0,48000,47340.07037044585,23589.047248002316,99650.85122199889,16383.679316888045
1790301602,40,,Aggregated,0.900000,0.000000,48000,51000,52000,53000,56000,59000,63000,65000,100000,100000,100000,528,0,48000,47322.63918336167,23589.047248002316,99650.85122199889,16377.414772727272
1790301603,40,,Aggregated,0.600000,0.000000,48000,51000,52000,53000,57000,59000,63000,65000,100000,100000,100000,530,0,48000,47331.853843998055,23589.047248002316,99650.85122199889,16380.83396226415
1790301604,40,,Aggregated,0.600000,0.000000,48000,51000,52000,53000,56000,59000,63000,65000,100000,100000,100000,531,0,48000,47336.586019674134,23589.047248002316,99650.85122199889,16383.022598870057
1790301605,40,,Aggregated,0.600000,0.000000,48000,51000,52000,53000,56000,59000,63000,65000,100000,100000,100000,531,0,48000,47336.586019674134,23589.047248002316,99650.85122199889,16383.022598870057
1790301606,40,,Aggregated,0.600000,0.000000,48000,51000,52000,53000,57000,59000,63000,65000,100000,100000,100000,532,0,48000,47356.78811589843,23589.047248002316,99650.85122199889,16389.413533834588
1790301607,40,,Aggregated,0.600000,0.000000,48000,51000,52000,53000,57000,59000,63000,65000,100000,100000,100000,533,0,48000,47328.16773558719,23589.047248002316,99650.85122199889,16381.585365853658
1790301608,40,,Aggregated,0.600000,0.000000,48000,51000,52000,53000,57000,59000,63000,65000,100000,100000,100000,533,0,48000,47328.16773558719,23589.047248002316,99650.85122199889,16381.585365853658
1790301609,40,,Aggregated,0.600000,0.000000,48000,51000,52000,53000,57000,59000,63000,65000,100000,100000,100000,534,0,48000,47350.60049705238,23589.047248002316,99650.85122199889,16387.440074906368
1790301610,40,,Aggregated,0.800000,0.000000,48000,51000,52000,53000,57000,59000,63000,65000,100000,100000,100000,535,0,48000,47338.02058483733,23589.047248002316,99650.85122199889,16381.065420560748
1790301611,40,,Aggregated,0.800000,0.000000,48000,51000,52000,53000,57000,59000,63000,65000,100000,100000,100000,536,0,48000,47359.6392418451,23589.047248002316,99650.85122199889,16388.787313432837
1790301612,40,,Aggregated,0.800000,0.000000,48000,51000,52000,53000,57000,59000,63000,65000,100000,100000,100000,536,0,48000,47359.6392418451,23589.047248002316,99650.85122199889,16388.787313432837
1790301613,40,,Aggregated,0.900000,0.000000,48000,51000,52000,53000,57000,59000,63000,65000,100000,100000,100000,537,0,48000,47343.19260762565,23589.047248002316,99650.85122199889,16386.162011173183
1790301614,40,,Aggregated,0.800000,0.000000,48000,51000,52000,53000,57000,59000,63000,65000,100000,100000,100000,538,0,48000,47354.56129892932,23589.047248002316,99650.85122199889,16390.732342007435
1790301615,40,,Aggregated,0.800000,0.000000,48000,51000,52000,53000,57000,59000,63000,65000,100000,100000,100000,538,0,48000,47354.56129892932,23589.047248002316,99650.85122199889,16390.732342007435
1790301616,40,,Aggregated,0.800000,0.000000,48000,51000,52000,53000,57000,59000,63000,65000,100000,100000,100000,538,0,48000,47354.56129892932,23589.047248002316,99650.85122199889,16390.732342007435
1790301617,40,,Aggregated,0.700000,0.000000,48000,51000,52000,53000,57000,59000,63000,65000,100000,100000,100000,541,0,48000,47333.41553235115,23589.047248002316,99650.85122199889,16378.75785582255
1790301618,40,,Aggregated,0.700000,0.000000,48000,51000,52000,53000,57000,59000,63000,65000,100000,100000,100000,541,0,48000,47333.41553235115,23589.047248002316,99650.85122199889,16378.75785582255
1790301619,40,,Aggregated,0.700000,0.000000,48000,51000,52000,53000,57000,59000,63000,65000,100000,100000,100000,542,0,48000,47338.93718957007,23589.047248002316,99650.85122199889,16381.867158671586
1790301620,40,,Aggregated,0.800000,0.000000,48000,51000,52000,53000,57000,59000,63000,65000,100000,100000,100000,545,0,48000,47320.236591245826,23589.047248002316,99650.85122199889,16373.864220183486
1790301621,40,,Aggregated,0.800000,0.000000,48000,51000,52000,53000,57000,59000,63000,65000,100000,100000,100000,546,0,48000,47318.02231263549,23589.047248002316,99650.85122199889,16370.106227106227
1790301622,40,,Aggregated,0.800000,0.000000,48000,51000,52000,53000,57000,59000,63000,65000,100000,100000,100000,547,0,48000,47328.106826705625,23589.047248002316,99650.85122199889,16370.288848263253
1790301623,40,,Aggregated,0.800000,0.000000,48000,51000,52000,53000,57000,59000,63000,65000,100000,100000,100000,547,0,48000,47328.106826705625,23589.047248002316,99650.85122199889,16370.288848263253
1790301624,40,,Aggregated,0.800000,0.000000,48000,51000,52000,53000,57000,59000,63000,65000,100000,100000,100000,547,0,48000,47328.106826705625,23589.047248002316,99650.85122199889,16370.288848263253
1790301625,40,,Aggregated,0.800000,0.000000,48000,51000,52000,53000,57000,59000,63000,65000,100000,100000,100000,547,0,48000,47328.106826705625,23589.047248002316,99650.85122199889,16370.288848263253
1790301626,40,,Aggregated,0.800000,0.000000,48000,51000,52000,53000,57000,59000,63000,65000,100000,100000,100000,547,0,48000,47328.106826705625,23589.047248002316,99650.85122199889,16370.288848263253
1790301627,40,,Aggregated,0.800000,0.000000,48000,51000,52000,53000,57000,59000,63000,65000,100000,100000,100000,547,0,48000,47328.106826705625,23589.047248002316,99650.85122199889,16370.288848263253
1790301628,40,,Aggregated,0.800000,0.000000,48000,51000,52000,53000,57000,59000,63000,65000,100000,100000,100000,547,0,48000,47328.106826705625,23589.047248002316,99650.85122199889,16370.288848263253
1790301629,40,,Aggregated,0.700000,0.000000,48000,51000,52000,53000,57000,59000,63000,65000,100000,100000,100000,549,0,48000,47286.24248380142,23589.047248002316,99650.85122199889,16356.331511839708
1790301630,40,,Aggregated,0.600000,0.000000,48000,51000,52000,53000,57000,59000,63000,65000,100000,100000,100000,550,0,48000,47272.71264861633,23589.047248002316,99650.85122199889,16350.483636363637
1790301631,40,,Aggregated,0.500000,0.000000,48000,51000,52000,53000,57000,59000,63000,65000,100000,100000,100000,551,0,48000,47273.98673026494,23589.047248002316,99650.85122199889,16350.352087114337
1790301632,40,,Aggregated,0.700000,0.000000,48000,51000,52000,53000,57000,59000,63000,65000,100000,100000,100000,553,0,48000,47252.88153842855,23589.047248002316,99650.85122199889,16346.068716094032
1790301633,40,,Aggregated,0.500000,0.000000,48000,51000,52000,53000,57000,59000,63000,65000,100000,100000,100000,556,0,48000,47222.96603127516,23589.047248002316,99650.85122199889,16337.34892086331
1790301634,40,,Aggregated,0.500000,0.000000,48000,51000,52000,53000,57000,59000,63000,65000,100000,100000,100000,556,0,48000,47222.96603127516,23589.047248002316,99650.85122199889,16337.34892086331
1790301635,40,,Aggregated,0.500000,0.000000,48000,51000,52000,53000,57000,59000,63000,65000,100000,100000,100000,556,0,48000,47222.96603127516,23589.047248002316,99650.85122199889,16337.34892086331
1790301636,40,,Aggregated,0.900000,0.000000,48000,51000,52000,53000,57000,59000,63000,65000,100000,100000,100000,558,0,48000,47233.71262030822,23589.047248002316,99650.85122199889,16337.951612903225
1790301637,40,,Aggregated,0.900000,0.000000,48000,51000,52000,53000,57000,59000,63000,65000,100000,100000,100000,558,0,48000,47233.71262030822,23589.047248002316,99650.85122199889,16337.951612903225
1790301638,40,,Aggregated,0.900000,0.000000,48000,51000,52000,53000,57000,59000,63000,65000,100000,100000,100000,558,0,48000,47233.71262030822,23589.047248002316,99650.85122199889,16337.951612903225
1790301639,40,,Aggregated,0.900000,0.000000,48000,51000,52000,53000,57000,59000,63000,65000,100000,100000,100000,558,0,48000,47233.71262030822,23589.047248002316,99650.85122199889,16337.951612903225
1790301640,40,,Aggregated,1.100000,0.000000,48000,51000,52000,53000,57000,59000,63000,65000,100000,100000,100000,560,0,48000,47250.719271189264,23589.047248002316,99650.85122199889,16340.966071428571
1790301641,40,,Aggregated,1.100000,0.000000,48000,51000,52000,53000,56000,59000,63000,65000,100000,100000,100000,561,0,48000,47258.070398663076,23589.047248002316,99650.85122199889,16343.155080213905
1790301642,40,,Aggregated,1.000000,0.000000,48000,51000,52000,53000,56000,59000,63000,65000,100000,100000,100000,562,0,48000,47258.11091469748,23589.047248002316,99650.85122199889,16343.241992882562
1790301643,40,,Aggregated,1.000000,0.000000,48000,51000,52000,53000,56000,59000,63000,65000,100000,100000,100000,564,0,48000,47278.01189616487,23589.047248002316,99650.85122199889,16349.503546099291
1790301644,40,,Aggregated,1.000000,0.000000,48000,51000,52000,53000,56000,59000,63000,65000,100000,100000,100000,565,0,48000,47285.86040292387,23589.047248002316,99650.85122199889,16351.284955752213
1790301645,40,,Aggregated,1.000000,0.000000,48000,51000,52000,53000,56000,59000,63000,65000,100000,100000,100000,565,0,48000,47285.86040292387,23589.047248002316,99650.85122199889,16351.284955752213
1790301646,40,,Aggregated,1.000000,0.000000,48000,51000,52000,53000,56000,59000,63000,65000,100000,100000,100000,565,0,48000,47285.86040292387,23589.047248002316,99650.85122199889,16351.284955752213
1790301647,40,,Aggregated,1.000000,0.000000,48000,51000,52000,53000,56000,59000,63000,65000,100000,100000,100000,565,0,48000,47285.86040292387,23589.047248002316,99650.85122199889,16351.284955752213
1790301648,40,,Aggregated,1.000000,0.000000,48000,51000,52000,53000,56000,59000,63000,65000,100000,100000,100000,565,0,48000,47285.86040292387,23589.047248002316,99650.85122199889,16351.284955752213
1790301649,40,,Aggregated,0.700000,0.000000,48000,51000,52000,53000,56000,59000,63000,65000,100000,100000,100000,566,0,48000,47280.43724586923,23589.047248002316,99650.85122199889,16347.448763250883
1790301650,40,,Aggregated,0.700000,0.000000,48000,51000,52000,53000,56000,59000,63000,65000,100000,100000,100000,568,0,48000,47283.97614517956,23589.047248002316,99650.85122199889,16349.475352112677
1790301651,40,,Aggregated,0.700000,0.000000,48000,51000,52000,53000,56000,59000,63000,65000,100000,100000,100000,570,0,48000,47269.94060749647,23589.047248002316,99650.85122199889,16344.157894736842
1790301652,40,,Aggregated,0.700000,0.000000,48000,51000,52000,53000,56000,59000,63000,65000,100000,100000,100000,570,0,48000,47269.94060749647,23589.047248002316,99650.85122199889,16344.157894736842
