Timestamp,User Count,Type,Name,Requests/s,Failures/s,50%,66%,75%,80%,90%,95%,98%,99%,99.9%,99.99%,100%,Total Request Count,Total Failure Count,Total Median Response Time,Total Average Response Time,Total Min Response Time,Total Max Response Time,Total Average Content Size
1790297208,0,,Aggregated,0.000000,0.000000,N/A,N/A,N/A,N/A,N/A,N/A,N/A,N/A,N/A,N/A,N/A,0,0,0,0.0,0,0,0
1790297209,20,,Aggregated,0.000000,0.000000,N/A,N/A,N/A,N/A,N/A,N/A,N/A,N/A,N/A,N/A,N/A,0,0,0,0.0,0,0,0
1790297210,40,,Aggregated,0.000000,0.000000,N/A,N/A,N/A,N/A,N/A,N/A,N/A,N/A,N/A,N/A,N/A,0,0,0,0.0,0,0,0
1790297211,40,,Aggregated,0.000000,0.000000,N/A,N/A,N/A,N/A,N/A,N/A,N/A,N/A,N/A,N/A,N/A,0,0,0,0.0,0,0,0
1790297212,40,,Aggregated,0.000000,0.000000,N/A,N/A,N/A,N/A,N/A,N/A,N/A,N/A,N/A,N/A,N/A,0,0,0,0.0,0,0,0
1790297213,40,,Aggregated,0.000000,0.000000,N/A,N/A,N/A,N/A,N/A,N/A,N/A,N/A,N/A,N/A,N/A,0,0,0,0.0,0,0,0
1790297214,40,,Aggregated,0.000000,0.000000,N/A,N/A,N/A,N/A,N/A,N/A,N/A,N/A,N/A,N/A,N/A,0,0,0,0.0,0,0,0
1790297215,40,,Aggregated,0.000000,0.000000,N/A,N/A,N/A,N/A,N/A,N/A,N/A,N/A,N/A,N/A,N/A,0,0,0,0.0,0,0,0
1790297216,40,,Aggregated,0.000000,0.000000,N/A,N/A,N/A,N/A,N/A,N/A,N/A,N/A,N/A,N/A,N/A,0,0,0,0.0,0,0,0
1790297217,40,,Aggregated,0.000000,0.000000,N/A,N/A,N/A,N/A,N/A,N/A,N/A,N/A,N/A,N/A,N/A,0,0,0,0.0,0,0,0
1790297218,40,,Aggregated,0.000000,0.000000,N/A,N/A,N/A,N/A,N/A,N/A,N/A,N/A,N/A,N/A,N/A,0,0,0,0.0,0,0,0
1790297219,40,,Aggregated,0.000000,0.000000,N/A,N/A,N/A,N/A,N/A,N/A,N/A,N/A,N/A,N/A,N/A,0,0,0,0.0,0,0,0
1790297220,40,,Aggregated,0.000000,0.000000,N/A,N/A,N/A,N/A,N/A,N/A,N/A,N/A,N/A,N/A,N/A,0,0,0,0.0,0,0,0
1790297221,40,,Aggregated,0.000000,0.000000,N/A,N/A,N/A,N/A,N/A,N/A,N/A,N/A,N/A,N/A,N/A,0,0,0,0.0,0,0,0
1790297222,40,,Aggregated,0.000000,0.000000,N/A,N/A,N/A,N/A,N/A,N/A,N/A,N/A,N/A,N/A,N/A,0,0,0,0.0,0,0,0
1790297223,40,,Aggregated,0.000000,0.000000,N/A,N/A,N/A,N/A,N/A,N/A,N/A,N/A,N/A,N/A,N/A,0,0,0,0.0,0,0,0
1790297224,40,,Aggregated,0.000000,0.000000,N/A,N/A,N/A,N/A,N/A,N/A,N/A,N/A,N/A,N/A,N/A,0,0,0,0.0,0,0,0
1790297225,40,,Aggregated,0.000000,0.000000,N/A,N/A,N/A,N/A,N/A,N/A,N/A,N/A,N/A,N/A,N/A,0,0,0,0.0,0,0,0
1790297226,40,,Aggregated,0.000000,0.000000,N/A,N/A,N/A,N/A,N/A,N/A,N/A,N/A,N/A,N/A,N/A,0,0,0,0.0,0,0,0
1790297227,40,,Aggregated,0.000000,0.000000,N/A,N/A,N/A,N/A,N/A,N/A,N/A,N/A,N/A,N/A,N/A,0,0,0,0.0,0,0,0
1790297228,40,,Aggregated,0.000000,0.000000,N/A,N/A,N/A,N/A,N/A,N/A,N/A,N/A,N/A,N/A,N/A,0,0,0,0.0,0,0,0
1790297229,40,,Aggregated,0.000000,0.000000,N/A,N/A,N/A,N/A,N/A,N/A,N/A,N/A,N/A,N/A,N/A,0,0,0,0.0,0,0,0
1790297230,40,,Aggregated,0.000000,0.000000,N/A,N/A,N/A,N/A,N/A,N/A,N/A,N/A,N/A,N/A,N/A,0,0,0,0.0,0,0,0
1790297231,40,,Aggregated,0.000000,0.000000,N/A,N/A,N/A,N/A,N/A,N/A,N/A,N/A,N/A,N/A,N/A,0,0,0,0.0,0,0,0
1790297232,40,,Aggregated,0.000000,0.000000,N/A,N/A,N/A,N/A,N/A,N/A,N/A,N/A,N/A,N/A,N/A,0,0,0,0.0,0,0,0
1790297233,40,,Aggregated,0.000000,0.000000,N/A,N/A,N/A,N/A,N/A,N/A,N/A,N/A,N/A,N/A,N/A,0,0,0,0.0,0,0,0
1790297234,40,,Aggregated,0.000000,0.000000,N/A,N/A,N/A,N/A,N/A,N/A,N/A,N/A,N/A,N/A,N/A,0,0,0,0.0,0,0,0
1790297235,40,,Aggregated,0.000000,0.000000,N/A,N/A,N/A,N/A,N/A,N/A,N/A,N/A,N/A,N/A,N/A,0,0,0,0.0,0,0,0
1790297236,40,,Aggregated,0.000000,0.000000,N/A,N/A,N/A,N/A,N/A,N/A,N/A,N/A,N/A,N/A,N/A,0,0,0,0.0,0,0,0
1790297237,40,,Aggregated,0.000000,0.000000,N/A,N/A,N/A,N/A,N/A,N/A,N/A,N/A,N/A,N/A,N/A,0,0,0,0.0,0,0,0
1790297238,40,,Aggregated,0.000000,0.000000,N/A,N/A,N/A,N/A,N/A,N/A,N/A,N/A,N/A,N/A,N/A,0,0,0,0.0,0,0,0
1790297239,40,,Aggregated,0.000000,0.000000,30000,30000,30000,30000,30000,30000,30000,30000,30000,30000,30000,1,0,30271.106350999617,30271.106350999617,30271.106350999617,30271.106350999617,12111.0
1790297240,40,,Aggregated,0.000000,0.000000,31000,31000,31000,31000,31000,31000,31000,31000,31000,31000,31000,2,0,31000,30657.80178299974,30271.106350999617,31044.497214999865,12543.5
1790297241,40,,Aggregated,0.000000,0.000000,31000,31000,31000,31000,31000,31000,31000,31000,31000,31000,31000,2,0,31000,30657.80178299974,30271.106350999617,31044.497214999865,12543.5
1790297242,40,,Aggregated,0.000000,0.000000,31000,31000,31000,31000,31000,31000,31000,31000,31000,31000,31000,2,0,31000,30657.80178299974,30271.106350999617,31044.497214999865,12543.5
1790297243,40,,Aggregated,0.100000,0.000000,34000,34000,34000,34000,35000,35000,35000,35000,35000,35000,35000,6,0,34000,33184.05844150038,30271.106350999617,34591.017442999146,12498.666666666666
1790297244,40,,Aggregated,0.200000,0.000000,34000,35000,35000,35000,35000,35000,35000,35000,35000,35000,35000,9,0,34000,33682.253048444785,30271.106350999617,34762.665503996686,12268.444444444445
1790297245,40,,Aggregated,0.600000,0.000000,35000,35000,36000,36000,36000,37000,37000,37000,37000,37000,37000,12,0,35000,34333.431448250245,30271.106350999617,36559.575187999144,12467.666666666666
1790297246,40,,Aggregated,0.700000,0.000000,36000,37000,37000,38000,38000,38000,38000,38000,38000,38000,38000,18,0,36000,35353.12329238898,30271.106350999617,37681.97983999926,12927.5
1790297247,40,,Aggregated,1.100000,0.000000,37000,38000,38000,38000,39000,39000,39000,39000,39000,39000,39000,28,0,37000,36345.512534142996,30271.106350999617,38971.17911699752,13291.964285714286
1790297248,40,,Aggregated,1.400000,0.000000,38000,38000,38000,38000,39000,40000,40000,40000,40000,40000,40000,32,0,38000,36720.93666343768,30271.106350999617,40172.33071300143,13411.21875
1790297249,40,,Aggregated,2.100000,0.000000,38000,38000,39000,39000,40000,41000,41000,41000,41000,41000,41000,37,0,38000,37215.59874570292,30271.106350999617,40993.481515000894,13534.27027027027
1790297250,40,,Aggregated,2.100000,0.000000,38000,38000,39000,40000,40000,41000,41000,41000,41000,41000,41000,38,0,38000,37299.826842684386,30271.106350999617,40993.481515000894,13557.5
1790297251,40,,Aggregated,2.900000,0.000000,38000,38000,39000,40000,40000,41000,42000,42000,42000,42000,42000,39,0,38000,37409.2417884874,30271.106350999617,41567.009729002166,13602.23076923077
1790297252,40,,Aggregated,2.900000,0.000000,38000,38000,39000,40000,40000,41000,42000,42000,42000,42000,42000,39,0,38000,37409.2417884874,30271.106350999617,41567.009729002166,13602.23076923077
1790297253,40,,Aggregated,2.900000,0.000000,38000,38000,39000,40000,40000,41000,42000,42000,42000,42000,42000,39,0,38000,37409.2417884874,30271.106350999617,41567.009729002166,13602.23076923077
1790297254,40,,Aggregated,2.900000,0.000000,38000,38000,39000,40000,40000,41000,42000,42000,42000,42000,42000,39,0,38000,37409.2417884874,30271.106350999617,41567.009729002166,13602.23076923077
1790297255,40,,Aggregated,2.900000,0.000000,38000,38000,39000,40000,40000,41000,42000,42000,42000,42000,42000,39,0,38000,37409.2417884874,30271.106350999617,41567.009729002166,13602.23076923077
1790297256,40,,Aggregated,2.900000,0.000000,38000,38000,39000,40000,40000,41000,42000,42000,42000,42000,42000,39,0,38000,37409.2417884874,30271.106350999617,41567.009729002166,13602.23076923077
1790297257,40,,Aggregated,2.900000,0.000000,38000,38000,39000,40000,40000,41000,42000,42000,42000,42000,42000,39,0,38000,37409.2417884874,30271.106350999617,41567.009729002166,13602.23076923077
1790297258,40,,Aggregated,2.900000,0.000000,38000,38000,39000,40000,40000,41000,42000,42000,42000,42000,42000,39,0,38000,37409.2417884874,30271.106350999617,41567.009729002166,13602.23076923077
1790297259,40,,Aggregated,2.900000,0.000000,38000,38000,39000,40000,40000,41000,42000,42000,42000,42000,42000,39,0,38000,37409.2417884874,30271.106350999617,41567.009729002166,13602.23076923077
1790297260,40,,Aggregated,2.900000,0.000000,38000,38000,39000,40000,40000,41000,42000,42000,42000,42000,42000,39,0,38000,37409.2417884874,30271.106350999617,41567.009729002166,13602.23076923077
1790297261,40,,Aggregated,2.900000,0.000000,38000,38000,39000,40000,40000,41000,42000,42000,42000,42000,42000,39,0,38000,37409.2417884874,30271.106350999617,41567.009729002166,13602.23076923077
1790297262,40,,Aggregated,2.900000,0.000000,38000,38000,39000,40000,40000,41000,42000,42000,42000,42000,42000,39,0,38000,37409.2417884874,30271.106350999617,41567.009729002166,13602.23076923077
1790297263,40,,Aggregated,2.900000,0.000000,38000,38000,39000,40000,40000,41000,42000,42000,42000,42000,42000,39,0,38000,37409.2417884874,30271.106350999617,41567.009729002166,13602.23076923077
1790297264,40,,Aggregated,2.900000,0.000000,38000,38000,39000,40000,40000,41000,42000,42000,42000,42000,42000,39,0,38000,37409.2417884874,30271.106350999617,41567.009729002166,13602.23076923077
1790297265,40,,Aggregated,2.900000,0.000000,38000,38000,39000,40000,40000,41000,42000,42000,42000,42000,42000,39,0,38000,37409.2417884874,30271.106350999617,41567.009729002166,13602.23076923077
1790297266,40,,Aggregated,2.900000,0.000000,38000,38000,39000,40000,40000,41000,42000,42000,42000,42000,42000,39,0,38000,37409.2417884874,30271.106350999617,41567.009729002166,13602.23076923077
1790297267,40,,Aggregated,2.900000,0.000000,38000,38000,39000,40000,40000,41000,42000,42000,42000,42000,42000,39,0,38000,37409.2417884874,30271.106350999617,41567.009729002166,13602.23076923077
1790297268,40,,Aggregated,2.900000,0.000000,38000,38000,39000,40000,40000,41000,42000,42000,42000,42000,42000,39,0,38000,37409.2417884874,30271.106350999617,41567.009729002166,13602.23076923077
1790297269,40,,Aggregated,2.900000,0.000000,38000,38000,39000,40000,40000,41000,42000,42000,42000,42000,42000,39,0,38000,37409.2417884874,30271.106350999617,41567.009729002166,13602.23076923077
1790297270,40,,Aggregated,2.900000,0.000000,38000,38000,39000,40000,40000,41000,42000,42000,42000,42000,42000,39,0,38000,37409.2417884874,30271.106350999617,41567.009729002166,13602.23076923077
1790297271,40,,Aggregated,2.900000,0.000000,38000,38000,39000,40000,40000,41000,42000,42000,42000,42000,42000,39,0,38000,37409.2417884874,30271.106350999617,41567.009729002166,13602.23076923077
1790297272,40,,Aggregated,2.900000,0.000000,38000,38000,39000,40000,40000,41000,42000,42000,42000,42000,42000,39,0,38000,37409.2417884874,30271.106350999617,41567.009729002166,13602.23076923077
1790297273,40,,Aggregated,0.000000,0.000000,38000,38000,39000,40000,40000,41000,42000,42000,42000,42000,42000,40,0,38000,37179.50994687526,28219.968124001753,41567.009729002166,13541.975
1790297274,40,,Aggregated,0.000000,0.000000,38000,38000,39000,40000,40000,41000,42000,42000,42000,42000,42000,40,0,38000,37179.50994687526,28219.968124001753,41567.009729002166,13541.975
1790297275,40,,Aggregated,0.000000,0.000000,38000,38000,39000,40000,40000,41000,42000,42000,42000,42000,42000,40,0,38000,37179.50994687526,28219.968124001753,41567.009729002166,13541.975
1790297276,40,,Aggregated,0.000000,0.000000,38000,38000,39000,40000,40000,41000,42000,42000,42000,42000,42000,40,0,38000,37179.50994687526,28219.968124001753,41567.009729002166,13541.975
1790297277,40,,Aggregated,0.000000,0.000000,38000,38000,39000,40000,40000,41000,42000,42000,42000,42000,42000,40,0,38000,37179.50994687526,28219.968124001753,41567.009729002166,13541.975
1790297278,40,,Aggregated,0.000000,0.000000,38000,38000,39000,40000,40000,41000,42000,42000,42000,42000,42000,40,0,38000,37179.50994687526,28219.968124001753,41567.009729002166,13541.975
1790297279,40,,Aggregated,0.100000,0.000000,38000,38000,39000,40000,40000,41000,42000,42000,42000,42000,42000,41,0,38000,37194.04255961002,28219.968124001753,41567.009729002166,13527.341463414634
1790297280,40,,Aggregated,0.100000,0.000000,38000,38000,39000,40000,40000,41000,42000,42000,42000,42000,42000,45,0,38000,37050.12995726696,28219.968124001753,41567.009729002166,13455.777777777777
1790297281,40,,Aggregated,0.100000,0.000000,38000,38000,39000,40000,40000,41000,42000,42000,42000,42000,42000,46,0,38000,36975.80014793509,28219.968124001753,41567.009729002166,13448.41304347826
1790297282,40,,Aggregated,0.300000,0.000000,38000,38000,39000,40000,40000,41000,42000,42000,42000,42000,42000,47,0,38000,36958.68892048964,28219.968124001753,41567.009729002166,13441.382978723404
1790297283,40,,Aggregated,0.700000,0.000000,38000,38000,39000,39000,40000,41000,41000,42000,42000,42000,42000,51,0,38000,36997.20218035316,28219.968124001753,41567.009729002166,13434.235294117647
1790297284,40,,Aggregated,0.700000,0.000000,38000,38000,39000,39000,40000,41000,41000,42000,42000,42000,42000,55,0,38000,36984.68329027289,28219.968124001753,41567.009729002166,13420.563636363637
1790297285,40,,Aggregated,0.800000,0.000000,38000,38000,39000,39000,40000,41000,41000,42000,42000,42000,42000,58,0,38000,37009.90254841393,28219.968124001753,41567.009729002166,13426.637931034482
1790297286,40,,Aggregated,1.100000,0.000000,37000,38000,39000,39000,40000,40000,41000,42000,42000,42000,42000,63,0,37000,37028.862530889,28219.968124001753,41567.009729002166,13417.349206349207
1790297287,40,,Aggregated,1.600000,0.000000,37000,38000,39000,39000,40000,41000,42000,42000,42000,42000,42000,69,0,37000,37089.01582523196,28219.968124001753,41763.84680800038,13418.826086956522
1790297288,40,,Aggregated,1.900000,0.000000,37000,38000,39000,39000,40000,41000,42000,42000,42000,42000,42000,72,0,37000,37147.992416833404,28219.968124001753,41763.84680800038,13435.680555555555
1790297289,40,,Aggregated,1.900000,0.000000,37000,38000,39000,39000,40000,41000,42000,42000,42000,42000,42000,73,0,37000,37212.38827430143,28219.968124001753,41848.890011999174,13459.410958904109
1790297290,40,,Aggregated,3.000000,0.000000,38000,38000,39000,39000,40000,41000,42000,42000,42000,42000,42000,74,0,38000,37246.07176137844,28219.968124001753,41848.890011999174,13465.918918918918
1790297291,40,,Aggregated,3.300000,0.000000,38000,39000,39000,40000,40000,41000,42000,42000,42000,42000,42000,78,0,38000,37414.41097823078,28219.968124001753,41848.890011999174,13508.692307692309
1790297292,40,,Aggregated,3.300000,0.000000,38000,39000,39000,40000,40000,41000,42000,42000,42000,42000,42000,78,0,38000,37414.41097823078,28219.968124001753,41848.890011999174,13508.692307692309
1790297293,40,,Aggregated,3.300000,0.000000,38000,39000,39000,40000,40000,41000,42000,42000,42000,42000,42000,78,0,38000,37414.41097823078,28219.968124001753,41848.890011999174,13508.692307692309
1790297294,40,,Aggregated,3.300000,0.000000,38000,39000,39000,40000,40000,41000,42000,42000,42000,42000,42000,78,0,38000,37414.41097823078,28219.968124001753,41848.890011999174,13508.692307692309
1790297295,40,,Aggregated,3.300000,0.000000,38000,39000,39000,40000,40000,41000,42000,42000,42000,42000,42000,78,0,38000,37414.41097823078,28219.968124001753,41848.890011999174,13508.692307692309
1790297296,40,,Aggregated,3.300000,0.000000,38000,39000,39000,40000,40000,41000,42000,42000,42000,42000,42000,78,0,38000,37414.41097823078,28219.968124001753,41848.890011999174,13508.692307692309
1790297297,40,,Aggregated,3.300000,0.000000,38000,39000,39000,40000,40000,41000,42000,42000,42000,42000,42000,78,0,38000,37414.41097823078,28219.968124001753,41848.890011999174,13508.692307692309
1790297298,40,,Aggregated,3.300000,0.000000,38000,39000,39000,40000,40000,41000,42000,42000,42000,42000,42000,78,0,38000,37414.41097823078,28219.968124001753,41848.890011999174,13508.692307692309
1790297299,40,,Aggregated,3.300000,0.000000,38000,39000,39000,40000,40000,41000,42000,42000,42000,42000,42000,78,0,38000,37414.41097823078,28219.968124001753,41848.890011999174,13508.692307692309
1790297300,40,,Aggregated,3.300000,0.000000,38000,39000,39000,40000,40000,41000,42000,42000,42000,42000,42000,78,0,38000,37414.41097823078,28219.968124001753,41848.890011999174,13508.692307692309
1790297301,40,,Aggregated,3.300000,0.000000,38000,39000,39000,40000,40000,41000,42000,42000,42000,42000,42000,78,0,38000,37414.41097823078,28219.968124001753,41848.890011999174,13508.692307692309
1790297302,40,,Aggregated,3.300000,0.000000,38000,39000,39000,40000,40000,41000,42000,42000,42000,42000,42000,78,0,38000,37414.41097823078,28219.968124001753,41848.890011999174,13508.692307692309
1790297303,40,,Aggregated,3.300000,0.000000,38000,39000,39000,40000,40000,41000,42000,42000,42000,42000,42000,78,0,38000,37414.41097823078,28219.968124001753,41848.890011999174,13508.692307692309
1790297304,40,,Aggregated,3.300000,0.000000,38000,39000,39000,40000,40000,41000,42000,42000,42000,42000,42000,78,0,38000,37414.41097823078,28219.968124001753,41848.890011999174,13508.692307692309
1790297305,40,,Aggregated,3.300000,0.000000,38000,39000,39000,40000,40000,41000,42000,42000,42000,42000,42000,78,0,38000,37414.41097823078,28219.968124001753,41848.890011999174,13508.692307692309
1790297306,40,,Aggregated,3.300000,0.000000,38000,39000,39000,40000,40000,41000,42000,42000,42000,42000,42000,78,0,38000,37414.41097823078,28219.968124001753,41848.890011999174,13508.692307692309
1790297307,40,,Aggregated,3.300000,0.000000,38000,39000,39000,40000,40000,41000,42000,42000,42000,42000,42000,78,0,38000,37414.41097823078,28219.968124001753,41848.890011999174,13508.692307692309
1790297308,40,,Aggregated,3.300000,0.000000,38000,39000,39000,40000,40000,41000,42000,42000,42000,42000,42000,78,0,38000,37414.41097823078,28219.968124001753,41848.890011999174,13508.692307692309
1790297309,40,,Aggregated,3.300000,0.000000,38000,39000,39000,40000,40000,41000,42000,42000,42000,42000,42000,78,0,38000,37414.41097823078,28219.968124001753,41848.890011999174,13508.692307692309
1790297310,40,,Aggregated,3.300000,0.000000,38000,39000,39000,40000,40000,41000,42000,42000,42000,42000,42000,78,0,38000,37414.41097823078,28219.968124001753,41848.890011999174,13508.692307692309
1790297311,40,,Aggregated,0.000000,0.000000,38000,39000,39000,40000,40000,41000,42000,42000,42000,42000,42000,79,0,38000,37323.75044149367,28219.968124001753,41848.890011999174,13488.822784810127
1790297312,40,,Aggregated,0.000000,0.000000,38000,38000,39000,40000,40000,41000,42000,42000,42000,42000,42000,80,0,38000,37338.08718416249,28219.968124001753,41848.890011999174,13494.625
1790297313,40,,Aggregated,0.000000,0.000000,38000,38000,39000,40000,40000,41000,42000,42000,42000,42000,42000,80,0,38000,37338.08718416249,28219.968124001753,41848.890011999174,13494.625
1790297314,40,,Aggregated,0.100000,0.000000,38000,38000,39000,40000,40000,41000,42000,42000,42000,42000,42000,82,0,38000,37139.88251589026,25333.51012899948,41848.890011999174,13444.390243902439
1790297315,40,,Aggregated,0.100000,0.000000,38000,38000,39000,40000,40000,41000,42000,42000,42000,42000,42000,82,0,38000,37139.88251589026,25333.51012899948,41848.890011999174,13444.390243902439
1790297316,40,,Aggregated,0.200000,0.000000,38000,38000,39000,40000,40000,41000,42000,42000,42000,42000,42000,83,0,38000,37045.45728601206,25333.51012899948,41848.890011999174,13409.048192771084
1790297318,40,,Aggregated,0.400000,0.000000,37000,38000,39000,40000,40000,41000,42000,42000,42000,42000,42000,85,0,37000,36958.99703244705,25333.51012899948,41848.890011999174,13370.929411764706
1790297319,40,,Aggregated,0.400000,0.000000,37000,38000,39000,40000,40000,41000,42000,42000,42000,42000,42000,85,0,37000,36958.99703244705,25333.51012899948,41848.890011999174,13370.929411764706
1790297320,40,,Aggregated,0.500000,0.000000,37000,38000,39000,40000,40000,41000,42000,42000,42000,42000,42000,87,0,37000,36903.27853581607,25333.51012899948,41848.890011999174,13345.367816091954
1790297321,40,,Aggregated,0.700000,0.000000,37000,38000,39000,40000,40000,41000,42000,42000,42000,42000,42000,88,0,37000,36849.42938838635,25333.51012899948,41848.890011999174,13330.352272727272
1790297322,40,,Aggregated,0.700000,0.000000,37000,38000,39000,39000,40000,41000,42000,42000,42000,42000,42000,92,0,37000,36820.555198967384,25333.51012899948,41848.890011999174,13333.021739130434
1790297323,40,,Aggregated,0.900000,0.000000,37000,38000,39000,39000,40000,41000,42000,42000,42000,42000,42000,95,0,37000,36823.303388221044,25333.51012899948,41848.890011999174,13337.01052631579
1790297324,40,,Aggregated,1.300000,0.000000,37000,38000,39000,39000,40000,41000,42000,42000,42000,42000,42000,99,0,37000,36852.309434010094,25333.51012899948,41848.890011999174,13323.141414141413
1790297325,40,,Aggregated,1.300000,0.000000,38000,38000,39000,39000,40000,41000,42000,42000,42000,42000,42000,102,0,38000,36936.20712652936,25333.51012899948,42373.546662998706,13347.774509803921
1790297326,40,,Aggregated,1.500000,0.000000,37000,38000,39000,39000,40000,41000,42000,42000,42000,42000,42000,105,0,37000,36933.64429696188,25333.51012899948,42373.546662998706,13332.342857142858
1790297327,40,,Aggregated,1.800000,0.000000,37000,38000,39000,39000,40000,41000,42000,42000,42000,42000,42000,106,0,37000,36931.496438962255,25333.51012899948,42373.546662998706,13323.22641509434
1790297328,40,,Aggregated,2.000000,0.000000,38000,38000,39000,39000,40000,41000,42000,42000,42000,42000,42000,108,0,38000,36968.693677583324,25333.51012899948,42373.546662998706,13327.027777777777
1790297329,40,,Aggregated,2.300000,0.000000,38000,38000,39000,39000,40000,41000,42000,42000,42000,42000,42000,110,0,38000,36993.51038445453,25333.51012899948,42373.546662998706,13334.281818181818
1790297330,40,,Aggregated,2.300000,0.000000,38000,38000,39000,39000,40000,41000,42000,42000,42000,42000,42000,113,0,38000,37048.82850932741,25333.51012899948,42373.546662998706,13348.769911504425
1790297331,40,,Aggregated,2.300000,0.000000,38000,38000,39000,39000,40000,41000,42000,42000,42000,42000,42000,113,0,38000,37048.82850932741,25333.51012899948,42373.546662998706,13348.769911504425
1790297332,40,,Aggregated,2.400000,0.000000,38000,38000,39000,40000,40000,41000,42000,42000,42000,42000,42000,115,0,38000,37124.54455936518,25333.51012899948,42477.13739599931,13370.260869565218
1790297333,40,,Aggregated,2.600000,0.000000,38000,38000,39000,40000,40000,41000,42000,42000,42000,42000,42000,116,0,38000,37151.228238293064,25333.51012899948,42477.13739599931,13379.706896551725
1790297334,40,,Aggregated,2.500000,0.000000,38000,39000,39000,40000,40000,41000,42000,42000,42000,42000,42000,117,0,38000,37175.07758942731,25333.51012899948,42477.13739599931,13382.888888888889
1790297335,40,,Aggregated,2.500000,0.000000,38000,39000,39000,40000,40000,41000,42000,42000,42000,42000,42000,117,0,38000,37175.07758942731,25333.51012899948,42477.13739599931,13382.888888888889
1790297336,40,,Aggregated,2.500000,0.000000,38000,39000,39000,40000,40000,41000,42000,42000,42000,42000,42000,117,0,38000,37175.07758942731,25333.51012899948,42477.13739599931,13382.888888888889
1790297337,40,,Aggregated,2.500000,0.000000,38000,39000,39000,40000,40000,41000,42000,42000,42000,42000,42000,117,0,38000,37175.07758942731,25333.51012899948,42477.13739599931,13382.888888888889
1790297338,40,,Aggregated,2.500000,0.000000,38000,39000,39000,40000,40000,41000,42000,42000,42000,42000,42000,117,0,38000,37175.07758942731,25333.51012899948,42477.13739599931,13382.888888888889
1790297339,40,,Aggregated,2.500000,0.000000,38000,39000,39000,40000,40000,41000,42000,42000,42000,42000,42000,117,0,38000,37175.07758942731,25333.51012899948,42477.13739599931,13382.888888888889
1790297340,40,,Aggregated,2.500000,0.000000,38000,39000,39000,40000,40000,41000,42000,42000,42000,42000,42000,117,0,38000,37175.07758942731,25333.51012899948,42477.13739599931,13382.888888888889
1790297341,40,,Aggregated,2.500000,0.000000,38000,39000,39000,40000,40000,41000,42000,42000,42000,42000,42000,117,0,38000,37175.07758942731,25333.51012899948,42477.13739599931,13382.888888888889
1790297342,40,,Aggregated,2.500000,0.000000,38000,39000,39000,40000,40000,41000,42000,42000,42000,42000,42000,117,0,38000,37175.07758942731,25333.51012899948,42477.13739599931,13382.888888888889
1790297343,40,,Aggregated,2.500000,0.000000,38000,39000,39000,40000,40000,41000,42000,42000,42000,42000,42000,117,0,38000,37175.07758942731,25333.51012899948,42477.13739599931,13382.888888888889
1790297344,40,,Aggregated,2.500000,0.000000,38000,39000,39000,40000,40000,41000,42000,42000,42000,42000,42000,117,0,38000,37175.07758942731,25333.51012899948,42477.13739599931,13382.888888888889
1790297345,40,,Aggregated,2.500000,0.000000,38000,39000,39000,40000,40000,41000,42000,42000,42000,42000,42000,117,0,38000,37175.07758942731,25333.51012899948,42477.13739599931,13382.888888888889
1790297346,40,,Aggregated,2.500000,0.000000,38000,39000,39000,40000,40000,41000,42000,42000,42000,42000,42000,117,0,38000,37175.07758942731,25333.51012899948,42477.13739599931,13382.888888888889
1790297347,40,,Aggregated,2.500000,0.000000,38000,39000,39000,40000,40000,41000,42000,42000,42000,42000,42000,117,0,38000,37175.07758942731,25333.51012899948,42477.13739599931,13382.888888888889
1790297348,40,,Aggregated,2.500000,0.000000,38000,39000,39000,40000,40000,41000,42000,42000,42000,42000,42000,117,0,38000,37175.07758942731,25333.51012899948,42477.13739599931,13382.888888888889
1790297349,40,,Aggregated,0.000000,0.000000,38000,38000,39000,40000,40000,41000,42000,42000,42000,42000,42000,118,0,38000,37159.1041534491,25333.51012899948,42477.13739599931,13379.584745762711
1790297350,40,,Aggregated,0.000000,0.000000,38000,38000,39000,40000,40000,41000,42000,42000,42000,42000,42000,118,0,38000,37159.1041534491,25333.51012899948,42477.13739599931,13379.584745762711
1790297351,40,,Aggregated,0.000000,0.000000,38000,38000,39000,40000,40000,41000,42000,42000,42000,42000,42000,120,0,38000,37088.32059344996,25333.51012899948,42477.13739599931,13353.316666666668
1790297352,40,,Aggregated,0.000000,0.000000,38000,38000,39000,40000,40000,41000,42000,42000,42000,42000,42000,120,0,38000,37088.32059344996,25333.51012899948,42477.13739599931,13353.316666666668
1790297353,40,,Aggregated,0.100000,0.000000,38000,38000,39000,40000,40000,41000,42000,42000,42000,42000,42000,121,0,38000,37080.21145209914,25333.51012899948,42477.13739599931,13347.644628099173
1790297354,40,,Aggregated,0.100000,0.000000,38000,38000,39000,40000,40000,41000,42000,42000,42000,42000,42000,121,0,38000,37080.21145209914,25333.51012899948,42477.13739599931,13347.644628099173
1790297355,40,,Aggregated,0.400000,0.000000,38000,38000,39000,40000,40000,41000,42000,42000,42000,42000,42000,122,0,38000,37107.93004693441,25333.51012899948,42477.13739599931,13353.926229508197
1790297356,40,,Aggregated,0.400000,0.000000,38000,38000,39000,40000,40000,41000,42000,42000,42000,42000,42000,124,0,38000,37038.727633298375,25333.51012899948,42477.13739599931,13326.556451612903
1790297357,40,,Aggregated,0.400000,0.000000,38000,38000,39000,40000,40000,41000,42000,42000,42000,42000,42000,126,0,38000,37048.35799711905,25333.51012899948,42477.13739599931,13335.484126984127
1790297358,40,,Aggregated,0.400000,0.000000,38000,38000,39000,40000,40000,41000,42000,42000,42000,42000,42000,126,0,38000,37048.35799711905,25333.51012899948,42477.13739599931,13335.484126984127
1790297359,40,,Aggregated,0.800000,0.000000,37000,38000,39000,40000,40000,41000,42000,42000,42000,42000,42000,130,0,37000,37004.700239776925,25333.51012899948,42477.13739599931,13323.16923076923
1790297360,40,,Aggregated,0.900000,0.000000,37000,38000,39000,40000,40000,41000,42000,42000,42000,42000,42000,131,0,37000,37005.075685541975,25333.51012899948,42477.13739599931,13334.946564885497
1790297361,40,,Aggregated,0.900000,0.000000,37000,38000,39000,40000,40000,41000,42000,42000,42000,42000,42000,132,0,37000,37002.38144645455,25333.51012899948,42477.13739599931,13331.287878787878
1790297362,40,,Aggregated,1.100000,0.000000,37000,38000,39000,40000,40000,41000,42000,42000,42000,42000,42000,133,0,37000,37021.69839224811,25333.51012899948,42477.13739599931,13338.353383458647
1790297363,40,,Aggregated,1.200000,0.000000,38000,38000,39000,40000,40000,41000,42000,42000,42000,42000,42000,136,0,38000,37055.63679358089,25333.51012899948,42477.13739599931,13352.95588235294
1790297364,40,,Aggregated,1.300000,0.000000,38000,39000,39000,40000,40000,41000,42000,42000,42000,42000,42000,140,0,38000,37085.51285907142,25333.51012899948,42477.13739599931,13332.15
1790297365,40,,Aggregated,1.300000,0.000000,38000,39000,39000,39000,40000,41000,42000,42000,42000,42000,42000,141,0,38000,37072.82695207803,25333.51012899948,42477.13739599931,13328.120567375887
1790297366,40,,Aggregated,1.300000,0.000000,37000,38000,39000,39000,40000,41000,42000,42000,42000,42000,42000,145,0,37000,37028.04192391032,25333.51012899948,42477.13739599931,13311.441379310345
1790297367,40,,Aggregated,1.800000,0.000000,37000,39000,39000,40000,40000,41000,42000,42000,42000,42000,42000,147,0,37000,37075.635306034004,25333.51012899948,42477.13739599931,13317.0
1790297368,40,,Aggregated,2.100000,0.000000,38000,39000,39000,40000,40000,41000,42000,42000,42000,42000,42000,150,0,38000,37134.8199310333,25333.51012899948,42477.13739599931,13324.24
1790297369,40,,Aggregated,2.200000,0.000000,38000,39000,39000,40000,40000,42000,42000,42000,43000,43000,43000,152,0,38000,37169.866848842066,25333.51012899948,42583.279081998626,13328.223684210527
1790297370,40,,Aggregated,2.200000,0.000000,38000,39000,39000,40000,40000,42000,42000,42000,43000,43000,43000,153,0,38000,37174.68365645094,25333.51012899948,42583.279081998626,13331.450980392157
1790297371,40,,Aggregated,2.200000,0.000000,38000,39000,39000,40000,40000,42000,42000,42000,43000,43000,43000,154,0,38000,37181.86441362334,25333.51012899948,42583.279081998626,13332.564935064935
1790297372,40,,Aggregated,2.300000,0.000000,38000,39000,39000,40000,40000,42000,42000,42000,43000,43000,43000,155,0,38000,37182.41652905804,25333.51012899948,42583.279081998626,13332.245161290322
1790297373,40,,Aggregated,2.300000,0.000000,38000,39000,39000,40000,40000,42000,42000,42000,43000,43000,43000,155,0,38000,37182.41652905804,25333.51012899948,42583.279081998626,13332.245161290322
1790297374,40,,Aggregated,2.300000,0.000000,38000,39000,39000,40000,40000,42000,42000,42000,43000,43000,43000,155,0,38000,37182.41652905804,25333.51012899948,42583.279081998626,13332.245161290322
1790297375,40,,Aggregated,2.300000,0.000000,38000,39000,39000,40000,40000,42000,42000,42000,43000,43000,43000,155,0,38000,37182.41652905804,25333.51012899948,42583.279081998626,13332.245161290322
1790297376,40,,Aggregated,2.300000,0.000000,38000,39000,39000,40000,40000,42000,42000,42000,43000,43000,43000,155,0,38000,37182.41652905804,25333.51012899948,42583.279081998626,13332.245161290322
1790297377,40,,Aggregated,1.600000,0.000000,38000,39000,39000,40000,40000,42000,42000,42000,43000,43000,43000,156,0,38000,37214.855358993584,25333.51012899948,42583.279081998626,13341.416666666666
1790297378,40,,Aggregated,1.600000,0.000000,38000,39000,39000,40000,40000,42000,42000,42000,43000,43000,43000,156,0,38000,37214.855358993584,25333.51012899948,42583.279081998626,13341.416666666666
1790297379,40,,Aggregated,1.600000,0.000000,38000,39000,39000,40000,40000,42000,42000,42000,43000,43000,43000,156,0,38000,37214.855358993584,25333.51012899948,42583.279081998626,13341.416666666666
1790297380,40,,Aggregated,1.600000,0.000000,38000,39000,39000,40000,40000,42000,42000,42000,43000,43000,43000,156,0,38000,37214.855358993584,25333.51012899948,42583.279081998626,13341.416666666666
1790297381,40,,Aggregated,1.600000,0.000000,38000,39000,39000,40000,40000,42000,42000,42000,43000,43000,43000,156,0,38000,37214.855358993584,25333.51012899948,42583.279081998626,13341.416666666666
1790297382,40,,Aggregated,1.600000,0.000000,38000,39000,39000,40000,40000,42000,42000,42000,43000,43000,43000,156,0,38000,37214.855358993584,25333.51012899948,42583.279081998626,13341.416666666666
1790297383,40,,Aggregated,1.600000,0.000000,38000,39000,39000,40000,40000,42000,42000,42000,43000,43000,43000,156,0,38000,37214.855358993584,25333.51012899948,42583.279081998626,13341.416666666666
1790297384,40,,Aggregated,1.600000,0.000000,38000,39000,39000,40000,40000,42000,42000,42000,43000,43000,43000,156,0,38000,37214.855358993584,25333.51012899948,42583.279081998626,13341.416666666666
1790297385,40,,Aggregated,0.100000,0.000000,38000,39000,39000,40000,40000,42000,42000,42000,43000,43000,43000,157,0,38000,37136.010553528635,24836.220900997432,42583.279081998626,13315.006369426752
1790297386,40,,Aggregated,0.100000,0.000000,38000,39000,39000,40000,40000,42000,42000,42000,43000,43000,43000,157,0,38000,37136.010553528635,24836.220900997432,42583.279081998626,13315.006369426752
1790297387,40,,Aggregated,0.100000,0.000000,38000,39000,39000,40000,40000,42000,42000,42000,43000,43000,43000,158,0,38000,37124.519925227825,24836.220900997432,42583.279081998626,13307.139240506329
1790297388,40,,Aggregated,0.100000,0.000000,38000,39000,39000,40000,40000,42000,42000,42000,43000,43000,43000,158,0,38000,37124.519925227825,24836.220900997432,42583.279081998626,13307.139240506329
1790297389,40,,Aggregated,0.100000,0.000000,38000,39000,39000,40000,40000,42000,42000,42000,43000,43000,43000,160,0,38000,37075.95866006247,24836.220900997432,42583.279081998626,13295.86875
1790297390,40,,Aggregated,0.100000,0.000000,38000,39000,39000,40000,40000,42000,42000,42000,43000,43000,43000,160,0,38000,37075.95866006247,24836.220900997432,42583.279081998626,13295.86875
1790297391,40,,Aggregated,0.100000,0.000000,38000,39000,39000,40000,40000,42000,42000,42000,43000,43000,43000,160,0,38000,37075.95866006247,24836.220900997432,42583.279081998626,13295.86875
1790297392,40,,Aggregated,0.200000,0.000000,37000,39000,39000,40000,40000,42000,42000,42000,43000,43000,43000,161,0,37000,37061.81181372667,24836.220900997432,42583.279081998626,13288.509316770187
1790297393,40,,Aggregated,0.200000,0.000000,37000,39000,39000,40000,40000,42000,42000,42000,43000,43000,43000,161,0,37000,37061.81181372667,24836.220900997432,42583.279081998626,13288.509316770187
1790297394,40,,Aggregated,0.500000,0.000000,38000,39000,39000,40000,40000,42000,42000,42000,43000,43000,43000,162,0,38000,37065.13606124687,24836.220900997432,42583.279081998626,13293.41975308642
1790297395,40,,Aggregated,0.500000,0.000000,38000,39000,39000,40000,40000,42000,42000,43000,43000,43000,43000,164,0,38000,37095.33004055484,24836.220900997432,42592.54658300051,13298.829268292682
1790297396,40,,Aggregated,0.500000,0.000000,38000,39000,39000,40000,41000,42000,42000,43000,43000,43000,43000,166,0,38000,37118.06027362047,24836.220900997432,42592.54658300051,13300.331325301206
1790297397,40,,Aggregated,0.600000,0.000000,37000,39000,39000,40000,41000,42000,42000,43000,43000,43000,43000,167,0,37000,37104.63228970657,24836.220900997432,42592.54658300051,13299.137724550897
1790297398,40,,Aggregated,0.600000,0.000000,38000,39000,39000,40000,41000,42000,42000,43000,43000,43000,43000,168,0,38000,37127.41886646427,24836.220900997432,42592.54658300051,13305.214285714286
1790297399,40,,Aggregated,0.800000,0.000000,38000,39000,39000,40000,41000,42000,42000,43000,43000,43000,43000,169,0,38000,37151.08049793488,24836.220900997432,42592.54658300051,13317.218934911243
1790297400,40,,Aggregated,0.900000,0.000000,38000,39000,39000,40000,41000,42000,42000,43000,43000,43000,43000,172,0,38000,37153.602060674384,24836.220900997432,42592.54658300051,13318.488372093023
1790297401,40,,Aggregated,1.100000,0.000000,37000,39000,39000,40000,41000,42000,42000,43000,43000,43000,43000,173,0,37000,37151.20972867047,24836.220900997432,42592.54658300051,13316.658959537572
1790297402,40,,Aggregated,1.200000,0.000000,37000,39000,39000,40000,41000,42000,42000,43000,43000,43000,43000,176,0,37000,37153.12305623857,24836.220900997432,42592.54658300051,13309.90909090909
1790297403,40,,Aggregated,1.200000,0.000000,37000,39000,39000,40000,41000,42000,42000,43000,43000,43000,43000,177,0,37000,37154.24126694909,24836.220900997432,42592.54658300051,13302.666666666666
1790297404,40,,Aggregated,1.200000,0.000000,37000,39000,39000,40000,41000,42000,42000,43000,43000,43000,43000,179,0,37000,37168.18497505581,24836.220900997432,42592.54658300051,13300.35754189944
1790297405,40,,Aggregated,1.500000,0.000000,37000,39000,39000,40000,41000,42000,42000,43000,43000,43000,43000,181,0,37000,37183.344159281696,24836.220900997432,42592.54658300051,13313.243093922652
1790297406,40,,Aggregated,1.800000,0.000000,37000,39000,39000,40000,41000,42000,42000,43000,43000,43000,43000,183,0,37000,37188.32992921302,24836.220900997432,42592.54658300051,13314.513661202185
1790297407,40,,Aggregated,1.800000,0.000000,38000,39000,39000,40000,41000,42000,42000,43000,43000,43000,43000,187,0,38000,37249.9641346737,24836.220900997432,42592.54658300051,13353.689839572193
1790297408,40,,Aggregated,1.700000,0.000000,38000,39000,39000,40000,41000,42000,42000,43000,43000,43000,43000,189,0,38000,37270.47066725918,24836.220900997432,42592.54658300051,13357.238095238095
1790297409,40,,Aggregated,2.100000,0.000000,38000,39000,39000,40000,41000,42000,42000,43000,43000,43000,43000,191,0,38000,37277.86925191092,24836.220900997432,42592.54658300051,13353.80104712042
1790297410,40,,Aggregated,2.000000,0.000000,38000,39000,39000,40000,41000,42000,42000,43000,43000,43000,43000,192,0,38000,37275.360229161386,24836.220900997432,42592.54658300051,13349.822916666666
1790297411,40,,Aggregated,2.000000,0.000000,38000,39000,39000,40000,41000,42000,42000,43000,43000,43000,43000,193,0,38000,37298.019595937745,24836.220900997432,42592.54658300051,13357.932642487047
1790297412,40,,Aggregated,1.900000,0.000000,38000,39000,39000,40000,41000,42000,42000,43000,43000,43000,43000,194,0,38000,37324.965254499926,24836.220900997432,42592.54658300051,13366.494845360825
1790297413,40,,Aggregated,1.900000,0.000000,38000,39000,39000,40000,41000,42000,42000,43000,43000,43000,43000,194,0,38000,37324.965254499926,24836.220900997432,42592.54658300051,13366.494845360825
1790297414,40,,Aggregated,1.900000,0.000000,38000,39000,39000,40000,41000,42000,42000,43000,43000,43000,43000,194,0,38000,37324.965254499926,24836.220900997432,42592.54658300051,13366.494845360825
1790297415,40,,Aggregated,1.900000,0.000000,38000,39000,39000,40000,41000,42000,42000,43000,43000,43000,43000,194,0,38000,37324.965254499926,24836.220900997432,42592.54658300051,13366.494845360825
1790297416,40,,Aggregated,1.900000,0.000000,38000,39000,39000,40000,41000,42000,42000,43000,43000,43000,43000,194,0,38000,37324.965254499926,24836.220900997432,42592.54658300051,13366.494845360825
1790297417,40,,Aggregated,1.900000,0.000000,38000,39000,39000,40000,41000,42000,42000,43000,43000,43000,43000,194,0,38000,37324.965254499926,24836.220900997432,42592.54658300051,13366.494845360825
1790297418,40,,Aggregated,1.200000,0.000000,38000,39000,39000,40000,41000,42000,42000,43000,43000,43000,43000,195,0,38000,37340.31210991788,24836.220900997432,42592.54658300051,13376.805128205127
1790297419,40,,Aggregated,1.200000,0.000000,38000,39000,39000,40000,41000,42000,42000,43000,43000,43000,43000,195,0,38000,37340.31210991788,24836.220900997432,42592.54658300051,13376.805128205127
1790297420,40,,Aggregated,1.200000,0.000000,38000,39000,39000,40000,41000,42000,42000,43000,43000,43000,43000,195,0,38000,37340.31210991788,24836.220900997432,42592.54658300051,13376.805128205127
1790297421,40,,Aggregated,1.200000,0.000000,38000,39000,39000,40000,41000,42000,42000,43000,43000,43000,43000,195,0,38000,37340.31210991788,24836.220900997432,42592.54658300051,13376.805128205127
1790297422,40,,Aggregated,1.200000,0.000000,38000,39000,39000,40000,41000,42000,42000,43000,43000,43000,43000,195,0,38000,37340.31210991788,24836.220900997432,42592.54658300051,13376.805128205127
1790297423,40,,Aggregated,1.200000,0.000000,38000,39000,39000,40000,41000,42000,42000,43000,43000,43000,43000,195,0,38000,37340.31210991788,24836.220900997432,42592.54658300051,13376.805128205127
1790297424,40,,Aggregated,0.200000,0.000000,38000,39000,39000,40000,41000,42000,42000,43000,43000,43000,43000,196,0,38000,37285.21005205605,24836.220900997432,42592.54658300051,13356.285714285714
1790297425,40,,Aggregated,0.200000,0.000000,38000,39000,39000,40000,41000,42000,42000,43000,43000,43000,43000,197,0,38000,37287.21712435018,24836.220900997432,42592.54658300051,13357.989847715737
1790297426,40,,Aggregated,0.200000,0.000000,38000,39000,39000,40000,41000,42000,42000,43000,43000,43000,43000,197,0,38000,37287.21712435018,24836.220900997432,42592.54658300051,13357.989847715737
1790297427,40,,Aggregated,0.100000,0.000000,38000,39000,39000,40000,41000,42000,42000,43000,43000,43000,43000,198,0,38000,37279.63863222215,24836.220900997432,42592.54658300051,13353.287878787878
1790297428,40,,Aggregated,0.300000,0.000000,38000,39000,39000,40000,41000,42000,42000,43000,43000,43000,43000,199,0,38000,37292.89442892957,24836.220900997432,42592.54658300051,13358.125628140704
1790297429,40,,Aggregated,0.300000,0.000000,38000,39000,39000,40000,41000,42000,42000,43000,43000,43000,43000,199,0,38000,37292.89442892957,24836.220900997432,42592.54658300051,13358.125628140704
1790297430,40,,Aggregated,0.300000,0.000000,38000,39000,39000,40000,41000,42000,42000,43000,43000,43000,43000,199,0,38000,37292.89442892957,24836.220900997432,42592.54658300051,13358.125628140704
1790297431,40,,Aggregated,0.400000,0.000000,38000,39000,40000,40000,41000,42000,42000,43000,43000,43000,43000,200,0,38000,37311.378754829915,24836.220900997432,42592.54658300051,13365.47
1790297432,40,,Aggregated,0.400000,0.000000,38000,39000,39000,40000,41000,42000,42000,43000,43000,43000,43000,201,0,38000,37320.478330109356,24836.220900997432,42592.54658300051,13369.109452736318
1790297433,40,,Aggregated,0.400000,0.000000,38000,39000,39000,40000,41000,42000,42000,43000,43000,43000,43000,202,0,38000,37293.19281292069,24836.220900997432,42592.54658300051,13356.064356435643
1790297434,40,,Aggregated,0.500000,0.000000,38000,39000,39000,40000,41000,42000,42000,43000,43000,43000,43000,203,0,38000,37293.45990534966,24836.220900997432,42592.54658300051,13357.600985221676
1790297435,40,,Aggregated,0.500000,0.000000,38000,39000,39000,40000,41000,42000,42000,43000,43000,43000,43000,204,0,38000,37285.74278256363,24836.220900997432,42592.54658300051,13352.191176470587
1790297436,40,,Aggregated,0.700000,0.000000,38000,39000,40000,40000,41000,42000,42000,43000,43000,43000,43000,206,0,38000,37314.03064362613,24836.220900997432,42592.54658300051,13355.922330097088
1790297437,40,,Aggregated,0.700000,0.000000,38000,39000,40000,40000,41000,42000,42000,43000,43000,43000,43000,206,0,38000,37314.03064362613,24836.220900997432,42592.54658300051,13355.922330097088
1790297438,40,,Aggregated,0.700000,0.000000,38000,39000,40000,40000,41000,42000,42000,43000,43000,43000,43000,209,0,38000,37307.77943938747,24836.220900997432,42592.54658300051,13358.555023923445
1790297439,40,,Aggregated,0.800000,0.000000,38000,39000,40000,40000,41000,42000,42000,43000,43000,43000,43000,212,0,38000,37326.08965823577,24836.220900997432,42592.54658300051,13363.221698113208
1790297440,40,,Aggregated,0.800000,0.000000,38000,39000,40000,40000,41000,42000,42000,43000,43000,43000,43000,214,0,38000,37320.01678447653,24836.220900997432,42592.54658300051,13357.719626168224
1790297441,40,,Aggregated,0.800000,0.000000,38000,39000,40000,40000,41000,42000,42000,43000,43000,43000,43000,215,0,38000,37310.75302237198,24836.220900997432,42592.54658300051,13351.916279069768
1790297442,40,,Aggregated,1.300000,0.000000,38000,39000,40000,40000,41000,42000,42000,43000,43000,43000,43000,218,0,38000,37290.79993980723,24836.220900997432,42592.54658300051,13354.87614678899
1790297443,40,,Aggregated,1.300000,0.000000,38000,39000,40000,40000,41000,42000,42000,43000,43000,43000,43000,218,0,38000,37290.79993980723,24836.220900997432,42592.54658300051,13354.87614678899
1790297444,40,,Aggregated,1.600000,0.000000,37000,39000,40000,40000,41000,42000,42000,43000,43000,43000,43000,221,0,37000,37299.32604081437,24836.220900997432,42592.54658300051,13363.076923076924
1790297445,40,,Aggregated,1.700000,0.000000,38000,39000,40000,40000,41000,42000,42000,43000,43000,43000,43000,222,0,38000,37318.68977245483,24836.220900997432,42592.54658300051,13369.954954954956
1790297446,40,,Aggregated,1.600000,0.000000,38000,39000,40000,40000,41000,42000,42000,43000,43000,43000,43000,224,0,38000,37317.93086151774,24836.220900997432,42592.54658300051,13366.61607142857
1790297447,40,,Aggregated,1.700000,0.000000,38000,39000,40000,40000,41000,42000,42000,43000,43000,43000,43000,226,0,38000,37330.94218488926,24836.220900997432,42592.54658300051,13370.252212389381
1790297448,40,,Aggregated,1.900000,0.000000,38000,39000,40000,40000,41000,42000,42000,43000,43000,43000,43000,228,0,38000,37347.28315292094,24836.220900997432,42592.54658300051,13374.416666666666
1790297449,40,,Aggregated,1.900000,0.000000,38000,39000,40000,40000,41000,42000,42000,43000,43000,43000,43000,229,0,38000,37361.083411069776,24836.220900997432,42592.54658300051,13376.35807860262
1790297450,40,,Aggregated,2.000000,0.000000,38000,39000,40000,40000,41000,42000,42000,43000,43000,43000,43000,230,0,38000,37370.141461065126,24836.220900997432,42592.54658300051,13377.53043478261
1790297451,40,,Aggregated,1.800000,0.000000,38000,39000,40000,40000,41000,42000,42000,43000,43000,43000,43000,232,0,38000,37398.16571694818,24836.220900997432,42592.54658300051,13386.913793103447
1790297452,40,,Aggregated,1.800000,0.000000,38000,39000,40000,40000,41000,42000,42000,43000,43000,43000,43000,232,0,38000,37398.16571694818,24836.220900997432,42592.54658300051,13386.913793103447
1790297453,40,,Aggregated,1.800000,0.000000,38000,39000,40000,40000,41000,42000,42000,43000,43000,43000,43000,232,0,38000,37398.16571694818,24836.220900997432,42592.54658300051,13386.913793103447
1790297454,40,,Aggregated,1.600000,0.000000,38000,39000,40000,40000,41000,42000,42000,43000,43000,43000,43000,233,0,38000,37415.16249965655,24836.220900997432,42592.54658300051,13391.017167381975
1790297455,40,,Aggregated,1.600000,0.000000,38000,39000,40000,40000,41000,42000,42000,43000,43000,43000,43000,233,0,38000,37415.16249965655,24836.220900997432,42592.54658300051,13391.017167381975
1790297456,40,,Aggregated,1.600000,0.000000,38000,39000,40000,40000,41000,42000,42000,43000,43000,43000,43000,233,0,38000,37415.16249965655,24836.220900997432,42592.54658300051,13391.017167381975
1790297457,40,,Aggregated,1.600000,0.000000,38000,39000,40000,40000,41000,42000,42000,43000,43000,43000,43000,233,0,38000,37415.16249965655,24836.220900997432,42592.54658300051,13391.017167381975
1790297458,40,,Aggregated,1.600000,0.000000,38000,39000,40000,40000,41000,42000,42000,43000,43000,43000,43000,233,0,38000,37415.16249965655,24836.220900997432,42592.54658300051,13391.017167381975
1790297459,40,,Aggregated,0.800000,0.000000,38000,39000,40000,40000,41000,42000,42000,43000,43000,43000,43000,234,0,38000,37381.091228593905,24836.220900997432,42592.54658300051,13384.111111111111
1790297460,40,,Aggregated,0.800000,0.000000,38000,39000,40000,40000,41000,42000,42000,43000,43000,43000,43000,234,0,38000,37381.091228593905,24836.220900997432,42592.54658300051,13384.111111111111
1790297461,40,,Aggregated,0.500000,0.000000,38000,39000,40000,40000,41000,42000,42000,43000,43000,43000,43000,235,0,38000,37398.236119263725,24836.220900997432,42592.54658300051,13393.60425531915
1790297462,40,,Aggregated,0.500000,0.000000,38000,39000,40000,40000,41000,42000,42000,43000,43000,43000,43000,235,0,38000,37398.236119263725,24836.220900997432,42592.54658300051,13393.60425531915
1790297463,40,,Aggregated,0.500000,0.000000,38000,39000,40000,40000,41000,42000,42000,43000,43000,43000,43000,235,0,38000,37398.236119263725,24836.220900997432,42592.54658300051,13393.60425531915
1790297464,40,,Aggregated,0.500000,0.000000,38000,39000,40000,40000,41000,42000,42000,43000,43000,43000,43000,235,0,38000,37398.236119263725,24836.220900997432,42592.54658300051,13393.60425531915
1790297465,40,,Aggregated,0.300000,0.000000,38000,39000,40000,40000,41000,42000,42000,43000,43000,43000,43000,236,0,38000,37407.28565903379,24836.220900997432,42592.54658300051,13395.322033898305
1790297466,40,,Aggregated,0.300000,0.000000,38000,39000,40000,40000,41000,42000,42000,43000,43000,43000,43000,237,0,38000,37419.79470792815,24836.220900997432,42592.54658300051,13398.713080168776
1790297467,40,,Aggregated,0.300000,0.000000,38000,39000,40000,40000,41000,42000,42000,43000,43000,43000,43000,237,0,38000,37419.79470792815,24836.220900997432,42592.54658300051,13398.713080168776
1790297469,40,,Aggregated,0.300000,0.000000,38000,39000,40000,40000,41000,42000,42000,43000,43000,43000,43000,237,0,38000,37419.79470792815,24836.220900997432,42592.54658300051,13398.713080168776
1790297470,40,,Aggregated,0.400000,0.000000,38000,39000,40000,40000,41000,42000,42000,43000,43000,43000,43000,240,0,38000,37413.82139906656,24836.220900997432,42592.54658300051,13394.141666666666
1790297471,40,,Aggregated,0.400000,0.000000,38000,39000,40000,40000,41000,42000,42000,43000,43000,43000,43000,241,0,38000,37412.21276623225,24836.220900997432,42592.54658300051,13392.273858921162
1790297472,40,,Aggregated,0.400000,0.000000,38000,39000,40000,40000,41000,42000,42000,43000,43000,43000,43000,241,0,38000,37412.21276623225,24836.220900997432,42592.54658300051,13392.273858921162
1790297473,40,,Aggregated,0.400000,0.000000,38000,39000,40000,40000,41000,42000,42000,43000,43000,43000,43000,241,0,38000,37412.21276623225,24836.220900997432,42592.54658300051,13392.273858921162
1790297474,40,,Aggregated,0.400000,0.000000,38000,39000,40000,40000,41000,42000,42000,43000,43000,43000,43000,241,0,38000,37412.21276623225,24836.220900997432,42592.54658300051,13392.273858921162
1790297475,40,,Aggregated,0.400000,0.000000,38000,39000,40000,40000,41000,42000,42000,43000,43000,43000,43000,241,0,38000,37412.21276623225,24836.220900997432,42592.54658300051,13392.273858921162
1790297476,40,,Aggregated,0.600000,0.000000,38000,39000,40000,40000,41000,42000,42000,43000,43000,43000,43000,243,0,38000,37427.75562215217,24836.220900997432,42592.54658300051,13395.246913580248
1790297477,40,,Aggregated,0.600000,0.000000,38000,39000,40000,40000,41000,42000,42000,43000,43000,43000,43000,247,0,38000,37415.12198830761,24836.220900997432,42592.54658300051,13385.882591093117
1790297478,40,,Aggregated,0.600000,0.000000,38000,39000,40000,40000,41000,42000,42000,43000,43000,43000,43000,247,0,38000,37415.12198830761,24836.220900997432,42592.54658300051,13385.882591093117
1790297479,40,,Aggregated,0.700000,0.000000,38000,39000,40000,40000,41000,42000,42000,43000,43000,43000,43000,249,0,38000,37428.405618891506,24836.220900997432,42647.2234890025,13391.14859437751
1790297480,40,,Aggregated,1.000000,0.000000,38000,39000,40000,40000,41000,42000,42000,43000,43000,43000,43000,250,0,38000,37437.515849215946,24836.220900997432,42647.2234890025,13394.04
1790297481,40,,Aggregated,1.000000,0.000000,38000,39000,40000,40000,41000,42000,42000,43000,43000,43000,43000,254,0,38000,37474.550265216494,24836.220900997432,42647.2234890025,13399.444881889764
1790297482,40,,Aggregated,1.000000,0.000000,38000,39000,40000,40000,41000,42000,42000,43000,43000,43000,43000,258,0,38000,37466.283875139474,24836.220900997432,42647.2234890025,13397.403100775195
1790297483,40,,Aggregated,1.000000,0.000000,38000,39000,40000,40000,41000,42000,42000,43000,43000,43000,43000,260,0,38000,37435.38886227303,24836.220900997432,42647.2234890025,13391.346153846154
1790297484,40,,Aggregated,1.300000,0.000000,38000,39000,40000,40000,41000,42000,42000,43000,43000,43000,43000,261,0,38000,37445.437994842876,24836.220900997432,42647.2234890025,13395.973180076628
1790297485,40,,Aggregated,1.600000,0.000000,38000,39000,40000,40000,41000,42000,42000,43000,43000,43000,43000,262,0,38000,37439.23188133202,24836.220900997432,42647.2234890025,13390.312977099236
1790297486,40,,Aggregated,1.900000,0.000000,38000,39000,40000,40000,41000,42000,42000,43000,43000,43000,43000,263,0,38000,37432.33721707601,24836.220900997432,42647.2234890025,13383.197718631178
1790297487,40,,Aggregated,2.000000,0.000000,38000,39000,40000,40000,41000,42000,42000,43000,43000,43000,43000,264,0,38000,37437.25551658708,24836.220900997432,42647.2234890025,13386.401515151516
1790297488,40,,Aggregated,2.000000,0.000000,38000,39000,40000,40000,41000,42000,42000,43000,43000,43000,43000,267,0,38000,37445.887488441906,24836.220900997432,42647.2234890025,13387.2734082397
1790297489,40,,Aggregated,2.000000,0.000000,38000,39000,40000,40000,41000,42000,42000,43000,43000,43000,43000,269,0,38000,37471.20020136057,24836.220900997432,42647.2234890025,13395.260223048328
1790297490,40,,Aggregated,2.000000,0.000000,38000,39000,40000,40000,41000,42000,42000,43000,43000,43000,43000,269,0,38000,37471.20020136057,24836.220900997432,42647.2234890025,13395.260223048328
1790297491,40,,Aggregated,1.800000,0.000000,38000,39000,40000,40000,41000,42000,42000,43000,43000,43000,43000,270,0,38000,37460.98841887034,24836.220900997432,42647.2234890025,13389.651851851851
1790297492,40,,Aggregated,2.000000,0.000000,38000,39000,40000,40000,41000,42000,42000,43000,43000,43000,43000,271,0,38000,37467.476317188164,24836.220900997432,42647.2234890025,13389.70110701107
1790297493,40,,Aggregated,1.900000,0.000000,38000,39000,40000,40000,41000,42000,42000,43000,43000,43000,43000,272,0,38000,37480.2675003088,24836.220900997432,42647.2234890025,13392.496323529413
1790297494,40,,Aggregated,1.900000,0.000000,38000,39000,40000,40000,41000,42000,42000,43000,43000,43000,43000,272,0,38000,37480.2675003088,24836.220900997432,42647.2234890025,13392.496323529413
1790297495,40,,Aggregated,1.900000,0.000000,38000,39000,40000,40000,41000,42000,42000,43000,43000,43000,43000,272,0,38000,37480.2675003088,24836.220900997432,42647.2234890025,13392.496323529413
1790297496,40,,Aggregated,1.900000,0.000000,38000,39000,40000,40000,41000,42000,42000,43000,43000,43000,43000,272,0,38000,37480.2675003088,24836.220900997432,42647.2234890025,13392.496323529413
1790297497,40,,Aggregated,1.900000,0.000000,38000,39000,40000,40000,41000,42000,42000,43000,43000,43000,43000,272,0,38000,37480.2675003088,24836.220900997432,42647.2234890025,13392.496323529413
1790297498,40,,Aggregated,0.900000,0.000000,38000,39000,40000,40000,41000,42000,42000,43000,43000,43000,43000,273,0,38000,37473.46362939191,24836.220900997432,42647.2234890025,13387.12087912088
1790297499,40,,Aggregated,0.900000,0.000000,38000,39000,40000,40000,41000,42000,42000,43000,43000,43000,43000,274,0,38000,37475.40835927733,24836.220900997432,42647.2234890025,13385.503649635037
1790297500,40,,Aggregated,0.900000,0.000000,38000,39000,40000,40000,41000,42000,42000,43000,43000,43000,43000,274,0,38000,37475.40835927733,24836.220900997432,42647.2234890025,13385.503649635037
1790297501,40,,Aggregated,0.900000,0.000000,38000,39000,40000,40000,41000,42000,42000,43000,43000,43000,43000,274,0,38000,37475.40835927733,24836.220900997432,42647.2234890025,13385.503649635037
1790297502,40,,Aggregated,0.900000,0.000000,38000,39000,40000,40000,41000,42000,42000,43000,43000,43000,43000,274,0,38000,37475.40835927733,24836.220900997432,42647.2234890025,13385.503649635037
1790297503,40,,Aggregated,0.900000,0.000000,38000,39000,40000,40000,41000,42000,42000,43000,43000,43000,43000,274,0,38000,37475.40835927733,24836.220900997432,42647.2234890025,13385.503649635037
1790297504,40,,Aggregated,0.400000,0.000000,38000,39000,40000,40000,41000,42000,42000,43000,43000,43000,43000,275,0,38000,37470.46980334906,24836.220900997432,42647.2234890025,13383.152727272727
1790297505,40,,Aggregated,0.400000,0.000000,38000,39000,40000,40000,41000,42000,42000,43000,43000,43000,43000,275,0,38000,37470.46980334906,24836.220900997432,42647.2234890025,13383.152727272727
1790297506,40,,Aggregated,0.400000,0.000000,38000,39000,40000,40000,41000,42000,42000,43000,43000,43000,43000,275,0,38000,37470.46980334906,24836.220900997432,42647.2234890025,13383.152727272727
1790297507,40,,Aggregated,0.300000,0.000000,38000,39000,40000,40000,41000,42000,42000,43000,43000,43000,43000,276,0,38000,37478.65489177895,24836.220900997432,42647.2234890025,13386.800724637682
1790297508,40,,Aggregated,0.300000,0.000000,38000,39000,40000,40000,41000,42000,42000,43000,43000,43000,43000,276,0,38000,37478.65489177895,24836.220900997432,42647.2234890025,13386.800724637682
1790297509,40,,Aggregated,0.400000,0.000000,38000,39000,40000,40000,41000,42000,42000,43000,43000,43000,43000,277,0,38000,37482.456012978306,24836.220900997432,42647.2234890025,13388.014440433213
1790297510,40,,Aggregated,0.400000,0.000000,38000,39000,40000,40000,41000,42000,42000,43000,43000,43000,43000,277,0,38000,37482.456012978306,24836.220900997432,42647.2234890025,13388.014440433213
1790297511,40,,Aggregated,0.200000,0.000000,38000,39000,40000,40000,41000,42000,42000,43000,43000,43000,43000,278,0,38000,37491.33108575895,24836.220900997432,42647.2234890025,13388.51438848921
1790297512,40,,Aggregated,0.300000,0.000000,38000,39000,40000,40000,41000,42000,42000,43000,43000,43000,43000,279,0,38000,37503.78806220067,24836.220900997432,42647.2234890025,13392.186379928315
1790297513,40,,Aggregated,0.300000,0.000000,38000,39000,40000,40000,41000,42000,42000,43000,43000,43000,43000,282,0,38000,37501.31047239358,24836.220900997432,42647.2234890025,13393.113475177304
1790297514,40,,Aggregated,0.300000,0.000000,38000,39000,40000,40000,41000,42000,42000,43000,43000,43000,43000,283,0,38000,37493.16095030738,24836.220900997432,42647.2234890025,13391.579505300353
1790297515,40,,Aggregated,0.600000,0.000000,38000,39000,40000,40000,41000,42000,42000,43000,43000,43000,43000,284,0,38000,37482.17244546828,24836.220900997432,42647.2234890025,13390.383802816901
1790297516,40,,Aggregated,0.600000,0.000000,38000,39000,40000,40000,41000,42000,42000,43000,43000,43000,43000,285,0,38000,37484.752837926295,24836.220900997432,42647.2234890025,13387.305263157894
1790297517,40,,Aggregated,0.800000,0.000000,38000,39000,40000,40000,41000,42000,42000,43000,43000,43000,43000,288,0,38000,37481.531864322875,24836.220900997432,42647.2234890025,13385.291666666666
1790297518,40,,Aggregated,0.800000,0.000000,38000,39000,40000,40000,41000,42000,42000,43000,43000,43000,43000,289,0,38000,37477.39353770585,24836.220900997432,42647.2234890025,13384.314878892734
1790297519,40,,Aggregated,1.200000,0.000000,38000,39000,40000,40000,41000,42000,42000,43000,43000,43000,43000,293,0,38000,37482.409477931724,24836.220900997432,42647.2234890025,13389.126279863482
1790297520,40,,Aggregated,1.300000,0.000000,38000,39000,40000,40000,41000,42000,42000,43000,43000,43000,43000,294,0,38000,37478.44263594556,24836.220900997432,42647.2234890025,13388.761904761905
1790297521,40,,Aggregated,1.300000,0.000000,38000,39000,40000,40000,41000,42000,42000,43000,43000,43000,43000,295,0,38000,37479.264218515236,24836.220900997432,42647.2234890025,13390.440677966102
1790297522,40,,Aggregated,1.500000,0.000000,38000,39000,40000,40000,41000,42000,42000,43000,43000,43000,43000,297,0,38000,37479.776079299656,24836.220900997432,42647.2234890025,13389.20202020202
1790297523,40,,Aggregated,1.800000,0.000000,38000,39000,40000,40000,41000,42000,42000,43000,43000,43000,43000,300,0,38000,37489.199233376654,24836.220900997432,42647.2234890025,13390.93
1790297524,40,,Aggregated,1.800000,0.000000,38000,39000,40000,40000,41000,42000,42000,43000,43000,43000,43000,302,0,38000,37500.89793796355,24836.220900997432,42647.2234890025,13393.973509933774
1790297525,40,,Aggregated,1.900000,0.000000,38000,39000,40000,40000,41000,42000,42000,43000,43000,43000,43000,305,0,38000,37485.899815455705,24836.220900997432,42647.2234890025,13386.813114754099
1790297526,40,,Aggregated,1.900000,0.000000,38000,39000,40000,40000,41000,42000,42000,43000,43000,43000,43000,305,0,38000,37485.899815455705,24836.220900997432,42647.2234890025,13386.813114754099
1790297527,40,,Aggregated,2.000000,0.000000,38000,39000,40000,40000,41000,42000,42000,43000,43000,43000,43000,306,0,38000,37485.94030734964,24836.220900997432,42647.2234890025,13385.238562091503
1790297528,40,,Aggregated,2.000000,0.000000,38000,39000,40000,40000,41000,42000,42000,43000,43000,43000,43000,307,0,38000,37476.81299288923,24836.220900997432,42647.2234890025,13382.42345276873
1790297529,40,,Aggregated,2.000000,0.000000,38000,39000,40000,40000,41000,42000,42000,43000,43000,43000,43000,307,0,38000,37476.81299288923,24836.220900997432,42647.2234890025,13382.42345276873
1790297530,40,,Aggregated,1.700000,0.000000,38000,39000,40000,40000,41000,42000,42000,43000,43000,43000,43000,308,0,38000,37485.83575569802,24836.220900997432,42647.2234890025,13386.412337662337
1790297531,40,,Aggregated,1.600000,0.000000,38000,39000,40000,40000,41000,42000,42000,43000,43000,43000,43000,310,0,38000,37500.03368456449,24836.220900997432,42647.2234890025,13392.03870967742
1790297532,40,,Aggregated,1.600000,0.000000,38000,39000,40000,40000,41000,42000,42000,43000,43000,43000,43000,310,0,38000,37500.03368456449,24836.220900997432,42647.2234890025,13392.03870967742
1790297533,40,,Aggregated,1.500000,0.000000,38000,39000,40000,40000,41000,42000,42000,43000,43000,43000,43000,311,0,38000,37503.36912827328,24836.220900997432,42647.2234890025,13393.012861736335
1790297534,40,,Aggregated,1.500000,0.000000,38000,39000,40000,40000,41000,42000,42000,43000,43000,43000,43000,311,0,38000,37503.36912827328,24836.220900997432,42647.2234890025,13393.012861736335
1790297535,40,,Aggregated,1.500000,0.000000,38000,39000,40000,40000,41000,42000,42000,43000,43000,43000,43000,311,0,38000,37503.36912827328,24836.220900997432,42647.2234890025,13393.012861736335
1790297536,40,,Aggregated,1.500000,0.000000,38000,39000,40000,40000,41000,42000,42000,43000,43000,43000,43000,311,0,38000,37503.36912827328,24836.220900997432,42647.2234890025,13393.012861736335
1790297537,40,,Aggregated,0.800000,0.000000,38000,39000,40000,40000,41000,42000,42000,43000,43000,43000,43000,312,0,38000,37502.856427650615,24836.220900997432,42647.2234890025,13394.86858974359
1790297538,40,,Aggregated,0.800000,0.000000,38000,39000,40000,40000,41000,42000,42000,43000,43000,43000,43000,312,0,38000,37502.856427650615,24836.220900997432,42647.2234890025,13394.86858974359
1790297539,40,,Aggregated,0.800000,0.000000,38000,39000,40000,40000,41000,42000,42000,43000,43000,43000,43000,312,0,38000,37502.856427650615,24836.220900997432,42647.2234890025,13394.86858974359
1790297540,40,,Aggregated,0.800000,0.000000,38000,39000,40000,40000,41000,42000,42000,43000,43000,43000,43000,312,0,38000,37502.856427650615,24836.220900997432,42647.2234890025,13394.86858974359
1790297541,40,,Aggregated,0.800000,0.000000,38000,39000,40000,40000,41000,42000,42000,43000,43000,43000,43000,312,0,38000,37502.856427650615,24836.220900997432,42647.2234890025,13394.86858974359
1790297542,40,,Aggregated,0.800000,0.000000,38000,39000,40000,40000,41000,42000,42000,43000,43000,43000,43000,312,0,38000,37502.856427650615,24836.220900997432,42647.2234890025,13394.86858974359
1790297543,40,,Aggregated,0.400000,0.000000,38000,39000,40000,40000,41000,42000,42000,43000,43000,43000,43000,313,0,38000,37519.28320749838,24836.220900997432,42647.2234890025,13399.597444089457
1790297544,40,,Aggregated,0.400000,0.000000,38000,39000,40000,40000,41000,42000,42000,43000,43000,43000,43000,313,0,38000,37519.28320749838,24836.220900997432,42647.2234890025,13399.597444089457
1790297545,40,,Aggregated,0.200000,0.000000,38000,39000,40000,40000,41000,42000,42000,43000,43000,43000,43000,314,0,38000,37478.29410323884,24648.704470000666,42647.2234890025,13384.713375796178
1790297546,40,,Aggregated,0.200000,0.000000,38000,39000,40000,40000,41000,42000,42000,43000,43000,43000,43000,314,0,38000,37478.29410323884,24648.704470000666,42647.2234890025,13384.713375796178
1790297547,40,,Aggregated,0.200000,0.000000,38000,39000,40000,40000,41000,42000,42000,43000,43000,43000,43000,314,0,38000,37478.29410323884,24648.704470000666,42647.2234890025,13384.713375796178
1790297548,40,,Aggregated,0.200000,0.000000,38000,39000,40000,40000,41000,42000,42000,43000,43000,43000,43000,316,0,38000,37494.143823933526,24648.704470000666,42647.2234890025,13388.25
1790297549,40,,Aggregated,0.300000,0.000000,38000,39000,40000,40000,41000,42000,42000,43000,43000,43000,43000,319,0,38000,37495.74627892788,24648.704470000666,42647.2234890025,13388.98119122257
1790297550,40,,Aggregated,0.300000,0.000000,38000,39000,40000,40000,41000,42000,42000,43000,43000,43000,43000,319,0,38000,37495.74627892788,24648.704470000666,42647.2234890025,13388.98119122257
1790297551,40,,Aggregated,0.300000,0.000000,38000,39000,40000,40000,41000,42000,42000,43000,43000,43000,43000,319,0,38000,37495.74627892788,24648.704470000666,42647.2234890025,13388.98119122257
1790297552,40,,Aggregated,0.500000,0.000000,38000,39000,40000,40000,41000,42000,42000,43000,43000,43000,43000,320,0,38000,37496.134985665594,24648.704470000666,42647.2234890025,13389.45
1790297553,40,,Aggregated,0.700000,0.000000,38000,39000,40000,40000,41000,42000,42000,43000,43000,43000,43000,321,0,38000,37499.656625778785,24648.704470000666,42647.2234890025,13389.781931464175
1790297554,40,,Aggregated,0.800000,0.000000,38000,39000,40000,40000,41000,42000,42000,43000,43000,43000,43000,323,0,38000,37501.17977434055,24648.704470000666,42647.2234890025,13390.684210526315
1790297555,40,,Aggregated,0.800000,0.000000,38000,39000,40000,40000,41000,42000,42000,43000,43000,43000,43000,325,0,38000,37512.27636611077,24648.704470000666,42647.2234890025,13393.544615384615
1790297556,40,,Aggregated,0.900000,0.000000,38000,39000,40000,40000,41000,42000,42000,43000,43000,43000,43000,327,0,38000,37505.820397761454,24648.704470000666,42647.2234890025,13389.443425076453
1790297557,40,,Aggregated,1.000000,0.000000,38000,39000,40000,40000,41000,42000,42000,43000,43000,43000,43000,328,0,38000,37498.180551935955,24648.704470000666,42647.2234890025,13388.646341463415
1790297558,40,,Aggregated,1.000000,0.000000,38000,39000,40000,40000,41000,42000,42000,43000,43000,43000,43000,328,0,38000,37498.180551935955,24648.704470000666,42647.2234890025,13388.646341463415
1790297559,40,,Aggregated,1.300000,0.000000,38000,39000,40000,40000,41000,42000,42000,43000,43000,43000,43000,333,0,38000,37513.69667421921,24648.704470000666,42647.2234890025,13393.14114114114
1790297560,40,,Aggregated,1.200000,0.000000,38000,39000,40000,40000,41000,42000,42000,43000,43000,43000,43000,334,0,38000,37522.34088566766,24648.704470000666,42647.2234890025,13394.964071856288
1790297561,40,,Aggregated,1.300000,0.000000,38000,39000,40000,40000,41000,42000,42000,43000,43000,43000,43000,335,0,38000,37518.54088148656,24648.704470000666,42647.2234890025,13393.674626865672
1790297562,40,,Aggregated,1.300000,0.000000,38000,39000,40000,40000,41000,42000,42000,43000,43000,43000,43000,336,0,38000,37529.61154186904,24648.704470000666,42647.2234890025,13397.613095238095
1790297563,40,,Aggregated,1.500000,0.000000,38000,39000,40000,40000,41000,42000,42000,43000,43000,43000,43000,337,0,38000,37540.480765964385,24648.704470000666,42647.2234890025,13399.19881305638
1790297564,40,,Aggregated,1.600000,0.000000,38000,39000,40000,40000,41000,42000,42000,43000,43000,43000,43000,340,0,38000,37552.152261947056,24648.704470000666,42647.2234890025,13403.323529411764
1790297565,40,,Aggregated,1.600000,0.000000,38000,39000,40000,40000,41000,42000,42000,43000,43000,43000,43000,340,0,38000,37552.152261947056,24648.704470000666,42647.2234890025,13403.323529411764
1790297566,40,,Aggregated,1.500000,0.000000,38000,39000,40000,40000,41000,42000,42000,43000,43000,43000,43000,342,0,38000,37560.55591564328,24648.704470000666,42647.2234890025,13408.75730994152
1790297567,40,,Aggregated,1.700000,0.000000,38000,39000,40000,40000,41000,42000,42000,43000,43000,43000,43000,343,0,38000,37572.46056029155,24648.704470000666,42647.2234890025,13412.31778425656
1790297568,40,,Aggregated,1.500000,0.000000,38000,39000,40000,40000,41000,42000,42000,43000,43000,43000,43000,347,0,38000,37585.50666034007,24648.704470000666,42647.2234890025,13411.164265129682
1790297569,40,,Aggregated,1.500000,0.000000,38000,39000,40000,40000,41000,42000,42000,43000,43000,43000,43000,348,0,38000,37598.9616588161,24648.704470000666,42647.2234890025,13416.8591954023
1790297570,40,,Aggregated,1.500000,0.000000,38000,39000,40000,40000,41000,42000,42000,43000,43000,43000,43000,348,0,38000,37598.9616588161,24648.704470000666,42647.2234890025,13416.8591954023
1790297571,40,,Aggregated,1.500000,0.000000,38000,39000,40000,40000,41000,42000,42000,43000,43000,43000,43000,348,0,38000,37598.9616588161,24648.704470000666,42647.2234890025,13416.8591954023
1790297572,40,,Aggregated,1.500000,0.000000,38000,39000,40000,40000,41000,42000,42000,43000,43000,43000,43000,349,0,38000,37601.72571420058,24648.704470000666,42647.2234890025,13416.767908309455
1790297573,40,,Aggregated,1.500000,0.000000,38000,39000,40000,40000,41000,42000,42000,43000,43000,43000,43000,349,0,38000,37601.72571420058,24648.704470000666,42647.2234890025,13416.767908309455
1790297574,40,,Aggregated,1.200000,0.000000,38000,39000,40000,40000,41000,42000,42000,43000,43000,43000,43000,350,0,38000,37614.28990954858,24648.704470000666,42647.2234890025,13421.64
1790297575,40,,Aggregated,1.200000,0.000000,38000,39000,40000,40000,41000,42000,42000,43000,43000,43000,43000,350,0,38000,37614.28990954858,24648.704470000666,42647.2234890025,13421.64
1790297576,40,,Aggregated,1.200000,0.000000,38000,39000,40000,40000,41000,42000,42000,43000,43000,43000,43000,350,0,38000,37614.28990954858,24648.704470000666,42647.2234890025,13421.64
1790297577,40,,Aggregated,1.200000,0.000000,38000,39000,40000,40000,41000,42000,42000,43000,43000,43000,43000,351,0,38000,37614.162920908835,24648.704470000666,42647.2234890025,13422.233618233618
1790297578,40,,Aggregated,1.200000,0.000000,38000,39000,40000,40000,41000,42000,42000,43000,43000,43000,43000,351,0,38000,37614.162920908835,24648.704470000666,42647.2234890025,13422.233618233618
1790297579,40,,Aggregated,1.200000,0.000000,38000,39000,40000,40000,41000,42000,42000,43000,43000,43000,43000,351,0,38000,37614.162920908835,24648.704470000666,42647.2234890025,13422.233618233618
1790297580,40,,Aggregated,1.200000,0.000000,38000,39000,40000,40000,41000,42000,42000,43000,43000,43000,43000,351,0,38000,37614.162920908835,24648.704470000666,42647.2234890025,13422.233618233618
1790297581,40,,Aggregated,1.200000,0.000000,38000,39000,40000,40000,41000,42000,42000,43000,43000,43000,43000,351,0,38000,37614.162920908835,24648.704470000666,42647.2234890025,13422.233618233618
1790297582,40,,Aggregated,0.300000,0.000000,38000,39000,40000,40000,41000,42000,42000,43000,43000,43000,43000,352,0,38000,37608.99789014773,24648.704470000666,42647.2234890025,13419.835227272728
1790297583,40,,Aggregated,0.300000,0.000000,38000,39000,40000,40000,41000,42000,42000,43000,43000,43000,43000,353,0,38000,37596.78124650708,24648.704470000666,42647.2234890025,13418.886685552408
1790297584,40,,Aggregated,0.300000,0.000000,38000,39000,40000,40000,41000,42000,42000,43000,43000,43000,43000,353,0,38000,37596.78124650708,24648.704470000666,42647.2234890025,13418.886685552408
1790297585,40,,Aggregated,0.400000,0.000000,38000,39000,40000,40000,41000,42000,42000,43000,43000,43000,43000,354,0,38000,37591.5029464548,24648.704470000666,42647.2234890025,13416.011299435027
1790297586,40,,Aggregated,0.400000,0.000000,38000,39000,40000,40000,41000,42000,42000,43000,43000,43000,43000,357,0,38000,37595.493568879545,24648.704470000666,42647.2234890025,13421.358543417367
1790297587,40,,Aggregated,0.400000,0.000000,38000,39000,40000,40000,41000,42000,42000,43000,43000,43000,43000,357,0,38000,37595.493568879545,24648.704470000666,42647.2234890025,13421.358543417367
1790297588,40,,Aggregated,0.400000,0.000000,38000,39000,40000,40000,41000,42000,42000,43000,43000,43000,43000,358,0,38000,37597.00525081005,24648.704470000666,42647.2234890025,13423.329608938548
1790297589,40,,Aggregated,0.400000,0.000000,38000,39000,40000,40000,41000,42000,42000,43000,43000,43000,43000,358,0,38000,37597.00525081005,24648.704470000666,42647.2234890025,13423.329608938548
1790297590,40,,Aggregated,0.600000,0.000000,38000,39000,40000,40000,41000,42000,42000,43000,43000,43000,43000,359,0,38000,37594.28425668244,24648.704470000666,42647.2234890025,13421.58774373259
1790297591,40,,Aggregated,0.700000,0.000000,38000,39000,40000,40000,41000,42000,42000,43000,43000,43000,43000,360,0,38000,37590.879883044436,24648.704470000666,42647.2234890025,13421.263888888889
1790297592,40,,Aggregated,0.700000,0.000000,38000,39000,40000,40000,41000,42000,42000,43000,43000,43000,43000,360,0,38000,37590.879883044436,24648.704470000666,42647.2234890025,13421.263888888889
1790297593,40,,Aggregated,0.700000,0.000000,38000,39000,40000,40000,41000,42000,42000,43000,43000,43000,43000,360,0,38000,37590.879883044436,24648.704470000666,42647.2234890025,13421.263888888889
1790297594,40,,Aggregated,0.900000,0.000000,38000,39000,40000,40000,41000,42000,42000,43000,43000,43000,43000,362,0,38000,37580.26167971823,24648.704470000666,42647.2234890025,13414.306629834255
1790297595,40,,Aggregated,0.900000,0.000000,38000,39000,40000,40000,41000,42000,42000,43000,43000,43000,43000,364,0,38000,37587.77868628845,24648.704470000666,42647.2234890025,13421.217032967033
1790297596,40,,Aggregated,0.700000,0.000000,38000,39000,40000,40000,41000,42000,42000,43000,43000,43000,43000,365,0,38000,37593.12078477807,24648.704470000666,42647.2234890025,13422.142465753424
1790297597,40,,Aggregated,0.700000,0.000000,38000,39000,40000,40000,41000,42000,42000,43000,43000,43000,43000,365,0,38000,37593.12078477807,24648.704470000666,42647.2234890025,13422.142465753424
1790297598,40,,Aggregated,1.100000,0.000000,38000,39000,40000,40000,41000,42000,42000,43000,43000,43000,43000,366,0,38000,37606.93892334424,24648.704470000666,42650.55949999805,13426.41256830601
1790297599,40,,Aggregated,0.800000,0.000000,38000,39000,40000,40000,41000,42000,42000,43000,43000,43000,43000,368,0,38000,37611.78363196737,24648.704470000666,42650.55949999805,13428.315217391304
1790297600,40,,Aggregated,0.900000,0.000000,38000,39000,40000,40000,41000,42000,42000,43000,43000,43000,43000,372,0,38000,37641.22423041936,24648.704470000666,42650.55949999805,13432.760752688173
1790297601,40,,Aggregated,0.900000,0.000000,38000,39000,40000,40000,41000,42000,42000,43000,43000,43000,43000,373,0,38000,37649.35313934584,24648.704470000666,42650.55949999805,13434.16890080429
1790297602,40,,Aggregated,1.200000,0.000000,38000,39000,40000,40000,41000,42000,42000,43000,43000,43000,43000,374,0,38000,37657.320586716574,24648.704470000666,42650.55949999805,13436.83422459893
1790297603,40,,Aggregated,1.300000,0.000000,38000,39000,40000,40000,41000,42000,42000,43000,43000,43000,43000,376,0,38000,37649.70028783511,24648.704470000666,42650.55949999805,13431.688829787234
1790297604,40,,Aggregated,1.300000,0.000000,38000,39000,40000,40000,41000,42000,42000,43000,43000,43000,43000,378,0,38000,37667.123488346566,24648.704470000666,42650.55949999805,13435.4708994709
1790297605,40,,Aggregated,1.400000,0.000000,38000,39000,40000,40000,41000,42000,42000,43000,43000,43000,43000,380,0,38000,37670.36694934475,24648.704470000666,42650.55949999805,13433.27894736842
1790297606,40,,Aggregated,1.400000,0.000000,38000,39000,40000,40000,41000,42000,42000,43000,43000,43000,43000,380,0,38000,37670.36694934475,24648.704470000666,42650.55949999805,13433.27894736842
1790297607,40,,Aggregated,1.400000,0.000000,38000,39000,40000,40000,41000,42000,42000,43000,43000,43000,43000,382,0,38000,37669.89603881415,24648.704470000666,42650.55949999805,13432.71727748691
1790297608,40,,Aggregated,1.600000,0.000000,38000,39000,40000,40000,41000,42000,43000,43000,43000,43000,43000,383,0,38000,37683.45523079113,24648.704470000666,42863.06656599845,13432.362924281984
1790297609,40,,Aggregated,1.600000,0.000000,38000,39000,40000,40000,41000,42000,43000,43000,43000,43000,43000,383,0,38000,37683.45523079113,24648.704470000666,42863.06656599845,13432.362924281984
1790297610,40,,Aggregated,1.600000,0.000000,38000,39000,40000,40000,41000,42000,43000,43000,43000,43000,43000,385,0,38000,37702.09051011169,24648.704470000666,42863.06656599845,13439.675324675325
1790297611,40,,Aggregated,1.600000,0.000000,38000,39000,40000,40000,41000,42000,43000,43000,43000,43000,43000,388,0,38000,37724.11803471908,24648.704470000666,42863.06656599845,13447.827319587628
1790297612,40,,Aggregated,1.400000,0.000000,38000,39000,40000,40000,41000,42000,43000,43000,43000,43000,43000,389,0,38000,37713.76650060412,24648.704470000666,42863.06656599845,13442.208226221079
1790297613,40,,Aggregated,1.400000,0.000000,38000,39000,40000,40000,41000,42000,43000,43000,43000,43000,43000,389,0,38000,37713.76650060412,24648.704470000666,42863.06656599845,13442.208226221079
1790297614,40,,Aggregated,1.400000,0.000000,38000,39000,40000,40000,41000,42000,43000,43000,43000,43000,43000,389,0,38000,37713.76650060412,24648.704470000666,42863.06656599845,13442.208226221079
1790297615,40,,Aggregated,1.400000,0.000000,38000,39000,40000,40000,41000,42000,43000,43000,43000,43000,43000,389,0,38000,37713.76650060412,24648.704470000666,42863.06656599845,13442.208226221079
1790297616,40,,Aggregated,1.300000,0.000000,38000,39000,40000,40000,41000,42000,43000,43000,43000,43000,43000,390,0,38000,37723.23572464359,24648.704470000666,42863.06656599845,13441.802564102563
1790297617,40,,Aggregated,1.300000,0.000000,38000,39000,40000,40000,41000,42000,43000,43000,43000,43000,43000,390,0,38000,37723.23572464359,24648.704470000666,42863.06656599845,13441.802564102563
1790297618,40,,Aggregated,1.300000,0.000000,38000,39000,40000,40000,41000,42000,43000,43000,43000,43000,43000,390,0,38000,37723.23572464359,24648.704470000666,42863.06656599845,13441.802564102563
1790297619,40,,Aggregated,1.300000,0.000000,38000,39000,40000,40000,41000,42000,43000,43000,43000,43000,43000,390,0,38000,37723.23572464359,24648.704470000666,42863.06656599845,13441.802564102563
1790297621,40,,Aggregated,1.300000,0.000000,38000,39000,40000,40000,41000,42000,43000,43000,43000,43000,43000,390,0,38000,37723.23572464359,24648.704470000666,42863.06656599845,13441.802564102563
1790297622,40,,Aggregated,1.300000,0.000000,38000,39000,40000,40000,41000,42000,43000,43000,43000,43000,43000,390,0,38000,37723.23572464359,24648.704470000666,42863.06656599845,13441.802564102563
1790297623,40,,Aggregated,0.600000,0.000000,38000,39000,40000,40000,41000,42000,43000,43000,43000,43000,43000,391,0,38000,37725.9724575064,24648.704470000666,42863.06656599845,13442.757033248083
1790297624,40,,Aggregated,0.500000,0.000000,38000,39000,40000,40000,41000,42000,43000,43000,43000,43000,43000,392,0,38000,37721.76858004849,24648.704470000666,42863.06656599845,13441.34693877551
1790297625,40,,Aggregated,0.500000,0.000000,38000,39000,40000,40000,41000,42000,43000,43000,43000,43000,43000,392,0,38000,37721.76858004849,24648.704470000666,42863.06656599845,13441.34693877551
1790297626,40,,Aggregated,0.200000,0.000000,38000,39000,40000,40000,41000,42000,43000,43000,43000,43000,43000,394,0,38000,37710.76905019799,24648.704470000666,42863.06656599845,13438.807106598984
1790297627,40,,Aggregated,0.300000,0.000000,38000,39000,40000,40000,41000,42000,43000,43000,43000,43000,43000,395,0,38000,37706.851076400024,24648.704470000666,42863.06656599845,13438.415189873418
1790297628,40,,Aggregated,0.300000,0.000000,38000,39000,40000,40000,41000,42000,43000,43000,43000,43000,43000,396,0,38000,37711.8466815278,24648.704470000666,42863.06656599845,13441.287878787878
1790297629,40,,Aggregated,0.300000,0.000000,38000,39000,40000,40000,41000,42000,43000,43000,43000,43000,43000,396,0,38000,37711.8466815278,24648.704470000666,42863.06656599845,13441.287878787878
1790297630,40,,Aggregated,0.500000,0.000000,38000,39000,40000,40000,41000,42000,43000,43000,43000,43000,43000,398,0,38000,37730.18101492967,24648.704470000666,42863.06656599845,13447.195979899498
1790297631,40,,Aggregated,0.600000,0.000000,38000,39000,40000,40000,41000,42000,43000,43000,43000,43000,43000,399,0,38000,37729.07744251131,24648.704470000666,42863.06656599845,13446.912280701754
1790297632,40,,Aggregated,0.600000,0.000000,38000,39000,40000,40000,41000,42000,43000,43000,43000,43000,43000,399,0,38000,37729.07744251131,24648.704470000666,42863.06656599845,13446.912280701754
1790297633,40,,Aggregated,0.800000,0.000000,38000,39000,40000,40000,41000,42000,42000,43000,43000,43000,43000,401,0,38000,37717.217209586066,24648.704470000666,42863.06656599845,13440.655860349127
1790297634,40,,Aggregated,0.900000,0.000000,38000,39000,40000,40000,41000,42000,42000,43000,43000,43000,43000,403,0,38000,37724.412856282914,24648.704470000666,42863.06656599845,13442.342431761786
1790297635,40,,Aggregated,0.900000,0.000000,38000,39000,40000,40000,41000,42000,42000,43000,43000,43000,43000,404,0,38000,37719.226902742615,24648.704470000666,42863.06656599845,13442.032178217822
1790297636,40,,Aggregated,0.900000,0.000000,38000,39000,40000,40000,41000,42000,42000,43000,43000,43000,43000,404,0,38000,37719.226902742615,24648.704470000666,42863.06656599845,13442.032178217822
1790297637,40,,Aggregated,1.000000,0.000000,38000,39000,40000,40000,41000,42000,42000,43000,43000,43000,43000,406,0,38000,37710.70864675126,24648.704470000666,42863.06656599845,13438.970443349754
1790297638,40,,Aggregated,1.000000,0.000000,38000,39000,40000,40000,41000,42000,42000,43000,43000,43000,43000,406,0,38000,37710.70864675126,24648.704470000666,42863.06656599845,13438.970443349754
1790297639,40,,Aggregated,1.000000,0.000000,38000,39000,40000,40000,41000,42000,42000,43000,43000,43000,43000,408,0,38000,37720.91929639464,24648.704470000666,42863.06656599845,13440.595588235294
1790297640,40,,Aggregated,1.000000,0.000000,38000,39000,40000,40000,41000,42000,42000,43000,43000,43000,43000,408,0,38000,37720.91929639464,24648.704470000666,42863.06656599845,13440.595588235294
1790297641,40,,Aggregated,1.000000,0.000000,38000,39000,40000,40000,41000,42000,42000,43000,43000,43000,43000,409,0,38000,37725.48211216629,24648.704470000666,42863.06656599845,13441.092909535453
1790297642,40,,Aggregated,1.200000,0.000000,38000,39000,40000,40000,41000,42000,42000,43000,43000,43000,43000,413,0,38000,37731.58721748187,24648.704470000666,42863.06656599845,13434.476997578693
1790297643,40,,Aggregated,1.000000,0.000000,38000,39000,40000,40000,41000,42000,42000,43000,43000,43000,43000,414,0,38000,37732.40828888168,24648.704470000666,42863.06656599845,13436.886473429951
1790297644,40,,Aggregated,1.400000,0.000000,38000,39000,40000,40000,41000,42000,42000,43000,43000,43000,43000,416,0,38000,37745.36300164427,24648.704470000666,42863.06656599845,13441.814903846154
1790297645,40,,Aggregated,1.200000,0.000000,38000,39000,40000,40000,41000,42000,42000,43000,43000,43000,43000,417,0,38000,37748.57882897365,24648.704470000666,42863.06656599845,13443.450839328538
1790297646,40,,Aggregated,1.200000,0.000000,38000,39000,40000,40000,41000,42000,42000,43000,43000,43000,43000,419,0,38000,37747.811663899796,24648.704470000666,42863.06656599845,13443.914081145585
1790297647,40,,Aggregated,1.200000,0.000000,38000,39000,40000,40000,41000,42000,42000,43000,43000,43000,43000,419,0,38000,37747.811663899796,24648.704470000666,42863.06656599845,13443.914081145585
1790297648,40,,Aggregated,1.200000,0.000000,38000,39000,40000,40000,41000,42000,42000,43000,43000,43000,43000,421,0,38000,37753.43883943709,24648.704470000666,42863.06656599845,13445.553444180523
1790297649,40,,Aggregated,1.200000,0.000000,38000,39000,40000,40000,41000,42000,42000,43000,43000,43000,43000,421,0,38000,37753.43883943709,24648.704470000666,42863.06656599845,13445.553444180523
1790297650,40,,Aggregated,1.300000,0.000000,38000,39000,40000,40000,41000,42000,42000,43000,43000,43000,43000,422,0,38000,37760.11213096686,24648.704470000666,42863.06656599845,13446.530805687204
1790297651,40,,Aggregated,1.500000,0.000000,38000,39000,40000,40000,42000,42000,42000,43000,43000,43000,43000,425,0,38000,37764.99891918121,24648.704470000666,42863.06656599845,13447.409411764706
1790297652,40,,Aggregated,1.300000,0.000000,38000,39000,40000,40000,42000,42000,42000,43000,43000,43000,43000,427,0,38000,37772.14974245437,24648.704470000666,42863.06656599845,13451.004683840749
1790297653,40,,Aggregated,1.300000,0.000000,38000,39000,40000,40000,42000,42000,42000,43000,43000,43000,43000,427,0,38000,37772.14974245437,24648.704470000666,42863.06656599845,13451.004683840749
1790297654,40,,Aggregated,1.600000,0.000000,38000,39000,40000,40000,42000,42000,42000,43000,43000,43000,43000,428,0,38000,37777.28712452808,24648.704470000666,42863.06656599845,13453.845794392524
1790297655,40,,Aggregated,1.600000,0.000000,38000,39000,40000,40000,42000,42000,42000,43000,43000,43000,43000,428,0,38000,37777.28712452808,24648.704470000666,42863.06656599845,13453.845794392524
1790297656,40,,Aggregated,1.400000,0.000000,38000,39000,40000,40000,42000,42000,42000,43000,43000,43000,43000,429,0,38000,37775.44808143128,24648.704470000666,42863.06656599845,13452.195804195804
1790297657,40,,Aggregated,1.400000,0.000000,38000,39000,40000,40000,42000,42000,42000,43000,43000,43000,43000,429,0,38000,37775.44808143128,24648.704470000666,42863.06656599845,13452.195804195804
1790297658,40,,Aggregated,1.200000,0.000000,38000,39000,40000,40000,42000,42000,42000,43000,43000,43000,43000,430,0,38000,37764.17270934888,24648.704470000666,42863.06656599845,13450.011627906977
1790297659,40,,Aggregated,1.200000,0.000000,38000,39000,40000,40000,42000,42000,42000,43000,43000,43000,43000,430,0,38000,37764.17270934888,24648.704470000666,42863.06656599845,13450.011627906977
1790297660,40,,Aggregated,0.900000,0.000000,38000,39000,40000,40000,41000,42000,42000,43000,43000,43000,43000,431,0,38000,37747.08852829471,24648.704470000666,42863.06656599845,13442.890951276102
1790297661,40,,Aggregated,0.900000,0.000000,38000,39000,40000,40000,41000,42000,42000,43000,43000,43000,43000,431,0,38000,37747.08852829471,24648.704470000666,42863.06656599845,13442.890951276102
1790297662,40,,Aggregated,0.800000,0.000000,38000,39000,40000,40000,41000,42000,42000,43000,43000,43000,43000,434,0,38000,37733.00057086641,24648.704470000666,42863.06656599845,13435.709677419354
1790297663,40,,Aggregated,0.800000,0.000000,38000,39000,40000,40000,41000,42000,42000,43000,43000,43000,43000,434,0,38000,37733.00057086641,24648.704470000666,42863.06656599845,13435.709677419354
1790297664,40,,Aggregated,0.800000,0.000000,38000,39000,40000,40000,41000,42000,42000,43000,43000,43000,43000,434,0,38000,37733.00057086641,24648.704470000666,42863.06656599845,13435.709677419354
1790297665,40,,Aggregated,0.800000,0.000000,38000,39000,40000,40000,41000,42000,42000,43000,43000,43000,43000,434,0,38000,37733.00057086641,24648.704470000666,42863.06656599845,13435.709677419354
1790297666,40,,Aggregated,0.800000,0.000000,38000,39000,40000,40000,41000,42000,42000,43000,43000,43000,43000,434,0,38000,37733.00057086641,24648.704470000666,42863.06656599845,13435.709677419354
1790297667,40,,Aggregated,0.800000,0.000000,38000,39000,40000,40000,41000,42000,42000,43000,43000,43000,43000,434,0,38000,37733.00057086641,24648.704470000666,42863.06656599845,13435.709677419354
1790297668,40,,Aggregated,0.500000,0.000000,38000,39000,40000,40000,41000,42000,42000,43000,43000,43000,43000,437,0,38000,37736.46705068655,24648.704470000666,42863.06656599845,13438.95652173913
1790297669,40,,Aggregated,0.500000,0.000000,38000,39000,40000,40000,41000,42000,42000,43000,43000,43000,43000,438,0,38000,37733.27263013932,24648.704470000666,42863.06656599845,13440.011415525114
1790297670,40,,Aggregated,0.600000,0.000000,38000,39000,40000,40000,41000,42000,42000,43000,43000,43000,43000,439,0,38000,37730.14458201144,24648.704470000666,42863.06656599845,13438.717539863326
1790297671,40,,Aggregated,0.600000,0.000000,38000,39000,40000,40000,41000,42000,42000,43000,43000,43000,43000,439,0,38000,37730.14458201144,24648.704470000666,42863.06656599845,13438.717539863326
1790297672,40,,Aggregated,0.700000,0.000000,38000,39000,40000,40000,41000,42000,42000,43000,43000,43000,43000,441,0,38000,37730.23124048984,24648.704470000666,42863.06656599845,13434.126984126984
1790297673,40,,Aggregated,0.700000,0.000000,38000,39000,40000,40000,41000,42000,42000,43000,43000,43000,43000,441,0,38000,37730.23124048984,24648.704470000666,42863.06656599845,13434.126984126984
1790297674,40,,Aggregated,0.800000,0.000000,38000,39000,40000,40000,41000,42000,42000,43000,43000,43000,43000,443,0,38000,37724.59972710839,24648.704470000666,42863.06656599845,13431.911963882618
1790297675,40,,Aggregated,0.700000,0.000000,38000,39000,40000,40000,41000,42000,42000,43000,43000,43000,43000,444,0,38000,37728.880978700494,24648.704470000666,42863.06656599845,13433.567567567568
1790297676,40,,Aggregated,0.700000,0.000000,38000,39000,40000,40000,41000,42000,42000,43000,43000,43000,43000,444,0,38000,37728.880978700494,24648.704470000666,42863.06656599845,13433.567567567568
1790297677,40,,Aggregated,0.800000,0.000000,38000,39000,40000,40000,41000,42000,42000,43000,43000,43000,43000,445,0,38000,37725.83397326522,24648.704470000666,42863.06656599845,13432.065168539326
1790297678,40,,Aggregated,1.000000,0.000000,38000,39000,40000,40000,41000,42000,42000,43000,43000,43000,43000,447,0,38000,37714.132398776324,24648.704470000666,42863.06656599845,13424.805369127516
1790297679,40,,Aggregated,1.000000,0.000000,38000,39000,40000,40000,41000,42000,42000,43000,43000,43000,43000,447,0,38000,37714.132398776324,24648.704470000666,42863.06656599845,13424.805369127516
1790297680,40,,Aggregated,1.100000,0.000000,38000,39000,40000,40000,41000,42000,42000,43000,43000,43000,43000,448,0,38000,37718.40522835495,24648.704470000666,42863.06656599845,13425.667410714286
1790297681,40,,Aggregated,1.000000,0.000000,38000,39000,40000,40000,41000,42000,43000,43000,43000,43000,43000,450,0,38000,37728.39903399781,24648.704470000666,42863.06656599845,13431.313333333334
1790297682,40,,Aggregated,1.000000,0.000000,38000,39000,40000,40000,41000,42000,42000,43000,43000,43000,43000,451,0,38000,37718.341184157456,24648.704470000666,42863.06656599845,13430.793791574279
1790297683,40,,Aggregated,1.000000,0.000000,38000,39000,40000,40000,41000,42000,42000,43000,43000,43000,43000,452,0,38000,37715.21403509516,24648.704470000666,42863.06656599845,13428.515486725664
1790297684,40,,Aggregated,0.900000,0.000000,38000,39000,40000,40000,41000,42000,42000,43000,43000,43000,43000,455,0,38000,37722.246292927506,24648.704470000666,42863.06656599845,13431.25934065934
1790297685,40,,Aggregated,0.900000,0.000000,38000,39000,40000,40000,41000,42000,42000,43000,43000,43000,43000,456,0,38000,37732.56756411187,24648.704470000666,42863.06656599845,13434.57456140351
1790297686,40,,Aggregated,0.900000,0.000000,38000,39000,40000,40000,41000,42000,42000,43000,43000,43000,43000,456,0,38000,37732.56756411187,24648.704470000666,42863.06656599845,13434.57456140351
1790297687,40,,Aggregated,1.100000,0.000000,38000,39000,40000,40000,42000,42000,42000,43000,43000,43000,43000,459,0,38000,37756.401974912886,24648.704470000666,42863.06656599845,13441.888888888889
1790297688,40,,Aggregated,1.300000,0.000000,38000,39000,40000,40000,42000,42000,42000,43000,43000,43000,43000,461,0,38000,37753.95438469851,24648.704470000666,42863.06656599845,13440.22776572668
1790297689,40,,Aggregated,1.300000,0.000000,38000,39000,40000,40000,42000,42000,42000,43000,43000,43000,43000,461,0,38000,37753.95438469851,24648.704470000666,42863.06656599845,13440.22776572668
1790297690,40,,Aggregated,1.600000,0.000000,38000,39000,40000,40000,42000,42000,42000,43000,43000,43000,43000,463,0,38000,37752.46304810586,24648.704470000666,42863.06656599845,13438.349892008639
1790297691,40,,Aggregated,1.400000,0.000000,38000,39000,40000,40000,42000,42000,42000,43000,43000,43000,43000,464,0,38000,37753.371596523735,24648.704470000666,42863.06656599845,13438.588362068966
1790297692,40,,Aggregated,1.400000,0.000000,38000,39000,40000,40000,42000,42000,42000,43000,43000,43000,43000,465,0,38000,37759.07268345809,24648.704470000666,42863.06656599845,13439.068817204301
1790297693,40,,Aggregated,1.400000,0.000000,38000,39000,40000,40000,42000,42000,42000,43000,43000,43000,43000,467,0,38000,37765.87882579232,24648.704470000666,42863.06656599845,13440.524625267666
1790297694,40,,Aggregated,1.400000,0.000000,38000,39000,40000,40000,42000,42000,42000,43000,43000,43000,43000,467,0,38000,37765.87882579232,24648.704470000666,42863.06656599845,13440.524625267666
1790297695,40,,Aggregated,1.400000,0.000000,38000,39000,40000,40000,42000,42000,42000,43000,43000,43000,43000,467,0,38000,37765.87882579232,24648.704470000666,42863.06656599845,13440.524625267666
1790297696,40,,Aggregated,1.500000,0.000000,38000,39000,40000,40000,42000,42000,42000,43000,43000,43000,43000,468,0,38000,37740.91062871584,24648.704470000666,42863.06656599845,13431.226495726496
1790297697,40,,Aggregated,1.400000,0.000000,38000,39000,40000,40000,42000,42000,42000,43000,43000,43000,43000,469,0,38000,37740.771827439254,24648.704470000666,42863.06656599845,13430.752665245203
1790297698,40,,Aggregated,1.400000,0.000000,38000,39000,40000,40000,42000,42000,42000,43000,43000,43000,43000,469,0,38000,37740.771827439254,24648.704470000666,42863.06656599845,13430.752665245203
1790297699,40,,Aggregated,1.000000,0.000000,38000,39000,40000,40000,42000,42000,42000,43000,43000,43000,43000,470,0,38000,37740.345531691506,24648.704470000666,42863.06656599845,13429.86170212766
1790297700,40,,Aggregated,1.000000,0.000000,38000,39000,40000,40000,42000,42000,42000,43000,43000,43000,43000,472,0,38000,37746.26804349789,24648.704470000666,42863.06656599845,13429.983050847457
1790297701,40,,Aggregated,0.800000,0.000000,38000,39000,40000,40000,42000,42000,42000,43000,43000,43000,43000,473,0,38000,37745.59490961735,24648.704470000666,42863.06656599845,13428.54334038055
1790297702,40,,Aggregated,0.800000,0.000000,38000,39000,40000,40000,42000,42000,42000,43000,43000,43000,43000,474,0,38000,37748.630612103385,24648.704470000666,42863.06656599845,13428.571729957806
1790297703,40,,Aggregated,0.800000,0.000000,38000,39000,40000,40000,42000,42000,42000,43000,43000,43000,43000,474,0,38000,37748.630612103385,24648.704470000666,42863.06656599845,13428.571729957806
1790297704,40,,Aggregated,0.800000,0.000000,38000,39000,40000,40000,42000,42000,42000,43000,43000,43000,43000,474,0,38000,37748.630612103385,24648.704470000666,42863.06656599845,13428.571729957806
1790297705,40,,Aggregated,0.800000,0.000000,38000,39000,40000,40000,42000,42000,42000,43000,43000,43000,43000,474,0,38000,37748.630612103385,24648.704470000666,42863.06656599845,13428.571729957806
1790297706,40,,Aggregated,0.800000,0.000000,38000,39000,40000,40000,42000,42000,42000,43000,43000,43000,43000,474,0,38000,37748.630612103385,24648.704470000666,42863.06656599845,13428.571729957806
1790297707,40,,Aggregated,0.800000,0.000000,38000,39000,40000,40000,42000,42000,42000,43000,43000,43000,43000,474,0,38000,37748.630612103385,24648.704470000666,42863.06656599845,13428.571729957806
1790297708,40,,Aggregated,0.800000,0.000000,38000,39000,40000,40000,42000,42000,42000,43000,43000,43000,43000,474,0,38000,37748.630612103385,24648.704470000666,42863.06656599845,13428.571729957806
1790297709,40,,Aggregated,0.500000,0.000000,38000,39000,40000,40000,42000,42000,42000,43000,43000,43000,43000,476,0,38000,37721.09652215337,24648.704470000666,42863.06656599845,13421.968487394957
1790297710,40,,Aggregated,0.500000,0.000000,38000,39000,40000,40000,42000,42000,42000,43000,43000,43000,43000,477,0,38000,37728.63780634383,24648.704470000666,42863.06656599845,13423.93710691824
1790297711,40,,Aggregated,0.600000,0.000000,38000,39000,40000,40000,42000,42000,42000,43000,43000,43000,43000,479,0,38000,37734.27334438207,24648.704470000666,42863.06656599845,13427.100208768266
1790297712,40,,Aggregated,0.500000,0.000000,38000,39000,40000,40000,42000,42000,42000,43000,43000,43000,43000,481,0,38000,37738.346511278614,24648.704470000666,42863.06656599845,13428.101871101871
1790297713,40,,Aggregated,0.500000,0.000000,38000,39000,40000,40000,42000,42000,42000,43000,43000,43000,43000,484,0,38000,37745.15725778516,24648.704470000666,42863.06656599845,13428.793388429753
1790297714,40,,Aggregated,0.500000,0.000000,38000,39000,40000,40000,42000,42000,42000,43000,43000,43000,43000,484,0,38000,37745.15725778516,24648.704470000666,42863.06656599845,13428.793388429753
1790297715,40,,Aggregated,0.800000,0.000000,38000,39000,40000,40000,42000,42000,42000,43000,43000,43000,43000,486,0,38000,37742.5050251132,24648.704470000666,42863.06656599845,13428.85390946502
1790297716,40,,Aggregated,1.000000,0.000000,38000,39000,40000,40000,42000,42000,42000,43000,43000,43000,43000,487,0,38000,37739.341439371696,24648.704470000666,42863.06656599845,13427.70636550308
1790297717,40,,Aggregated,1.000000,0.000000,38000,39000,40000,40000,42000,42000,42000,43000,43000,43000,43000,487,0,38000,37739.341439371696,24648.704470000666,42863.06656599845,13427.70636550308
1790297718,40,,Aggregated,1.200000,0.000000,38000,39000,40000,40000,42000,42000,42000,43000,43000,43000,43000,488,0,38000,37736.5935879406,24648.704470000666,42863.06656599845,13426.61475409836
1790297719,40,,Aggregated,1.300000,0.000000,38000,39000,40000,40000,42000,42000,42000,43000,43000,43000,43000,489,0,38000,37714.13038896935,24648.704470000666,42863.06656599845,13421.758691206544
1790297720,40,,Aggregated,1.300000,0.000000,38000,39000,40000,40000,42000,42000,42000,43000,43000,43000,43000,489,0,38000,37714.13038896935,24648.704470000666,42863.06656599845,13421.758691206544
1790297721,40,,Aggregated,1.300000,0.000000,38000,39000,40000,40000,42000,42000,42000,43000,43000,43000,43000,489,0,38000,37714.13038896935,24648.704470000666,42863.06656599845,13421.758691206544
1790297722,40,,Aggregated,1.200000,0.000000,38000,39000,40000,40000,42000,42000,42000,43000,43000,43000,43000,493,0,38000,37710.051508825585,24648.704470000666,42863.06656599845,13418.492900608519
1790297723,40,,Aggregated,1.100000,0.000000,38000,39000,40000,40000,42000,42000,42000,43000,43000,43000,43000,495,0,38000,37697.89041081618,24648.704470000666,42863.06656599845,13413.282828282829
1790297724,40,,Aggregated,1.100000,0.000000,38000,39000,40000,40000,42000,42000,42000,43000,43000,43000,43000,500,0,38000,37679.36879041602,24648.704470000666,42863.06656599845,13406.984
1790297725,40,,Aggregated,1.100000,0.000000,38000,39000,40000,40000,42000,42000,42000,43000,43000,43000,43000,500,0,38000,37679.36879041602,24648.704470000666,42863.06656599845,13406.984
1790297726,40,,Aggregated,1.200000,0.000000,38000,39000,40000,40000,42000,42000,42000,43000,43000,43000,43000,501,0,38000,37681.90366535132,24648.704470000666,42863.06656599845,13407.636726546907
1790297727,40,,Aggregated,1.200000,0.000000,38000,39000,40000,40000,42000,42000,42000,43000,43000,43000,43000,501,0,38000,37681.90366535132,24648.704470000666,42863.06656599845,13407.636726546907
1790297728,40,,Aggregated,1.400000,0.000000,38000,39000,40000,40000,42000,42000,42000,43000,43000,43000,43000,504,0,38000,37675.75127673613,24648.704470000666,42863.06656599845,13408.001984126984
1790297729,40,,Aggregated,1.400000,0.000000,38000,39000,40000,40000,42000,42000,42000,43000,43000,43000,43000,506,0,38000,37679.59054540911,24648.704470000666,42863.06656599845,13409.596837944664
1790297730,40,,Aggregated,1.500000,0.000000,38000,39000,40000,40000,42000,42000,42000,43000,43000,43000,43000,507,0,38000,37662.94161550495,24648.704470000666,42863.06656599845,13405.810650887574
1790297731,40,,Aggregated,1.500000,0.000000,38000,39000,40000,40000,42000,42000,42000,43000,43000,43000,43000,507,0,38000,37662.94161550495,24648.704470000666,42863.06656599845,13405.810650887574
1790297732,40,,Aggregated,1.500000,0.000000,38000,39000,40000,40000,42000,42000,42000,43000,43000,43000,43000,507,0,38000,37662.94161550495,24648.704470000666,42863.06656599845,13405.810650887574
1790297733,40,,Aggregated,1.500000,0.000000,38000,39000,40000,40000,42000,42000,42000,43000,43000,43000,43000,507,0,38000,37662.94161550495,24648.704470000666,42863.06656599845,13405.810650887574
1790297734,40,,Aggregated,1.600000,0.000000,38000,39000,40000,40000,42000,42000,42000,43000,43000,43000,43000,508,0,38000,37666.07102772442,24648.704470000666,42863.06656599845,13407.854330708662
1790297735,40,,Aggregated,1.600000,0.000000,38000,39000,40000,40000,42000,42000,42000,43000,43000,43000,43000,508,0,38000,37666.07102772442,24648.704470000666,42863.06656599845,13407.854330708662
1790297736,40,,Aggregated,1.600000,0.000000,38000,39000,40000,40000,42000,42000,42000,43000,43000,43000,43000,508,0,38000,37666.07102772442,24648.704470000666,42863.06656599845,13407.854330708662
1790297737,40,,Aggregated,1.600000,0.000000,38000,39000,40000,40000,42000,42000,42000,43000,43000,43000,43000,508,0,38000,37666.07102772442,24648.704470000666,42863.06656599845,13407.854330708662
1790297738,40,,Aggregated,1.600000,0.000000,38000,39000,40000,40000,42000,42000,42000,43000,43000,43000,43000,508,0,38000,37666.07102772442,24648.704470000666,42863.06656599845,13407.854330708662
1790297739,40,,Aggregated,0.700000,0.000000,38000,39000,40000,40000,42000,42000,42000,43000,43000,43000,43000,510,0,38000,37675.70901143335,24648.704470000666,42863.06656599845,13409.001960784313
1790297740,40,,Aggregated,0.700000,0.000000,38000,39000,40000,40000,42000,42000,42000,43000,43000,43000,43000,510,0,38000,37675.70901143335,24648.704470000666,42863.06656599845,13409.001960784313
1790297741,40,,Aggregated,0.200000,0.000000,38000,39000,40000,40000,42000,42000,42000,43000,43000,43000,43000,512,0,38000,37679.574732716814,24648.704470000666,42863.06656599845,13410.859375
1790297742,40,,Aggregated,0.400000,0.000000,38000,39000,40000,40000,42000,42000,42000,43000,43000,43000,43000,513,0,38000,37661.41541085382,24648.704470000666,42863.06656599845,13404.126705653021
1790297743,40,,Aggregated,0.400000,0.000000,38000,39000,40000,40000,42000,42000,42000,43000,43000,43000,43000,513,0,38000,37661.41541085382,24648.704470000666,42863.06656599845,13404.126705653021
1790297744,40,,Aggregated,0.500000,0.000000,38000,39000,40000,40000,42000,42000,42000,43000,43000,43000,43000,514,0,38000,37671.05796532687,24648.704470000666,42863.06656599845,13407.108949416343
1790297745,40,,Aggregated,0.500000,0.000000,38000,39000,40000,40000,42000,42000,42000,43000,43000,43000,43000,514,0,38000,37671.05796532687,24648.704470000666,42863.06656599845,13407.108949416343
1790297746,40,,Aggregated,0.600000,0.000000,38000,39000,40000,40000,42000,42000,42000,43000,43000,43000,43000,516,0,38000,37659.23119439148,24648.704470000666,42863.06656599845,13403.693798449613
1790297747,40,,Aggregated,0.600000,0.000000,38000,39000,40000,40000,42000,42000,42000,43000,43000,43000,43000,516,0,38000,37659.23119439148,24648.704470000666,42863.06656599845,13403.693798449613
1790297748,40,,Aggregated,0.600000,0.000000,38000,39000,40000,40000,42000,42000,42000,43000,43000,43000,43000,518,0,38000,37637.4020237587,24648.704470000666,42863.06656599845,13392.8861003861
1790297749,40,,Aggregated,0.600000,0.000000,38000,39000,40000,40000,42000,42000,42000,43000,43000,43000,43000,518,0,38000,37637.4020237587,24648.704470000666,42863.06656599845,13392.8861003861
1790297750,40,,Aggregated,0.800000,0.000000,38000,39000,40000,40000,42000,42000,42000,43000,43000,43000,43000,519,0,38000,37633.97289723701,24648.704470000666,42863.06656599845,13391.248554913294
1790297751,40,,Aggregated,1.000000,0.000000,38000,39000,40000,40000,42000,42000,42000,43000,43000,43000,43000,521,0,38000,37633.21840926488,24648.704470000666,42863.06656599845,13391.811900191939
1790297752,40,,Aggregated,0.900000,0.000000,38000,39000,40000,40000,42000,42000,42000,43000,43000,43000,43000,523,0,38000,37636.059821743795,24648.704470000666,42863.06656599845,13390.502868068834
1790297753,40,,Aggregated,0.900000,0.000000,38000,39000,40000,40000,42000,42000,42000,43000,43000,43000,43000,523,0,38000,37636.059821743795,24648.704470000666,42863.06656599845,13390.502868068834
1790297754,40,,Aggregated,0.900000,0.000000,38000,39000,40000,40000,42000,42000,42000,43000,43000,43000,43000,523,0,38000,37636.059821743795,24648.704470000666,42863.06656599845,13390.502868068834
1790297755,40,,Aggregated,1.000000,0.000000,38000,39000,40000,40000,42000,42000,42000,43000,43000,43000,43000,525,0,38000,37650.1991654362,24648.704470000666,42863.06656599845,13392.866666666667
1790297756,40,,Aggregated,1.000000,0.000000,38000,39000,40000,40000,42000,42000,42000,43000,43000,43000,43000,526,0,38000,37655.286951638795,24648.704470000666,42863.06656599845,13393.54752851711
1790297757,40,,Aggregated,0.900000,0.000000,38000,39000,40000,40000,42000,42000,42000,43000,43000,43000,43000,527,0,38000,37659.619147660356,24648.704470000666,42863.06656599845,13396.609108159393
1790297758,40,,Aggregated,0.900000,0.000000,38000,39000,40000,40000,42000,42000,42000,43000,43000,43000,43000,527,0,38000,37659.619147660356,24648.704470000666,42863.06656599845,13396.609108159393
1790297759,40,,Aggregated,1.000000,0.000000,38000,39000,40000,40000,42000,42000,42000,43000,43000,43000,43000,530,0,38000,37648.67162795473,24648.704470000666,42863.06656599845,13391.832075471699
1790297760,40,,Aggregated,1.000000,0.000000,38000,39000,40000,40000,42000,42000,42000,43000,43000,43000,43000,530,0,38000,37648.67162795473,24648.704470000666,42863.06656599845,13391.832075471699
1790297761,40,,Aggregated,1.000000,0.000000,38000,39000,40000,40000,42000,42000,42000,43000,43000,43000,43000,531,0,38000,37644.50971454428,24648.704470000666,42863.06656599845,13390.128060263654
1790297762,40,,Aggregated,1.100000,0.000000,38000,39000,40000,40000,42000,42000,42000,43000,43000,43000,43000,532,0,38000,37643.04547708084,24648.704470000666,42863.06656599845,13388.892857142857
1790297763,40,,Aggregated,1.100000,0.000000,38000,39000,40000,40000,42000,42000,42000,43000,43000,43000,43000,534,0,38000,37643.504584893286,24648.704470000666,42863.06656599845,13388.936329588016
1790297764,40,,Aggregated,1.000000,0.000000,38000,39000,40000,40000,42000,42000,42000,43000,43000,43000,43000,535,0,38000,37639.694705728994,24648.704470000666,42863.06656599845,13388.76261682243
1790297765,40,,Aggregated,0.900000,0.000000,38000,39000,40000,40000,42000,42000,42000,43000,43000,43000,43000,538,0,38000,37658.71390156321,24648.704470000666,42863.06656599845,13391.879182156134
1790297766,40,,Aggregated,1.100000,0.000000,38000,39000,40000,40000,42000,42000,43000,43000,43000,43000,43000,540,0,38000,37667.53417010186,24648.704470000666,42863.06656599845,13395.822222222223
1790297768,40,,Aggregated,1.200000,0.000000,38000,39000,40000,40000,42000,42000,43000,43000,43000,43000,43000,541,0,38000,37675.02829550833,24648.704470000666,42863.06656599845,13398.399260628466
1790297769,40,,Aggregated,1.300000,0.000000,38000,39000,40000,40000,42000,42000,43000,43000,43000,43000,43000,543,0,38000,37683.31417177901,24648.704470000666,42863.06656599845,13400.419889502762
1790297770,40,,Aggregated,1.400000,0.000000,38000,39000,40000,40000,42000,42000,43000,43000,43000,43000,43000,544,0,38000,37682.403308772075,24648.704470000666,42863.06656599845,13401.170955882353
1790297771,40,,Aggregated,1.400000,0.000000,38000,39000,40000,40000,42000,42000,43000,43000,43000,43000,43000,544,0,38000,37682.403308772075,24648.704470000666,42863.06656599845,13401.170955882353
1790297772,40,,Aggregated,1.400000,0.000000,38000,39000,40000,40000,42000,42000,43000,43000,43000,43000,43000,544,0,38000,37682.403308772075,24648.704470000666,42863.06656599845,13401.170955882353
1790297773,40,,Aggregated,1.400000,0.000000,38000,39000,40000,40000,42000,42000,43000,43000,43000,43000,43000,545,0,38000,37690.424931064226,24648.704470000666,42863.06656599845,13402.348623853211
1790297774,40,,Aggregated,1.300000,0.000000,38000,39000,40000,40000,42000,42000,43000,43000,43000,43000,43000,547,0,38000,37685.95237029069,24648.704470000666,42863.06656599845,13399.321755027422
1790297775,40,,Aggregated,1.300000,0.000000,38000,39000,40000,40000,42000,42000,43000,43000,43000,43000,43000,547,0,38000,37685.95237029069,24648.704470000666,42863.06656599845,13399.321755027422
1790297776,40,,Aggregated,1.300000,0.000000,38000,39000,40000,40000,42000,42000,43000,43000,43000,43000,43000,547,0,38000,37685.95237029069,24648.704470000666,42863.06656599845,13399.321755027422
1790297777,40,,Aggregated,1.300000,0.000000,38000,39000,40000,40000,42000,42000,43000,43000,43000,43000,43000,547,0,38000,37685.95237029069,24648.704470000666,42863.06656599845,13399.321755027422
1790297778,40,,Aggregated,1.200000,0.000000,38000,39000,40000,40000,42000,42000,43000,43000,43000,43000,43000,549,0,38000,37690.39734004191,24648.704470000666,42863.06656599845,13398.795992714025
1790297779,40,,Aggregated,1.200000,0.000000,38000,39000,40000,40000,42000,42000,43000,43000,43000,43000,43000,549,0,38000,37690.39734004191,24648.704470000666,42863.06656599845,13398.795992714025
1790297780,40,,Aggregated,0.700000,0.000000,38000,39000,40000,40000,42000,42000,43000,43000,43000,43000,43000,551,0,38000,37689.54003247914,24648.704470000666,42863.06656599845,13393.776769509981
1790297781,40,,Aggregated,0.700000,0.000000,38000,39000,40000,40000,42000,42000,43000,43000,43000,43000,43000,551,0,38000,37689.54003247914,24648.704470000666,42863.06656599845,13393.776769509981
1790297782,40,,Aggregated,0.700000,0.000000,38000,39000,40000,40000,42000,42000,43000,43000,43000,43000,43000,551,0,38000,37689.54003247914,24648.704470000666,42863.06656599845,13393.776769509981
1790297783,40,,Aggregated,0.700000,0.000000,38000,39000,40000,40000,42000,42000,43000,43000,43000,43000,43000,551,0,38000,37689.54003247914,24648.704470000666,42863.06656599845,13393.776769509981
1790297784,40,,Aggregated,0.700000,0.000000,38000,39000,40000,40000,42000,42000,43000,43000,43000,43000,43000,552,0,38000,37686.25538007248,24648.704470000666,42863.06656599845,13392.239130434782
1790297785,40,,Aggregated,0.700000,0.000000,38000,39000,40000,40000,42000,42000,43000,43000,43000,43000,43000,552,0,38000,37686.25538007248,24648.704470000666,42863.06656599845,13392.239130434782
1790297786,40,,Aggregated,0.600000,0.000000,38000,39000,40000,40000,42000,42000,43000,43000,43000,43000,43000,554,0,38000,37695.57703874008,24648.704470000666,42863.06656599845,13394.308664259928
1790297787,40,,Aggregated,0.600000,0.000000,38000,39000,40000,40000,42000,42000,43000,43000,43000,43000,43000,554,0,38000,37695.57703874008,24648.704470000666,42863.06656599845,13394.308664259928
1790297788,40,,Aggregated,0.600000,0.000000,38000,39000,40000,40000,42000,42000,43000,43000,43000,43000,43000,554,0,38000,37695.57703874008,24648.704470000666,42863.06656599845,13394.308664259928
1790297789,40,,Aggregated,0.700000,0.000000,38000,39000,40000,40000,42000,42000,43000,43000,43000,43000,43000,557,0,38000,37702.48706457271,24648.704470000666,42863.06656599845,13395.35368043088
1790297790,40,,Aggregated,0.700000,0.000000,38000,39000,40000,40000,42000,42000,43000,43000,43000,43000,43000,558,0,38000,37699.76178873118,24648.704470000666,42863.06656599845,13393.555555555555
1790297791,40,,Aggregated,0.700000,0.000000,38000,39000,40000,40000,42000,42000,43000,43000,43000,43000,43000,558,0,38000,37699.76178873118,24648.704470000666,42863.06656599845,13393.555555555555
1790297792,40,,Aggregated,0.600000,0.000000,38000,39000,40000,40000,42000,42000,43000,43000,43000,43000,43000,559,0,38000,37700.49732814132,24648.704470000666,42863.06656599845,13392.583184257603
1790297793,40,,Aggregated,0.700000,0.000000,38000,39000,40000,40000,42000,42000,43000,43000,43000,43000,43000,560,0,38000,37709.09134279107,24648.704470000666,42863.06656599845,13395.603571428572
1790297794,40,,Aggregated,0.700000,0.000000,38000,39000,40000,40000,42000,42000,43000,43000,43000,43000,43000,561,0,38000,37706.53409405703,24648.704470000666,42863.06656599845,13394.064171122995
1790297795,40,,Aggregated,0.800000,0.000000,38000,39000,40000,40000,42000,42000,43000,43000,43000,43000,43000,562,0,38000,37714.81036946974,24648.704470000666,42863.06656599845,13395.2615658363
1790297796,40,,Aggregated,0.900000,0.000000,38000,39000,40000,40000,42000,42000,43000,43000,43000,43000,43000,565,0,38000,37711.551663557526,24648.704470000666,42863.06656599845,13390.920353982301
1790297797,40,,Aggregated,0.900000,0.000000,38000,39000,40000,40000,42000,42000,43000,43000,43000,43000,43000,567,0,38000,37705.77376537567,24648.704470000666,42863.06656599845,13391.014109347443
1790297798,40,,Aggregated,1.000000,0.000000,38000,39000,40000,40000,42000,42000,43000,43000,43000,43000,43000,568,0,38000,37709.05523377114,24648.704470000666,42863.06656599845,13393.096830985916
1790297799,40,,Aggregated,1.000000,0.000000,38000,39000,40000,40000,42000,42000,43000,43000,43000,43000,43000,568,0,38000,37709.05523377114,24648.704470000666,42863.06656599845,13393.096830985916
1790297800,40,,Aggregated,1.300000,0.000000,38000,39000,40000,40000,42000,42000,43000,43000,43000,43000,43000,569,0,38000,37713.34785324958,24648.704470000666,42863.06656599845,13391.609841827769
1790297801,40,,Aggregated,1.400000,0.000000,38000,39000,40000,40000,42000,42000,43000,43000,43000,43000,43000,570,0,38000,37714.872338547386,24648.704470000666,42863.06656599845,13391.750877192982
1790297802,40,,Aggregated,1.400000,0.000000,38000,39000,40000,40000,42000,42000,43000,43000,43000,43000,43000,570,0,38000,37714.872338547386,24648.704470000666,42863.06656599845,13391.750877192982
1790297803,40,,Aggregated,1.200000,0.000000,38000,39000,40000,40000,42000,42000,43000,43000,43000,43000,43000,572,0,38000,37714.67554899653,24648.704470000666,42863.06656599845,13388.001748251749
1790297804,40,,Aggregated,1.200000,0.000000,38000,39000,40000,40000,42000,42000,43000,43000,43000,43000,43000,573,0,38000,37722.940159584665,24648.704470000666,42863.06656599845,13391.743455497382
1790297805,40,,Aggregated,1.100000,0.000000,38000,39000,40000,40000,42000,42000,43000,43000,43000,43000,43000,575,0,38000,37722.207573320025,24648.704470000666,42863.06656599845,13390.02608695652
1790297806,40,,Aggregated,1.100000,0.000000,38000,39000,40000,40000,42000,42000,43000,43000,43000,43000,43000,575,0,38000,37722.207573320025,24648.704470000666,42863.06656599845,13390.02608695652
1790297807,40,,Aggregated,1.200000,0.000000,38000,39000,40000,40000,42000,42000,43000,43000,43000,43000,43000,577,0,38000,37732.616662396904,24648.704470000666,42863.06656599845,13393.96013864818
1790297808,40,,Aggregated,1.200000,0.000000,38000,39000,40000,40000,42000,42000,43000,43000,43000,43000,43000,581,0,38000,37739.50975064546,24648.704470000666,42863.06656599845,13395.655765920827
1790297809,40,,Aggregated,1.000000,0.000000,38000,39000,40000,40000,42000,42000,43000,43000,43000,43000,43000,582,0,38000,37739.694476195895,24648.704470000666,42863.06656599845,13395.41408934708
1790297810,40,,Aggregated,1.000000,0.000000,38000,39000,40000,40000,42000,42000,43000,43000,43000,43000,43000,582,0,38000,37739.694476195895,24648.704470000666,42863.06656599845,13395.41408934708
1790297811,40,,Aggregated,1.000000,0.000000,38000,39000,40000,40000,42000,42000,43000,43000,43000,43000,43000,582,0,38000,37739.694476195895,24648.704470000666,42863.06656599845,13395.41408934708
1790297812,40,,Aggregated,1.300000,0.000000,38000,39000,40000,40000,42000,42000,43000,43000,43000,43000,43000,583,0,38000,37739.44029873415,24648.704470000666,42863.06656599845,13394.018867924528
1790297813,40,,Aggregated,1.300000,0.000000,38000,39000,40000,40000,42000,42000,43000,43000,43000,43000,43000,585,0,38000,37747.33930240344,24648.704470000666,42863.06656599845,13396.010256410256
1790297814,40,,Aggregated,1.300000,0.000000,38000,39000,40000,40000,42000,42000,43000,43000,43000,43000,43000,586,0,38000,37744.126170641655,24648.704470000666,42863.06656599845,13395.414675767917
1790297815,40,,Aggregated,1.300000,0.000000,38000,39000,40000,40000,42000,42000,43000,43000,43000,43000,43000,587,0,38000,37747.899037114155,24648.704470000666,42863.06656599845,13398.223168654175
1790297816,40,,Aggregated,1.300000,0.000000,38000,39000,40000,40000,42000,42000,43000,43000,43000,43000,43000,587,0,38000,37747.899037114155,24648.704470000666,42863.06656599845,13398.223168654175
1790297817,40,,Aggregated,1.200000,0.000000,38000,39000,40000,40000,42000,42000,43000,43000,43000,43000,43000,588,0,38000,37749.26212901191,24648.704470000666,42863.06656599845,13399.156462585033
1790297818,40,,Aggregated,1.200000,0.000000,38000,39000,40000,40000,42000,42000,43000,43000,43000,43000,43000,590,0,38000,37739.55931504577,24648.704470000666,42863.06656599845,13396.338983050848
1790297819,40,,Aggregated,1.200000,0.000000,38000,39000,40000,40000,42000,42000,43000,43000,43000,43000,43000,590,0,38000,37739.55931504577,24648.704470000666,42863.06656599845,13396.338983050848
1790297820,40,,Aggregated,1.200000,0.000000,38000,39000,40000,40000,42000,42000,43000,43000,43000,43000,43000,590,0,38000,37739.55931504577,24648.704470000666,42863.06656599845,13396.338983050848
1790297821,40,,Aggregated,1.200000,0.000000,38000,39000,40000,40000,42000,42000,43000,43000,43000,43000,43000,590,0,38000,37739.55931504577,24648.704470000666,42863.06656599845,13396.338983050848
1790297822,40,,Aggregated,1.200000,0.000000,38000,39000,40000,40000,42000,42000,43000,43000,43000,43000,43000,590,0,38000,37739.55931504577,24648.704470000666,42863.06656599845,13396.338983050848
1790297823,40,,Aggregated,0.800000,0.000000,38000,39000,40000,40000,42000,42000,43000,43000,43000,43000,43000,592,0,38000,37743.76376074663,24648.704470000666,42863.06656599845,13397.114864864865
1790297824,40,,Aggregated,0.800000,0.000000,38000,39000,40000,40000,42000,42000,43000,43000,43000,43000,43000,592,0,38000,37743.76376074663,24648.704470000666,42863.06656599845,13397.114864864865
1790297825,40,,Aggregated,0.600000,0.000000,38000,39000,40000,40000,42000,42000,43000,43000,43000,43000,43000,593,0,38000,37739.781532603716,24648.704470000666,42863.06656599845,13396.799325463744
1790297826,40,,Aggregated,0.600000,0.000000,38000,39000,40000,40000,42000,42000,43000,43000,43000,43000,43000,593,0,38000,37739.781532603716,24648.704470000666,42863.06656599845,13396.799325463744
1790297827,40,,Aggregated,0.700000,0.000000,38000,39000,40000,40000,42000,42000,43000,43000,43000,43000,43000,594,0,38000,37729.87007508419,24648.704470000666,42863.06656599845,13395.723905723906
1790297828,40,,Aggregated,0.700000,0.000000,38000,39000,40000,40000,42000,42000,43000,43000,43000,43000,43000,594,0,38000,37729.87007508419,24648.704470000666,42863.06656599845,13395.723905723906
1790297829,40,,Aggregated,0.600000,0.000000,38000,39000,40000,40000,42000,42000,43000,43000,43000,43000,43000,598,0,38000,37730.54151094984,24648.704470000666,42863.06656599845,13396.372909698997
1790297830,40,,Aggregated,0.500000,0.000000,38000,39000,40000,40000,42000,42000,43000,43000,43000,43000,43000,600,0,38000,37727.82465230667,24648.704470000666,42863.06656599845,13396.348333333333
1790297831,40,,Aggregated,0.700000,0.000000,38000,39000,40000,40000,42000,42000,43000,43000,43000,43000,43000,602,0,38000,37724.852515122926,24648.704470000666,42863.06656599845,13394.707641196013
1790297832,40,,Aggregated,0.700000,0.000000,38000,39000,40000,40000,42000,42000,43000,43000,43000,43000,43000,602,0,38000,37724.852515122926,24648.704470000666,42863.06656599845,13394.707641196013
1790297833,40,,Aggregated,0.800000,0.000000,38000,39000,40000,40000,42000,42000,43000,43000,43000,43000,43000,603,0,38000,37723.81528336484,24648.704470000666,42863.06656599845,13392.056384742951
1790297834,40,,Aggregated,1.100000,0.000000,38000,39000,40000,40000,42000,42000,43000,43000,43000,43000,43000,605,0,38000,37719.38438819174,24648.704470000666,42863.06656599845,13391.71570247934
1790297835,40,,Aggregated,1.200000,0.000000,38000,39000,40000,40000,42000,42000,43000,43000,43000,43000,43000,608,0,38000,37702.634575065786,24648.704470000666,42863.06656599845,13387.411184210527
1790297836,40,,Aggregated,1.200000,0.000000,38000,39000,40000,40000,42000,42000,43000,43000,43000,43000,43000,608,0,38000,37702.634575065786,24648.704470000666,42863.06656599845,13387.411184210527
1790297837,40,,Aggregated,1.200000,0.000000,38000,39000,40000,40000,42000,42000,43000,43000,43000,43000,43000,608,0,38000,37702.634575065786,24648.704470000666,42863.06656599845,13387.411184210527
1790297838,40,,Aggregated,1.200000,0.000000,38000,39000,40000,40000,42000,42000,43000,43000,43000,43000,43000,608,0,38000,37702.634575065786,24648.704470000666,42863.06656599845,13387.411184210527
1790297839,40,,Aggregated,1.200000,0.000000,38000,39000,40000,40000,42000,42000,43000,43000,43000,43000,43000,608,0,38000,37702.634575065786,24648.704470000666,42863.06656599845,13387.411184210527
1790297840,40,,Aggregated,1.400000,0.000000,38000,39000,40000,40000,42000,42000,43000,43000,43000,43000,43000,611,0,38000,37695.81470588379,24648.704470000666,42863.06656599845,13384.459901800328
1790297841,40,,Aggregated,1.400000,0.000000,38000,39000,40000,40000,42000,42000,43000,43000,43000,43000,43000,611,0,38000,37695.81470588379,24648.704470000666,42863.06656599845,13384.459901800328
1790297842,40,,Aggregated,1.000000,0.000000,38000,39000,40000,40000,42000,42000,43000,43000,43000,43000,43000,613,0,38000,37697.08356924959,24648.704470000666,42863.06656599845,13384.329526916803
1790297843,40,,Aggregated,1.000000,0.000000,38000,39000,40000,40000,42000,42000,43000,43000,43000,43000,43000,613,0,38000,37697.08356924959,24648.704470000666,42863.06656599845,13384.329526916803
1790297844,40,,Aggregated,1.000000,0.000000,38000,39000,40000,40000,42000,42000,43000,43000,43000,43000,43000,614,0,38000,37696.984725004884,24648.704470000666,42863.06656599845,13383.815960912052
1790297845,40,,Aggregated,1.000000,0.000000,38000,39000,40000,40000,42000,42000,43000,43000,43000,43000,43000,614,0,38000,37696.984725004884,24648.704470000666,42863.06656599845,13383.815960912052
1790297846,40,,Aggregated,1.000000,0.000000,38000,39000,40000,40000,42000,42000,43000,43000,43000,43000,43000,615,0,38000,37693.14786122926,24648.704470000666,42863.06656599845,13382.960975609756
1790297847,40,,Aggregated,1.000000,0.000000,38000,39000,40000,40000,42000,42000,43000,43000,43000,43000,43000,615,0,38000,37693.14786122926,24648.704470000666,42863.06656599845,13382.960975609756
1790297848,40,,Aggregated,0.700000,0.000000,38000,39000,40000,40000,42000,42000,43000,43000,43000,43000,43000,618,0,38000,37685.78571967637,24648.704470000666,42863.06656599845,13379.001618122977
1790297849,40,,Aggregated,0.700000,0.000000,38000,39000,40000,40000,42000,42000,43000,43000,43000,43000,43000,621,0,38000,37697.69751133172,24648.704470000666,42863.06656599845,13383.05314009662
1790297850,40,,Aggregated,0.700000,0.000000,38000,39000,40000,40000,42000,42000,43000,43000,43000,43000,43000,621,0,38000,37697.69751133172,24648.704470000666,42863.06656599845,13383.05314009662
1790297851,40,,Aggregated,0.800000,0.000000,38000,39000,40000,40000,42000,42000,43000,43000,43000,43000,43000,623,0,38000,37693.865885351515,24648.704470000666,42863.06656599845,13381.667736757625
1790297852,40,,Aggregated,1.200000,0.000000,38000,39000,40000,40000,42000,42000,43000,43000,43000,43000,43000,624,0,38000,37701.49938964903,24648.704470000666,42863.06656599845,13383.15544871795
1790297853,40,,Aggregated,1.200000,0.000000,38000,39000,40000,40000,42000,42000,43000,43000,43000,43000,43000,624,0,38000,37701.49938964903,24648.704470000666,42863.06656599845,13383.15544871795
1790297854,40,,Aggregated,1.200000,0.000000,38000,39000,40000,40000,42000,42000,43000,43000,43000,43000,43000,625,0,38000,37699.03757925759,24648.704470000666,42863.06656599845,13382.0192
1790297855,40,,Aggregated,1.100000,0.000000,38000,39000,40000,40000,42000,42000,43000,43000,43000,43000,43000,628,0,38000,37711.9782757882,24648.704470000666,42863.06656599845,13386.976114649682
1790297856,40,,Aggregated,1.100000,0.000000,38000,39000,40000,40000,42000,42000,43000,43000,43000,43000,43000,628,0,38000,37711.9782757882,24648.704470000666,42863.06656599845,13386.976114649682
1790297857,40,,Aggregated,1.100000,0.000000,38000,39000,40000,40000,42000,42000,43000,43000,43000,43000,43000,628,0,38000,37711.9782757882,24648.704470000666,42863.06656599845,13386.976114649682
1790297858,40,,Aggregated,1.100000,0.000000,38000,39000,40000,40000,42000,42000,43000,43000,43000,43000,43000,628,0,38000,37711.9782757882,24648.704470000666,42863.06656599845,13386.976114649682
1790297859,40,,Aggregated,1.100000,0.000000,38000,39000,40000,40000,42000,42000,43000,43000,43000,43000,43000,628,0,38000,37711.9782757882,24648.704470000666,42863.06656599845,13386.976114649682
1790297860,40,,Aggregated,1.200000,0.000000,38000,39000,40000,40000,42000,42000,43000,43000,43000,43000,43000,629,0,38000,37717.02294218281,24648.704470000666,42863.06656599845,13389.119236883942
1790297861,40,,Aggregated,1.200000,0.000000,38000,39000,40000,40000,42000,42000,43000,43000,43000,43000,43000,629,0,38000,37717.02294218281,24648.704470000666,42863.06656599845,13389.119236883942
1790297862,40,,Aggregated,0.700000,0.000000,38000,39000,40000,40000,42000,42000,43000,43000,43000,43000,43000,630,0,38000,37717.53151717777,24648.704470000666,42863.06656599845,13389.130158730159
1790297863,40,,Aggregated,0.700000,0.000000,38000,39000,40000,40000,42000,42000,43000,43000,43000,43000,43000,630,0,38000,37717.53151717777,24648.704470000666,42863.06656599845,13389.130158730159
1790297864,40,,Aggregated,0.500000,0.000000,38000,39000,40000,40000,42000,42000,43000,43000,43000,43000,43000,632,0,38000,37715.79009377214,24648.704470000666,42863.06656599845,13387.51740506329
1790297865,40,,Aggregated,0.600000,0.000000,38000,39000,40000,40000,42000,42000,43000,43000,43000,43000,43000,634,0,38000,37713.08458641954,24648.704470000666,42863.06656599845,13388.703470031545
1790297866,40,,Aggregated,0.600000,0.000000,38000,39000,40000,40000,42000,42000,43000,43000,43000,43000,43000,635,0,38000,37710.83755753069,24648.704470000666,42863.06656599845,13387.187401574804
1790297867,40,,Aggregated,0.600000,0.000000,38000,39000,40000,40000,42000,42000,43000,43000,43000,43000,43000,636,0,38000,37707.35549519023,24648.704470000666,42863.06656599845,13386.011006289309
1790297868,40,,Aggregated,0.600000,0.000000,38000,39000,40000,40000,42000,42000,43000,43000,43000,43000,43000,637,0,38000,37711.114559814734,24648.704470000666,42863.06656599845,13387.062794348509
1790297869,40,,Aggregated,0.700000,0.000000,38000,39000,40000,40000,42000,42000,43000,43000,43000,43000,43000,638,0,38000,37709.98152581973,24648.704470000666,42863.06656599845,13387.67868338558
1790297870,40,,Aggregated,0.700000,0.000000,38000,39000,40000,40000,42000,42000,43000,43000,43000,43000,43000,639,0,38000,37708.71423959153,24648.704470000666,42863.06656599845,13385.372456964007
1790297871,40,,Aggregated,0.900000,0.000000,38000,39000,40000,40000,42000,42000,43000,43000,43000,43000,43000,640,0,38000,37712.10372577029,24648.704470000666,42863.06656599845,13385.3484375
1790297872,40,,Aggregated,1.100000,0.000000,38000,39000,40000,40000,42000,42000,43000,43000,43000,43000,43000,643,0,38000,37707.656110998425,24648.704470000666,42863.06656599845,13380.928460342146
1790297873,40,,Aggregated,1.000000,0.000000,38000,39000,40000,40000,42000,42000,43000,43000,43000,43000,43000,644,0,38000,37715.4557064239,24648.704470000666,42863.06656599845,13383.69099378882
1790297874,40,,Aggregated,1.000000,0.000000,38000,39000,40000,40000,42000,42000,43000,43000,43000,43000,43000,644,0,38000,37715.4557064239,24648.704470000666,42863.06656599845,13383.69099378882
1790297875,40,,Aggregated,1.000000,0.000000,38000,39000,40000,40000,42000,42000,43000,43000,43000,43000,43000,644,0,38000,37715.4557064239,24648.704470000666,42863.06656599845,13383.69099378882
1790297876,40,,Aggregated,1.400000,0.000000,38000,39000,40000,40000,42000,42000,43000,43000,43000,43000,43000,646,0,38000,37715.118542198135,24648.704470000666,42863.06656599845,13380.981424148607
1790297877,40,,Aggregated,1.200000,0.000000,38000,39000,40000,40000,42000,42000,43000,43000,43000,43000,43000,647,0,38000,37720.38867274342,24648.704470000666,42863.06656599845,13383.098918083462
1790297878,40,,Aggregated,1.000000,0.000000,38000,39000,40000,40000,42000,42000,43000,43000,43000,43000,43000,648,0,38000,37726.821395182094,24648.704470000666,42863.06656599845,13384.961419753086
1790297879,40,,Aggregated,1.000000,0.000000,38000,39000,40000,40000,42000,42000,43000,43000,43000,43000,43000,648,0,38000,37726.821395182094,24648.704470000666,42863.06656599845,13384.961419753086
1790297880,40,,Aggregated,1.100000,0.000000,38000,39000,40000,40000,42000,42000,43000,43000,43000,43000,43000,650,0,38000,37725.64390177999,24648.704470000666,42863.06656599845,13385.12
1790297881,40,,Aggregated,1.100000,0.000000,38000,39000,40000,40000,42000,42000,43000,43000,43000,43000,43000,652,0,38000,37702.73843719939,24270.240039000782,42863.06656599845,13376.921779141105
1790297882,40,,Aggregated,1.100000,0.000000,38000,39000,40000,40000,42000,42000,43000,43000,43000,43000,43000,652,0,38000,37702.73843719939,24270.240039000782,42863.06656599845,13376.921779141105
1790297883,40,,Aggregated,1.100000,0.000000,38000,39000,40000,40000,42000,42000,43000,43000,43000,43000,43000,653,0,38000,37707.78548231088,24270.240039000782,42863.06656599845,13378.70290964778
1790297884,40,,Aggregated,1.000000,0.000000,38000,39000,40000,40000,42000,42000,43000,43000,43000,43000,43000,655,0,38000,37710.594958138936,24270.240039000782,42863.06656599845,13378.676335877863
1790297885,40,,Aggregated,1.000000,0.000000,38000,39000,40000,40000,42000,42000,43000,43000,43000,43000,43000,655,0,38000,37710.594958138936,24270.240039000782,42863.06656599845,13378.676335877863
1790297886,40,,Aggregated,1.000000,0.000000,38000,39000,40000,40000,42000,42000,43000,43000,43000,43000,43000,655,0,38000,37710.594958138936,24270.240039000782,42863.06656599845,13378.676335877863
1790297887,40,,Aggregated,1.000000,0.000000,38000,39000,40000,40000,42000,42000,43000,43000,43000,43000,43000,655,0,38000,37710.594958138936,24270.240039000782,42863.06656599845,13378.676335877863
1790297888,40,,Aggregated,1.100000,0.000000,38000,39000,40000,40000,42000,42000,43000,43000,43000,43000,43000,656,0,38000,37712.14072967074,24270.240039000782,42863.06656599845,13377.664634146342
1790297889,40,,Aggregated,0.900000,0.000000,38000,39000,40000,40000,42000,42000,43000,43000,43000,43000,43000,658,0,38000,37717.49210351521,24270.240039000782,42863.06656599845,13379.765957446809
1790297890,40,,Aggregated,0.800000,0.000000,38000,39000,40000,40000,42000,42000,43000,43000,43000,43000,43000,660,0,38000,37721.68409756062,24270.240039000782,42863.06656599845,13380.730303030303
1790297891,40,,Aggregated,0.800000,0.000000,38000,39000,40000,40000,42000,42000,43000,43000,43000,43000,43000,664,0,38000,37734.34762625454,24270.240039000782,42863.06656599845,13384.432228915663
1790297892,40,,Aggregated,0.800000,0.000000,38000,39000,40000,40000,42000,42000,43000,43000,43000,43000,43000,664,0,38000,37734.34762625454,24270.240039000782,42863.06656599845,13384.432228915663
1790297893,40,,Aggregated,1.000000,0.000000,38000,39000,40000,40000,42000,42000,43000,43000,43000,43000,43000,665,0,38000,37733.34376823611,24270.240039000782,42863.06656599845,13384.84060150376
1790297894,40,,Aggregated,1.000000,0.000000,38000,39000,40000,40000,42000,42000,43000,43000,43000,43000,43000,665,0,38000,37733.34376823611,24270.240039000782,42863.06656599845,13384.84060150376
1790297895,40,,Aggregated,1.200000,0.000000,38000,39000,40000,40000,42000,42000,43000,43000,43000,43000,43000,667,0,38000,37726.89154113645,24270.240039000782,42863.06656599845,13383.96251874063
1790297896,40,,Aggregated,1.200000,0.000000,38000,39000,40000,40000,42000,42000,43000,43000,43000,43000,43000,668,0,38000,37731.041825453605,24270.240039000782,42863.06656599845,13384.991017964072
1790297897,40,,Aggregated,1.200000,0.000000,38000,39000,40000,40000,42000,42000,43000,43000,43000,43000,43000,668,0,38000,37731.041825453605,24270.240039000782,42863.06656599845,13384.991017964072
1790297898,40,,Aggregated,1.200000,0.000000,38000,39000,40000,40000,42000,42000,43000,43000,43000,43000,43000,668,0,38000,37731.041825453605,24270.240039000782,42863.06656599845,13384.991017964072
1790297899,40,,Aggregated,1.200000,0.000000,38000,39000,40000,40000,42000,42000,43000,43000,43000,43000,43000,668,0,38000,37731.041825453605,24270.240039000782,42863.06656599845,13384.991017964072
1790297900,40,,Aggregated,1.200000,0.000000,38000,39000,40000,40000,42000,42000,43000,43000,43000,43000,43000,668,0,38000,37731.041825453605,24270.240039000782,42863.06656599845,13384.991017964072
1790297901,40,,Aggregated,1.200000,0.000000,38000,39000,40000,40000,42000,42000,43000,43000,43000,43000,43000,668,0,38000,37731.041825453605,24270.240039000782,42863.06656599845,13384.991017964072
1790297902,40,,Aggregated,1.000000,0.000000,38000,39000,40000,40000,42000,42000,43000,43000,43000,43000,43000,669,0,38000,37734.80732026608,24270.240039000782,42863.06656599845,13386.449925261584
1790297903,40,,Aggregated,1.000000,0.000000,38000,39000,40000,40000,42000,42000,43000,43000,43000,43000,43000,669,0,38000,37734.80732026608,24270.240039000782,42863.06656599845,13386.449925261584
1790297904,40,,Aggregated,1.000000,0.000000,38000,39000,40000,40000,42000,42000,43000,43000,43000,43000,43000,669,0,38000,37734.80732026608,24270.240039000782,42863.06656599845,13386.449925261584
1790297905,40,,Aggregated,0.500000,0.000000,38000,39000,40000,40000,42000,42000,43000,43000,43000,43000,43000,670,0,38000,37736.480426885086,24270.240039000782,42863.06656599845,13386.665671641791
1790297906,40,,Aggregated,0.400000,0.000000,38000,39000,40000,40000,42000,42000,43000,43000,43000,43000,43000,672,0,38000,37742.34239340924,24270.240039000782,42863.06656599845,13387.254464285714
1790297907,40,,Aggregated,0.300000,0.000000,38000,39000,40000,40000,42000,42000,43000,43000,43000,43000,43000,675,0,38000,37745.322464457786,24270.240039000782,42863.06656599845,13388.174814814814
1790297908,40,,Aggregated,0.300000,0.000000,38000,39000,40000,40000,42000,42000,43000,43000,43000,43000,43000,675,0,38000,37745.322464457786,24270.240039000782,42863.06656599845,13388.174814814814
1790297910,40,,Aggregated,0.400000,0.000000,38000,39000,40000,40000,42000,42000,43000,43000,43000,43000,43000,676,0,38000,37751.33318205918,24270.240039000782,42863.06656599845,13390.784023668639
1790297911,40,,Aggregated,0.400000,0.000000,38000,39000,40000,40000,42000,42000,43000,43000,43000,43000,43000,676,0,38000,37751.33318205918,24270.240039000782,42863.06656599845,13390.784023668639
1790297912,40,,Aggregated,0.700000,0.000000,38000,39000,40000,40000,42000,42000,43000,43000,43000,43000,43000,678,0,38000,37760.63686435989,24270.240039000782,42863.06656599845,13393.311209439527
1790297913,40,,Aggregated,0.800000,0.000000,38000,39000,40000,40000,42000,42000,43000,43000,43000,43000,43000,679,0,38000,37766.42188799117,24270.240039000782,42863.06656599845,13393.574374079528
1790297914,40,,Aggregated,0.800000,0.000000,38000,39000,40000,40000,42000,42000,43000,43000,43000,43000,43000,681,0,38000,37770.8395799354,24270.240039000782,42863.06656599845,13395.471365638767
1790297915,40,,Aggregated,0.800000,0.000000,38000,39000,40000,40000,42000,42000,43000,43000,43000,43000,43000,681,0,38000,37770.8395799354,24270.240039000782,42863.06656599845,13395.471365638767
1790297916,40,,Aggregated,1.000000,0.000000,38000,39000,40000,40000,42000,42000,43000,43000,43000,43000,43000,683,0,38000,37781.63439348463,24270.240039000782,42863.06656599845,13396.795021961932
1790297917,40,,Aggregated,1.200000,0.000000,38000,39000,40000,40000,42000,42000,43000,43000,43000,43000,43000,684,0,38000,37782.93851692252,24270.240039000782,42863.06656599845,13397.495614035088
1790297918,40,,Aggregated,1.200000,0.000000,38000,39000,40000,40000,42000,42000,43000,43000,43000,43000,43000,685,0,38000,37785.64946912556,24270.240039000782,42863.06656599845,13398.871532846715
1790297919,40,,Aggregated,1.300000,0.000000,38000,39000,40000,40000,42000,42000,43000,43000,43000,43000,43000,686,0,38000,37784.69796448835,24270.240039000782,42863.06656599845,13396.574344023324
1790297920,40,,Aggregated,1.300000,0.000000,38000,39000,40000,40000,42000,42000,43000,43000,43000,43000,43000,686,0,38000,37784.69796448835,24270.240039000782,42863.06656599845,13396.574344023324
1790297921,40,,Aggregated,1.000000,0.000000,38000,39000,40000,40000,42000,42000,43000,43000,43000,43000,43000,688,0,38000,37794.04327621657,24270.240039000782,42863.06656599845,13398.373546511628
1790297922,40,,Aggregated,1.000000,0.000000,38000,39000,40000,40000,42000,42000,43000,43000,43000,43000,43000,689,0,38000,37797.51892271408,24270.240039000782,42863.06656599845,13398.944847605226
1790297923,40,,Aggregated,1.200000,0.000000,38000,39000,40000,40000,42000,42000,43000,43000,43000,43000,43000,691,0,38000,37800.496672668596,24270.240039000782,42863.06656599845,13399.78437047757
1790297924,40,,Aggregated,1.200000,0.000000,38000,39000,40000,40000,42000,42000,43000,43000,43000,43000,43000,691,0,38000,37800.496672668596,24270.240039000782,42863.06656599845,13399.78437047757
1790297925,40,,Aggregated,1.000000,0.000000,38000,39000,40000,40000,42000,42000,43000,43000,43000,43000,43000,693,0,38000,37806.20099856277,24270.240039000782,42863.06656599845,13403.10101010101
1790297926,40,,Aggregated,1.000000,0.000000,38000,39000,40000,40000,42000,42000,43000,43000,43000,43000,43000,693,0,38000,37806.20099856277,24270.240039000782,42863.06656599845,13403.10101010101
1790297927,40,,Aggregated,1.000000,0.000000,38000,39000,40000,41000,42000,42000,43000,43000,43000,43000,43000,694,0,38000,37811.08768420893,24270.240039000782,42863.06656599845,13404.410662824208
