Timestamp,User Count,Type,Name,Requests/s,Failures/s,50%,66%,75%,80%,90%,95%,98%,99%,99.9%,99.99%,100%,Total Request Count,Total Failure Count,Total Median Response Time,Total Average Response Time,Total Min Response Time,Total Max Response Time,Total Average Content Size
1790292461,0,,Aggregated,0.000000,0.000000,N/A,N/A,N/A,N/A,N/A,N/A,N/A,N/A,N/A,N/A,N/A,0,0,0,0.0,0,0,0
1790292462,20,,Aggregated,0.000000,0.000000,N/A,N/A,N/A,N/A,N/A,N/A,N/A,N/A,N/A,N/A,N/A,0,0,0,0.0,0,0,0
1790292463,40,,Aggregated,0.000000,0.000000,N/A,N/A,N/A,N/A,N/A,N/A,N/A,N/A,N/A,N/A,N/A,0,0,0,0.0,0,0,0
1790292464,40,,Aggregated,0.000000,0.000000,N/A,N/A,N/A,N/A,N/A,N/A,N/A,N/A,N/A,N/A,N/A,0,0,0,0.0,0,0,0
1790292465,40,,Aggregated,0.000000,0.000000,N/A,N/A,N/A,N/A,N/A,N/A,N/A,N/A,N/A,N/A,N/A,0,0,0,0.0,0,0,0
1790292466,40,,Aggregated,0.000000,0.000000,N/A,N/A,N/A,N/A,N/A,N/A,N/A,N/A,N/A,N/A,N/A,0,0,0,0.0,0,0,0
1790292467,40,,Aggregated,0.000000,0.000000,N/A,N/A,N/A,N/A,N/A,N/A,N/A,N/A,N/A,N/A,N/A,0,0,0,0.0,0,0,0
1790292468,40,,Aggregated,0.000000,0.000000,N/A,N/A,N/A,N/A,N/A,N/A,N/A,N/A,N/A,N/A,N/A,0,0,0,0.0,0,0,0
1790292469,40,,Aggregated,0.000000,0.000000,N/A,N/A,N/A,N/A,N/A,N/A,N/A,N/A,N/A,N/A,N/A,0,0,0,0.0,0,0,0
1790292470,40,,Aggregated,0.000000,0.000000,N/A,N/A,N/A,N/A,N/A,N/A,N/A,N/A,N/A,N/A,N/A,0,0,0,0.0,0,0,0
1790292471,40,,Aggregated,0.000000,0.000000,9900,9900,9900,9900,10000,10000,10000,10000,10000,10000,10000,6,0,9900,9744.09493233361,9002.91980700058,10002.588727998955,2862.3333333333335
1790292472,40,,Aggregated,0.000000,0.000000,9900,10000,10000,10000,11000,11000,11000,11000,11000,11000,11000,30,0,9900,9882.165108333718,9002.91980700058,10959.063464997598,2930.9
1790292473,40,,Aggregated,0.000000,0.000000,10000,10000,11000,11000,11000,11000,11000,11000,11000,11000,11000,40,0,10000,10063.341646150362,9002.91980700058,11070.38883399946,2987.525
1790292474,40,,Aggregated,0.000000,0.000000,10000,10000,11000,11000,11000,11000,11000,11000,11000,11000,11000,40,0,10000,10063.341646150362,9002.91980700058,11070.38883399946,2987.525
1790292475,40,,Aggregated,0.000000,0.000000,10000,10000,11000,11000,11000,11000,11000,11000,11000,11000,11000,40,0,10000,10063.341646150362,9002.91980700058,11070.38883399946,2987.525
1790292476,40,,Aggregated,0.000000,0.000000,10000,10000,11000,11000,11000,11000,11000,11000,11000,11000,11000,40,0,10000,10063.341646150362,9002.91980700058,11070.38883399946,2987.525
1790292477,40,,Aggregated,0.000000,0.000000,10000,10000,11000,11000,11000,11000,11000,11000,11000,11000,11000,40,0,10000,10063.341646150362,9002.91980700058,11070.38883399946,2987.525
1790292478,40,,Aggregated,0.000000,0.000000,10000,10000,11000,11000,11000,11000,11000,11000,11000,11000,11000,40,0,10000,10063.341646150362,9002.91980700058,11070.38883399946,2987.525
1790292479,40,,Aggregated,0.000000,0.000000,10000,10000,11000,11000,11000,11000,11000,11000,11000,11000,11000,40,0,10000,10063.341646150362,9002.91980700058,11070.38883399946,2987.525
1790292480,40,,Aggregated,0.000000,0.000000,10000,10000,11000,11000,11000,11000,11000,11000,11000,11000,11000,40,0,10000,10063.341646150362,9002.91980700058,11070.38883399946,2987.525
1790292481,40,,Aggregated,0.000000,0.000000,10000,10000,11000,11000,11000,11000,11000,11000,11000,11000,11000,40,0,10000,10063.341646150362,9002.91980700058,11070.38883399946,2987.525
1790292482,40,,Aggregated,0.000000,0.000000,10000,10000,11000,11000,11000,11000,11000,11000,11000,11000,11000,40,0,10000,10063.341646150362,9002.91980700058,11070.38883399946,2987.525
1790292483,40,,Aggregated,4.000000,0.000000,9900,10000,10000,10000,11000,11000,11000,11000,11000,11000,11000,60,0,9900,9940.151715766782,8681.64226999943,11070.38883399946,2973.483333333333
1790292484,40,,Aggregated,1.700000,0.000000,10000,10000,10000,11000,11000,11000,11000,11000,11000,11000,11000,80,0,10000,9998.655617912573,8681.64226999943,11070.38883399946,3005.0875
1790292485,40,,Aggregated,1.700000,0.000000,10000,10000,10000,11000,11000,11000,11000,11000,11000,11000,11000,80,0,10000,9998.655617912573,8681.64226999943,11070.38883399946,3005.0875
1790292486,40,,Aggregated,1.700000,0.000000,10000,10000,10000,11000,11000,11000,11000,11000,11000,11000,11000,80,0,10000,9998.655617912573,8681.64226999943,11070.38883399946,3005.0875
1790292487,40,,Aggregated,1.700000,0.000000,10000,10000,10000,11000,11000,11000,11000,11000,11000,11000,11000,80,0,10000,9998.655617912573,8681.64226999943,11070.38883399946,3005.0875
1790292488,40,,Aggregated,1.700000,0.000000,10000,10000,10000,11000,11000,11000,11000,11000,11000,11000,11000,80,0,10000,9998.655617912573,8681.64226999943,11070.38883399946,3005.0875
1790292489,40,,Aggregated,1.700000,0.000000,10000,10000,10000,11000,11000,11000,11000,11000,11000,11000,11000,80,0,10000,9998.655617912573,8681.64226999943,11070.38883399946,3005.0875
1790292490,40,,Aggregated,1.700000,0.000000,10000,10000,10000,11000,11000,11000,11000,11000,11000,11000,11000,80,0,10000,9998.655617912573,8681.64226999943,11070.38883399946,3005.0875
1790292491,40,,Aggregated,1.700000,0.000000,10000,10000,10000,11000,11000,11000,11000,11000,11000,11000,11000,80,0,10000,9998.655617912573,8681.64226999943,11070.38883399946,3005.0875
1790292492,40,,Aggregated,1.700000,0.000000,10000,10000,10000,11000,11000,11000,11000,11000,11000,11000,11000,80,0,10000,9998.655617912573,8681.64226999943,11070.38883399946,3005.0875
1790292493,40,,Aggregated,1.700000,0.000000,10000,10000,10000,11000,11000,11000,11000,11000,11000,11000,11000,80,0,10000,9998.655617912573,8681.64226999943,11070.38883399946,3005.0875
1790292494,40,,Aggregated,4.000000,0.000000,9900,10000,10000,11000,11000,11000,11000,11000,11000,11000,11000,90,0,9900,9968.926318388952,8681.64226999943,11070.38883399946,2979.277777777778
1790292495,40,,Aggregated,2.800000,0.000000,10000,10000,10000,11000,11000,11000,11000,11000,11000,11000,11000,112,0,10000,9992.890677321546,8681.64226999943,11169.558012999914,2994.0625
1790292496,40,,Aggregated,0.200000,0.000000,10000,10000,11000,11000,11000,11000,11000,11000,11000,11000,11000,120,0,10000,10041.262420458404,8681.64226999943,11436.691586000961,3003.075
1790292497,40,,Aggregated,0.200000,0.000000,10000,10000,11000,11000,11000,11000,11000,11000,11000,11000,11000,120,0,10000,10041.262420458404,8681.64226999943,11436.691586000961,3003.075
1790292498,40,,Aggregated,0.200000,0.000000,10000,10000,11000,11000,11000,11000,11000,11000,11000,11000,11000,120,0,10000,10041.262420458404,8681.64226999943,11436.691586000961,3003.075
1790292499,40,,Aggregated,0.200000,0.000000,10000,10000,11000,11000,11000,11000,11000,11000,11000,11000,11000,120,0,10000,10041.262420458404,8681.64226999943,11436.691586000961,3003.075
1790292500,40,,Aggregated,0.200000,0.000000,10000,10000,11000,11000,11000,11000,11000,11000,11000,11000,11000,120,0,10000,10041.262420458404,8681.64226999943,11436.691586000961,3003.075
1790292501,40,,Aggregated,0.200000,0.000000,10000,10000,11000,11000,11000,11000,11000,11000,11000,11000,11000,120,0,10000,10041.262420458404,8681.64226999943,11436.691586000961,3003.075
1790292502,40,,Aggregated,0.200000,0.000000,10000,10000,11000,11000,11000,11000,11000,11000,11000,11000,11000,120,0,10000,10041.262420458404,8681.64226999943,11436.691586000961,3003.075
1790292503,40,,Aggregated,0.200000,0.000000,10000,10000,11000,11000,11000,11000,11000,11000,11000,11000,11000,120,0,10000,10041.262420458404,8681.64226999943,11436.691586000961,3003.075
1790292504,40,,Aggregated,0.200000,0.000000,10000,10000,11000,11000,11000,11000,11000,11000,11000,11000,11000,120,0,10000,10041.262420458404,8681.64226999943,11436.691586000961,3003.075
1790292505,40,,Aggregated,4.000000,0.000000,10000,10000,11000,11000,11000,11000,11000,11000,11000,11000,11000,121,0,10000,10037.21343963642,8681.64226999943,11436.691586000961,3002.3305785123966
1790292506,40,,Aggregated,4.000000,0.000000,9900,10000,10000,11000,11000,11000,11000,11000,11000,11000,11000,141,0,9900,9998.950188262468,8681.64226999943,11436.691586000961,2990.872340425532
1790292507,40,,Aggregated,2.100000,0.000000,10000,10000,10000,11000,11000,11000,11000,11000,11000,11000,11000,158,0,10000,10023.722161841866,8464.405031001661,11436.691586000961,3005.0506329113923
1790292508,40,,Aggregated,1.300000,0.000000,10000,10000,11000,11000,11000,11000,11000,11000,11000,11000,11000,160,0,10000,10027.402211925099,8464.405031001661,11436.691586000961,3007.88125
1790292509,40,,Aggregated,1.300000,0.000000,10000,10000,11000,11000,11000,11000,11000,11000,11000,11000,11000,160,0,10000,10027.402211925099,8464.405031001661,11436.691586000961,3007.88125
1790292510,40,,Aggregated,1.300000,0.000000,10000,10000,11000,11000,11000,11000,11000,11000,11000,11000,11000,160,0,10000,10027.402211925099,8464.405031001661,11436.691586000961,3007.88125
1790292511,40,,Aggregated,1.300000,0.000000,10000,10000,11000,11000,11000,11000,11000,11000,11000,11000,11000,160,0,10000,10027.402211925099,8464.405031001661,11436.691586000961,3007.88125
1790292512,40,,Aggregated,1.300000,0.000000,10000,10000,11000,11000,11000,11000,11000,11000,11000,11000,11000,160,0,10000,10027.402211925099,8464.405031001661,11436.691586000961,3007.88125
1790292513,40,,Aggregated,1.300000,0.000000,10000,10000,11000,11000,11000,11000,11000,11000,11000,11000,11000,160,0,10000,10027.402211925099,8464.405031001661,11436.691586000961,3007.88125
1790292514,40,,Aggregated,1.300000,0.000000,10000,10000,11000,11000,11000,11000,11000,11000,11000,11000,11000,160,0,10000,10027.402211925099,8464.405031001661,11436.691586000961,3007.88125
1790292515,40,,Aggregated,1.300000,0.000000,10000,10000,11000,11000,11000,11000,11000,11000,11000,11000,11000,160,0,10000,10027.402211925099,8464.405031001661,11436.691586000961,3007.88125
1790292516,40,,Aggregated,4.000000,0.000000,10000,10000,10000,11000,11000,11000,11000,11000,11000,11000,11000,163,0,10000,10010.784636178,8464.405031001661,11436.691586000961,3003.527607361963
1790292517,40,,Aggregated,3.900000,0.000000,9900,10000,10000,11000,11000,11000,11000,11000,11000,11000,11000,176,0,9900,9969.144457488714,8464.405031001661,11436.691586000961,2989.8977272727275
1790292518,40,,Aggregated,3.200000,0.000000,10000,10000,10000,11000,11000,11000,11000,11000,11000,11000,11000,186,0,10000,9987.871830553795,8464.405031001661,11436.691586000961,2994.8709677419356
1790292519,40,,Aggregated,1.300000,0.000000,10000,10000,11000,11000,11000,11000,11000,11000,11000,11000,11000,200,0,10000,10019.622903920048,8464.405031001661,11436.691586000961,3003.53
1790292520,40,,Aggregated,1.300000,0.000000,10000,10000,11000,11000,11000,11000,11000,11000,11000,11000,11000,200,0,10000,10019.622903920048,8464.405031001661,11436.691586000961,3003.53
1790292521,40,,Aggregated,1.300000,0.000000,10000,10000,11000,11000,11000,11000,11000,11000,11000,11000,11000,200,0,10000,10019.622903920048,8464.405031001661,11436.691586000961,3003.53
1790292522,40,,Aggregated,1.300000,0.000000,10000,10000,11000,11000,11000,11000,11000,11000,11000,11000,11000,200,0,10000,10019.622903920048,8464.405031001661,11436.691586000961,3003.53
1790292523,40,,Aggregated,1.300000,0.000000,10000,10000,11000,11000,11000,11000,11000,11000,11000,11000,11000,200,0,10000,10019.622903920048,8464.405031001661,11436.691586000961,3003.53
1790292524,40,,Aggregated,1.300000,0.000000,10000,10000,11000,11000,11000,11000,11000,11000,11000,11000,11000,200,0,10000,10019.622903920048,8464.405031001661,11436.691586000961,3003.53
1790292525,40,,Aggregated,1.300000,0.000000,10000,10000,11000,11000,11000,11000,11000,11000,11000,11000,11000,200,0,10000,10019.622903920048,8464.405031001661,11436.691586000961,3003.53
1790292526,40,,Aggregated,1.300000,0.000000,10000,10000,11000,11000,11000,11000,11000,11000,11000,11000,11000,200,0,10000,10019.622903920048,8464.405031001661,11436.691586000961,3003.53
1790292527,40,,Aggregated,4.000000,0.000000,10000,10000,11000,11000,11000,11000,11000,11000,11000,11000,11000,202,0,10000,10014.748469193117,8464.405031001661,11436.691586000961,2998.8168316831684
1790292528,40,,Aggregated,4.000000,0.000000,10000,10000,11000,11000,11000,11000,11000,11000,11000,11000,11000,214,0,10000,9986.907463093532,8464.405031001661,11436.691586000961,2995.542056074766
1790292529,40,,Aggregated,3.200000,0.000000,10000,10000,11000,11000,11000,11000,11000,11000,11000,11000,11000,221,0,10000,9994.016139330395,8464.405031001661,11436.691586000961,2997.230769230769
1790292530,40,,Aggregated,3.100000,0.000000,10000,10000,11000,11000,11000,11000,11000,11000,11000,11000,11000,230,0,10000,9997.593486739226,8464.405031001661,11436.691586000961,2995.3260869565215
1790292531,40,,Aggregated,2.500000,0.000000,10000,10000,11000,11000,11000,11000,11000,11000,11000,11000,11000,240,0,10000,10018.158041583432,8464.405031001661,11436.691586000961,2999.5041666666666
1790292532,40,,Aggregated,2.500000,0.000000,10000,10000,11000,11000,11000,11000,11000,11000,11000,11000,11000,240,0,10000,10018.158041583432,8464.405031001661,11436.691586000961,2999.5041666666666
1790292533,40,,Aggregated,2.500000,0.000000,10000,10000,11000,11000,11000,11000,11000,11000,11000,11000,11000,240,0,10000,10018.158041583432,8464.405031001661,11436.691586000961,2999.5041666666666
1790292534,40,,Aggregated,2.500000,0.000000,10000,10000,11000,11000,11000,11000,11000,11000,11000,11000,11000,240,0,10000,10018.158041583432,8464.405031001661,11436.691586000961,2999.5041666666666
1790292535,40,,Aggregated,2.500000,0.000000,10000,10000,11000,11000,11000,11000,11000,11000,11000,11000,11000,240,0,10000,10018.158041583432,8464.405031001661,11436.691586000961,2999.5041666666666
1790292536,40,,Aggregated,2.500000,0.000000,10000,10000,11000,11000,11000,11000,11000,11000,11000,11000,11000,240,0,10000,10018.158041583432,8464.405031001661,11436.691586000961,2999.5041666666666
1790292537,40,,Aggregated,2.500000,0.000000,10000,10000,11000,11000,11000,11000,11000,11000,11000,11000,11000,240,0,10000,10018.158041583432,8464.405031001661,11436.691586000961,2999.5041666666666
1790292538,40,,Aggregated,2.500000,0.000000,10000,10000,11000,11000,11000,11000,11000,11000,11000,11000,11000,240,0,10000,10018.158041583432,8464.405031001661,11436.691586000961,2999.5041666666666
1790292539,40,,Aggregated,4.000000,0.000000,10000,10000,11000,11000,11000,11000,11000,11000,11000,11000,11000,247,0,10000,10012.34849748188,8464.405031001661,11436.691586000961,2995.02024291498
1790292540,40,,Aggregated,3.200000,0.000000,10000,10000,11000,11000,11000,11000,11000,11000,11000,11000,11000,256,0,10000,10013.341087285306,8464.405031001661,11436.691586000961,2990.8828125
1790292541,40,,Aggregated,2.600000,0.000000,10000,10000,11000,11000,11000,11000,11000,11000,11000,11000,11000,266,0,10000,10009.463816255782,8464.405031001661,11436.691586000961,2989.093984962406
1790292542,40,,Aggregated,2.900000,0.000000,10000,10000,11000,11000,11000,11000,11000,11000,11000,11000,11000,276,0,10000,10011.180211275509,8464.405031001661,11436.691586000961,2989.271739130435
1790292543,40,,Aggregated,2.300000,0.000000,10000,10000,11000,11000,11000,11000,11000,11000,11000,11000,11000,280,0,10000,10026.738831039407,8464.405031001661,11436.691586000961,2990.725
1790292544,40,,Aggregated,2.300000,0.000000,10000,10000,11000,11000,11000,11000,11000,11000,11000,11000,11000,280,0,10000,10026.738831039407,8464.405031001661,11436.691586000961,2990.725
1790292545,40,,Aggregated,2.300000,0.000000,10000,10000,11000,11000,11000,11000,11000,11000,11000,11000,11000,280,0,10000,10026.738831039407,8464.405031001661,11436.691586000961,2990.725
1790292546,40,,Aggregated,2.300000,0.000000,10000,10000,11000,11000,11000,11000,11000,11000,11000,11000,11000,280,0,10000,10026.738831039407,8464.405031001661,11436.691586000961,2990.725
1790292547,40,,Aggregated,2.300000,0.000000,10000,10000,11000,11000,11000,11000,11000,11000,11000,11000,11000,280,0,10000,10026.738831039407,8464.405031001661,11436.691586000961,2990.725
1790292548,40,,Aggregated,2.300000,0.000000,10000,10000,11000,11000,11000,11000,11000,11000,11000,11000,11000,280,0,10000,10026.738831039407,8464.405031001661,11436.691586000961,2990.725
1790292549,40,,Aggregated,2.300000,0.000000,10000,10000,11000,11000,11000,11000,11000,11000,11000,11000,11000,280,0,10000,10026.738831039407,8464.405031001661,11436.691586000961,2990.725
1790292550,40,,Aggregated,4.000000,0.000000,10000,10000,11000,11000,11000,11000,11000,11000,11000,11000,11000,284,0,10000,10019.470350647996,8464.405031001661,11436.691586000961,2988.475352112676
1790292551,40,,Aggregated,3.800000,0.000000,10000,10000,11000,11000,11000,11000,11000,11000,11000,11000,11000,296,0,10000,10017.905971611608,8464.405031001661,11436.691586000961,2987.9594594594596
1790292552,40,,Aggregated,2.900000,0.000000,10000,10000,11000,11000,11000,11000,11000,11000,11000,11000,11000,306,0,10000,10006.717387019731,8464.405031001661,11436.691586000961,2987.52614379085
1790292553,40,,Aggregated,2.600000,0.000000,10000,10000,11000,11000,11000,11000,11000,11000,11000,11000,11000,311,0,10000,10003.158097376323,8464.405031001661,11436.691586000961,2986.900321543408
1790292554,40,,Aggregated,3.100000,0.000000,10000,10000,11000,11000,11000,11000,11000,11000,11000,11000,11000,317,0,10000,10003.88589759631,8464.405031001661,11436.691586000961,2985.7602523659307
1790292555,40,,Aggregated,2.900000,0.000000,10000,10000,11000,11000,11000,11000,11000,11000,11000,11000,11000,320,0,10000,10009.56803331572,8464.405031001661,11436.691586000961,2987.834375
1790292556,40,,Aggregated,2.900000,0.000000,10000,10000,11000,11000,11000,11000,11000,11000,11000,11000,11000,320,0,10000,10009.56803331572,8464.405031001661,11436.691586000961,2987.834375
1790292557,40,,Aggregated,2.900000,0.000000,10000,10000,11000,11000,11000,11000,11000,11000,11000,11000,11000,320,0,10000,10009.56803331572,8464.405031001661,11436.691586000961,2987.834375
1790292558,40,,Aggregated,2.900000,0.000000,10000,10000,11000,11000,11000,11000,11000,11000,11000,11000,11000,320,0,10000,10009.56803331572,8464.405031001661,11436.691586000961,2987.834375
1790292559,40,,Aggregated,2.900000,0.000000,10000,10000,11000,11000,11000,11000,11000,11000,11000,11000,11000,320,0,10000,10009.56803331572,8464.405031001661,11436.691586000961,2987.834375
1790292560,40,,Aggregated,2.900000,0.000000,10000,10000,11000,11000,11000,11000,11000,11000,11000,11000,11000,320,0,10000,10009.56803331572,8464.405031001661,11436.691586000961,2987.834375
1790292561,40,,Aggregated,4.000000,0.000000,10000,10000,11000,11000,11000,11000,11000,11000,11000,11000,11000,323,0,10000,10006.269305517128,8464.405031001661,11436.691586000961,2985.826625386997
1790292562,40,,Aggregated,4.000000,0.000000,10000,10000,11000,11000,11000,11000,11000,11000,11000,11000,11000,333,0,10000,10003.391068735846,8464.405031001661,11436.691586000961,2984.870870870871
1790292563,40,,Aggregated,3.500000,0.000000,10000,10000,11000,11000,11000,11000,11000,11000,11000,11000,11000,341,0,10000,9996.114783340294,8464.405031001661,11436.691586000961,2984.366568914956
1790292564,40,,Aggregated,2.400000,0.000000,10000,10000,11000,11000,11000,11000,11000,11000,11000,11000,11000,350,0,10000,10001.131737800124,8464.405031001661,11436.691586000961,2985.4114285714286
1790292565,40,,Aggregated,2.800000,0.000000,10000,10000,11000,11000,11000,11000,11000,11000,11000,11000,11000,354,0,10000,10005.431372155495,8464.405031001661,11436.691586000961,2987.3446327683614
1790292566,40,,Aggregated,2.800000,0.000000,10000,10000,11000,11000,11000,11000,11000,11000,11000,11000,11000,358,0,10000,10008.444126469398,8464.405031001661,11436.691586000961,2987.1620111731845
1790292567,40,,Aggregated,3.200000,0.000000,10000,10000,11000,11000,11000,11000,11000,11000,11000,11000,11000,360,0,10000,10012.199474825124,8464.405031001661,11436.691586000961,2986.0444444444443
1790292568,40,,Aggregated,3.200000,0.000000,10000,10000,11000,11000,11000,11000,11000,11000,11000,11000,11000,360,0,10000,10012.199474825124,8464.405031001661,11436.691586000961,2986.0444444444443
1790292569,40,,Aggregated,3.200000,0.000000,10000,10000,11000,11000,11000,11000,11000,11000,11000,11000,11000,360,0,10000,10012.199474825124,8464.405031001661,11436.691586000961,2986.0444444444443
1790292570,40,,Aggregated,3.200000,0.000000,10000,10000,11000,11000,11000,11000,11000,11000,11000,11000,11000,360,0,10000,10012.199474825124,8464.405031001661,11436.691586000961,2986.0444444444443
1790292571,40,,Aggregated,3.200000,0.000000,10000,10000,11000,11000,11000,11000,11000,11000,11000,11000,11000,360,0,10000,10012.199474825124,8464.405031001661,11436.691586000961,2986.0444444444443
1790292572,40,,Aggregated,4.000000,0.000000,10000,10000,11000,11000,11000,11000,11000,11000,11000,11000,11000,361,0,10000,10011.4353520943,8464.405031001661,11436.691586000961,2985.750692520776
1790292573,40,,Aggregated,4.000000,0.000000,10000,10000,11000,11000,11000,11000,11000,11000,11000,11000,11000,364,0,10000,10013.548593475403,8464.405031001661,11436.691586000961,2985.576923076923
1790292574,40,,Aggregated,3.700000,0.000000,10000,10000,11000,11000,11000,11000,11000,11000,11000,11000,11000,377,0,10000,10022.150692753434,8464.405031001661,11436.691586000961,2985.872679045093
1790292575,40,,Aggregated,2.700000,0.000000,10000,10000,11000,11000,11000,11000,11000,11000,11000,11000,11000,383,0,10000,10023.846473423091,8464.405031001661,11436.691586000961,2984.8720626631853
1790292577,40,,Aggregated,2.300000,0.000000,10000,10000,11000,11000,11000,11000,11000,11000,11000,11000,11000,392,0,10000,10023.04182636235,8464.405031001661,11436.691586000961,2984.872448979592
1790292578,40,,Aggregated,2.700000,0.000000,10000,10000,11000,11000,11000,11000,11000,11000,11000,11000,11000,397,0,10000,10026.15869092705,8464.405031001661,11436.691586000961,2986.83879093199
1790292579,40,,Aggregated,2.900000,0.000000,10000,10000,11000,11000,11000,11000,11000,11000,11000,11000,11000,399,0,10000,10028.442232611622,8464.405031001661,11436.691586000961,2987.503759398496
1790292580,40,,Aggregated,3.400000,0.000000,10000,10000,11000,11000,11000,11000,11000,11000,11000,11000,11000,400,0,10000,10028.46674290009,8464.405031001661,11436.691586000961,2987.265
1790292581,40,,Aggregated,3.400000,0.000000,10000,10000,11000,11000,11000,11000,11000,11000,11000,11000,11000,400,0,10000,10028.46674290009,8464.405031001661,11436.691586000961,2987.265
1790292582,40,,Aggregated,3.400000,0.000000,10000,10000,11000,11000,11000,11000,11000,11000,11000,11000,11000,400,0,10000,10028.46674290009,8464.405031001661,11436.691586000961,2987.265
1790292583,40,,Aggregated,3.400000,0.000000,10000,10000,11000,11000,11000,11000,11000,11000,11000,11000,11000,400,0,10000,10028.46674290009,8464.405031001661,11436.691586000961,2987.265
1790292584,40,,Aggregated,4.000000,0.000000,10000,10000,11000,11000,11000,11000,11000,11000,11000,11000,11000,401,0,10000,10028.255975985125,8464.405031001661,11436.691586000961,2987.089775561097
1790292585,40,,Aggregated,4.000000,0.000000,10000,10000,11000,11000,11000,11000,11000,11000,11000,11000,11000,404,0,10000,10020.990696960484,7540.62212899953,11436.691586000961,2986.358910891089
1790292586,40,,Aggregated,3.700000,0.000000,10000,10000,11000,11000,11000,11000,11000,11000,11000,11000,11000,414,0,10000,10015.928934913136,7540.62212899953,11436.691586000961,2985.8985507246375
1790292587,40,,Aggregated,3.700000,0.000000,10000,10000,11000,11000,11000,11000,11000,11000,11000,11000,11000,426,0,10000,10006.301007023567,7540.62212899953,11436.691586000961,2985.699530516432
1790292588,40,,Aggregated,2.700000,0.000000,10000,10000,11000,11000,11000,11000,11000,11000,11000,11000,11000,432,0,10000,10001.064885407488,7540.62212899953,11436.691586000961,2985.946759259259
1790292589,40,,Aggregated,2.900000,0.000000,10000,10000,11000,11000,11000,11000,11000,11000,11000,11000,11000,438,0,10000,9996.133078691857,7540.62212899953,11436.691586000961,2986.735159817352
1790292590,40,,Aggregated,3.400000,0.000000,10000,10000,11000,11000,11000,11000,11000,11000,11000,11000,11000,439,0,10000,9994.825737576382,7540.62212899953,11436.691586000961,2986.662870159453
1790292591,40,,Aggregated,3.400000,0.000000,10000,10000,11000,11000,11000,11000,11000,11000,11000,11000,11000,439,0,10000,9994.825737576382,7540.62212899953,11436.691586000961,2986.662870159453
1790292592,40,,Aggregated,3.900000,0.000000,10000,10000,11000,11000,11000,11000,11000,11000,11000,11000,11000,440,0,10000,9995.141468438705,7540.62212899953,11436.691586000961,2986.8
1790292593,40,,Aggregated,3.900000,0.000000,10000,10000,11000,11000,11000,11000,11000,11000,11000,11000,11000,440,0,10000,9995.141468438705,7540.62212899953,11436.691586000961,2986.8
1790292594,40,,Aggregated,3.900000,0.000000,10000,10000,11000,11000,11000,11000,11000,11000,11000,11000,11000,440,0,10000,9995.141468438705,7540.62212899953,11436.691586000961,2986.8
1790292595,40,,Aggregated,3.900000,0.000000,10000,10000,11000,11000,11000,11000,11000,11000,11000,11000,11000,440,0,10000,9995.141468438705,7540.62212899953,11436.691586000961,2986.8
1790292596,40,,Aggregated,3.900000,0.000000,10000,10000,11000,11000,11000,11000,11000,11000,11000,11000,11000,442,0,10000,9996.47555868785,7540.62212899953,11436.691586000961,2987.0090497737556
1790292597,40,,Aggregated,3.600000,0.000000,10000,10000,11000,11000,11000,11000,11000,11000,11000,11000,11000,447,0,10000,9993.929253360255,7540.62212899953,11436.691586000961,2985.847874720358
1790292598,40,,Aggregated,2.900000,0.000000,10000,10000,11000,11000,11000,11000,11000,11000,11000,11000,11000,461,0,10000,9992.126443644314,7540.62212899953,11436.691586000961,2986.9674620390456
1790292599,40,,Aggregated,2.000000,0.000000,10000,10000,11000,11000,11000,11000,11000,11000,11000,11000,11000,470,0,10000,9993.21596068302,7540.62212899953,11436.691586000961,2989.810638297872
1790292600,40,,Aggregated,2.700000,0.000000,10000,10000,11000,11000,11000,11000,11000,11000,11000,11000,11000,475,0,10000,9995.30236741267,7540.62212899953,11436.691586000961,2990.677894736842
1790292601,40,,Aggregated,2.700000,0.000000,10000,10000,11000,11000,11000,11000,11000,11000,11000,11000,11000,479,0,10000,9995.994189043886,7540.62212899953,11436.691586000961,2990.5156576200416
1790292602,40,,Aggregated,2.700000,0.000000,10000,10000,11000,11000,11000,11000,11000,11000,11000,11000,11000,479,0,10000,9995.994189043886,7540.62212899953,11436.691586000961,2990.5156576200416
1790292603,40,,Aggregated,2.700000,0.000000,10000,10000,11000,11000,11000,11000,11000,11000,11000,11000,11000,479,0,10000,9995.994189043886,7540.62212899953,11436.691586000961,2990.5156576200416
1790292604,40,,Aggregated,3.900000,0.000000,10000,10000,11000,11000,11000,11000,11000,11000,11000,11000,11000,480,0,10000,9997.917178900045,7540.62212899953,11436.691586000961,2990.3125
1790292605,40,,Aggregated,3.900000,0.000000,10000,10000,11000,11000,11000,11000,11000,11000,11000,11000,11000,480,0,10000,9997.917178900045,7540.62212899953,11436.691586000961,2990.3125
1790292606,40,,Aggregated,3.900000,0.000000,10000,10000,11000,11000,11000,11000,11000,11000,11000,11000,11000,480,0,10000,9997.917178900045,7540.62212899953,11436.691586000961,2990.3125
1790292607,40,,Aggregated,4.000000,0.000000,10000,10000,11000,11000,11000,11000,11000,11000,11000,11000,11000,481,0,10000,9997.692078704826,7540.62212899953,11436.691586000961,2990.1746361746364
1790292608,40,,Aggregated,3.900000,0.000000,10000,10000,11000,11000,11000,11000,11000,11000,11000,11000,11000,483,0,10000,9998.224696256777,7540.62212899953,11436.691586000961,2989.7660455486543
1790292609,40,,Aggregated,3.400000,0.000000,10000,10000,11000,11000,11000,11000,11000,11000,11000,11000,11000,497,0,10000,9996.473287567442,7540.62212899953,11436.691586000961,2988.688128772636
1790292610,40,,Aggregated,3.400000,0.000000,10000,10000,11000,11000,11000,11000,11000,11000,11000,11000,11000,508,0,10000,9994.191844937039,7540.62212899953,11436.691586000961,2989.013779527559
1790292611,40,,Aggregated,2.200000,0.000000,10000,10000,11000,11000,11000,11000,11000,11000,11000,11000,11000,513,0,10000,9993.348404795348,7540.62212899953,11436.691586000961,2989.7602339181285
1790292612,40,,Aggregated,2.700000,0.000000,10000,10000,11000,11000,11000,11000,11000,11000,11000,11000,11000,516,0,10000,9993.65755136437,7540.62212899953,11436.691586000961,2990.0852713178297
1790292613,40,,Aggregated,3.400000,0.000000,10000,10000,11000,11000,11000,11000,11000,11000,11000,11000,11000,519,0,10000,9996.174814418142,7540.62212899953,11436.691586000961,2989.815028901734
1790292614,40,,Aggregated,3.400000,0.000000,10000,10000,11000,11000,11000,11000,11000,11000,11000,11000,11000,519,0,10000,9996.174814418142,7540.62212899953,11436.691586000961,2989.815028901734
1790292615,40,,Aggregated,3.400000,0.000000,10000,10000,11000,11000,11000,11000,11000,11000,11000,11000,11000,519,0,10000,9996.174814418142,7540.62212899953,11436.691586000961,2989.815028901734
1790292616,40,,Aggregated,4.000000,0.000000,10000,10000,11000,11000,11000,11000,11000,11000,11000,11000,11000,520,0,10000,9996.959663136571,7540.62212899953,11436.691586000961,2990.5403846153845
1790292617,40,,Aggregated,4.000000,0.000000,10000,10000,11000,11000,11000,11000,11000,11000,11000,11000,11000,520,0,10000,9996.959663136571,7540.62212899953,11436.691586000961,2990.5403846153845
1790292618,40,,Aggregated,4.000000,0.000000,10000,10000,11000,11000,11000,11000,11000,11000,11000,11000,11000,520,0,10000,9996.959663136571,7540.62212899953,11436.691586000961,2990.5403846153845
1790292619,40,,Aggregated,4.000000,0.000000,10000,10000,11000,11000,11000,11000,11000,11000,11000,11000,11000,520,0,10000,9996.959663136571,7540.62212899953,11436.691586000961,2990.5403846153845
1790292620,40,,Aggregated,3.900000,0.000000,10000,10000,11000,11000,11000,11000,11000,11000,11000,11000,11000,527,0,10000,9993.875322795107,7540.62212899953,11436.691586000961,2988.1859582542693
1790292621,40,,Aggregated,2.400000,0.000000,10000,10000,11000,11000,11000,11000,11000,11000,11000,11000,11000,544,0,10000,9991.139841354829,7540.62212899953,11436.691586000961,2987.761029411765
1790292622,40,,Aggregated,1.800000,0.000000,10000,10000,11000,11000,11000,11000,11000,11000,11000,11000,11000,554,0,10000,9995.306777855643,7540.62212899953,11436.691586000961,2988.9404332129966
1790292623,40,,Aggregated,2.300000,0.000000,10000,10000,11000,11000,11000,11000,11000,11000,11000,11000,11000,556,0,10000,9997.085718286015,7540.62212899953,11436.691586000961,2990.188848920863
1790292624,40,,Aggregated,3.500000,0.000000,10000,10000,11000,11000,11000,11000,11000,11000,11000,11000,11000,557,0,10000,9996.45338610597,7540.62212899953,11436.691586000961,2989.4649910233393
1790292625,40,,Aggregated,3.500000,0.000000,10000,10000,11000,11000,11000,11000,11000,11000,11000,11000,11000,559,0,10000,9998.954477060866,7540.62212899953,11436.691586000961,2988.9677996422183
1790292626,40,,Aggregated,3.500000,0.000000,10000,10000,11000,11000,11000,11000,11000,11000,11000,11000,11000,559,0,10000,9998.954477060866,7540.62212899953,11436.691586000961,2988.9677996422183
1790292627,40,,Aggregated,3.500000,0.000000,10000,10000,11000,11000,11000,11000,11000,11000,11000,11000,11000,559,0,10000,9998.954477060866,7540.62212899953,11436.691586000961,2988.9677996422183
1790292628,40,,Aggregated,4.000000,0.000000,10000,10000,11000,11000,11000,11000,11000,11000,11000,11000,11000,560,0,10000,10000.576452787544,7540.62212899953,11436.691586000961,2989.3732142857143
1790292629,40,,Aggregated,4.000000,0.000000,10000,10000,11000,11000,11000,11000,11000,11000,11000,11000,11000,560,0,10000,10000.576452787544,7540.62212899953,11436.691586000961,2989.3732142857143
1790292630,40,,Aggregated,4.000000,0.000000,10000,10000,11000,11000,11000,11000,11000,11000,11000,11000,11000,560,0,10000,10000.576452787544,7540.62212899953,11436.691586000961,2989.3732142857143
1790292631,40,,Aggregated,4.000000,0.000000,10000,10000,11000,11000,11000,11000,11000,11000,11000,11000,11000,563,0,10000,10001.421961463631,7540.62212899953,11436.691586000961,2989.486678507993
1790292632,40,,Aggregated,3.400000,0.000000,10000,10000,11000,11000,11000,11000,11000,11000,11000,11000,11000,578,0,10000,9996.114523799346,7540.62212899953,11436.691586000961,2989.098615916955
1790292633,40,,Aggregated,2.500000,0.000000,10000,10000,11000,11000,11000,11000,11000,11000,11000,11000,11000,591,0,10000,10003.4198680931,7540.62212899953,11436.691586000961,2989.85448392555
1790292634,40,,Aggregated,2.300000,0.000000,10000,10000,11000,11000,11000,11000,11000,11000,11000,11000,11000,596,0,10000,10002.634158397686,7540.62212899953,11436.691586000961,2990.4043624161072
1790292635,40,,Aggregated,2.300000,0.000000,10000,10000,11000,11000,11000,11000,11000,11000,11000,11000,11000,596,0,10000,10002.634158397686,7540.62212899953,11436.691586000961,2990.4043624161072
1790292636,40,,Aggregated,3.900000,0.000000,10000,10000,11000,11000,11000,11000,11000,11000,11000,11000,11000,599,0,10000,10002.061407669486,7540.62212899953,11436.691586000961,2990.7362270450753
1790292637,40,,Aggregated,3.900000,0.000000,10000,10000,11000,11000,11000,11000,11000,11000,11000,11000,11000,599,0,10000,10002.061407669486,7540.62212899953,11436.691586000961,2990.7362270450753
1790292638,40,,Aggregated,3.900000,0.000000,10000,10000,11000,11000,11000,11000,11000,11000,11000,11000,11000,599,0,10000,10002.061407669486,7540.62212899953,11436.691586000961,2990.7362270450753
1790292639,40,,Aggregated,4.000000,0.000000,10000,10000,11000,11000,11000,11000,11000,11000,11000,11000,11000,600,0,10000,10001.815248125036,7540.62212899953,11436.691586000961,2990.505
1790292640,40,,Aggregated,4.000000,0.000000,10000,10000,11000,11000,11000,11000,11000,11000,11000,11000,11000,600,0,10000,10001.815248125036,7540.62212899953,11436.691586000961,2990.505
1790292641,40,,Aggregated,4.000000,0.000000,10000,10000,11000,11000,11000,11000,11000,11000,11000,11000,11000,600,0,10000,10001.815248125036,7540.62212899953,11436.691586000961,2990.505
1790292642,40,,Aggregated,4.000000,0.000000,10000,10000,11000,11000,11000,11000,11000,11000,11000,11000,11000,602,0,10000,10000.243092230934,7540.62212899953,11436.691586000961,2989.9601328903655
1790292643,40,,Aggregated,3.900000,0.000000,10000,10000,11000,11000,11000,11000,11000,11000,11000,11000,11000,613,0,10000,9993.672182549797,7540.62212899953,11436.691586000961,2988.0375203915173
1790292644,40,,Aggregated,2.600000,0.000000,10000,10000,11000,11000,11000,11000,11000,11000,11000,11000,11000,621,0,10000,9991.683646903439,7540.62212899953,11436.691586000961,2988.5942028985505
1790292645,40,,Aggregated,1.900000,0.000000,10000,10000,11000,11000,11000,11000,11000,11000,11000,11000,11000,634,0,10000,9998.049744916458,7540.62212899953,11436.691586000961,2990.2523659305994
1790292646,40,,Aggregated,2.400000,0.000000,10000,10000,11000,11000,11000,11000,11000,11000,11000,11000,11000,636,0,10000,10000.116938778361,7540.62212899953,11436.691586000961,2990.624213836478
1790292647,40,,Aggregated,3.300000,0.000000,10000,10000,11000,11000,11000,11000,11000,11000,11000,11000,11000,638,0,10000,10000.340851166204,7540.62212899953,11436.691586000961,2990.5705329153607
1790292648,40,,Aggregated,3.300000,0.000000,10000,10000,11000,11000,11000,11000,11000,11000,11000,11000,11000,639,0,10000,10001.604990662036,7540.62212899953,11436.691586000961,2990.107981220657
1790292649,40,,Aggregated,3.300000,0.000000,10000,10000,11000,11000,11000,11000,11000,11000,11000,11000,11000,639,0,10000,10001.604990662036,7540.62212899953,11436.691586000961,2990.107981220657
1790292650,40,,Aggregated,3.300000,0.000000,10000,10000,11000,11000,11000,11000,11000,11000,11000,11000,11000,639,0,10000,10001.604990662036,7540.62212899953,11436.691586000961,2990.107981220657
1790292651,40,,Aggregated,4.000000,0.000000,10000,10000,11000,11000,11000,11000,11000,11000,11000,11000,11000,640,0,10000,10002.496030276625,7540.62212899953,11436.691586000961,2990.24375
1790292652,40,,Aggregated,4.000000,0.000000,10000,10000,11000,11000,11000,11000,11000,11000,11000,11000,11000,640,0,10000,10002.496030276625,7540.62212899953,11436.691586000961,2990.24375
1790292653,40,,Aggregated,4.000000,0.000000,10000,10000,11000,11000,11000,11000,11000,11000,11000,11000,11000,640,0,10000,10002.496030276625,7540.62212899953,11436.691586000961,2990.24375
1790292654,40,,Aggregated,4.000000,0.000000,10000,10000,11000,11000,11000,11000,11000,11000,11000,11000,11000,642,0,10000,10003.90350360754,7540.62212899953,11436.691586000961,2990.196261682243
1790292655,40,,Aggregated,3.200000,0.000000,10000,10000,11000,11000,11000,11000,11000,11000,11000,11000,11000,660,0,10000,10006.152924442484,7540.62212899953,11436.691586000961,2991.2863636363636
1790292656,40,,Aggregated,2.100000,0.000000,10000,10000,11000,11000,11000,11000,11000,11000,11000,11000,11000,671,0,10000,10006.317319693058,7540.62212899953,11436.691586000961,2992.2026825633384
1790292657,40,,Aggregated,2.100000,0.000000,10000,10000,11000,11000,11000,11000,11000,11000,11000,11000,11000,676,0,10000,10007.323855581424,7540.62212899953,11436.691586000961,2992.610946745562
1790292658,40,,Aggregated,3.200000,0.000000,10000,10000,11000,11000,11000,11000,11000,11000,11000,11000,11000,678,0,10000,10006.223258045782,7540.62212899953,11436.691586000961,2992.1283185840707
1790292659,40,,Aggregated,3.200000,0.000000,10000,10000,11000,11000,11000,11000,11000,11000,11000,11000,11000,678,0,10000,10006.223258045782,7540.62212899953,11436.691586000961,2992.1283185840707
1790292660,40,,Aggregated,3.200000,0.000000,10000,10000,11000,11000,11000,11000,11000,11000,11000,11000,11000,678,0,10000,10006.223258045782,7540.62212899953,11436.691586000961,2992.1283185840707
1790292661,40,,Aggregated,3.700000,0.000000,10000,10000,11000,11000,11000,11000,11000,11000,11000,11000,11000,679,0,10000,10007.837564110518,7540.62212899953,11436.691586000961,2992.2724594992637
1790292662,40,,Aggregated,3.900000,0.000000,10000,10000,11000,11000,11000,11000,11000,11000,11000,11000,11000,680,0,10000,10006.82848310006,7540.62212899953,11436.691586000961,2991.6470588235293
1790292663,40,,Aggregated,3.900000,0.000000,10000,10000,11000,11000,11000,11000,11000,11000,11000,11000,11000,680,0,10000,10006.82848310006,7540.62212899953,11436.691586000961,2991.6470588235293
1790292664,40,,Aggregated,3.900000,0.000000,10000,10000,11000,11000,11000,11000,11000,11000,11000,11000,11000,680,0,10000,10006.82848310006,7540.62212899953,11436.691586000961,2991.6470588235293
1790292665,40,,Aggregated,4.000000,0.000000,10000,10000,11000,11000,11000,11000,11000,11000,11000,11000,11000,683,0,10000,10004.081226045448,7540.62212899953,11436.691586000961,2990.7423133235725
1790292666,40,,Aggregated,4.000000,0.000000,10000,10000,11000,11000,11000,11000,11000,11000,11000,11000,11000,695,0,10000,9994.582975479194,7540.62212899953,11436.691586000961,2988.8719424460432
1790292667,40,,Aggregated,3.100000,0.000000,10000,10000,11000,11000,11000,11000,11000,11000,11000,11000,11000,709,0,10000,9994.825725598079,7540.62212899953,11436.691586000961,2989.5401974612128
1790292668,40,,Aggregated,1.600000,0.000000,10000,10000,11000,11000,11000,11000,11000,11000,11000,11000,11000,714,0,10000,9992.263050977634,7540.62212899953,11436.691586000961,2989.8081232492996
1790292669,40,,Aggregated,2.800000,0.000000,10000,10000,11000,11000,11000,11000,11000,11000,11000,11000,11000,717,0,10000,9993.995983668105,7540.62212899953,11436.691586000961,2989.6234309623433
1790292670,40,,Aggregated,2.800000,0.000000,10000,10000,11000,11000,11000,11000,11000,11000,11000,11000,11000,718,0,10000,9995.441139119815,7540.62212899953,11436.691586000961,2989.7311977715876
1790292671,40,,Aggregated,2.800000,0.000000,10000,10000,11000,11000,11000,11000,11000,11000,11000,11000,11000,718,0,10000,9995.441139119815,7540.62212899953,11436.691586000961,2989.7311977715876
1790292672,40,,Aggregated,2.800000,0.000000,10000,10000,11000,11000,11000,11000,11000,11000,11000,11000,11000,718,0,10000,9995.441139119815,7540.62212899953,11436.691586000961,2989.7311977715876
1790292673,40,,Aggregated,3.900000,0.000000,10000,10000,11000,11000,11000,11000,11000,11000,11000,11000,11000,719,0,10000,9996.934987447881,7540.62212899953,11436.691586000961,2989.9068150208623
1790292674,40,,Aggregated,3.900000,0.000000,10000,10000,11000,11000,11000,11000,11000,11000,11000,11000,11000,720,0,10000,9997.916835848648,7540.62212899953,11436.691586000961,2989.738888888889
1790292675,40,,Aggregated,3.800000,0.000000,10000,10000,11000,11000,11000,11000,11000,11000,11000,11000,11000,721,0,10000,9997.002093482699,7540.62212899953,11436.691586000961,2989.6088765603326
1790292676,40,,Aggregated,3.800000,0.000000,10000,10000,11000,11000,11000,11000,11000,11000,11000,11000,11000,721,0,10000,9997.002093482699,7540.62212899953,11436.691586000961,2989.6088765603326
1790292677,40,,Aggregated,3.900000,0.000000,10000,10000,11000,11000,11000,11000,11000,11000,11000,11000,11000,727,0,10000,9994.08445842094,7540.62212899953,11436.691586000961,2989.0247592847318
1790292678,40,,Aggregated,3.800000,0.000000,10000,10000,11000,11000,11000,11000,11000,11000,11000,11000,11000,742,0,10000,9996.48194620624,7540.62212899953,11436.691586000961,2989.6266846361186
1790292679,40,,Aggregated,2.000000,0.000000,10000,10000,11000,11000,11000,11000,11000,11000,11000,11000,11000,752,0,10000,9998.16426388701,7540.62212899953,11436.691586000961,2991.182180851064
1790292680,40,,Aggregated,2.100000,0.000000,10000,10000,11000,11000,11000,11000,11000,11000,11000,11000,11000,754,0,10000,10000.22787160084,7540.62212899953,11436.691586000961,2990.942970822281
1790292681,40,,Aggregated,3.100000,0.000000,10000,10000,11000,11000,11000,11000,11000,11000,11000,11000,11000,757,0,10000,10003.38375402911,7540.62212899953,11436.691586000961,2991.335535006605
1790292682,40,,Aggregated,3.100000,0.000000,10000,10000,11000,11000,11000,11000,11000,11000,11000,11000,11000,758,0,10000,10004.989053697936,7540.62212899953,11436.691586000961,2991.509234828496
1790292683,40,,Aggregated,3.100000,0.000000,10000,10000,11000,11000,11000,11000,11000,11000,11000,11000,11000,758,0,10000,10004.989053697936,7540.62212899953,11436.691586000961,2991.509234828496
1790292684,40,,Aggregated,3.100000,0.000000,10000,10000,11000,11000,11000,11000,11000,11000,11000,11000,11000,758,0,10000,10004.989053697936,7540.62212899953,11436.691586000961,2991.509234828496
1790292685,40,,Aggregated,4.000000,0.000000,10000,10000,11000,11000,11000,11000,11000,11000,11000,11000,11000,759,0,10000,10004.799336069873,7540.62212899953,11436.691586000961,2991.3596837944665
1790292686,40,,Aggregated,3.800000,0.000000,10000,10000,11000,11000,11000,11000,11000,11000,11000,11000,11000,760,0,10000,10006.059075781626,7540.62212899953,11436.691586000961,2991.702631578947
1790292687,40,,Aggregated,3.800000,0.000000,10000,10000,11000,11000,11000,11000,11000,11000,11000,11000,11000,761,0,10000,10006.54445429177,7540.62212899953,11436.691586000961,2991.7687253613667
1790292688,40,,Aggregated,3.800000,0.000000,10000,10000,11000,11000,11000,11000,11000,11000,11000,11000,11000,762,0,10000,10006.583979404251,7540.62212899953,11436.691586000961,2991.3779527559054
1790292689,40,,Aggregated,3.800000,0.000000,10000,10000,11000,11000,11000,11000,11000,11000,11000,11000,11000,782,0,10000,10002.569489196972,7540.62212899953,11436.691586000961,2990.746803069054
1790292690,40,,Aggregated,2.900000,0.000000,10000,10000,11000,11000,11000,11000,11000,11000,11000,11000,11000,790,0,10000,10001.220292679796,7540.62212899953,11436.691586000961,2990.121518987342
1790292691,40,,Aggregated,1.900000,0.000000,10000,10000,11000,11000,11000,11000,11000,11000,11000,11000,11000,793,0,10000,10001.7094691602,7540.62212899953,11436.691586000961,2989.9987389659523
1790292692,40,,Aggregated,3.400000,0.000000,10000,10000,11000,11000,11000,11000,11000,11000,11000,11000,11000,797,0,10000,10001.69469791849,7540.62212899953,11436.691586000961,2990.189460476788
1790292693,40,,Aggregated,3.400000,0.000000,10000,10000,11000,11000,11000,11000,11000,11000,11000,11000,11000,797,0,10000,10001.69469791849,7540.62212899953,11436.691586000961,2990.189460476788
1790292694,40,,Aggregated,3.700000,0.000000,10000,10000,11000,11000,11000,11000,11000,11000,11000,11000,11000,798,0,10000,10002.813210656685,7540.62212899953,11436.691586000961,2990.3220551378445
1790292695,40,,Aggregated,3.700000,0.000000,10000,10000,11000,11000,11000,11000,11000,11000,11000,11000,11000,798,0,10000,10002.813210656685,7540.62212899953,11436.691586000961,2990.3220551378445
1790292696,40,,Aggregated,3.900000,0.000000,10000,10000,11000,11000,11000,11000,11000,11000,11000,11000,11000,799,0,10000,10003.565272229076,7540.62212899953,11436.691586000961,2990.60450563204
1790292697,40,,Aggregated,4.000000,0.000000,10000,10000,11000,11000,11000,11000,11000,11000,11000,11000,11000,800,0,10000,10002.851659435044,7540.62212899953,11436.691586000961,2990.10375
1790292698,40,,Aggregated,4.000000,0.000000,10000,10000,11000,11000,11000,11000,11000,11000,11000,11000,11000,800,0,10000,10002.851659435044,7540.62212899953,11436.691586000961,2990.10375
1790292699,40,,Aggregated,3.800000,0.000000,10000,10000,11000,11000,11000,11000,11000,11000,11000,11000,11000,805,0,10000,10000.071783850979,7540.62212899953,11436.691586000961,2990.192546583851
1790292700,40,,Aggregated,3.900000,0.000000,10000,10000,11000,11000,11000,11000,11000,11000,11000,11000,11000,816,0,10000,9994.232773655674,7540.62212899953,11436.691586000961,2989.3553921568628
1790292701,40,,Aggregated,3.500000,0.000000,10000,10000,11000,11000,11000,11000,11000,11000,11000,11000,11000,828,0,10000,9994.036978208977,7540.62212899953,11436.691586000961,2990.199275362319
1790292702,40,,Aggregated,2.000000,0.000000,10000,10000,11000,11000,11000,11000,11000,11000,11000,11000,11000,832,0,10000,9993.223903448366,7540.62212899953,11436.691586000961,2990.472355769231
1790292703,40,,Aggregated,2.900000,0.000000,10000,10000,11000,11000,11000,11000,11000,11000,11000,11000,11000,835,0,10000,9993.82030871861,7540.62212899953,11436.691586000961,2990.7353293413175
1790292704,40,,Aggregated,3.300000,0.000000,10000,10000,11000,11000,11000,11000,11000,11000,11000,11000,11000,837,0,10000,9996.222919238999,7540.62212899953,11436.691586000961,2991.4707287933093
1790292705,40,,Aggregated,3.300000,0.000000,10000,10000,11000,11000,11000,11000,11000,11000,11000,11000,11000,837,0,10000,9996.222919238999,7540.62212899953,11436.691586000961,2991.4707287933093
1790292706,40,,Aggregated,3.800000,0.000000,10000,10000,11000,11000,11000,11000,11000,11000,11000,11000,11000,838,0,10000,9996.748026576422,7540.62212899953,11436.691586000961,2991.6778042959427
1790292707,40,,Aggregated,3.800000,0.000000,10000,10000,11000,11000,11000,11000,11000,11000,11000,11000,11000,838,0,10000,9996.748026576422,7540.62212899953,11436.691586000961,2991.6778042959427
1790292708,40,,Aggregated,3.900000,0.000000,10000,10000,11000,11000,11000,11000,11000,11000,11000,11000,11000,839,0,10000,9996.932575062028,7540.62212899953,11436.691586000961,2991.8164481525628
1790292709,40,,Aggregated,3.900000,0.000000,10000,10000,11000,11000,11000,11000,11000,11000,11000,11000,11000,840,0,10000,9997.898030985763,7540.62212899953,11436.691586000961,2992.3380952380953
1790292710,40,,Aggregated,3.800000,0.000000,10000,10000,11000,11000,11000,11000,11000,11000,11000,11000,11000,841,0,10000,9997.994566209323,7540.62212899953,11436.691586000961,2992.2366230677762
1790292711,40,,Aggregated,3.800000,0.000000,10000,10000,11000,11000,11000,11000,11000,11000,11000,11000,11000,850,0,10000,9998.154276461215,7540.62212899953,11436.691586000961,2992.898823529412
1790292712,40,,Aggregated,3.300000,0.000000,10000,10000,11000,11000,11000,11000,11000,11000,11000,11000,11000,867,0,10000,9994.134182251471,7540.62212899953,11436.691586000961,2993.065743944637
1790292713,40,,Aggregated,2.200000,0.000000,10000,10000,11000,11000,11000,11000,11000,11000,11000,11000,11000,871,0,10000,9995.129095756633,7540.62212899953,11436.691586000961,2993.2135476463836
1790292714,40,,Aggregated,2.900000,0.000000,10000,10000,11000,11000,11000,11000,11000,11000,11000,11000,11000,874,0,10000,9996.42598531696,7540.62212899953,11436.691586000961,2993.389016018307
1790292715,40,,Aggregated,3.600000,0.000000,10000,10000,11000,11000,11000,11000,11000,11000,11000,11000,11000,876,0,10000,9997.472468674689,7540.62212899953,11436.691586000961,2993.719178082192
1790292716,40,,Aggregated,3.600000,0.000000,10000,10000,11000,11000,11000,11000,11000,11000,11000,11000,11000,877,0,10000,9997.407957737774,7540.62212899953,11436.691586000961,2993.649942987457
1790292717,40,,Aggregated,3.600000,0.000000,10000,10000,11000,11000,11000,11000,11000,11000,11000,11000,11000,877,0,10000,9997.407957737774,7540.62212899953,11436.691586000961,2993.649942987457
1790292718,40,,Aggregated,3.900000,0.000000,10000,10000,11000,11000,11000,11000,11000,11000,11000,11000,11000,878,0,10000,9997.21191227908,7540.62212899953,11436.691586000961,2993.415717539863
1790292719,40,,Aggregated,3.900000,0.000000,10000,10000,11000,11000,11000,11000,11000,11000,11000,11000,11000,879,0,10000,9996.648554552938,7540.62212899953,11436.691586000961,2993.342434584755
1790292720,40,,Aggregated,3.900000,0.000000,10000,10000,11000,11000,11000,11000,11000,11000,11000,11000,11000,879,0,10000,9996.648554552938,7540.62212899953,11436.691586000961,2993.342434584755
1790292721,40,,Aggregated,3.900000,0.000000,10000,10000,11000,11000,11000,11000,11000,11000,11000,11000,11000,880,0,10000,9996.175389003447,7540.62212899953,11436.691586000961,2993.1522727272727
1790292722,40,,Aggregated,3.900000,0.000000,10000,10000,11000,11000,11000,11000,11000,11000,11000,11000,11000,887,0,10000,9994.056207489328,7540.62212899953,11436.691586000961,2992.916572717024
1790292723,40,,Aggregated,3.800000,0.000000,10000,10000,11000,11000,11000,11000,11000,11000,11000,11000,11000,902,0,10000,9992.765281278307,7540.62212899953,11436.691586000961,2994.222838137472
1790292724,40,,Aggregated,2.300000,0.000000,10000,10000,11000,11000,11000,11000,11000,11000,11000,11000,11000,911,0,10000,9994.845045278844,7540.62212899953,11436.691586000961,2995.081229418222
1790292725,40,,Aggregated,2.300000,0.000000,10000,10000,11000,11000,11000,11000,11000,11000,11000,11000,11000,912,0,10000,9995.616645564722,7540.62212899953,11436.691586000961,2995.376096491228
1790292726,40,,Aggregated,3.200000,0.000000,10000,10000,11000,11000,11000,11000,11000,11000,11000,11000,11000,914,0,10000,9996.002369789965,7540.62212899953,11436.691586000961,2995.6312910284464
1790292727,40,,Aggregated,3.800000,0.000000,10000,10000,11000,11000,11000,11000,11000,11000,11000,11000,11000,917,0,10000,9996.230890817917,7540.62212899953,11436.691586000961,2995.7906215921485
1790292728,40,,Aggregated,3.600000,0.000000,10000,10000,11000,11000,11000,11000,11000,11000,11000,11000,11000,918,0,10000,9995.538993622036,7540.62212899953,11436.691586000961,2995.510893246187
1790292729,40,,Aggregated,3.600000,0.000000,10000,10000,11000,11000,11000,11000,11000,11000,11000,11000,11000,918,0,10000,9995.538993622036,7540.62212899953,11436.691586000961,2995.510893246187
1790292730,40,,Aggregated,3.600000,0.000000,10000,10000,11000,11000,11000,11000,11000,11000,11000,11000,11000,918,0,10000,9995.538993622036,7540.62212899953,11436.691586000961,2995.510893246187
1790292731,40,,Aggregated,4.000000,0.000000,10000,10000,11000,11000,11000,11000,11000,11000,11000,11000,11000,919,0,10000,9996.231495897746,7540.62212899953,11436.691586000961,2995.608269858542
1790292732,40,,Aggregated,4.000000,0.000000,10000,10000,11000,11000,11000,11000,11000,11000,11000,11000,11000,919,0,10000,9996.231495897746,7540.62212899953,11436.691586000961,2995.608269858542
1790292734,40,,Aggregated,3.900000,0.000000,10000,10000,11000,11000,11000,11000,11000,11000,11000,11000,11000,922,0,10000,9996.451904160549,7540.62212899953,11436.691586000961,2995.3101952277657
1790292735,40,,Aggregated,3.200000,0.000000,10000,10000,11000,11000,11000,11000,11000,11000,11000,11000,11000,932,0,10000,9993.880713022554,7540.62212899953,11436.691586000961,2993.8851931330473
1790292736,40,,Aggregated,3.200000,0.000000,10000,10000,11000,11000,11000,11000,11000,11000,11000,11000,11000,949,0,10000,9994.553703967365,7540.62212899953,11436.691586000961,2994.2065331928347
1790292737,40,,Aggregated,1.900000,0.000000,10000,10000,11000,11000,11000,11000,11000,11000,11000,11000,11000,951,0,10000,9995.190300145143,7540.62212899953,11436.691586000961,2994.225026288118
1790292738,40,,Aggregated,1.900000,0.000000,10000,10000,11000,11000,11000,11000,11000,11000,11000,11000,11000,952,0,10000,9995.671194056757,7540.62212899953,11436.691586000961,2994.2048319327732
1790292739,40,,Aggregated,3.700000,0.000000,10000,10000,11000,11000,11000,11000,11000,11000,11000,11000,11000,954,0,10000,9996.944825693954,7540.62212899953,11436.691586000961,2993.930817610063
1790292740,40,,Aggregated,3.600000,0.000000,10000,10000,11000,11000,11000,11000,11000,11000,11000,11000,11000,956,0,10000,9998.662754080582,7540.62212899953,11436.691586000961,2994.4267782426778
1790292741,40,,Aggregated,3.500000,0.000000,10000,10000,11000,11000,11000,11000,11000,11000,11000,11000,11000,957,0,10000,9999.312184327098,7540.62212899953,11436.691586000961,2994.4775339602925
1790292742,40,,Aggregated,3.600000,0.000000,10000,10000,11000,11000,11000,11000,11000,11000,11000,11000,11000,958,0,10000,10000.457220711936,7540.62212899953,11436.691586000961,2994.6670146137785
1790292743,40,,Aggregated,3.600000,0.000000,10000,10000,11000,11000,11000,11000,11000,11000,11000,11000,11000,958,0,10000,10000.457220711936,7540.62212899953,11436.691586000961,2994.6670146137785
1790292744,40,,Aggregated,3.600000,0.000000,10000,10000,11000,11000,11000,11000,11000,11000,11000,11000,11000,958,0,10000,10000.457220711936,7540.62212899953,11436.691586000961,2994.6670146137785
1790292745,40,,Aggregated,3.900000,0.000000,10000,10000,11000,11000,11000,11000,11000,11000,11000,11000,11000,959,0,10000,10000.907464374382,7540.62212899953,11436.691586000961,2994.5328467153286
1790292746,40,,Aggregated,3.900000,0.000000,10000,10000,11000,11000,11000,11000,11000,11000,11000,11000,11000,970,0,10000,9998.749723177354,7540.62212899953,11436.691586000961,2992.457731958763
1790292747,40,,Aggregated,3.600000,0.000000,10000,10000,11000,11000,11000,11000,11000,11000,11000,11000,11000,981,0,10000,9998.74921492969,7540.62212899953,11436.691586000961,2992.1885830784913
1790292748,40,,Aggregated,2.800000,0.000000,10000,10000,11000,11000,11000,11000,11000,11000,11000,11000,11000,990,0,10000,10000.030407859627,7540.62212899953,11436.691586000961,2993.8171717171717
1790292749,40,,Aggregated,3.000000,0.000000,10000,10000,11000,11000,11000,11000,11000,11000,11000,11000,11000,993,0,10000,10000.264376486432,7540.62212899953,11436.691586000961,2994.5558912386705
1790292750,40,,Aggregated,3.000000,0.000000,10000,10000,11000,11000,11000,11000,11000,11000,11000,11000,11000,994,0,10000,9999.4238686288,7540.62212899953,11436.691586000961,2994.160965794769
1790292751,40,,Aggregated,3.000000,0.000000,10000,10000,11000,11000,11000,11000,11000,11000,11000,11000,11000,994,0,10000,9999.4238686288,7540.62212899953,11436.691586000961,2994.160965794769
1790292752,40,,Aggregated,3.800000,0.000000,10000,10000,11000,11000,11000,11000,11000,11000,11000,11000,11000,996,0,10000,10000.143587844403,7540.62212899953,11436.691586000961,2994.6967871485945
1790292753,40,,Aggregated,3.800000,0.000000,10000,10000,11000,11000,11000,11000,11000,11000,11000,11000,11000,997,0,10000,10000.691133980967,7540.62212899953,11436.691586000961,2995.023069207623
1790292754,40,,Aggregated,3.700000,0.000000,10000,10000,11000,11000,11000,11000,11000,11000,11000,11000,11000,998,0,10000,10000.602360526078,7540.62212899953,11436.691586000961,2995.012024048096
1790292755,40,,Aggregated,3.700000,0.000000,10000,10000,11000,11000,11000,11000,11000,11000,11000,11000,11000,998,0,10000,10000.602360526078,7540.62212899953,11436.691586000961,2995.012024048096
1790292756,40,,Aggregated,3.900000,0.000000,10000,10000,11000,11000,11000,11000,11000,11000,11000,11000,11000,999,0,10000,10000.197125977002,7540.62212899953,11436.691586000961,2994.811811811812
1790292757,40,,Aggregated,3.900000,0.000000,10000,10000,11000,11000,11000,11000,11000,11000,11000,11000,11000,1007,0,10000,9996.067493869943,7540.62212899953,11436.691586000961,2993.278053624628
1790292758,40,,Aggregated,2.900000,0.000000,10000,10000,11000,11000,11000,11000,11000,11000,11000,11000,11000,1017,0,10000,9995.783528284206,7540.62212899953,11436.691586000961,2993.3962635201574
1790292759,40,,Aggregated,2.500000,0.000000,10000,10000,11000,11000,11000,11000,11000,11000,11000,11000,11000,1026,0,10000,9996.489300967873,7540.62212899953,11436.691586000961,2993.7378167641327
1790292760,40,,Aggregated,2.500000,0.000000,10000,10000,11000,11000,11000,11000,11000,11000,11000,11000,11000,1032,0,10000,9997.97126835081,7540.62212899953,11436.691586000961,2993.9147286821703
1790292761,40,,Aggregated,2.600000,0.000000,10000,10000,11000,11000,11000,11000,11000,11000,11000,11000,11000,1033,0,10000,9998.101680575057,7540.62212899953,11436.691586000961,2993.9545014520813
1790292762,40,,Aggregated,2.600000,0.000000,10000,10000,11000,11000,11000,11000,11000,11000,11000,11000,11000,1033,0,10000,9998.101680575057,7540.62212899953,11436.691586000961,2993.9545014520813
1790292763,40,,Aggregated,3.800000,0.000000,10000,10000,11000,11000,11000,11000,11000,11000,11000,11000,11000,1035,0,10000,9998.920765379742,7540.62212899953,11436.691586000961,2993.950724637681
1790292764,40,,Aggregated,3.900000,0.000000,10000,10000,11000,11000,11000,11000,11000,11000,11000,11000,11000,1037,0,10000,9998.766466809097,7540.62212899953,11436.691586000961,2993.6943105110895
1790292765,40,,Aggregated,3.700000,0.000000,10000,10000,11000,11000,11000,11000,11000,11000,11000,11000,11000,1038,0,10000,9998.65707167633,7540.62212899953,11436.691586000961,2993.1493256262042
1790292766,40,,Aggregated,3.700000,0.000000,10000,10000,11000,11000,11000,11000,11000,11000,11000,11000,11000,1038,0,10000,9998.65707167633,7540.62212899953,11436.691586000961,2993.1493256262042
1790292767,40,,Aggregated,4.000000,0.000000,10000,10000,11000,11000,11000,11000,11000,11000,11000,11000,11000,1039,0,10000,9999.092855462975,7540.62212899953,11436.691586000961,2993.046198267565
1790292768,40,,Aggregated,4.000000,0.000000,10000,10000,11000,11000,11000,11000,11000,11000,11000,11000,11000,1039,0,10000,9999.092855462975,7540.62212899953,11436.691586000961,2993.046198267565
1790292769,40,,Aggregated,3.200000,0.000000,10000,10000,11000,11000,11000,11000,11000,11000,11000,11000,11000,1056,0,10000,9998.25324099813,7540.62212899953,11436.691586000961,2991.282196969697
1790292770,40,,Aggregated,2.300000,0.000000,10000,10000,11000,11000,11000,11000,11000,11000,11000,11000,11000,1069,0,10000,9994.138165645487,7540.62212899953,11436.691586000961,2990.7090739008418
1790292771,40,,Aggregated,2.300000,0.000000,10000,10000,11000,11000,11000,11000,11000,11000,11000,11000,11000,1072,0,10000,9994.108497420733,7540.62212899953,11436.691586000961,2991.142723880597
1790292772,40,,Aggregated,2.300000,0.000000,10000,10000,11000,11000,11000,11000,11000,11000,11000,11000,11000,1072,0,10000,9994.108497420733,7540.62212899953,11436.691586000961,2991.142723880597
1790292773,40,,Aggregated,3.200000,0.000000,10000,10000,11000,11000,11000,11000,11000,11000,11000,11000,11000,1073,0,10000,9993.918721042895,7540.62212899953,11436.691586000961,2991.260018639329
1790292774,40,,Aggregated,3.200000,0.000000,10000,10000,11000,11000,11000,11000,11000,11000,11000,11000,11000,1073,0,10000,9993.918721042895,7540.62212899953,11436.691586000961,2991.260018639329
1790292775,40,,Aggregated,3.800000,0.000000,10000,10000,11000,11000,11000,11000,11000,11000,11000,11000,11000,1077,0,10000,9994.259687702905,7540.62212899953,11436.691586000961,2991.161559888579
1790292776,40,,Aggregated,3.800000,0.000000,10000,10000,11000,11000,11000,11000,11000,11000,11000,11000,11000,1077,0,10000,9994.259687702905,7540.62212899953,11436.691586000961,2991.161559888579
1790292777,40,,Aggregated,3.600000,0.000000,10000,10000,11000,11000,11000,11000,11000,11000,11000,11000,11000,1078,0,10000,9994.833561033422,7540.62212899953,11436.691586000961,2991.169758812616
1790292778,40,,Aggregated,3.600000,0.000000,10000,10000,11000,11000,11000,11000,11000,11000,11000,11000,11000,1078,0,10000,9994.833561033422,7540.62212899953,11436.691586000961,2991.169758812616
1790292779,40,,Aggregated,4.000000,0.000000,10000,10000,11000,11000,11000,11000,11000,11000,11000,11000,11000,1080,0,10000,9995.267207386138,7540.62212899953,11436.691586000961,2991.1027777777776
1790292780,40,,Aggregated,3.900000,0.000000,10000,10000,11000,11000,11000,11000,11000,11000,11000,11000,11000,1090,0,10000,9991.566410328469,7540.62212899953,11436.691586000961,2989.6522935779817
1790292781,40,,Aggregated,3.000000,0.000000,10000,10000,11000,11000,11000,11000,11000,11000,11000,11000,11000,1103,0,10000,9989.54451499277,7540.62212899953,11436.691586000961,2989.233000906618
1790292782,40,,Aggregated,2.100000,0.000000,10000,10000,11000,11000,11000,11000,11000,11000,11000,11000,11000,1111,0,10000,9992.487018041427,7540.62212899953,11436.691586000961,2989.8208820882087
1790292783,40,,Aggregated,2.600000,0.000000,10000,10000,11000,11000,11000,11000,11000,11000,11000,11000,11000,1112,0,10000,9993.012620038695,7540.62212899953,11436.691586000961,2989.8642086330933
1790292784,40,,Aggregated,2.600000,0.000000,10000,10000,11000,11000,11000,11000,11000,11000,11000,11000,11000,1113,0,10000,9993.18519450317,7540.62212899953,11436.691586000961,2989.562443845463
1790292785,40,,Aggregated,2.600000,0.000000,10000,10000,11000,11000,11000,11000,11000,11000,11000,11000,11000,1113,0,10000,9993.18519450317,7540.62212899953,11436.691586000961,2989.562443845463
1790292786,40,,Aggregated,2.600000,0.000000,10000,10000,11000,11000,11000,11000,11000,11000,11000,11000,11000,1113,0,10000,9993.18519450317,7540.62212899953,11436.691586000961,2989.562443845463
1790292787,40,,Aggregated,4.000000,0.000000,10000,10000,11000,11000,11000,11000,11000,11000,11000,11000,11000,1117,0,10000,9994.164715777111,7540.62212899953,11436.691586000961,2989.4297224709044
1790292788,40,,Aggregated,3.800000,0.000000,10000,10000,11000,11000,11000,11000,11000,11000,11000,11000,11000,1118,0,10000,9994.033880924004,7540.62212899953,11436.691586000961,2989.3112701252235
1790292789,40,,Aggregated,3.800000,0.000000,10000,10000,11000,11000,11000,11000,11000,11000,11000,11000,11000,1118,0,10000,9994.033880924004,7540.62212899953,11436.691586000961,2989.3112701252235
1790292790,40,,Aggregated,3.800000,0.000000,10000,10000,11000,11000,11000,11000,11000,11000,11000,11000,11000,1118,0,10000,9994.033880924004,7540.62212899953,11436.691586000961,2989.3112701252235
1790292791,40,,Aggregated,4.000000,0.000000,10000,10000,11000,11000,11000,11000,11000,11000,11000,11000,11000,1122,0,10000,9993.836793885059,7540.62212899953,11436.691586000961,2989.198752228164
1790292792,40,,Aggregated,3.300000,0.000000,10000,10000,11000,11000,11000,11000,11000,11000,11000,11000,11000,1136,0,10000,9992.377837875914,7540.62212899953,11439.850629998546,2988.1892605633802
1790292793,40,,Aggregated,2.200000,0.000000,10000,10000,11000,11000,11000,11000,11000,11000,11000,11000,11000,1150,0,10000,9995.47136322176,7540.62212899953,11439.850629998546,2989.195652173913
1790292794,40,,Aggregated,2.200000,0.000000,10000,10000,11000,11000,11000,11000,11000,11000,11000,11000,11000,1152,0,10000,9994.571815053843,7540.62212899953,11439.850629998546,2989.2213541666665
1790292795,40,,Aggregated,2.200000,0.000000,10000,10000,11000,11000,11000,11000,11000,11000,11000,11000,11000,1152,0,10000,9994.571815053843,7540.62212899953,11439.850629998546,2989.2213541666665
1790292796,40,,Aggregated,3.900000,0.000000,10000,10000,11000,11000,11000,11000,11000,11000,11000,11000,11000,1153,0,10000,9995.480489345211,7540.62212899953,11439.850629998546,2989.2983521248916
1790292797,40,,Aggregated,3.900000,0.000000,10000,10000,11000,11000,11000,11000,11000,11000,11000,11000,11000,1153,0,10000,9995.480489345211,7540.62212899953,11439.850629998546,2989.2983521248916
1790292798,40,,Aggregated,3.900000,0.000000,10000,10000,11000,11000,11000,11000,11000,11000,11000,11000,11000,1155,0,10000,9995.058509839851,7540.62212899953,11439.850629998546,2989.042424242424
1790292799,40,,Aggregated,3.900000,0.000000,10000,10000,11000,11000,11000,11000,11000,11000,11000,11000,11000,1158,0,10000,9996.23793708638,7540.62212899953,11439.850629998546,2989.1891191709847
1790292800,40,,Aggregated,3.900000,0.000000,10000,10000,11000,11000,11000,11000,11000,11000,11000,11000,11000,1158,0,10000,9996.23793708638,7540.62212899953,11439.850629998546,2989.1891191709847
1790292801,40,,Aggregated,3.900000,0.000000,10000,10000,11000,11000,11000,11000,11000,11000,11000,11000,11000,1158,0,10000,9996.23793708638,7540.62212899953,11439.850629998546,2989.1891191709847
1790292802,40,,Aggregated,4.000000,0.000000,10000,10000,11000,11000,11000,11000,11000,11000,11000,11000,11000,1159,0,10000,9995.659657255414,7540.62212899953,11439.850629998546,2989.0517687661777
1790292803,40,,Aggregated,3.800000,0.000000,10000,10000,11000,11000,11000,11000,11000,11000,11000,11000,11000,1170,0,10000,9993.41685808635,7540.62212899953,11439.850629998546,2988.562393162393
1790292804,40,,Aggregated,3.100000,0.000000,10000,10000,11000,11000,11000,11000,11000,11000,11000,11000,11000,1183,0,10000,9992.138830243473,7540.62212899953,11439.850629998546,2989.0228233305156
1790292805,40,,Aggregated,1.700000,0.000000,10000,10000,11000,11000,11000,11000,11000,11000,11000,11000,11000,1192,0,10000,9995.964146995831,7540.62212899953,11439.850629998546,2990.1694630872485
1790292806,40,,Aggregated,1.700000,0.000000,10000,10000,11000,11000,11000,11000,11000,11000,11000,11000,11000,1192,0,10000,9995.964146995831,7540.62212899953,11439.850629998546,2990.1694630872485
1790292807,40,,Aggregated,1.700000,0.000000,10000,10000,11000,11000,11000,11000,11000,11000,11000,11000,11000,1192,0,10000,9995.964146995831,7540.62212899953,11439.850629998546,2990.1694630872485
1790292808,40,,Aggregated,3.700000,0.000000,10000,10000,11000,11000,11000,11000,11000,11000,11000,11000,11000,1193,0,10000,9996.190830401534,7540.62212899953,11439.850629998546,2990.2271584241407
1790292809,40,,Aggregated,3.700000,0.000000,10000,10000,11000,11000,11000,11000,11000,11000,11000,11000,11000,1193,0,10000,9996.190830401534,7540.62212899953,11439.850629998546,2990.2271584241407
1790292810,40,,Aggregated,4.000000,0.000000,10000,10000,11000,11000,11000,11000,11000,11000,11000,11000,11000,1195,0,10000,9996.967883421783,7540.62212899953,11439.850629998546,2990.7539748953973
1790292811,40,,Aggregated,3.500000,0.000000,10000,10000,11000,11000,11000,11000,11000,11000,11000,11000,11000,1198,0,10000,9997.970963920729,7540.62212899953,11439.850629998546,2990.9382303839734
1790292812,40,,Aggregated,3.500000,0.000000,10000,10000,11000,11000,11000,11000,11000,11000,11000,11000,11000,1198,0,10000,9997.970963920729,7540.62212899953,11439.850629998546,2990.9382303839734
1790292813,40,,Aggregated,3.900000,0.000000,10000,10000,11000,11000,11000,11000,11000,11000,11000,11000,11000,1199,0,10000,9997.845430436226,7540.62212899953,11439.850629998546,2991.1067556296916
1790292814,40,,Aggregated,3.900000,0.000000,10000,10000,11000,11000,11000,11000,11000,11000,11000,11000,11000,1205,0,10000,9996.83683194609,7540.62212899953,11439.850629998546,2990.696265560166
1790292815,40,,Aggregated,3.600000,0.000000,10000,10000,11000,11000,11000,11000,11000,11000,11000,11000,11000,1221,0,10000,9992.43069649143,7540.62212899953,11439.850629998546,2990.172809172809
1790292816,40,,Aggregated,2.000000,0.000000,10000,10000,11000,11000,11000,11000,11000,11000,11000,11000,11000,1227,0,10000,9992.936864638175,7540.62212899953,11439.850629998546,2990.4148329258355
1790292817,40,,Aggregated,2.200000,0.000000,10000,10000,11000,11000,11000,11000,11000,11000,11000,11000,11000,1230,0,10000,9994.178650913853,7540.62212899953,11439.850629998546,2990.5349593495935
1790292818,40,,Aggregated,2.200000,0.000000,10000,10000,11000,11000,11000,11000,11000,11000,11000,11000,11000,1232,0,10000,9995.489316002468,7540.62212899953,11439.850629998546,2991.0016233766232
1790292819,40,,Aggregated,3.300000,0.000000,10000,10000,11000,11000,11000,11000,11000,11000,11000,11000,11000,1233,0,10000,9995.05642447854,7540.62212899953,11439.850629998546,2990.7842660178426
1790292820,40,,Aggregated,3.300000,0.000000,10000,10000,11000,11000,11000,11000,11000,11000,11000,11000,11000,1233,0,10000,9995.05642447854,7540.62212899953,11439.850629998546,2990.7842660178426
1790292821,40,,Aggregated,3.300000,0.000000,10000,10000,11000,11000,11000,11000,11000,11000,11000,11000,11000,1233,0,10000,9995.05642447854,7540.62212899953,11439.850629998546,2990.7842660178426
1790292822,40,,Aggregated,4.000000,0.000000,10000,10000,11000,11000,11000,11000,11000,11000,11000,11000,11000,1236,0,10000,9995.029798067186,7540.62212899953,11439.850629998546,2990.635922330097
1790292823,40,,Aggregated,3.600000,0.000000,10000,10000,11000,11000,11000,11000,11000,11000,11000,11000,11000,1237,0,10000,9995.814314413938,7540.62212899953,11439.850629998546,2990.763945028294
1790292824,40,,Aggregated,3.500000,0.000000,10000,10000,11000,11000,11000,11000,11000,11000,11000,11000,11000,1238,0,10000,9996.43572768097,7540.62212899953,11439.850629998546,2990.8683360258483
1790292825,40,,Aggregated,3.800000,0.000000,10000,10000,11000,11000,11000,11000,11000,11000,11000,11000,11000,1239,0,10000,9996.328197920937,7540.62212899953,11439.850629998546,2990.5633575464085
1790292826,40,,Aggregated,3.800000,0.000000,10000,10000,11000,11000,11000,11000,11000,11000,11000,11000,11000,1254,0,10000,9992.918750204983,7540.62212899953,11439.850629998546,2989.153110047847
1790292827,40,,Aggregated,2.700000,0.000000,10000,10000,11000,11000,11000,11000,11000,11000,11000,11000,11000,1267,0,10000,9995.905899098694,7540.62212899953,11439.850629998546,2990.708760852407
1790292828,40,,Aggregated,1.800000,0.000000,10000,10000,11000,11000,11000,11000,11000,11000,11000,11000,11000,1269,0,10000,9996.18735208278,7540.62212899953,11439.850629998546,2990.8045705279746
1790292829,40,,Aggregated,1.800000,0.000000,10000,10000,11000,11000,11000,11000,11000,11000,11000,11000,11000,1271,0,10000,9996.32934551774,7540.62212899953,11439.850629998546,2990.684500393391
1790292830,40,,Aggregated,3.600000,0.000000,10000,10000,11000,11000,11000,11000,11000,11000,11000,11000,11000,1272,0,10000,9996.030351536203,7540.62212899953,11439.850629998546,2990.550314465409
1790292831,40,,Aggregated,3.600000,0.000000,10000,10000,11000,11000,11000,11000,11000,11000,11000,11000,11000,1273,0,10000,9997.164307441517,7540.62212899953,11439.850629998546,2991.002356637863
1790292832,40,,Aggregated,3.600000,0.000000,10000,10000,11000,11000,11000,11000,11000,11000,11000,11000,11000,1273,0,10000,9997.164307441517,7540.62212899953,11439.850629998546,2991.002356637863
1790292833,40,,Aggregated,4.000000,0.000000,10000,10000,11000,11000,11000,11000,11000,11000,11000,11000,11000,1274,0,10000,9997.025397800671,7540.62212899953,11439.850629998546,2990.853218210361
1790292834,40,,Aggregated,4.000000,0.000000,10000,10000,11000,11000,11000,11000,11000,11000,11000,11000,11000,1276,0,10000,9997.108790111328,7540.62212899953,11439.850629998546,2990.739811912226
1790292835,40,,Aggregated,3.700000,0.000000,10000,10000,11000,11000,11000,11000,11000,11000,11000,11000,11000,1277,0,10000,9997.743406937398,7540.62212899953,11439.850629998546,2990.8512137823022
1790292836,40,,Aggregated,3.700000,0.000000,10000,10000,11000,11000,11000,11000,11000,11000,11000,11000,11000,1278,0,10000,9997.855773975005,7540.62212899953,11439.850629998546,2990.8489827856024
1790292837,40,,Aggregated,3.800000,0.000000,10000,10000,11000,11000,11000,11000,11000,11000,11000,11000,11000,1288,0,10000,9995.497668243836,7540.62212899953,11439.850629998546,2990.4052795031057
1790292838,40,,Aggregated,3.500000,0.000000,10000,10000,11000,11000,11000,11000,11000,11000,11000,11000,11000,1302,0,10000,9996.569285182075,7540.62212899953,11439.850629998546,2990.9400921658985
1790292839,40,,Aggregated,2.100000,0.000000,10000,10000,11000,11000,11000,11000,11000,11000,11000,11000,11000,1308,0,10000,9997.354012026042,7540.62212899953,11439.850629998546,2990.901376146789
1790292840,40,,Aggregated,2.300000,0.000000,10000,10000,11000,11000,11000,11000,11000,11000,11000,11000,11000,1311,0,10000,9999.032497395929,7540.62212899953,11439.850629998546,2991.3524027459953
1790292841,40,,Aggregated,2.300000,0.000000,10000,10000,11000,11000,11000,11000,11000,11000,11000,11000,11000,1311,0,10000,9999.032497395929,7540.62212899953,11439.850629998546,2991.3524027459953
1790292842,40,,Aggregated,3.300000,0.000000,10000,10000,11000,11000,11000,11000,11000,11000,11000,11000,11000,1312,0,10000,9998.591846317882,7540.62212899953,11439.850629998546,2991.205792682927
1790292843,40,,Aggregated,3.800000,0.000000,10000,10000,11000,11000,11000,11000,11000,11000,11000,11000,11000,1313,0,10000,9999.433920513375,7540.62212899953,11439.850629998546,2991.162985529322
1790292844,40,,Aggregated,3.800000,0.000000,10000,10000,11000,11000,11000,11000,11000,11000,11000,11000,11000,1313,0,10000,9999.433920513375,7540.62212899953,11439.850629998546,2991.162985529322
1790292845,40,,Aggregated,3.900000,0.000000,10000,10000,11000,11000,11000,11000,11000,11000,11000,11000,11000,1314,0,10000,9999.791189766409,7540.62212899953,11439.850629998546,2991.3173515981734
1790292846,40,,Aggregated,3.700000,0.000000,10000,10000,11000,11000,11000,11000,11000,11000,11000,11000,11000,1316,0,10000,10000.443420917982,7540.62212899953,11439.850629998546,2991.841945288754
1790292847,40,,Aggregated,3.700000,0.000000,10000,10000,11000,11000,11000,11000,11000,11000,11000,11000,11000,1318,0,10000,10001.123822909003,7540.62212899953,11439.850629998546,2991.896813353566
1790292848,40,,Aggregated,3.600000,0.000000,10000,10000,11000,11000,11000,11000,11000,11000,11000,11000,11000,1325,0,10000,9999.799062105709,7540.62212899953,11439.850629998546,2990.835471698113
1790292849,40,,Aggregated,3.700000,0.000000,10000,10000,11000,11000,11000,11000,11000,11000,11000,11000,11000,1335,0,10000,9997.854230977573,7540.62212899953,11439.850629998546,2990.245692883895
1790292850,40,,Aggregated,2.700000,0.000000,10000,10000,11000,11000,11000,11000,11000,11000,11000,11000,11000,1344,0,10000,9999.126005593798,7540.62212899953,11439.850629998546,2991.157738095238
1790292851,40,,Aggregated,2.400000,0.000000,10000,10000,11000,11000,11000,11000,11000,11000,11000,11000,11000,1347,0,10000,10000.761458226478,7540.62212899953,11439.850629998546,2991.7082405345213
1790292852,40,,Aggregated,2.500000,0.000000,10000,10000,11000,11000,11000,11000,11000,11000,11000,11000,11000,1351,0,10000,10002.652304652156,7540.62212899953,11439.850629998546,2992.095484826055
1790292853,40,,Aggregated,2.500000,0.000000,10000,10000,11000,11000,11000,11000,11000,11000,11000,11000,11000,1352,0,10000,10003.293285772237,7540.62212899953,11439.850629998546,2992.1900887573966
1790292854,40,,Aggregated,2.500000,0.000000,10000,10000,11000,11000,11000,11000,11000,11000,11000,11000,11000,1352,0,10000,10003.293285772237,7540.62212899953,11439.850629998546,2992.1900887573966
1790292855,40,,Aggregated,2.500000,0.000000,10000,10000,11000,11000,11000,11000,11000,11000,11000,11000,11000,1352,0,10000,10003.293285772237,7540.62212899953,11439.850629998546,2992.1900887573966
1790292856,40,,Aggregated,3.900000,0.000000,10000,10000,11000,11000,11000,11000,11000,11000,11000,11000,11000,1353,0,10000,10004.245617757624,7540.62212899953,11439.850629998546,2992.4456762749446
1790292857,40,,Aggregated,3.900000,0.000000,10000,10000,11000,11000,11000,11000,11000,11000,11000,11000,11000,1355,0,10000,10003.836957648016,7540.62212899953,11439.850629998546,2992.3062730627307
1790292858,40,,Aggregated,3.800000,0.000000,10000,10000,11000,11000,11000,11000,11000,11000,11000,11000,11000,1357,0,10000,10004.756183088475,7540.62212899953,11439.850629998546,2992.6543846720706
1790292859,40,,Aggregated,3.600000,0.000000,10000,10000,11000,11000,11000,11000,11000,11000,11000,11000,11000,1360,0,10000,10003.571148899311,7540.62212899953,11439.850629998546,2992.285294117647
1790292860,40,,Aggregated,3.700000,0.000000,10000,10000,11000,11000,11000,11000,11000,11000,11000,11000,11000,1369,0,10000,10005.00785882766,7540.62212899953,11439.850629998546,2992.99780861943
1790292861,40,,Aggregated,2.900000,0.000000,10000,10000,11000,11000,11000,11000,11000,11000,11000,11000,11000,1381,0,10000,10005.164559420758,7540.62212899953,11439.850629998546,2993.1165821868212
1790292862,40,,Aggregated,2.500000,0.000000,10000,10000,11000,11000,11000,11000,11000,11000,11000,11000,11000,1385,0,10000,10004.12298321521,7540.62212899953,11439.850629998546,2993.2231046931406
1790292863,40,,Aggregated,3.100000,0.000000,10000,10000,11000,11000,11000,11000,11000,11000,11000,11000,11000,1391,0,10000,10004.117259282571,7540.62212899953,11439.850629998546,2993.6815240833935
1790292864,40,,Aggregated,3.100000,0.000000,10000,10000,11000,11000,11000,11000,11000,11000,11000,11000,11000,1391,0,10000,10004.117259282571,7540.62212899953,11439.850629998546,2993.6815240833935
1790292865,40,,Aggregated,3.500000,0.000000,10000,10000,11000,11000,11000,11000,11000,11000,11000,11000,11000,1392,0,10000,10004.818211538115,7540.62212899953,11439.850629998546,2993.765804597701
1790292866,40,,Aggregated,3.500000,0.000000,10000,10000,11000,11000,11000,11000,11000,11000,11000,11000,11000,1392,0,10000,10004.818211538115,7540.62212899953,11439.850629998546,2993.765804597701
1790292867,40,,Aggregated,3.500000,0.000000,10000,10000,11000,11000,11000,11000,11000,11000,11000,11000,11000,1392,0,10000,10004.818211538115,7540.62212899953,11439.850629998546,2993.765804597701
1790292868,40,,Aggregated,4.000000,0.000000,10000,10000,11000,11000,11000,11000,11000,11000,11000,11000,11000,1395,0,10000,10004.564175255955,7540.62212899953,11439.850629998546,2993.6086021505375
1790292869,40,,Aggregated,4.000000,0.000000,10000,10000,11000,11000,11000,11000,11000,11000,11000,11000,11000,1395,0,10000,10004.564175255955,7540.62212899953,11439.850629998546,2993.6086021505375
1790292870,40,,Aggregated,3.700000,0.000000,10000,10000,11000,11000,11000,11000,11000,11000,11000,11000,11000,1396,0,10000,10005.340147877549,7540.62212899953,11439.850629998546,2993.7256446991405
1790292871,40,,Aggregated,3.800000,0.000000,10000,10000,11000,11000,11000,11000,11000,11000,11000,11000,11000,1403,0,10000,10004.339066982218,7540.62212899953,11439.850629998546,2993.767640769779
1790292872,40,,Aggregated,3.500000,0.000000,10000,10000,11000,11000,11000,11000,11000,11000,11000,11000,11000,1419,0,10000,10003.628464306586,7540.62212899953,11439.850629998546,2994.4848484848485
1790292873,40,,Aggregated,2.300000,0.000000,10000,10000,11000,11000,11000,11000,11000,11000,11000,11000,11000,1424,0,10000,10004.731020521798,7540.62212899953,11439.850629998546,2994.7738764044943
1790292874,40,,Aggregated,2.300000,0.000000,10000,10000,11000,11000,11000,11000,11000,11000,11000,11000,11000,1428,0,10000,10004.433882936302,7540.62212899953,11439.850629998546,2994.8515406162464
1790292875,40,,Aggregated,3.500000,0.000000,10000,10000,11000,11000,11000,11000,11000,11000,11000,11000,11000,1430,0,10000,10005.648059472054,7540.62212899953,11439.850629998546,2995.0776223776224
1790292876,40,,Aggregated,3.300000,0.000000,10000,10000,11000,11000,11000,11000,11000,11000,11000,11000,11000,1431,0,10000,10006.356518659704,7540.62212899953,11439.850629998546,2995.269042627533
1790292877,40,,Aggregated,3.800000,0.000000,10000,10000,11000,11000,11000,11000,11000,11000,11000,11000,11000,1432,0,10000,10007.021431696254,7540.62212899953,11439.850629998546,2995.3268156424583
1790292878,40,,Aggregated,3.800000,0.000000,10000,10000,11000,11000,11000,11000,11000,11000,11000,11000,11000,1432,0,10000,10007.021431696254,7540.62212899953,11439.850629998546,2995.3268156424583
1790292879,40,,Aggregated,3.900000,0.000000,10000,10000,11000,11000,11000,11000,11000,11000,11000,11000,11000,1434,0,10000,10006.971190024431,7540.62212899953,11439.850629998546,2995.34170153417
1790292880,40,,Aggregated,4.000000,0.000000,10000,10000,11000,11000,11000,11000,11000,11000,11000,11000,11000,1435,0,10000,10007.59587047389,7540.62212899953,11439.850629998546,2995.4606271777
1790292881,40,,Aggregated,4.000000,0.000000,10000,10000,11000,11000,11000,11000,11000,11000,11000,11000,11000,1435,0,10000,10007.59587047389,7540.62212899953,11439.850629998546,2995.4606271777
1790292882,40,,Aggregated,3.900000,0.000000,10000,10000,11000,11000,11000,11000,11000,11000,11000,11000,11000,1439,0,10000,10006.363359205026,7540.62212899953,11439.850629998546,2995.0806115357886
1790292883,40,,Aggregated,3.700000,0.000000,10000,10000,11000,11000,11000,11000,11000,11000,11000,11000,11000,1453,0,10000,10006.179633946349,7540.62212899953,11439.850629998546,2995.189263592567
1790292884,40,,Aggregated,2.800000,0.000000,10000,10000,11000,11000,11000,11000,11000,11000,11000,11000,11000,1460,0,10000,10007.252212589075,7540.62212899953,11439.850629998546,2995.328767123288
1790292885,40,,Aggregated,1.700000,0.000000,10000,10000,11000,11000,11000,11000,11000,11000,11000,11000,11000,1464,0,10000,10009.743025379134,7540.62212899953,11439.850629998546,2995.9241803278687
1790292886,40,,Aggregated,3.000000,0.000000,10000,10000,11000,11000,11000,11000,11000,11000,11000,11000,11000,1467,0,10000,10010.41107577168,7540.62212899953,11439.850629998546,2996.1486025903205
1790292887,40,,Aggregated,3.100000,0.000000,10000,10000,11000,11000,11000,11000,11000,11000,11000,11000,11000,1471,0,10000,10011.535188755988,7540.62212899953,11439.850629998546,2996.590074779062
1790292888,40,,Aggregated,3.100000,0.000000,10000,10000,11000,11000,11000,11000,11000,11000,11000,11000,11000,1471,0,10000,10011.535188755988,7540.62212899953,11439.850629998546,2996.590074779062
1790292890,40,,Aggregated,3.600000,0.000000,10000,10000,11000,11000,11000,11000,11000,11000,11000,11000,11000,1472,0,10000,10012.035089351264,7540.62212899953,11439.850629998546,2996.7296195652175
1790292891,40,,Aggregated,3.600000,0.000000,10000,10000,11000,11000,11000,11000,11000,11000,11000,11000,11000,1472,0,10000,10012.035089351264,7540.62212899953,11439.850629998546,2996.7296195652175
1790292892,40,,Aggregated,3.900000,0.000000,10000,10000,11000,11000,11000,11000,11000,11000,11000,11000,11000,1473,0,10000,10012.313910987143,7540.62212899953,11439.850629998546,2996.6951799049557
1790292893,40,,Aggregated,3.800000,0.000000,10000,10000,11000,11000,11000,11000,11000,11000,11000,11000,11000,1474,0,10000,10013.123325917273,7540.62212899953,11439.850629998546,2996.702170963365
1790292894,40,,Aggregated,3.800000,0.000000,10000,10000,11000,11000,11000,11000,11000,11000,11000,11000,11000,1477,0,10000,10013.194197425904,7540.62212899953,11439.850629998546,2996.5098171970208
1790292895,40,,Aggregated,3.800000,0.000000,10000,10000,11000,11000,11000,11000,11000,11000,11000,11000,11000,1488,0,10000,10012.55891355851,7540.62212899953,11439.850629998546,2995.9388440860216
1790292896,40,,Aggregated,3.500000,0.000000,10000,10000,11000,11000,11000,11000,11000,11000,11000,11000,11000,1494,0,10000,10014.345603856802,7540.62212899953,11439.850629998546,2996.2175368139224
1790292897,40,,Aggregated,2.200000,0.000000,10000,10000,11000,11000,11000,11000,11000,11000,11000,11000,11000,1501,0,10000,10015.78411363229,7540.62212899953,11439.850629998546,2996.2878081279146
1790292898,40,,Aggregated,2.800000,0.000000,10000,10000,11000,11000,11000,11000,11000,11000,11000,11000,11000,1507,0,10000,10015.486861087636,7540.62212899953,11439.850629998546,2996.1320504313203
1790292899,40,,Aggregated,3.000000,0.000000,10000,10000,11000,11000,11000,11000,11000,11000,11000,11000,11000,1508,0,10000,10015.7020640332,7540.62212899953,11439.850629998546,2996.192970822281
1790292900,40,,Aggregated,3.400000,0.000000,10000,10000,11000,11000,11000,11000,11000,11000,11000,11000,11000,1510,0,10000,10016.74826324309,7540.62212899953,11439.850629998546,2996.3185430463577
1790292901,40,,Aggregated,3.600000,0.000000,10000,10000,11000,11000,11000,11000,11000,11000,11000,11000,11000,1512,0,10000,10017.687033318165,7540.62212899953,11439.850629998546,2996.3869047619046
1790292902,40,,Aggregated,3.600000,0.000000,10000,10000,11000,11000,11000,11000,11000,11000,11000,11000,11000,1512,0,10000,10017.687033318165,7540.62212899953,11439.850629998546,2996.3869047619046
1790292903,40,,Aggregated,3.600000,0.000000,10000,10000,11000,11000,11000,11000,11000,11000,11000,11000,11000,1512,0,10000,10017.687033318165,7540.62212899953,11439.850629998546,2996.3869047619046
1790292904,40,,Aggregated,4.000000,0.000000,10000,10000,11000,11000,11000,11000,11000,11000,11000,11000,11000,1514,0,10000,10017.671083847466,7540.62212899953,11439.850629998546,2996.227212681638
1790292905,40,,Aggregated,3.800000,0.000000,10000,10000,11000,11000,11000,11000,11000,11000,11000,11000,11000,1517,0,10000,10017.36556026438,7540.62212899953,11439.850629998546,2996.2221489782464
1790292906,40,,Aggregated,3.800000,0.000000,10000,10000,11000,11000,11000,11000,11000,11000,11000,11000,11000,1521,0,10000,10017.266710023714,7540.62212899953,11439.850629998546,2996.1249178172257
1790292907,40,,Aggregated,3.800000,0.000000,10000,10000,11000,11000,11000,11000,11000,11000,11000,11000,11000,1529,0,10000,10017.399888281932,7540.62212899953,11439.850629998546,2995.580117724003
1790292908,40,,Aggregated,2.800000,0.000000,10000,10000,11000,11000,11000,11000,11000,11000,11000,11000,11000,1539,0,10000,10017.389692298939,7540.62212899953,11439.850629998546,2995.388564002599
1790292909,40,,Aggregated,2.800000,0.000000,10000,10000,11000,11000,11000,11000,11000,11000,11000,11000,11000,1545,0,10000,10017.946044354088,7540.62212899953,11439.850629998546,2995.654368932039
1790292910,40,,Aggregated,2.800000,0.000000,10000,10000,11000,11000,11000,11000,11000,11000,11000,11000,11000,1546,0,10000,10018.561425263302,7540.62212899953,11439.850629998546,2995.9249676584736
1790292911,40,,Aggregated,3.200000,0.000000,10000,10000,11000,11000,11000,11000,11000,11000,11000,11000,11000,1549,0,10000,10019.202167034906,7540.62212899953,11439.850629998546,2995.998708844416
1790292912,40,,Aggregated,3.200000,0.000000,10000,10000,11000,11000,11000,11000,11000,11000,11000,11000,11000,1549,0,10000,10019.202167034906,7540.62212899953,11439.850629998546,2995.998708844416
1790292913,40,,Aggregated,3.600000,0.000000,10000,10000,11000,11000,11000,11000,11000,11000,11000,11000,11000,1552,0,10000,10021.143520303525,7540.62212899953,11439.850629998546,2996.564432989691
1790292914,40,,Aggregated,3.600000,0.000000,10000,10000,11000,11000,11000,11000,11000,11000,11000,11000,11000,1552,0,10000,10021.143520303525,7540.62212899953,11439.850629998546,2996.564432989691
1790292915,40,,Aggregated,4.000000,0.000000,10000,10000,11000,11000,11000,11000,11000,11000,11000,11000,11000,1553,0,10000,10021.448149900883,7540.62212899953,11439.850629998546,2996.477784932389
1790292916,40,,Aggregated,3.800000,0.000000,10000,10000,11000,11000,11000,11000,11000,11000,11000,11000,11000,1554,0,10000,10022.1626531236,7540.62212899953,11439.850629998546,2996.7335907335905
1790292917,40,,Aggregated,3.600000,0.000000,10000,10000,11000,11000,11000,11000,11000,11000,11000,11000,11000,1561,0,10000,10020.745570865518,7540.62212899953,11439.850629998546,2995.9762972453555
1790292918,40,,Aggregated,3.600000,0.000000,10000,10000,11000,11000,11000,11000,11000,11000,11000,11000,11000,1569,0,10000,10020.528066682005,7540.62212899953,11439.850629998546,2995.9139579349903
1790292919,40,,Aggregated,3.000000,0.000000,10000,10000,11000,11000,11000,11000,11000,11000,11000,11000,11000,1576,0,10000,10018.968855358546,7540.62212899953,11439.850629998546,2995.918147208122
1790292920,40,,Aggregated,3.000000,0.000000,10000,10000,11000,11000,11000,11000,11000,11000,11000,11000,11000,1583,0,10000,10019.65586010301,7540.62212899953,11439.850629998546,2995.9450410612762
1790292921,40,,Aggregated,2.800000,0.000000,10000,10000,11000,11000,11000,11000,11000,11000,11000,11000,11000,1586,0,10000,10019.673110420597,7540.62212899953,11439.850629998546,2995.7591424968473
1790292922,40,,Aggregated,3.500000,0.000000,10000,10000,11000,11000,11000,11000,11000,11000,11000,11000,11000,1588,0,10000,10020.113171409992,7540.62212899953,11439.850629998546,2995.9955919395466
1790292923,40,,Aggregated,3.600000,0.000000,10000,10000,11000,11000,11000,11000,11000,11000,11000,11000,11000,1589,0,10000,10020.662209543152,7540.62212899953,11439.850629998546,2996.232850849591
1790292924,40,,Aggregated,3.700000,0.000000,10000,10000,11000,11000,11000,11000,11000,11000,11000,11000,11000,1591,0,10000,10019.943633308025,7540.62212899953,11439.850629998546,2996.1433060967943
1790292925,40,,Aggregated,3.700000,0.000000,10000,10000,11000,11000,11000,11000,11000,11000,11000,11000,11000,1591,0,10000,10019.943633308025,7540.62212899953,11439.850629998546,2996.1433060967943
1790292926,40,,Aggregated,3.700000,0.000000,10000,10000,11000,11000,11000,11000,11000,11000,11000,11000,11000,1592,0,10000,10020.655095319764,7540.62212899953,11439.850629998546,2996.373743718593
1790292927,40,,Aggregated,3.700000,0.000000,10000,10000,11000,11000,11000,11000,11000,11000,11000,11000,11000,1593,0,10000,10020.280484723831,7540.62212899953,11439.850629998546,2996.2856246076585
1790292928,40,,Aggregated,3.800000,0.000000,10000,10000,11000,11000,11000,11000,11000,11000,11000,11000,11000,1598,0,10000,10020.649767787902,7540.62212899953,11439.850629998546,2996.377972465582
1790292929,40,,Aggregated,3.400000,0.000000,10000,10000,11000,11000,11000,11000,11000,11000,11000,11000,11000,1603,0,10000,10021.495419256436,7540.62212899953,11439.850629998546,2996.593262632564
1790292930,40,,Aggregated,2.700000,0.000000,10000,10000,11000,11000,11000,11000,11000,11000,11000,11000,11000,1612,0,10000,10022.993386313936,7540.62212899953,11439.850629998546,2996.753101736973
1790292931,40,,Aggregated,2.700000,0.000000,10000,10000,11000,11000,11000,11000,11000,11000,11000,11000,11000,1618,0,10000,10021.642856706472,7540.62212899953,11439.850629998546,2996.766996291718
1790292932,40,,Aggregated,2.800000,0.000000,10000,10000,11000,11000,11000,11000,11000,11000,11000,11000,11000,1622,0,10000,10022.633948666506,7540.62212899953,11439.850629998546,2996.9759556103577
1790292933,40,,Aggregated,2.800000,0.000000,10000,10000,11000,11000,11000,11000,11000,11000,11000,11000,11000,1624,0,10000,10023.600885809155,7540.62212899953,11439.850629998546,2997.2549261083745
1790292934,40,,Aggregated,3.300000,0.000000,10000,10000,11000,11000,11000,11000,11000,11000,11000,11000,11000,1628,0,10000,10024.328478692305,7540.62212899953,11439.850629998546,2997.2045454545455
1790292935,40,,Aggregated,3.500000,0.000000,10000,10000,11000,11000,11000,11000,11000,11000,11000,11000,11000,1629,0,10000,10024.673019475184,7540.62212899953,11439.850629998546,2997.4923265807242
1790292936,40,,Aggregated,3.500000,0.000000,10000,10000,11000,11000,11000,11000,11000,11000,11000,11000,11000,1629,0,10000,10024.673019475184,7540.62212899953,11439.850629998546,2997.4923265807242
1790292937,40,,Aggregated,3.900000,0.000000,10000,10000,11000,11000,11000,11000,11000,11000,11000,11000,11000,1631,0,10000,10025.545934604583,7540.62212899953,11439.850629998546,2997.468424279583
1790292938,40,,Aggregated,3.800000,0.000000,10000,10000,11000,11000,11000,11000,11000,11000,11000,11000,11000,1633,0,10000,10025.462718399922,7540.62212899953,11439.850629998546,2997.442743417024
1790292939,40,,Aggregated,3.800000,0.000000,10000,10000,11000,11000,11000,11000,11000,11000,11000,11000,11000,1634,0,10000,10025.214686107756,7540.62212899953,11439.850629998546,2997.484088127295
1790292940,40,,Aggregated,3.700000,0.000000,10000,10000,11000,11000,11000,11000,11000,11000,11000,11000,11000,1638,0,10000,10025.286464034845,7540.62212899953,11439.850629998546,2997.4236874236876
1790292941,40,,Aggregated,3.400000,0.000000,10000,10000,11000,11000,11000,11000,11000,11000,11000,11000,11000,1647,0,10000,10023.989745041947,7540.62212899953,11439.850629998546,2996.6873102610807
1790292942,40,,Aggregated,2.700000,0.000000,10000,10000,11000,11000,11000,11000,11000,11000,11000,11000,11000,1658,0,10000,10025.43791755916,7540.62212899953,11439.850629998546,2996.8124246079615
1790292943,40,,Aggregated,2.500000,0.000000,10000,10000,11000,11000,11000,11000,11000,11000,11000,11000,11000,1661,0,10000,10026.315891639426,7540.62212899953,11439.850629998546,2996.8813967489464
1790292944,40,,Aggregated,3.400000,0.000000,10000,10000,11000,11000,11000,11000,11000,11000,11000,11000,11000,1664,0,10000,10026.661174346205,7540.62212899953,11439.850629998546,2996.9969951923076
1790292945,40,,Aggregated,3.600000,0.000000,10000,10000,11000,11000,11000,11000,11000,11000,11000,11000,11000,1666,0,10000,10026.905886235343,7540.62212899953,11439.850629998546,2997.0336134453783
1790292946,40,,Aggregated,3.600000,0.000000,10000,10000,11000,11000,11000,11000,11000,11000,11000,11000,11000,1668,0,10000,10027.55611769849,7540.62212899953,11439.850629998546,2997.185851318945
1790292947,40,,Aggregated,3.600000,0.000000,10000,10000,11000,11000,11000,11000,11000,11000,11000,11000,11000,1668,0,10000,10027.55611769849,7540.62212899953,11439.850629998546,2997.185851318945
1790292948,40,,Aggregated,3.900000,0.000000,10000,10000,11000,11000,11000,11000,11000,11000,11000,11000,11000,1670,0,10000,10028.252923561127,7540.62212899953,11439.850629998546,2997.279640718563
1790292949,40,,Aggregated,3.700000,0.000000,10000,10000,11000,11000,11000,11000,11000,11000,11000,11000,11000,1671,0,10000,10028.891991581137,7540.62212899953,11439.850629998546,2997.537402752843
1790292950,40,,Aggregated,3.600000,0.000000,10000,10000,11000,11000,11000,11000,11000,11000,11000,11000,11000,1673,0,10000,10029.781105820131,7540.62212899953,11439.850629998546,2997.843395098625
1790292951,40,,Aggregated,3.700000,0.000000,10000,10000,11000,11000,11000,11000,11000,11000,11000,11000,11000,1677,0,10000,10029.535614060873,7540.62212899953,11439.850629998546,2997.429338103757
1790292952,40,,Aggregated,3.600000,0.000000,10000,10000,11000,11000,11000,11000,11000,11000,11000,11000,11000,1686,0,10000,10026.748835765176,7540.62212899953,11439.850629998546,2996.7829181494662
1790292953,40,,Aggregated,3.100000,0.000000,10000,10000,11000,11000,11000,11000,11000,11000,11000,11000,11000,1697,0,10000,10027.09159509905,7540.62212899953,11439.850629998546,2996.752504419564
1790292954,40,,Aggregated,2.700000,0.000000,10000,10000,11000,11000,11000,11000,11000,11000,11000,11000,11000,1699,0,10000,10027.832152945315,7540.62212899953,11439.850629998546,2996.8740435550326
1790292955,40,,Aggregated,2.900000,0.000000,10000,10000,11000,11000,11000,11000,11000,11000,11000,11000,11000,1703,0,10000,10028.301701911978,7540.62212899953,11439.850629998546,2996.7075748678803
1790292956,40,,Aggregated,3.500000,0.000000,10000,10000,11000,11000,11000,11000,11000,11000,11000,11000,11000,1706,0,10000,10028.029417291378,7540.62212899953,11439.850629998546,2996.342321219226
1790292957,40,,Aggregated,3.500000,0.000000,10000,10000,11000,11000,11000,11000,11000,11000,11000,11000,11000,1707,0,10000,10027.90764195143,7540.62212899953,11439.850629998546,2996.2753368482718
1790292958,40,,Aggregated,3.500000,0.000000,10000,10000,11000,11000,11000,11000,11000,11000,11000,11000,11000,1708,0,10000,10028.612530013517,7540.62212899953,11439.850629998546,2996.418618266979
1790292959,40,,Aggregated,3.500000,0.000000,10000,10000,11000,11000,11000,11000,11000,11000,11000,11000,11000,1708,0,10000,10028.612530013517,7540.62212899953,11439.850629998546,2996.418618266979
1790292960,40,,Aggregated,3.900000,0.000000,10000,10000,11000,11000,11000,11000,11000,11000,11000,11000,11000,1710,0,10000,10029.302070866133,7540.62212899953,11439.850629998546,2996.469005847953
1790292961,40,,Aggregated,3.800000,0.000000,10000,10000,11000,11000,11000,11000,11000,11000,11000,11000,11000,1712,0,10000,10029.373706387316,7540.62212899953,11439.850629998546,2996.3644859813085
1790292962,40,,Aggregated,3.600000,0.000000,10000,10000,11000,11000,11000,11000,11000,11000,11000,11000,11000,1714,0,10000,10028.682392558392,7540.62212899953,11439.850629998546,2996.2479579929986
1790292963,40,,Aggregated,3.600000,0.000000,10000,10000,11000,11000,11000,11000,11000,11000,11000,11000,11000,1719,0,10000,10029.546187332215,7540.62212899953,11439.850629998546,2996.43339150669
1790292964,40,,Aggregated,3.100000,0.000000,10000,10000,11000,11000,11000,11000,11000,11000,11000,11000,11000,1727,0,10000,10030.940958618461,7540.62212899953,11439.850629998546,2996.5830920671683
1790292965,40,,Aggregated,2.500000,0.000000,10000,10000,11000,11000,11000,11000,11000,11000,11000,11000,11000,1736,0,10000,10032.66224677712,7540.62212899953,11439.850629998546,2997.4527649769584
1790292966,40,,Aggregated,2.400000,0.000000,10000,10000,11000,11000,11000,11000,11000,11000,11000,11000,11000,1739,0,10000,10033.513764051228,7540.62212899953,11439.850629998546,2997.6164462334673
1790292967,40,,Aggregated,3.400000,0.000000,10000,10000,11000,11000,11000,11000,11000,11000,11000,11000,11000,1746,0,10000,10034.147661150104,7540.62212899953,11439.850629998546,2997.3396334478807
1790292968,40,,Aggregated,3.400000,0.000000,10000,10000,11000,11000,11000,11000,11000,11000,11000,11000,11000,1746,0,10000,10034.147661150104,7540.62212899953,11439.850629998546,2997.3396334478807
1790292969,40,,Aggregated,3.400000,0.000000,10000,10000,11000,11000,11000,11000,11000,11000,11000,11000,11000,1747,0,10000,10034.323527888999,7540.62212899953,11439.850629998546,2997.516886090441
1790292970,40,,Aggregated,3.400000,0.000000,10000,10000,11000,11000,11000,11000,11000,11000,11000,11000,11000,1747,0,10000,10034.323527888999,7540.62212899953,11439.850629998546,2997.516886090441
1790292971,40,,Aggregated,3.800000,0.000000,10000,10000,11000,11000,11000,11000,11000,11000,11000,11000,11000,1748,0,10000,10035.058601744897,7540.62212899953,11439.850629998546,2997.7522883295196
1790292972,40,,Aggregated,3.800000,0.000000,10000,10000,11000,11000,11000,11000,11000,11000,11000,11000,11000,1751,0,10000,10035.407746872688,7540.62212899953,11439.850629998546,2997.7544260422615
1790292973,40,,Aggregated,3.800000,0.000000,10000,10000,11000,11000,11000,11000,11000,11000,11000,11000,11000,1754,0,10000,10035.167883977805,7540.62212899953,11439.850629998546,2997.3859749144813
1790292974,40,,Aggregated,3.800000,0.000000,10000,10000,11000,11000,11000,11000,11000,11000,11000,11000,11000,1757,0,10000,10034.51678216908,7540.62212899953,11439.850629998546,2997.114968696642
1790292975,40,,Aggregated,3.700000,0.000000,10000,10000,11000,11000,11000,11000,11000,11000,11000,11000,11000,1763,0,10000,10033.691410239406,7540.62212899953,11439.850629998546,2997.2212138400455
1790292976,40,,Aggregated,3.200000,0.000000,10000,10000,11000,11000,11000,11000,11000,11000,11000,11000,11000,1771,0,10000,10034.17927418638,7540.62212899953,11439.850629998546,2997.3670242800677
1790292977,40,,Aggregated,2.500000,0.000000,10000,10000,11000,11000,11000,11000,11000,11000,11000,11000,11000,1777,0,10000,10034.821609782255,7540.62212899953,11439.850629998546,2997.833427124367
1790292978,40,,Aggregated,2.800000,0.000000,10000,10000,11000,11000,11000,11000,11000,11000,11000,11000,11000,1780,0,10000,10035.75491650734,7540.62212899953,11439.850629998546,2998.137640449438
1790292979,40,,Aggregated,3.600000,0.000000,10000,10000,11000,11000,11000,11000,11000,11000,11000,11000,11000,1784,0,10000,10036.653159403626,7540.62212899953,11439.850629998546,2998.394058295964
1790292980,40,,Aggregated,3.300000,0.000000,10000,10000,11000,11000,11000,11000,11000,11000,11000,11000,11000,1787,0,10000,10037.71636902802,7540.62212899953,11439.850629998546,2998.435366536094
1790292981,40,,Aggregated,3.300000,0.000000,10000,10000,11000,11000,11000,11000,11000,11000,11000,11000,11000,1787,0,10000,10037.71636902802,7540.62212899953,11439.850629998546,2998.435366536094
1790292982,40,,Aggregated,3.800000,0.000000,10000,10000,11000,11000,11000,11000,11000,11000,11000,11000,11000,1788,0,10000,10037.545957903842,7540.62212899953,11439.850629998546,2998.3791946308725
1790292983,40,,Aggregated,3.800000,0.000000,10000,10000,11000,11000,11000,11000,11000,11000,11000,11000,11000,1788,0,10000,10037.545957903842,7540.62212899953,11439.850629998546,2998.3791946308725
1790292984,40,,Aggregated,3.600000,0.000000,10000,10000,11000,11000,11000,11000,11000,11000,11000,11000,11000,1792,0,10000,10038.25683109379,7540.62212899953,11439.850629998546,2998.3292410714284
1790292985,40,,Aggregated,3.700000,0.000000,10000,10000,11000,11000,11000,11000,11000,11000,11000,11000,11000,1794,0,10000,10039.18031103237,7540.62212899953,11439.850629998546,2998.488294314381
1790292986,40,,Aggregated,3.400000,0.000000,10000,10000,11000,11000,11000,11000,11000,11000,11000,11000,11000,1797,0,10000,10038.56877141295,7540.62212899953,11439.850629998546,2998.35837506956
1790292987,40,,Aggregated,3.400000,0.000000,10000,10000,11000,11000,11000,11000,11000,11000,11000,11000,11000,1808,0,10000,10038.140984848487,7540.62212899953,11439.850629998546,2998.391592920354
1790292988,40,,Aggregated,2.900000,0.000000,10000,10000,11000,11000,11000,11000,11000,11000,11000,11000,11000,1814,0,10000,10038.381077409631,7540.62212899953,11439.850629998546,2997.9933847850057
1790292989,40,,Aggregated,2.500000,0.000000,10000,10000,11000,11000,11000,11000,11000,11000,11000,11000,11000,1817,0,10000,10039.340807644508,7540.62212899953,11439.850629998546,2998.332416070446
1790292990,40,,Aggregated,3.300000,0.000000,10000,10000,11000,11000,11000,11000,11000,11000,11000,11000,11000,1821,0,10000,10039.740480256494,7540.62212899953,11439.850629998546,2998.2641405820978
1790292991,40,,Aggregated,3.300000,0.000000,10000,10000,11000,11000,11000,11000,11000,11000,11000,11000,11000,1825,0,10000,10041.44811552059,7540.62212899953,11439.850629998546,2998.7117808219177
1790292992,40,,Aggregated,3.400000,0.000000,10000,10000,11000,11000,11000,11000,11000,11000,11000,11000,11000,1826,0,10000,10041.716702257436,7540.62212899953,11439.850629998546,2998.6664841182915
1790292993,40,,Aggregated,3.400000,0.000000,10000,10000,11000,11000,11000,11000,11000,11000,11000,11000,11000,1827,0,10000,10042.257667574208,7540.62212899953,11439.850629998546,2998.918445539135
1790292994,40,,Aggregated,3.400000,0.000000,10000,10000,11000,11000,11000,11000,11000,11000,11000,11000,11000,1827,0,10000,10042.257667574208,7540.62212899953,11439.850629998546,2998.918445539135
1790292995,40,,Aggregated,3.800000,0.000000,10000,10000,11000,11000,11000,11000,11000,11000,11000,11000,11000,1828,0,10000,10042.884169506606,7540.62212899953,11439.850629998546,2999.0251641137856
1790292996,40,,Aggregated,3.900000,0.000000,10000,10000,11000,11000,11000,11000,11000,11000,11000,11000,11000,1832,0,10000,10043.077809513143,7540.62212899953,11439.850629998546,2999.30076419214
1790292997,40,,Aggregated,3.500000,0.000000,10000,10000,11000,11000,11000,11000,11000,11000,11000,11000,11000,1836,0,10000,10043.571689287079,7540.62212899953,11439.850629998546,2999.3828976034856
1790292998,40,,Aggregated,3.300000,0.000000,10000,10000,11000,11000,11000,11000,11000,11000,11000,11000,11000,1844,0,10000,10042.217812510342,7540.62212899953,11439.850629998546,2999.265184381779
1790292999,40,,Aggregated,3.100000,0.000000,10000,10000,11000,11000,11000,11000,11000,11000,11000,11000,11000,1846,0,10000,10041.68835779527,7540.62212899953,11439.850629998546,2999.0140845070423
1790293000,40,,Aggregated,2.700000,0.000000,10000,10000,11000,11000,11000,11000,11000,11000,11000,11000,11000,1855,0,10000,10044.530927194111,7540.62212899953,11439.850629998546,2999.2851752021566
1790293001,40,,Aggregated,3.000000,0.000000,10000,10000,11000,11000,11000,11000,11000,11000,11000,11000,11000,1858,0,10000,10045.081130123293,7540.62212899953,11439.850629998546,2999.3756727664154
1790293002,40,,Aggregated,2.900000,0.000000,10000,10000,11000,11000,11000,11000,11000,11000,11000,11000,11000,1861,0,10000,10046.326789660443,7540.62212899953,11439.850629998546,2999.7447608812467
1790293003,40,,Aggregated,3.600000,0.000000,10000,10000,11000,11000,11000,11000,11000,11000,11000,11000,11000,1864,0,10000,10046.69771025058,7540.62212899953,11439.850629998546,2999.7103004291844
1790293004,40,,Aggregated,3.300000,0.000000,10000,10000,11000,11000,11000,11000,11000,11000,11000,11000,11000,1865,0,10000,10047.092656263849,7540.62212899953,11439.850629998546,2999.790348525469
1790293005,40,,Aggregated,3.300000,0.000000,10000,10000,11000,11000,11000,11000,11000,11000,11000,11000,11000,1867,0,10000,10047.197537740802,7540.62212899953,11439.850629998546,2999.736475629352
1790293006,40,,Aggregated,3.300000,0.000000,10000,10000,11000,11000,11000,11000,11000,11000,11000,11000,11000,1867,0,10000,10047.197537740802,7540.62212899953,11439.850629998546,2999.736475629352
1790293007,40,,Aggregated,4.000000,0.000000,10000,10000,11000,11000,11000,11000,11000,11000,11000,11000,11000,1870,0,10000,10047.462902118217,7540.62212899953,11439.850629998546,2999.7363636363634
1790293008,40,,Aggregated,3.900000,0.000000,10000,10000,11000,11000,11000,11000,11000,11000,11000,11000,11000,1871,0,10000,10047.476464593836,7540.62212899953,11439.850629998546,2999.776590058792
1790293009,40,,Aggregated,3.500000,0.000000,10000,10000,11000,11000,11000,11000,11000,11000,11000,11000,11000,1878,0,10000,10048.203227310478,7540.62212899953,11439.850629998546,2999.817891373802
1790293010,40,,Aggregated,3.100000,0.000000,10000,10000,11000,11000,11000,11000,11000,11000,11000,11000,11000,1886,0,10000,10048.963553715841,7540.62212899953,11439.850629998546,2999.9687168610817
1790293011,40,,Aggregated,2.700000,0.000000,10000,10000,11000,11000,11000,11000,11000,11000,11000,11000,11000,1889,0,10000,10049.452883459013,7540.62212899953,11439.850629998546,3000.2334568554793
1790293012,40,,Aggregated,3.200000,0.000000,10000,10000,11000,11000,11000,11000,11000,11000,11000,11000,11000,1895,0,10000,10050.527819560988,7540.62212899953,11439.850629998546,3000.4828496042214
1790293013,40,,Aggregated,3.000000,0.000000,10000,10000,11000,11000,11000,11000,11000,11000,11000,11000,11000,1900,0,10000,10051.113134292142,7540.62212899953,11439.850629998546,3000.3842105263157
1790293014,40,,Aggregated,3.200000,0.000000,10000,10000,11000,11000,11000,11000,11000,11000,11000,11000,11000,1903,0,10000,10050.888863799824,7540.62212899953,11439.850629998546,3000.2291119285337
1790293015,40,,Aggregated,3.200000,0.000000,10000,10000,11000,11000,11000,11000,11000,11000,11000,11000,11000,1903,0,10000,10050.888863799824,7540.62212899953,11439.850629998546,3000.2291119285337
1790293016,40,,Aggregated,3.700000,0.000000,10000,10000,11000,11000,11000,11000,11000,11000,11000,11000,11000,1906,0,10000,10051.08215698325,7540.62212899953,11439.850629998546,3000.2187827911857
1790293017,40,,Aggregated,3.600000,0.000000,10000,10000,11000,11000,11000,11000,11000,11000,11000,11000,11000,1907,0,10000,10051.232588342462,7540.62212899953,11439.850629998546,3000.254850550603
1790293018,40,,Aggregated,3.600000,0.000000,10000,10000,11000,11000,11000,11000,11000,11000,11000,11000,11000,1907,0,10000,10051.232588342462,7540.62212899953,11439.850629998546,3000.254850550603
1790293019,40,,Aggregated,3.900000,0.000000,10000,10000,11000,11000,11000,11000,11000,11000,11000,11000,11000,1908,0,10000,10051.312297599623,7540.62212899953,11439.850629998546,3000.232180293501
1790293020,40,,Aggregated,3.700000,0.000000,10000,10000,11000,11000,11000,11000,11000,11000,11000,11000,11000,1913,0,10000,10051.906816465278,7540.62212899953,11439.850629998546,3000.3063251437534
1790293021,40,,Aggregated,3.500000,0.000000,10000,10000,11000,11000,11000,11000,11000,11000,11000,11000,11000,1923,0,10000,10050.340190813355,7540.62212899953,11439.850629998546,2999.9682787311494
1790293022,40,,Aggregated,3.000000,0.000000,10000,10000,11000,11000,11000,11000,11000,11000,11000,11000,11000,1927,0,10000,10051.34408583813,7540.62212899953,11439.850629998546,3000.255319148936
1790293023,40,,Aggregated,3.000000,0.000000,10000,10000,11000,11000,11000,11000,11000,11000,11000,11000,11000,1928,0,10000,10051.691124137487,7540.62212899953,11439.850629998546,3000.3905601659753
1790293024,40,,Aggregated,3.500000,0.000000,10000,10000,11000,11000,11000,11000,11000,11000,11000,11000,11000,1938,0,10000,10053.063316587757,7540.62212899953,11439.850629998546,3000.876160990712
1790293025,40,,Aggregated,3.300000,0.000000,10000,10000,11000,11000,11000,11000,11000,11000,11000,11000,11000,1942,0,10000,10052.914437511881,7540.62212899953,11439.850629998546,3000.970648815654
1790293026,40,,Aggregated,3.300000,0.000000,10000,10000,11000,11000,11000,11000,11000,11000,11000,11000,11000,1942,0,10000,10052.914437511881,7540.62212899953,11439.850629998546,3000.970648815654
1790293027,40,,Aggregated,3.700000,0.000000,10000,10000,11000,11000,11000,11000,11000,11000,11000,11000,11000,1944,0,10000,10053.170758386355,7540.62212899953,11439.850629998546,3000.9645061728397
1790293028,40,,Aggregated,3.700000,0.000000,10000,10000,11000,11000,11000,11000,11000,11000,11000,11000,11000,1947,0,10000,10054.126947447392,7540.62212899953,11439.850629998546,3001.129943502825
1790293029,40,,Aggregated,3.700000,0.000000,10000,10000,11000,11000,11000,11000,11000,11000,11000,11000,11000,1947,0,10000,10054.126947447392,7540.62212899953,11439.850629998546,3001.129943502825
1790293030,40,,Aggregated,3.700000,0.000000,10000,10000,11000,11000,11000,11000,11000,11000,11000,11000,11000,1947,0,10000,10054.126947447392,7540.62212899953,11439.850629998546,3001.129943502825
1790293031,40,,Aggregated,4.000000,0.000000,10000,10000,11000,11000,11000,11000,11000,11000,11000,11000,11000,1951,0,10000,10054.269052679685,7540.62212899953,11439.850629998546,3001.047155304972
1790293032,40,,Aggregated,3.700000,0.000000,10000,10000,11000,11000,11000,11000,11000,11000,11000,11000,11000,1959,0,10000,10053.71456527007,7540.62212899953,11439.850629998546,3001.2434915773356
1790293033,40,,Aggregated,3.400000,0.000000,10000,10000,11000,11000,11000,11000,11000,11000,11000,11000,11000,1965,0,10000,10054.679999865686,7540.62212899953,11439.850629998546,3001.3638676844785
1790293034,40,,Aggregated,2.600000,0.000000,10000,10000,11000,11000,11000,11000,11000,11000,11000,11000,11000,1968,0,10000,10055.380715477173,7540.62212899953,11439.850629998546,3001.4070121951218
1790293035,40,,Aggregated,3.100000,0.000000,10000,10000,11000,11000,11000,11000,11000,11000,11000,11000,11000,1970,0,10000,10055.548930498515,7540.62212899953,11439.850629998546,3001.566497461929
1790293036,40,,Aggregated,3.800000,0.000000,10000,10000,11000,11000,11000,11000,11000,11000,11000,11000,11000,1979,0,10000,10057.533737535663,7540.62212899953,11439.850629998546,3002.0389085396664
1790293037,40,,Aggregated,2.800000,0.000000,10000,10000,11000,11000,11000,11000,11000,11000,11000,11000,11000,1983,0,10000,10058.26477402021,7540.62212899953,11439.850629998546,3002.119515885023
1790293038,40,,Aggregated,2.900000,0.000000,10000,10000,11000,11000,11000,11000,11000,11000,11000,11000,11000,1984,0,10000,10057.963050131591,7540.62212899953,11439.850629998546,3002.0221774193546
1790293039,40,,Aggregated,3.800000,0.000000,10000,10000,11000,11000,11000,11000,11000,11000,11000,11000,11000,1985,0,10000,10058.081141042356,7540.62212899953,11439.850629998546,3002.128967254408
1790293040,40,,Aggregated,3.800000,0.000000,10000,10000,11000,11000,11000,11000,11000,11000,11000,11000,11000,1987,0,10000,10058.705812924549,7540.62212899953,11439.850629998546,3002.128837443382
1790293042,40,,Aggregated,3.800000,0.000000,10000,10000,11000,11000,11000,11000,11000,11000,11000,11000,11000,1987,0,10000,10058.705812924549,7540.62212899953,11439.850629998546,3002.128837443382
1790293043,40,,Aggregated,3.800000,0.000000,10000,10000,11000,11000,11000,11000,11000,11000,11000,11000,11000,1989,0,10000,10057.981920308739,7540.62212899953,11439.850629998546,3001.940170940171
1790293044,40,,Aggregated,4.000000,0.000000,10000,10000,11000,11000,11000,11000,11000,11000,11000,11000,11000,1992,0,10000,10057.846277621027,7540.62212899953,11439.850629998546,3001.8348393574297
1790293045,40,,Aggregated,3.600000,0.000000,10000,10000,11000,11000,11000,11000,11000,11000,11000,11000,11000,2001,0,10000,10058.05564702153,7540.62212899953,11439.850629998546,3001.7646176911544
1790293046,40,,Aggregated,3.000000,0.000000,10000,10000,11000,11000,11000,11000,11000,11000,11000,11000,11000,2006,0,10000,10059.702878696453,7540.62212899953,11439.850629998546,3002.097208374875
1790293047,40,,Aggregated,2.500000,0.000000,10000,10000,11000,11000,11000,11000,11000,11000,11000,11000,11000,2009,0,10000,10059.501682306165,7540.62212899953,11439.850629998546,3001.775012444002
1790293048,40,,Aggregated,3.300000,0.000000,10000,10000,11000,11000,11000,11000,11000,11000,11000,11000,11000,2017,0,10000,10058.115088197366,7540.62212899953,11439.850629998546,3001.601883986118
1790293049,40,,Aggregated,3.500000,0.000000,10000,10000,11000,11000,11000,11000,11000,11000,11000,11000,11000,2021,0,10000,10058.973310229636,7540.62212899953,11439.850629998546,3001.7046016823356
1790293050,40,,Aggregated,2.900000,0.000000,10000,10000,11000,11000,11000,11000,11000,11000,11000,11000,11000,2023,0,10000,10059.094041477061,7540.62212899953,11439.850629998546,3001.6440929312903
1790293051,40,,Aggregated,3.400000,0.000000,10000,10000,11000,11000,11000,11000,11000,11000,11000,11000,11000,2024,0,10000,10059.42193845163,7540.62212899953,11439.850629998546,3001.5054347826085
1790293052,40,,Aggregated,3.700000,0.000000,10000,10000,11000,11000,11000,11000,11000,11000,11000,11000,11000,2026,0,10000,10058.804293206365,7540.62212899953,11439.850629998546,3001.3134254689044
1790293053,40,,Aggregated,3.800000,0.000000,10000,10000,11000,11000,11000,11000,11000,11000,11000,11000,11000,2027,0,10000,10059.255682070103,7540.62212899953,11439.850629998546,3001.168228909719
1790293054,40,,Aggregated,3.800000,0.000000,10000,10000,11000,11000,11000,11000,11000,11000,11000,11000,11000,2027,0,10000,10059.255682070103,7540.62212899953,11439.850629998546,3001.168228909719
1790293055,40,,Aggregated,3.900000,0.000000,10000,10000,11000,11000,11000,11000,11000,11000,11000,11000,11000,2029,0,10000,10059.718862705813,7540.62212899953,11439.850629998546,3001.111384918679
1790293056,40,,Aggregated,3.800000,0.000000,10000,10000,11000,11000,11000,11000,11000,11000,11000,11000,11000,2038,0,10000,10059.961567314085,7540.62212899953,11439.850629998546,3000.7855740922473
1790293057,40,,Aggregated,2.800000,0.000000,10000,10000,11000,11000,11000,11000,11000,11000,11000,11000,11000,2043,0,10000,10059.889001854188,7540.62212899953,11439.850629998546,3000.6544297601567
1790293058,40,,Aggregated,3.200000,0.000000,10000,10000,11000,11000,11000,11000,11000,11000,11000,11000,11000,2048,0,10000,10060.85090656548,7540.62212899953,11439.850629998546,3000.7900390625
1790293059,40,,Aggregated,3.300000,0.000000,10000,10000,11000,11000,11000,11000,11000,11000,11000,11000,11000,2055,0,10000,10060.059376333871,7540.62212899953,11439.850629998546,3000.5542579075427
1790293060,40,,Aggregated,3.000000,0.000000,10000,10000,11000,11000,11000,11000,11000,11000,11000,11000,11000,2058,0,10000,10059.88304736837,7540.62212899953,11439.850629998546,3000.3828960155492
1790293061,40,,Aggregated,3.000000,0.000000,10000,10000,11000,11000,11000,11000,11000,11000,11000,11000,11000,2059,0,10000,10060.39291369262,7540.62212899953,11439.850629998546,3000.454589606605
1790293062,40,,Aggregated,3.300000,0.000000,10000,10000,11000,11000,11000,11000,11000,11000,11000,11000,11000,2063,0,10000,10061.450655874505,7540.62212899953,11439.850629998546,3000.7275811924383
1790293063,40,,Aggregated,3.400000,0.000000,10000,10000,11000,11000,11000,11000,11000,11000,11000,11000,11000,2064,0,10000,10061.95935789976,7540.62212899953,11439.850629998546,3000.8846899224804
1790293064,40,,Aggregated,3.500000,0.000000,10000,10000,11000,11000,11000,11000,11000,11000,11000,11000,11000,2067,0,10000,10061.835092482874,7540.62212899953,11439.850629998546,3000.9032414126755
1790293065,40,,Aggregated,3.500000,0.000000,10000,10000,11000,11000,11000,11000,11000,11000,11000,11000,11000,2067,0,10000,10061.835092482874,7540.62212899953,11439.850629998546,3000.9032414126755
1790293066,40,,Aggregated,4.000000,0.000000,10000,10000,11000,11000,11000,11000,11000,11000,11000,11000,11000,2068,0,10000,10061.480330838056,7540.62212899953,11439.850629998546,3001.0111218568663
1790293067,40,,Aggregated,3.800000,0.000000,10000,10000,11000,11000,11000,11000,11000,11000,11000,11000,11000,2074,0,10000,10061.571549329847,7540.62212899953,11439.850629998546,3001.1080038572804
1790293068,40,,Aggregated,2.900000,0.000000,10000,10000,11000,11000,11000,11000,11000,11000,11000,11000,11000,2083,0,10000,10060.996507759535,7540.62212899953,11439.850629998546,3001.508401344215
1790293069,40,,Aggregated,2.900000,0.000000,10000,10000,11000,11000,11000,11000,11000,11000,11000,11000,11000,2088,0,10000,10059.482178492392,7540.62212899953,11439.850629998546,3001.1709770114944
1790293070,40,,Aggregated,3.100000,0.000000,10000,10000,11000,11000,11000,11000,11000,11000,11000,11000,11000,2093,0,10000,10059.225578367468,7540.62212899953,11439.850629998546,3001.4863831820353
1790293071,40,,Aggregated,3.400000,0.000000,10000,10000,11000,11000,11000,11000,11000,11000,11000,11000,11000,2097,0,10000,10059.639395995762,7540.62212899953,11439.850629998546,3001.5689079637577
1790293072,40,,Aggregated,3.600000,0.000000,10000,10000,11000,11000,11000,11000,11000,11000,11000,11000,11000,2100,0,10000,10059.390812513866,7540.62212899953,11439.850629998546,3001.744761904762
1790293073,40,,Aggregated,3.600000,0.000000,10000,10000,11000,11000,11000,11000,11000,11000,11000,11000,11000,2102,0,10000,10058.682795579503,7540.62212899953,11439.850629998546,3001.6907706945767
1790293074,40,,Aggregated,3.600000,0.000000,10000,10000,11000,11000,11000,11000,11000,11000,11000,11000,11000,2105,0,10000,10058.569752265614,7540.62212899953,11439.850629998546,3001.6232779097386
1790293075,40,,Aggregated,3.600000,0.000000,10000,10000,11000,11000,11000,11000,11000,11000,11000,11000,11000,2106,0,10000,10058.417798377548,7540.62212899953,11439.850629998546,3001.4753086419755
1790293076,40,,Aggregated,3.800000,0.000000,10000,10000,11000,11000,11000,11000,11000,11000,11000,11000,11000,2107,0,10000,10058.7826025862,7540.62212899953,11439.850629998546,3001.7119126720454
1790293077,40,,Aggregated,3.900000,0.000000,10000,10000,11000,11000,11000,11000,11000,11000,11000,11000,11000,2108,0,10000,10058.558895902808,7540.62212899953,11439.850629998546,3001.735768500949
1790293078,40,,Aggregated,4.000000,0.000000,10000,10000,11000,11000,11000,11000,11000,11000,11000,11000,11000,2113,0,10000,10057.848716268398,7540.62212899953,11439.850629998546,3001.238523426408
1790293079,40,,Aggregated,3.400000,0.000000,10000,10000,11000,11000,11000,11000,11000,11000,11000,11000,11000,2119,0,10000,10057.77151859468,7540.62212899953,11439.850629998546,3001.339310995753
1790293080,40,,Aggregated,2.800000,0.000000,10000,10000,11000,11000,11000,11000,11000,11000,11000,11000,11000,2126,0,10000,10057.29033147842,7540.62212899953,11439.850629998546,3001.3151458137345
1790293081,40,,Aggregated,2.800000,0.000000,10000,10000,11000,11000,11000,11000,11000,11000,11000,11000,11000,2127,0,10000,10057.871075489948,7540.62212899953,11439.850629998546,3001.400094029149
1790293082,40,,Aggregated,2.900000,0.000000,10000,10000,11000,11000,11000,11000,11000,11000,11000,11000,11000,2130,0,10000,10058.773729346065,7540.62212899953,11439.850629998546,3001.225352112676
1790293083,40,,Aggregated,3.100000,0.000000,10000,10000,11000,11000,11000,11000,11000,11000,11000,11000,11000,2137,0,10000,10059.933706719752,7540.62212899953,11439.850629998546,3001.5184838558725
1790293084,40,,Aggregated,3.100000,0.000000,10000,10000,11000,11000,11000,11000,11000,11000,11000,11000,11000,2141,0,10000,10060.70215419622,7540.62212899953,11439.850629998546,3001.696870621205
1790293085,40,,Aggregated,3.100000,0.000000,10000,10000,11000,11000,11000,11000,11000,11000,11000,11000,11000,2142,0,10000,10061.030642652711,7540.62212899953,11439.850629998546,3001.6806722689075
1790293086,40,,Aggregated,3.400000,0.000000,10000,10000,11000,11000,11000,11000,11000,11000,11000,11000,11000,2144,0,10000,10061.097684862925,7540.62212899953,11439.850629998546,3001.617537313433
1790293087,40,,Aggregated,3.600000,0.000000,10000,10000,11000,11000,11000,11000,11000,11000,11000,11000,11000,2147,0,10000,10062.09843343135,7540.62212899953,11439.850629998546,3001.599906846763
1790293088,40,,Aggregated,3.600000,0.000000,10000,10000,11000,11000,11000,11000,11000,11000,11000,11000,11000,2147,0,10000,10062.09843343135,7540.62212899953,11439.850629998546,3001.599906846763
1790293089,40,,Aggregated,3.900000,0.000000,10000,10000,11000,11000,11000,11000,11000,11000,11000,11000,11000,2150,0,10000,10062.138509559118,7540.62212899953,11439.850629998546,3001.6139534883723
1790293090,40,,Aggregated,3.800000,0.000000,10000,10000,11000,11000,11000,11000,11000,11000,11000,11000,11000,2154,0,10000,10061.298792058076,7540.62212899953,11439.850629998546,3001.613277623027
1790293091,40,,Aggregated,3.200000,0.000000,10000,10000,11000,11000,11000,11000,11000,11000,11000,11000,11000,2164,0,10000,10063.024080197825,7540.62212899953,11439.850629998546,3001.9371534195934
1790293092,40,,Aggregated,2.900000,0.000000,10000,10000,11000,11000,11000,11000,11000,11000,11000,11000,11000,2167,0,10000,10062.791568809456,7540.62212899953,11439.850629998546,3002.0179972311953
1790293093,40,,Aggregated,2.900000,0.000000,10000,10000,11000,11000,11000,11000,11000,11000,11000,11000,11000,2169,0,10000,10063.022984514568,7540.62212899953,11439.850629998546,3002.086675887506
1790293094,40,,Aggregated,3.500000,0.000000,10000,10000,11000,11000,11000,11000,11000,11000,11000,11000,11000,2174,0,10000,10062.49825710906,7540.62212899953,11439.850629998546,3001.6333946642135
1790293095,40,,Aggregated,3.300000,0.000000,10000,10000,11000,11000,11000,11000,11000,11000,11000,11000,11000,2180,0,10000,10062.949714802337,7540.62212899953,11439.850629998546,3001.762844036697
1790293096,40,,Aggregated,3.300000,0.000000,10000,10000,11000,11000,11000,11000,11000,11000,11000,11000,11000,2181,0,10000,10063.149347896879,7540.62212899953,11439.850629998546,3001.8922512608897
1790293097,40,,Aggregated,3.700000,0.000000,10000,10000,11000,11000,11000,11000,11000,11000,11000,11000,11000,2183,0,10000,10063.509352605175,7540.62212899953,11439.850629998546,3002.1039853412735
1790293098,40,,Aggregated,3.700000,0.000000,10000,10000,11000,11000,11000,11000,11000,11000,11000,11000,11000,2183,0,10000,10063.509352605175,7540.62212899953,11439.850629998546,3002.1039853412735
1790293099,40,,Aggregated,3.500000,0.000000,10000,10000,11000,11000,11000,11000,11000,11000,11000,11000,11000,2186,0,10000,10063.946656906723,7540.62212899953,11439.850629998546,3002.192589204026
1790293100,40,,Aggregated,3.600000,0.000000,10000,10000,11000,11000,11000,11000,11000,11000,11000,11000,11000,2189,0,10000,10063.985186076792,7540.62212899953,11439.850629998546,3002.0333485609867
1790293101,40,,Aggregated,3.600000,0.000000,10000,10000,11000,11000,11000,11000,11000,11000,11000,11000,11000,2192,0,10000,10063.947887685263,7540.62212899953,11439.850629998546,3002.0214416058393
1790293102,40,,Aggregated,3.600000,0.000000,10000,10000,11000,11000,11000,11000,11000,11000,11000,11000,11000,2198,0,10000,10063.522383715237,7540.62212899953,11439.850629998546,3001.944040036397
1790293103,40,,Aggregated,2.900000,0.000000,10000,10000,11000,11000,11000,11000,11000,11000,11000,11000,11000,2204,0,10000,10064.059700623902,7540.62212899953,11439.850629998546,3002.1615245009075
1790293104,40,,Aggregated,3.200000,0.000000,10000,10000,11000,11000,11000,11000,11000,11000,11000,11000,11000,2207,0,10000,10065.445201480325,7540.62212899953,11439.850629998546,3002.318985047576
1790293105,40,,Aggregated,3.200000,0.000000,10000,10000,11000,11000,11000,11000,11000,11000,11000,11000,11000,2211,0,10000,10064.89210071419,7540.62212899953,11439.850629998546,3002.2388059701493
1790293106,40,,Aggregated,3.200000,0.000000,10000,10000,11000,11000,11000,11000,11000,11000,11000,11000,11000,2219,0,10000,10064.700175488093,7540.62212899953,11439.850629998546,3002.085173501577
1790293107,40,,Aggregated,3.200000,0.000000,10000,10000,11000,11000,11000,11000,11000,11000,11000,11000,11000,2220,0,10000,10065.267731631566,7540.62212899953,11439.850629998546,3002.145945945946
1790293108,40,,Aggregated,3.200000,0.000000,10000,10000,11000,11000,11000,11000,11000,11000,11000,11000,11000,2221,0,10000,10065.353212484502,7540.62212899953,11439.850629998546,3002.155785682125
1790293109,40,,Aggregated,3.500000,0.000000,10000,10000,11000,11000,11000,11000,11000,11000,11000,11000,11000,2222,0,10000,10065.456104437928,7540.62212899953,11439.850629998546,3002.1102610261028
1790293110,40,,Aggregated,3.800000,0.000000,10000,10000,11000,11000,11000,11000,11000,11000,11000,11000,11000,2225,0,10000,10066.178261192845,7540.62212899953,11439.850629998546,3002.2831460674156
1790293111,40,,Aggregated,3.800000,0.000000,10000,10000,11000,11000,11000,11000,11000,11000,11000,11000,11000,2227,0,10000,10066.0621827836,7540.62212899953,11439.850629998546,3002.1450381679388
1790293112,40,,Aggregated,3.500000,0.000000,10000,10000,11000,11000,11000,11000,11000,11000,11000,11000,11000,2231,0,10000,10065.427873225048,7540.62212899953,11439.850629998546,3001.881219184222
1790293113,40,,Aggregated,3.600000,0.000000,10000,10000,11000,11000,11000,11000,11000,11000,11000,11000,11000,2235,0,10000,10065.825603864467,7540.62212899953,11439.850629998546,3002.0868008948546
1790293114,40,,Aggregated,3.000000,0.000000,10000,10000,11000,11000,11000,11000,11000,11000,11000,11000,11000,2241,0,10000,10066.455772497135,7540.62212899953,11439.850629998546,3002.103525211959
1790293115,40,,Aggregated,3.300000,0.000000,10000,10000,11000,11000,11000,11000,11000,11000,11000,11000,11000,2245,0,10000,10066.353032786228,7540.62212899953,11439.850629998546,3001.9340757238306
1790293116,40,,Aggregated,3.100000,0.000000,10000,10000,11000,11000,11000,11000,11000,11000,11000,11000,11000,2250,0,10000,10066.422460413814,7540.62212899953,11439.850629998546,3002.173333333333
1790293117,40,,Aggregated,3.200000,0.000000,10000,10000,11000,11000,11000,11000,11000,11000,11000,11000,11000,2255,0,10000,10065.03913287631,7540.62212899953,11439.850629998546,3001.538802660754
1790293118,40,,Aggregated,3.200000,0.000000,10000,10000,11000,11000,11000,11000,11000,11000,11000,11000,11000,2256,0,10000,10065.334239782396,7540.62212899953,11439.850629998546,3001.5350177304963
1790293119,40,,Aggregated,3.200000,0.000000,10000,10000,11000,11000,11000,11000,11000,11000,11000,11000,11000,2260,0,10000,10066.424428649596,7540.62212899953,11439.850629998546,3001.741150442478
1790293120,40,,Aggregated,3.400000,0.000000,10000,10000,11000,11000,11000,11000,11000,11000,11000,11000,11000,2262,0,10000,10066.421375508882,7540.62212899953,11439.850629998546,3001.8519009725906
1790293121,40,,Aggregated,3.400000,0.000000,10000,10000,11000,11000,11000,11000,11000,11000,11000,11000,11000,2262,0,10000,10066.421375508882,7540.62212899953,11439.850629998546,3001.8519009725906
1790293122,40,,Aggregated,3.900000,0.000000,10000,10000,11000,11000,11000,11000,11000,11000,11000,11000,11000,2266,0,10000,10066.680410937373,7540.62212899953,11439.850629998546,3001.608561341571
1790293123,40,,Aggregated,3.500000,0.000000,10000,10000,11000,11000,11000,11000,11000,11000,11000,11000,11000,2268,0,10000,10066.98779600621,7540.62212899953,11439.850629998546,3001.608024691358
1790293124,40,,Aggregated,3.400000,0.000000,10000,10000,11000,11000,11000,11000,11000,11000,11000,11000,11000,2272,0,10000,10066.524795404968,7540.62212899953,11439.850629998546,3001.7535211267605
1790293125,40,,Aggregated,3.300000,0.000000,10000,10000,11000,11000,11000,11000,11000,11000,11000,11000,11000,2277,0,10000,10066.775425144964,7540.62212899953,11439.850629998546,3001.719367588933
1790293126,40,,Aggregated,3.400000,0.000000,10000,10000,11000,11000,11000,11000,11000,11000,11000,11000,11000,2283,0,10000,10067.416593939593,7540.62212899953,11439.850629998546,3001.7271134472185
1790293127,40,,Aggregated,3.100000,0.000000,10000,10000,11000,11000,11000,11000,11000,11000,11000,11000,11000,2289,0,10000,10066.659428526906,7540.62212899953,11439.850629998546,3001.8117081695063
1790293128,40,,Aggregated,3.100000,0.000000,10000,10000,11000,11000,11000,11000,11000,11000,11000,11000,11000,2291,0,10000,10066.7993131515,7540.62212899953,11439.850629998546,3001.67175905718
1790293129,40,,Aggregated,3.300000,0.000000,10000,10000,11000,11000,11000,11000,11000,11000,11000,11000,11000,2297,0,10000,10067.69379863652,7540.62212899953,11439.850629998546,3001.623421854593
1790293130,40,,Aggregated,3.500000,0.000000,10000,10000,11000,11000,11000,11000,11000,11000,11000,11000,11000,2300,0,10000,10067.524798060036,7540.62212899953,11439.850629998546,3001.4026086956524
1790293131,40,,Aggregated,3.500000,0.000000,10000,10000,11000,11000,11000,11000,11000,11000,11000,11000,11000,2301,0,10000,10067.782323388561,7540.62212899953,11439.850629998546,3001.4563233376794
1790293132,40,,Aggregated,3.300000,0.000000,10000,10000,11000,11000,11000,11000,11000,11000,11000,11000,11000,2302,0,10000,10068.173438120799,7540.62212899953,11439.850629998546,3001.606429192007
1790293133,40,,Aggregated,3.300000,0.000000,10000,10000,11000,11000,11000,11000,11000,11000,11000,11000,11000,2302,0,10000,10068.173438120799,7540.62212899953,11439.850629998546,3001.606429192007
1790293134,40,,Aggregated,4.000000,0.000000,10000,10000,11000,11000,11000,11000,11000,11000,11000,11000,11000,2304,0,10000,10068.119637661057,7540.62212899953,11439.850629998546,3001.5885416666665
1790293135,40,,Aggregated,3.500000,0.000000,10000,10000,11000,11000,11000,11000,11000,11000,11000,11000,11000,2311,0,10000,10069.23350578887,7540.62212899953,11439.850629998546,3002.0826482042407
1790293136,40,,Aggregated,3.200000,0.000000,10000,10000,11000,11000,11000,11000,11000,11000,11000,11000,11000,2313,0,10000,10069.374731279757,7540.62212899953,11439.850629998546,3002.195849546044
1790293137,40,,Aggregated,3.200000,0.000000,10000,10000,11000,11000,11000,11000,11000,11000,11000,11000,11000,2316,0,10000,10069.003952772055,7540.62212899953,11439.850629998546,3002.0859240069085
1790293138,40,,Aggregated,3.300000,0.000000,10000,10000,11000,11000,11000,11000,11000,11000,11000,11000,11000,2323,0,10000,10070.605190748633,7540.62212899953,11439.850629998546,3002.3237193284544
1790293139,40,,Aggregated,3.000000,0.000000,10000,10000,11000,11000,11000,11000,11000,11000,11000,11000,11000,2326,0,10000,10070.688287459621,7540.62212899953,11439.850629998546,3002.2515047291486
1790293140,40,,Aggregated,3.000000,0.000000,10000,10000,11000,11000,11000,11000,11000,11000,11000,11000,11000,2332,0,10000,10072.172567496606,7540.62212899953,11439.850629998546,3002.46269296741
1790293141,40,,Aggregated,3.200000,0.000000,10000,10000,11000,11000,11000,11000,11000,11000,11000,11000,11000,2336,0,10000,10073.016288513307,7540.62212899953,11439.850629998546,3002.4460616438355
1790293142,40,,Aggregated,3.200000,0.000000,10000,10000,11000,11000,11000,11000,11000,11000,11000,11000,11000,2341,0,10000,10073.503004099995,7540.62212899953,11439.850629998546,3002.281930798804
1790293143,40,,Aggregated,3.200000,0.000000,10000,10000,11000,11000,11000,11000,11000,11000,11000,11000,11000,2341,0,10000,10073.503004099995,7540.62212899953,11439.850629998546,3002.281930798804
1790293144,40,,Aggregated,3.300000,0.000000,10000,10000,11000,11000,11000,11000,11000,11000,11000,11000,11000,2342,0,10000,10073.743358877493,7540.62212899953,11439.850629998546,3002.2920580700256
1790293145,40,,Aggregated,3.900000,0.000000,10000,10000,11000,11000,11000,11000,11000,11000,11000,11000,11000,2344,0,10000,10073.810785188605,7540.62212899953,11439.850629998546,3002.286689419795
1790293146,40,,Aggregated,3.900000,0.000000,10000,10000,11000,11000,11000,11000,11000,11000,11000,11000,11000,2347,0,10000,10073.130137959988,7540.62212899953,11439.850629998546,3002.0685982104815
1790293147,40,,Aggregated,3.500000,0.000000,10000,10000,11000,11000,11000,11000,11000,11000,11000,11000,11000,2351,0,10000,10074.315560295658,7540.62212899953,11439.850629998546,3002.34368353892
1790293148,40,,Aggregated,3.300000,0.000000,10000,10000,11000,11000,11000,11000,11000,11000,11000,11000,11000,2356,0,10000,10074.55567768213,7540.62212899953,11439.850629998546,3002.4855687606114
1790293149,40,,Aggregated,3.300000,0.000000,10000,10000,11000,11000,11000,11000,11000,11000,11000,11000,11000,2360,0,10000,10074.277648791143,7540.62212899953,11439.850629998546,3002.53093220339
1790293150,40,,Aggregated,3.200000,0.000000,10000,10000,11000,11000,11000,11000,11000,11000,11000,11000,11000,2364,0,10000,10074.57546261764,7540.62212899953,11439.850629998546,3002.68358714044
1790293151,40,,Aggregated,3.400000,0.000000,10000,10000,11000,11000,11000,11000,11000,11000,11000,11000,11000,2370,0,10000,10074.569224166711,7540.62212899953,11439.850629998546,3002.7426160337554
1790293152,40,,Aggregated,3.200000,0.000000,10000,10000,11000,11000,11000,11000,11000,11000,11000,11000,11000,2375,0,10000,10074.504616984885,7540.62212899953,11439.850629998546,3002.7166315789473
1790293153,40,,Aggregated,3.100000,0.000000,10000,10000,11000,11000,11000,11000,11000,11000,11000,11000,11000,2378,0,10000,10074.507491947898,7540.62212899953,11439.850629998546,3002.722876366695
1790293154,40,,Aggregated,3.200000,0.000000,10000,10000,11000,11000,11000,11000,11000,11000,11000,11000,11000,2380,0,10000,10074.993288623991,7540.62212899953,11439.850629998546,3002.755462184874
1790293155,40,,Aggregated,3.500000,0.000000,10000,10000,11000,11000,11000,11000,11000,11000,11000,11000,11000,2382,0,10000,10075.110842305667,7540.62212899953,11439.850629998546,3002.7619647355164
1790293156,40,,Aggregated,3.500000,0.000000,10000,10000,11000,11000,11000,11000,11000,11000,11000,11000,11000,2382,0,10000,10075.110842305667,7540.62212899953,11439.850629998546,3002.7619647355164
1790293157,40,,Aggregated,3.900000,0.000000,10000,10000,11000,11000,11000,11000,11000,11000,11000,11000,11000,2384,0,10000,10075.097577545763,7540.62212899953,11439.850629998546,3002.557046979866
1790293158,40,,Aggregated,3.700000,0.000000,10000,10000,11000,11000,11000,11000,11000,11000,11000,11000,11000,2389,0,10000,10075.700895974089,7540.62212899953,11439.850629998546,3002.3373796567603
1790293159,40,,Aggregated,3.300000,0.000000,10000,10000,11000,11000,11000,11000,11000,11000,11000,11000,11000,2393,0,10000,10075.33309067827,7540.62212899953,11439.850629998546,3002.124529878813
1790293160,40,,Aggregated,3.400000,0.000000,10000,10000,11000,11000,11000,11000,11000,11000,11000,11000,11000,2398,0,10000,10075.924244772352,7540.62212899953,11439.850629998546,3002.2001668056714
1790293161,40,,Aggregated,3.000000,0.000000,10000,10000,11000,11000,11000,11000,11000,11000,11000,11000,11000,2401,0,10000,10075.47362516664,7540.62212899953,11439.850629998546,3001.981674302374
1790293162,40,,Aggregated,3.300000,0.000000,10000,10000,11000,11000,11000,11000,11000,11000,11000,11000,11000,2405,0,10000,10076.392828541413,7540.62212899953,11439.850629998546,3001.937214137214
1790293163,40,,Aggregated,3.500000,0.000000,10000,10000,11000,11000,11000,11000,11000,11000,11000,12000,12000,2409,0,10000,10076.979686041552,7540.62212899953,11684.39394699817,3001.5483603154835
1790293164,40,,Aggregated,3.100000,0.000000,10000,10000,11000,11000,11000,11000,11000,11000,11000,12000,12000,2416,0,10000,10077.718122775292,7540.62212899953,11684.39394699817,3001.5960264900664
1790293165,40,,Aggregated,3.000000,0.000000,10000,10000,11000,11000,11000,11000,11000,11000,11000,12000,12000,2417,0,10000,10077.988218626027,7540.62212899953,11684.39394699817,3001.6739760033097
1790293166,40,,Aggregated,3.300000,0.000000,10000,10000,11000,11000,11000,11000,11000,11000,11000,12000,12000,2420,0,10000,10078.792627865743,7540.62212899953,11684.39394699817,3001.7462809917356
1790293167,40,,Aggregated,3.500000,0.000000,10000,10000,11000,11000,11000,11000,11000,11000,11000,12000,12000,2422,0,10000,10079.248872393518,7540.62212899953,11684.39394699817,3001.914533443435
1790293168,40,,Aggregated,3.500000,0.000000,10000,10000,11000,11000,11000,11000,11000,11000,11000,12000,12000,2422,0,10000,10079.248872393518,7540.62212899953,11684.39394699817,3001.914533443435
1790293169,40,,Aggregated,3.800000,0.000000,10000,10000,11000,11000,11000,11000,11000,11000,11000,12000,12000,2425,0,10000,10079.538157711795,7540.62212899953,11684.39394699817,3001.919587628866
1790293170,40,,Aggregated,3.600000,0.000000,10000,10000,11000,11000,11000,11000,11000,11000,11000,12000,12000,2431,0,10000,10079.912064841676,7540.62212899953,11684.39394699817,3002.2291238173593
1790293171,40,,Aggregated,3.400000,0.000000,10000,10000,11000,11000,11000,11000,11000,11000,11000,12000,12000,2437,0,10000,10079.32404727949,7540.62212899953,11684.39394699817,3001.9089043906442
1790293172,40,,Aggregated,3.100000,0.000000,10000,10000,11000,11000,11000,11000,11000,11000,11000,12000,12000,2440,0,10000,10079.708172839393,7540.62212899953,11684.39394699817,3002.119262295082
1790293173,40,,Aggregated,3.300000,0.000000,10000,10000,11000,11000,11000,11000,11000,11000,11000,12000,12000,2442,0,10000,10079.717364694972,7540.62212899953,11684.39394699817,3002.1687141687144
1790293174,40,,Aggregated,3.600000,0.000000,10000,10000,11000,11000,11000,11000,11000,11000,11000,12000,12000,2446,0,10000,10079.513760959982,7540.62212899953,11684.39394699817,3001.9243663123466
1790293175,40,,Aggregated,3.400000,0.000000,10000,10000,11000,11000,11000,11000,11000,11000,11000,12000,12000,2449,0,10000,10079.845351265461,7540.62212899953,11684.39394699817,3001.970600244998
1790293176,40,,Aggregated,3.100000,0.000000,10000,10000,11000,11000,11000,11000,11000,11000,11000,12000,12000,2455,0,10000,10080.828465716546,7540.62212899953,11684.39394699817,3002.286354378819
1790293177,40,,Aggregated,3.100000,0.000000,10000,10000,11000,11000,11000,11000,11000,11000,11000,12000,12000,2458,0,10000,10080.770184856843,7540.62212899953,11684.39394699817,3002.2652563059396
1790293178,40,,Aggregated,3.600000,0.000000,10000,10000,11000,11000,11000,11000,11000,11000,11000,12000,12000,2461,0,10000,10080.735239495782,7540.62212899953,11684.39394699817,3002.1836651767576
1790293179,40,,Aggregated,3.600000,0.000000,10000,10000,11000,11000,11000,11000,11000,11000,11000,12000,12000,2462,0,10000,10081.219609801428,7540.62212899953,11684.39394699817,3002.286758732738
