Timestamp,User Count,Type,Name,Requests/s,Failures/s,50%,66%,75%,80%,90%,95%,98%,99%,99.9%,99.99%,100%,Total Request Count,Total Failure Count,Total Median Response Time,Total Average Response Time,Total Min Response Time,Total Max Response Time,Total Average Content Size
1790289757,0,,Aggregated,0.000000,0.000000,N/A,N/A,N/A,N/A,N/A,N/A,N/A,N/A,N/A,N/A,N/A,0,0,0,0.0,0,0,0
1790289758,20,,Aggregated,0.000000,0.000000,N/A,N/A,N/A,N/A,N/A,N/A,N/A,N/A,N/A,N/A,N/A,0,0,0,0.0,0,0,0
1790289759,40,,Aggregated,0.000000,0.000000,N/A,N/A,N/A,N/A,N/A,N/A,N/A,N/A,N/A,N/A,N/A,0,0,0,0.0,0,0,0
1790289760,40,,Aggregated,0.000000,0.000000,N/A,N/A,N/A,N/A,N/A,N/A,N/A,N/A,N/A,N/A,N/A,0,0,0,0.0,0,0,0
1790289761,40,,Aggregated,0.000000,0.000000,3300,3400,3400,3500,3900,3900,3900,3900,3900,3900,3900,18,0,3300,3362.711216277603,2987.9063699991093,3926.828142000886,1681.2222222222222
1790289762,40,,Aggregated,0.000000,0.000000,3300,3400,3500,3500,3900,4000,4100,4100,4100,4100,4100,40,0,3300,3395.4275670000243,2987.9063699991093,4091.981500998372,1698.075
1790289763,40,,Aggregated,0.000000,0.000000,3300,3400,3500,3500,3900,4000,4100,4100,4100,4100,4100,40,0,3300,3395.4275670000243,2987.9063699991093,4091.981500998372,1698.075
1790289764,40,,Aggregated,0.000000,0.000000,3300,3400,3500,3500,3900,4000,4100,4100,4100,4100,4100,40,0,3300,3395.4275670000243,2987.9063699991093,4091.981500998372,1698.075
1790289765,40,,Aggregated,6.666667,0.000000,3300,3400,3400,3500,3800,3900,4100,4100,4100,4100,4100,47,0,3300,3336.7326848937737,2882.360352003161,4091.981500998372,1697.5106382978724
1790289766,40,,Aggregated,5.714286,0.000000,3300,3300,3400,3400,3500,3900,4000,4100,4100,4100,4100,73,0,3300,3248.4641666576936,2703.0632580026577,4091.981500998372,1694.2602739726028
1790289767,40,,Aggregated,5.714286,0.000000,3200,3300,3400,3400,3500,3900,4000,4100,4100,4100,4100,80,0,3200,3230.726357962567,2703.0632580026577,4091.981500998372,1698.2125
1790289768,40,,Aggregated,5.714286,0.000000,3200,3300,3400,3400,3500,3900,4000,4100,4100,4100,4100,80,0,3200,3230.726357962567,2703.0632580026577,4091.981500998372,1698.2125
1790289769,40,,Aggregated,8.000000,0.000000,3200,3300,3300,3400,3500,3800,4000,4100,4100,4100,4100,87,0,3200,3191.895357908134,2509.4574149989057,4091.981500998372,1694.5747126436781
1790289770,40,,Aggregated,8.000000,0.000000,3100,3300,3300,3400,3500,3800,4000,4100,4100,4100,4100,99,0,3100,3156.940111383985,2509.4574149989057,4091.981500998372,1690.858585858586
1790289771,40,,Aggregated,8.200000,0.000000,3100,3200,3300,3300,3400,3600,3900,4000,4100,4100,4100,120,0,3100,3119.5326790083536,2509.4574149989057,4091.981500998372,1687.475
1790289772,40,,Aggregated,8.200000,0.000000,3100,3200,3300,3300,3400,3600,3900,4000,4100,4100,4100,120,0,3100,3119.5326790083536,2509.4574149989057,4091.981500998372,1687.475
1790289773,40,,Aggregated,10.000000,0.000000,3100,3200,3300,3300,3400,3500,3900,4000,4100,4100,4100,124,0,3100,3108.136558975833,2509.4574149989057,4091.981500998372,1686.4596774193549
1790289774,40,,Aggregated,8.100000,0.000000,3000,3200,3300,3300,3400,3500,3900,4000,4100,4100,4100,132,0,3000,3099.2882998333234,2509.4574149989057,4091.981500998372,1688.3863636363637
1790289775,40,,Aggregated,8.200000,0.000000,3000,3200,3300,3300,3400,3500,3900,4000,4100,4100,4100,152,0,3000,3093.9634159342286,2509.4574149989057,4091.981500998372,1693.2697368421052
1790289776,40,,Aggregated,8.200000,0.000000,3000,3200,3300,3300,3400,3500,3900,4000,4100,4100,4100,160,0,3000,3091.279061887508,2509.4574149989057,4091.981500998372,1694.3875
1790289777,40,,Aggregated,9.500000,0.000000,3000,3200,3300,3300,3400,3500,3900,4000,4100,4100,4100,163,0,3000,3083.4285285767064,2461.8016240019642,4091.981500998372,1694.6748466257668
1790289778,40,,Aggregated,9.900000,0.000000,3000,3100,3300,3300,3400,3500,3900,4000,4100,4100,4100,167,0,3000,3071.894250838357,2461.8016240019642,4091.981500998372,1693.4550898203593
1790289779,40,,Aggregated,8.100000,0.000000,3000,3100,3300,3300,3400,3500,3900,4000,4100,4100,4100,176,0,3000,3072.630056187543,2461.8016240019642,4091.981500998372,1695.1704545454545
1790289780,40,,Aggregated,8.600000,0.000000,3000,3200,3300,3300,3400,3500,3900,4000,4100,4100,4100,199,0,3000,3078.038750211137,2461.8016240019642,4091.981500998372,1696.4824120603016
1790289781,40,,Aggregated,8.700000,0.000000,3000,3100,3200,3300,3400,3500,3800,3900,4100,4100,4100,204,0,3000,3068.9686816373505,2461.8016240019642,4091.981500998372,1697.700980392157
1790289782,40,,Aggregated,9.100000,0.000000,3000,3100,3200,3300,3400,3500,3800,3900,4100,4100,4100,207,0,3000,3064.2258600677337,2461.8016240019642,4091.981500998372,1698.584541062802
1790289783,40,,Aggregated,8.600000,0.000000,3000,3100,3200,3300,3400,3500,3800,3900,4100,4100,4100,209,0,3000,3062.336915196293,2461.8016240019642,4091.981500998372,1698.9712918660287
1790289784,40,,Aggregated,8.500000,0.000000,3000,3100,3200,3300,3400,3400,3800,3900,4100,4100,4100,221,0,3000,3064.717328737666,2461.8016240019642,4091.981500998372,1696.8280542986424
1790289785,40,,Aggregated,8.500000,0.000000,3000,3200,3200,3300,3400,3400,3800,3900,4100,4100,4100,242,0,3000,3066.907737533136,2461.8016240019642,4091.981500998372,1697.2727272727273
1790289786,40,,Aggregated,8.500000,0.000000,3000,3100,3200,3300,3400,3400,3800,3900,4100,4100,4100,246,0,3000,3062.418202398431,2461.8016240019642,4091.981500998372,1697.8048780487804
1790289787,40,,Aggregated,9.700000,0.000000,3000,3100,3200,3300,3300,3400,3600,3900,4100,4100,4100,251,0,3000,3054.6697697689633,2461.8016240019642,4091.981500998372,1698.219123505976
1790289788,40,,Aggregated,8.500000,0.000000,3000,3100,3200,3300,3300,3400,3600,3900,4100,4100,4100,256,0,3000,3051.8313512070563,2461.8016240019642,4091.981500998372,1698.53125
1790289789,40,,Aggregated,8.600000,0.000000,3000,3100,3200,3300,3300,3400,3600,3900,4100,4100,4100,273,0,3000,3049.2498572857185,2461.8016240019642,4091.981500998372,1699.4102564102564
1790289790,40,,Aggregated,8.500000,0.000000,3000,3100,3200,3300,3300,3400,3600,3900,4100,4100,4100,285,0,3000,3044.484181519331,2461.8016240019642,4091.981500998372,1700.701754385965
1790289791,40,,Aggregated,9.500000,0.000000,3000,3100,3200,3200,3300,3400,3600,3900,4100,4100,4100,288,0,3000,3041.513243541708,2461.8016240019642,4091.981500998372,1700.8958333333333
1790289792,40,,Aggregated,9.800000,0.000000,3000,3100,3200,3200,3300,3400,3600,3900,4100,4100,4100,291,0,3000,3039.172687656394,2461.8016240019642,4091.981500998372,1701.0068728522338
1790289793,40,,Aggregated,8.500000,0.000000,3000,3100,3200,3200,3300,3400,3500,3900,4100,4100,4100,301,0,3000,3041.248213036552,2461.8016240019642,4091.981500998372,1701.0199335548173
1790289794,40,,Aggregated,8.500000,0.000000,3000,3100,3200,3300,3300,3400,3500,3900,4100,4100,4100,322,0,3000,3047.1602787267143,2461.8016240019642,4091.981500998372,1701.7639751552795
1790289795,40,,Aggregated,8.700000,0.000000,3000,3100,3200,3200,3300,3400,3500,3900,4100,4100,4100,326,0,3000,3046.9227778221075,2461.8016240019642,4091.981500998372,1702.6104294478528
1790289796,40,,Aggregated,9.900000,0.000000,3000,3100,3200,3200,3300,3400,3500,3900,4100,4100,4100,330,0,3000,3042.4443871878984,2377.6996720007446,4091.981500998372,1702.009090909091
1790289797,40,,Aggregated,8.800000,0.000000,3000,3100,3200,3200,3300,3400,3500,3900,4100,4100,4100,334,0,3000,3039.798376302429,2377.6996720007446,4091.981500998372,1702.131736526946
1790289798,40,,Aggregated,8.300000,0.000000,3000,3100,3200,3200,3300,3400,3500,3900,4100,4100,4100,346,0,3000,3044.0902433901956,2377.6996720007446,4091.981500998372,1702.3236994219653
1790289799,40,,Aggregated,8.600000,0.000000,3000,3100,3200,3300,3300,3400,3500,3900,4100,4100,4100,365,0,3000,3046.6837495343148,2377.6996720007446,4091.981500998372,1704.13698630137
1790289800,40,,Aggregated,8.600000,0.000000,3000,3100,3200,3200,3300,3400,3500,3900,4100,4100,4100,370,0,3000,3042.2250403216863,2377.6996720007446,4091.981500998372,1703.9810810810811
1790289801,40,,Aggregated,8.600000,0.000000,3000,3100,3200,3200,3300,3400,3500,3900,4100,4100,4100,372,0,3000,3040.7988798065107,2377.6996720007446,4091.981500998372,1704.029569892473
1790289802,40,,Aggregated,8.400000,0.000000,3000,3100,3200,3200,3300,3400,3500,3900,4100,4100,4100,379,0,3000,3040.6125908232702,2377.6996720007446,4091.981500998372,1704.5778364116095
1790289803,40,,Aggregated,8.600000,0.000000,3000,3100,3200,3200,3300,3400,3500,3900,4100,4100,4100,398,0,3000,3042.1934733417734,2377.6996720007446,4091.981500998372,1705.140703517588
1790289804,40,,Aggregated,8.400000,0.000000,3000,3100,3200,3200,3300,3400,3500,3800,4100,4100,4100,411,0,3000,3034.275199841913,2377.6996720007446,4091.981500998372,1705.087591240876
1790289805,40,,Aggregated,8.400000,0.000000,3000,3100,3200,3200,3300,3400,3500,3800,4100,4100,4100,411,0,3000,3034.275199841913,2377.6996720007446,4091.981500998372,1705.087591240876
1790289806,40,,Aggregated,9.500000,0.000000,3000,3100,3200,3200,3300,3400,3500,3800,4100,4100,4100,415,0,3000,3033.18694904102,2377.6996720007446,4091.981500998372,1705.443373493976
1790289807,40,,Aggregated,8.600000,0.000000,3000,3100,3200,3200,3300,3400,3500,3800,4100,4100,4100,429,0,3000,3031.96649729143,2377.6996720007446,4091.981500998372,1705.041958041958
1790289808,40,,Aggregated,8.500000,0.000000,3000,3100,3200,3200,3300,3400,3500,3800,4100,4100,4100,450,0,3000,3028.5352612822776,2377.6996720007446,4091.981500998372,1704.1244444444444
1790289809,40,,Aggregated,8.500000,0.000000,3000,3100,3200,3200,3300,3400,3500,3800,4100,4100,4100,451,0,3000,3028.0473517605865,2377.6996720007446,4091.981500998372,1704.1662971175167
1790289810,40,,Aggregated,9.800000,0.000000,3000,3100,3200,3200,3300,3400,3500,3800,4100,4100,4100,453,0,3000,3026.1011863797485,2377.6996720007446,4091.981500998372,1703.896247240618
1790289811,40,,Aggregated,9.100000,0.000000,3000,3100,3200,3200,3300,3400,3500,3800,4100,4100,4100,458,0,3000,3026.7699917773552,2377.6996720007446,4091.981500998372,1704.0152838427948
1790289812,40,,Aggregated,8.400000,0.000000,3000,3100,3200,3200,3300,3400,3500,3800,4100,4100,4100,479,0,3000,3028.879184248468,2377.6996720007446,4091.981500998372,1702.991649269311
1790289813,40,,Aggregated,8.100000,0.000000,3000,3100,3200,3200,3300,3400,3500,3800,4100,4100,4100,491,0,3000,3025.6803405682713,2377.6996720007446,4091.981500998372,1703.3523421588595
1790289814,40,,Aggregated,9.000000,0.000000,3000,3100,3200,3200,3300,3400,3500,3800,4100,4100,4100,493,0,3000,3024.5729639209353,2377.6996720007446,4091.981500998372,1703.8640973630831
1790289815,40,,Aggregated,10.200000,0.000000,3000,3100,3200,3200,3300,3400,3500,3800,4100,4100,4100,495,0,3000,3022.382417539444,2377.6996720007446,4091.981500998372,1703.3555555555556
1790289816,40,,Aggregated,8.500000,0.000000,3000,3100,3200,3200,3300,3400,3500,3600,4100,4100,4100,511,0,3000,3019.151766917867,2377.6996720007446,4091.981500998372,1701.7455968688846
1790289817,40,,Aggregated,8.300000,0.000000,3000,3100,3200,3200,3300,3400,3500,3600,4100,4100,4100,530,0,3000,3015.3380479340217,2377.6996720007446,4091.981500998372,1701.2490566037736
1790289818,40,,Aggregated,8.600000,0.000000,3000,3100,3200,3200,3300,3400,3500,3600,4100,4100,4100,533,0,3000,3013.2016408237014,2377.6996720007446,4091.981500998372,1701.4183864915572
1790289819,40,,Aggregated,10.000000,0.000000,3000,3100,3200,3200,3300,3400,3500,3600,4100,4100,4100,535,0,3000,3010.921753263614,2363.261077000061,4091.981500998372,1701.1177570093457
1790289820,40,,Aggregated,9.600000,0.000000,3000,3100,3200,3200,3300,3400,3500,3600,4100,4100,4100,542,0,3000,3008.5018068432305,2363.261077000061,4091.981500998372,1700.19926199262
1790289821,40,,Aggregated,8.300000,0.000000,3000,3100,3200,3200,3300,3400,3400,3600,4100,4100,4100,553,0,3000,3010.2883160054757,2363.261077000061,4091.981500998372,1700.5551537070523
1790289822,40,,Aggregated,8.500000,0.000000,3000,3100,3200,3200,3300,3400,3400,3600,4100,4100,4100,573,0,3000,3013.060175205968,2363.261077000061,4091.981500998372,1700.652705061082
1790289823,40,,Aggregated,9.000000,0.000000,3000,3100,3200,3200,3300,3400,3400,3600,4100,4100,4100,575,0,3000,3012.038540481771,2363.261077000061,4091.981500998372,1700.4052173913044
1790289824,40,,Aggregated,9.900000,0.000000,3000,3100,3200,3200,3300,3400,3400,3600,4100,4100,4100,580,0,3000,3010.5124514672643,2363.261077000061,4091.981500998372,1700.3396551724138
1790289825,40,,Aggregated,8.700000,0.000000,3000,3100,3200,3200,3300,3400,3400,3600,4100,4100,4100,588,0,3000,3010.79195511057,2363.261077000061,4091.981500998372,1699.9710884353742
1790289826,40,,Aggregated,8.500000,0.000000,3000,3100,3200,3200,3300,3400,3400,3500,4100,4100,4100,604,0,3000,3014.5639744139526,2363.261077000061,4091.981500998372,1700.33940397351
1790289827,40,,Aggregated,8.700000,0.000000,3000,3100,3200,3200,3300,3400,3400,3500,4100,4100,4100,615,0,3000,3015.185476354506,2363.261077000061,4091.981500998372,1700.9414634146342
1790289828,40,,Aggregated,9.000000,0.000000,3000,3100,3200,3200,3300,3400,3400,3500,4100,4100,4100,618,0,3000,3013.6133023398465,2363.261077000061,4091.981500998372,1700.7394822006472
1790289829,40,,Aggregated,9.700000,0.000000,3000,3100,3200,3200,3300,3400,3400,3500,4100,4100,4100,626,0,3000,3012.1418815878997,2363.261077000061,4091.981500998372,1700.632587859425
1790289830,40,,Aggregated,8.400000,0.000000,3000,3100,3200,3200,3300,3400,3400,3500,4100,4100,4100,637,0,3000,3011.6055245416446,2363.261077000061,4091.981500998372,1699.9324960753531
1790289831,40,,Aggregated,8.500000,0.000000,3000,3100,3200,3200,3300,3400,3400,3500,4100,4100,4100,653,0,3000,3013.4991233844294,2363.261077000061,4091.981500998372,1700.5160796324656
1790289832,40,,Aggregated,9.000000,0.000000,3000,3100,3200,3200,3300,3400,3400,3500,4100,4100,4100,656,0,3000,3013.7219181692585,2363.261077000061,4091.981500998372,1701.0731707317073
1790289833,40,,Aggregated,9.800000,0.000000,3000,3100,3200,3200,3300,3400,3400,3500,4100,4100,4100,663,0,3000,3012.1485169698917,2363.261077000061,4091.981500998372,1700.8808446455505
1790289834,40,,Aggregated,9.200000,0.000000,3000,3100,3200,3200,3300,3400,3400,3500,4100,4100,4100,673,0,3000,3010.4149037652996,2363.261077000061,4091.981500998372,1700.3982169390788
1790289835,40,,Aggregated,8.200000,0.000000,3000,3100,3200,3200,3300,3400,3400,3500,4100,4100,4100,683,0,3000,3010.1665558682867,2363.261077000061,4091.981500998372,1700.4729136163983
1790289836,40,,Aggregated,8.700000,0.000000,3000,3100,3200,3200,3300,3400,3400,3500,4100,4100,4100,696,0,3000,3009.1617663923107,2363.261077000061,4091.981500998372,1700.8419540229886
1790289837,40,,Aggregated,9.300000,0.000000,3000,3100,3200,3200,3300,3400,3400,3500,4100,4100,4100,701,0,3000,3007.703893087089,2363.261077000061,4091.981500998372,1700.7032810271041
1790289838,40,,Aggregated,10.000000,0.000000,3000,3100,3200,3200,3300,3400,3400,3500,4100,4100,4100,706,0,3000,3007.661848679952,2363.261077000061,4091.981500998372,1700.8611898016998
1790289839,40,,Aggregated,8.300000,0.000000,3000,3100,3200,3200,3300,3400,3400,3500,4100,4100,4100,720,0,3000,3005.476398434776,2363.261077000061,4091.981500998372,1701.098611111111
1790289840,40,,Aggregated,8.800000,0.000000,3000,3100,3200,3200,3300,3400,3400,3500,4100,4100,4100,732,0,3000,3003.7796054044256,2363.261077000061,4091.981500998372,1700.9767759562842
1790289841,40,,Aggregated,9.100000,0.000000,3000,3100,3200,3200,3300,3400,3400,3500,4100,4100,4100,737,0,3000,3003.2573769254254,2363.261077000061,4091.981500998372,1701.010854816825
1790289842,40,,Aggregated,9.600000,0.000000,3000,3100,3200,3200,3300,3400,3400,3500,4100,4100,4100,743,0,3000,3002.5854533378656,2363.261077000061,4091.981500998372,1700.8384925975774
1790289843,40,,Aggregated,9.300000,0.000000,3000,3100,3200,3200,3300,3400,3400,3500,4100,4100,4100,755,0,3000,3001.407258246404,2363.261077000061,4091.981500998372,1700.8728476821193
1790289844,40,,Aggregated,8.300000,0.000000,3000,3100,3200,3200,3300,3400,3400,3500,4100,4100,4100,766,0,3000,3000.992371674975,2363.261077000061,4091.981500998372,1701.2219321148825
1790289845,40,,Aggregated,8.900000,0.000000,3000,3100,3200,3200,3300,3400,3400,3500,4100,4100,4100,777,0,3000,3001.0366467361996,2363.261077000061,4091.981500998372,1701.7837837837837
1790289846,40,,Aggregated,9.500000,0.000000,3000,3100,3200,3200,3300,3400,3400,3500,4100,4100,4100,783,0,3000,2999.9976947356686,2363.261077000061,4091.981500998372,1701.6168582375478
1790289847,40,,Aggregated,9.500000,0.000000,3000,3100,3200,3200,3300,3400,3400,3500,4100,4100,4100,791,0,3000,2999.7610209823324,2363.261077000061,4091.981500998372,1701.8331226295827
1790289848,40,,Aggregated,8.800000,0.000000,3000,3100,3200,3200,3300,3300,3400,3500,4100,4100,4100,802,0,3000,2999.2361117157366,2363.261077000061,4091.981500998372,1701.567331670823
1790289849,40,,Aggregated,8.800000,0.000000,3000,3100,3200,3200,3300,3300,3400,3500,4100,4100,4100,811,0,3000,2998.6957181331973,2363.261077000061,4091.981500998372,1701.557336621455
1790289850,40,,Aggregated,8.800000,0.000000,3000,3100,3200,3200,3300,3300,3400,3500,4100,4100,4100,820,0,3000,2998.485456095152,2363.261077000061,4091.981500998372,1702.0487804878048
1790289851,40,,Aggregated,9.200000,0.000000,3000,3100,3200,3200,3300,3300,3400,3500,4100,4100,4100,827,0,3000,2997.5592788984613,2363.261077000061,4091.981500998372,1702.006045949214
1790289852,40,,Aggregated,8.900000,0.000000,3000,3100,3200,3200,3300,3300,3400,3500,4100,4100,4100,834,0,3000,2996.9854684077013,2363.261077000061,4091.981500998372,1701.7434052757794
1790289853,40,,Aggregated,8.800000,0.000000,3000,3100,3200,3200,3300,3300,3400,3500,4100,4100,4100,849,0,3000,2998.3138823710456,2363.261077000061,4091.981500998372,1702.0318021201413
1790289854,40,,Aggregated,9.000000,0.000000,3000,3100,3200,3200,3300,3300,3400,3500,4100,4100,4100,858,0,3000,2997.0331849778795,2363.261077000061,4091.981500998372,1702.2296037296037
1790289855,40,,Aggregated,9.100000,0.000000,3000,3100,3200,3200,3300,3300,3400,3500,4100,4100,4100,865,0,3000,2995.0462814994444,2363.261077000061,4091.981500998372,1702.1052023121388
1790289856,40,,Aggregated,9.200000,0.000000,3000,3100,3200,3200,3300,3300,3400,3500,4100,4100,4100,868,0,3000,2994.98652566592,2363.261077000061,4091.981500998372,1702.3548387096773
1790289857,40,,Aggregated,9.200000,0.000000,3000,3100,3200,3200,3300,3300,3400,3500,4100,4100,4100,883,0,3000,2995.721225891299,2363.261077000061,4091.981500998372,1702.6534541336353
1790289858,40,,Aggregated,8.900000,0.000000,3000,3100,3200,3200,3300,3300,3400,3500,4100,4100,4100,893,0,3000,2996.4270791108884,2363.261077000061,4091.981500998372,1703.026875699888
1790289859,40,,Aggregated,8.500000,0.000000,3000,3100,3200,3200,3300,3300,3400,3500,4100,4100,4100,904,0,3000,2994.974932018831,2363.261077000061,4091.981500998372,1702.299778761062
1790289860,40,,Aggregated,9.200000,0.000000,3000,3100,3200,3200,3300,3300,3400,3500,4100,4100,4100,908,0,3000,2994.520617191651,2363.261077000061,4091.981500998372,1702.1839207048458
1790289861,40,,Aggregated,9.300000,0.000000,3000,3100,3200,3200,3300,3300,3400,3500,4100,4100,4100,916,0,3000,2995.22788026312,2363.261077000061,4091.981500998372,1702.480349344978
1790289862,40,,Aggregated,9.300000,0.000000,3000,3100,3200,3200,3300,3300,3400,3500,4100,4100,4100,929,0,3000,2996.4504495715996,2363.261077000061,4091.981500998372,1702.8998923573736
1790289863,40,,Aggregated,8.600000,0.000000,3000,3100,3200,3200,3300,3300,3400,3500,4100,4100,4100,941,0,3000,2996.652641828926,2363.261077000061,4091.981500998372,1702.9936238044634
1790289864,40,,Aggregated,8.800000,0.000000,3000,3100,3200,3200,3300,3300,3400,3500,4100,4100,4100,946,0,3000,2996.468284683946,2363.261077000061,4091.981500998372,1703.0792811839324
1790289865,40,,Aggregated,9.400000,0.000000,3000,3100,3200,3200,3300,3300,3400,3500,4100,4100,4100,952,0,3000,2995.893318894968,2363.261077000061,4091.981500998372,1703.0367647058824
1790289866,40,,Aggregated,9.300000,0.000000,3000,3100,3200,3200,3300,3300,3400,3500,4100,4100,4100,961,0,3000,2994.5282775161354,2363.261077000061,4091.981500998372,1702.6774193548388
1790289867,40,,Aggregated,8.500000,0.000000,3000,3100,3200,3200,3300,3300,3400,3500,4100,4100,4100,975,0,3000,2995.20654533334,2363.261077000061,4091.981500998372,1703.062564102564
1790289868,40,,Aggregated,8.800000,0.000000,3000,3100,3100,3200,3300,3300,3400,3500,4100,4100,4100,983,0,3000,2994.1936779786447,2363.261077000061,4091.981500998372,1702.8026449643946
1790289869,40,,Aggregated,9.300000,0.000000,3000,3100,3100,3200,3300,3300,3400,3500,4100,4100,4100,989,0,3000,2994.342766591508,2363.261077000061,4091.981500998372,1702.748230535895
1790289870,40,,Aggregated,9.400000,0.000000,3000,3100,3200,3200,3300,3300,3400,3500,4100,4100,4100,999,0,3000,2994.0552147827834,2363.261077000061,4091.981500998372,1702.836836836837
1790289871,40,,Aggregated,8.800000,0.000000,3000,3100,3100,3200,3300,3300,3400,3500,4000,4100,4100,1008,0,3000,2993.2142977906806,2363.261077000061,4091.981500998372,1702.6359126984128
1790289872,40,,Aggregated,8.800000,0.000000,3000,3100,3100,3200,3300,3300,3400,3500,4000,4100,4100,1021,0,3000,2992.9823579010804,2363.261077000061,4091.981500998372,1702.4965719882468
1790289873,40,,Aggregated,9.100000,0.000000,3000,3100,3100,3200,3300,3300,3400,3500,4000,4100,4100,1027,0,3000,2991.7509600467415,2363.261077000061,4091.981500998372,1702.1665043816943
1790289874,40,,Aggregated,9.300000,0.000000,3000,3100,3100,3200,3300,3300,3400,3500,4000,4100,4100,1033,0,3000,2991.6967828664083,2363.261077000061,4091.981500998372,1702.4462729912875
1790289875,40,,Aggregated,9.300000,0.000000,3000,3100,3100,3200,3300,3300,3400,3500,4000,4100,4100,1043,0,3000,2991.541219832208,2363.261077000061,4091.981500998372,1702.346116970278
1790289876,40,,Aggregated,8.400000,0.000000,3000,3100,3100,3200,3300,3300,3400,3500,4000,4100,4100,1056,0,3000,2992.4842490795513,2363.261077000061,4091.981500998372,1702.3664772727273
1790289877,40,,Aggregated,8.900000,0.000000,3000,3100,3100,3200,3300,3300,3400,3500,4000,4100,4100,1063,0,3000,2991.326175191919,2363.261077000061,4091.981500998372,1702.2097836312323
1790289878,40,,Aggregated,8.900000,0.000000,3000,3100,3100,3200,3300,3300,3400,3500,4000,4100,4100,1073,0,3000,2990.1519819077484,2363.261077000061,4091.981500998372,1702.098788443616
1790289879,40,,Aggregated,9.500000,0.000000,3000,3100,3100,3200,3300,3300,3400,3500,4000,4100,4100,1081,0,3000,2989.234586191503,2363.261077000061,4091.981500998372,1701.831637372803
1790289880,40,,Aggregated,8.800000,0.000000,3000,3100,3100,3200,3300,3300,3400,3500,4000,4100,4100,1089,0,3000,2989.743835514249,2363.261077000061,4091.981500998372,1702.1524334251608
1790289881,40,,Aggregated,9.000000,0.000000,3000,3100,3100,3200,3300,3300,3400,3500,4000,4100,4100,1102,0,3000,2990.240387180602,2363.261077000061,4091.981500998372,1702.1996370235934
1790289882,40,,Aggregated,8.900000,0.000000,3000,3100,3100,3200,3300,3300,3400,3500,4000,4100,4100,1107,0,3000,2990.151043685662,2363.261077000061,4091.981500998372,1702.2574525745258
1790289883,40,,Aggregated,9.000000,0.000000,3000,3100,3100,3200,3300,3300,3400,3500,4000,4100,4100,1116,0,3000,2989.559530480317,2363.261077000061,4091.981500998372,1702.239247311828
1790289885,40,,Aggregated,9.300000,0.000000,3000,3100,3100,3200,3300,3300,3400,3500,4000,4100,4100,1124,0,3000,2989.952967513373,2363.261077000061,4091.981500998372,1702.3140569395018
1790289886,40,,Aggregated,8.400000,0.000000,3000,3100,3100,3200,3300,3300,3400,3500,4000,4100,4100,1134,0,3000,2990.6751334991504,2363.261077000061,4091.981500998372,1702.5361552028219
1790289887,40,,Aggregated,8.900000,0.000000,3000,3100,3100,3200,3300,3300,3400,3500,4000,4100,4100,1147,0,3000,2990.639241659145,2363.261077000061,4091.981500998372,1702.6006974716652
1790289888,40,,Aggregated,8.900000,0.000000,3000,3100,3100,3200,3300,3300,3400,3500,4000,4100,4100,1155,0,3000,2990.303500606958,2363.261077000061,4091.981500998372,1702.7229437229437
1790289889,40,,Aggregated,9.000000,0.000000,3000,3100,3100,3200,3300,3300,3400,3500,4000,4100,4100,1162,0,3000,2989.5455699828212,2363.261077000061,4091.981500998372,1702.6936316695353
1790289890,40,,Aggregated,9.000000,0.000000,3000,3100,3100,3200,3300,3300,3400,3500,4000,4100,4100,1168,0,3000,2989.328196242329,2363.261077000061,4091.981500998372,1702.7551369863013
1790289891,40,,Aggregated,9.000000,0.000000,3000,3100,3100,3200,3300,3300,3400,3500,4000,4100,4100,1183,0,3000,2989.1906261065546,2363.261077000061,4091.981500998372,1702.858833474218
1790289892,40,,Aggregated,8.600000,0.000000,3000,3100,3100,3200,3300,3300,3400,3500,4000,4100,4100,1193,0,3000,2987.708127206252,2363.261077000061,4091.981500998372,1702.518021793797
1790289893,40,,Aggregated,9.400000,0.000000,3000,3100,3100,3200,3300,3300,3400,3500,4000,4100,4100,1199,0,3000,2987.365651122652,2363.261077000061,4091.981500998372,1702.5562969140951
1790289894,40,,Aggregated,9.000000,0.000000,3000,3100,3100,3200,3300,3300,3400,3400,4000,4100,4100,1207,0,3000,2986.3860876197637,2363.261077000061,4091.981500998372,1702.4921292460647
1790289895,40,,Aggregated,9.000000,0.000000,3000,3100,3100,3200,3300,3300,3400,3400,4000,4100,4100,1213,0,3000,2986.206499582071,2363.261077000061,4091.981500998372,1702.4212695795547
1790289896,40,,Aggregated,9.000000,0.000000,3000,3100,3100,3200,3300,3300,3400,3400,4000,4100,4100,1228,0,3000,2986.508450803779,2363.261077000061,4091.981500998372,1702.0594462540716
1790289897,40,,Aggregated,9.000000,0.000000,3000,3100,3100,3200,3300,3300,3400,3400,4000,4100,4100,1237,0,3000,2985.5977001811148,2363.261077000061,4091.981500998372,1701.928051738076
1790289898,40,,Aggregated,8.900000,0.000000,3000,3100,3100,3200,3300,3300,3400,3400,4000,4100,4100,1243,0,3000,2985.064227540662,2363.261077000061,4091.981500998372,1702.119066773934
1790289899,40,,Aggregated,9.000000,0.000000,3000,3100,3100,3200,3300,3300,3400,3400,4000,4100,4100,1250,0,3000,2984.2452291848376,2363.261077000061,4091.981500998372,1701.9352
1790289900,40,,Aggregated,8.800000,0.000000,3000,3100,3100,3200,3300,3300,3400,3400,4000,4100,4100,1261,0,3000,2984.187470823982,2363.261077000061,4091.981500998372,1701.6788263283108
1790289901,40,,Aggregated,8.800000,0.000000,3000,3100,3100,3200,3300,3300,3400,3400,4000,4100,4100,1276,0,3000,2983.8363258668123,2363.261077000061,4091.981500998372,1701.710815047022
1790289902,40,,Aggregated,8.800000,0.000000,3000,3100,3100,3200,3300,3300,3400,3400,4000,4100,4100,1283,0,3000,2982.44698110605,2363.261077000061,4091.981500998372,1701.5596258768512
1790289903,40,,Aggregated,9.300000,0.000000,3000,3100,3100,3200,3300,3300,3400,3400,4000,4100,4100,1287,0,3000,2981.443501123595,2363.261077000061,4091.981500998372,1701.4693084693085
1790289904,40,,Aggregated,9.300000,0.000000,3000,3100,3100,3200,3200,3300,3400,3400,4000,4100,4100,1291,0,3000,2981.0235008544314,2363.261077000061,4091.981500998372,1701.5112316034083
1790289905,40,,Aggregated,8.800000,0.000000,3000,3100,3100,3200,3200,3300,3400,3400,4000,4100,4100,1309,0,3000,2981.5791002888254,2363.261077000061,4091.981500998372,1701.3453017570664
1790289906,40,,Aggregated,8.800000,0.000000,3000,3100,3100,3200,3200,3300,3400,3400,4000,4100,4100,1322,0,3000,2980.874003677816,2363.261077000061,4091.981500998372,1701.2571860816945
1790289907,40,,Aggregated,8.500000,0.000000,3000,3100,3100,3200,3200,3300,3400,3400,4000,4100,4100,1328,0,3000,2979.786418045235,2363.261077000061,4091.981500998372,1701.567018072289
1790289908,40,,Aggregated,9.500000,0.000000,3000,3100,3100,3200,3200,3300,3400,3400,4000,4100,4100,1329,0,3000,2979.617908397345,2363.261077000061,4091.981500998372,1701.5944319036869
1790289909,40,,Aggregated,9.100000,0.000000,3000,3100,3100,3200,3200,3300,3400,3400,4000,4100,4100,1337,0,3000,2979.311287089063,2363.261077000061,4091.981500998372,1701.3343305908752
1790289910,40,,Aggregated,9.100000,0.000000,3000,3100,3100,3200,3200,3300,3400,3400,4000,4100,4100,1358,0,3000,2980.4696015773757,2363.261077000061,4091.981500998372,1701.1553755522827
1790289911,40,,Aggregated,8.600000,0.000000,3000,3100,3100,3200,3200,3300,3400,3400,4000,4100,4100,1366,0,3000,2979.6381959920045,2363.261077000061,4091.981500998372,1700.9758418740848
1790289912,40,,Aggregated,8.700000,0.000000,3000,3100,3100,3200,3200,3300,3400,3400,4000,4100,4100,1369,0,3000,2979.047150547902,2363.261077000061,4091.981500998372,1700.9379108838568
1790289913,40,,Aggregated,9.000000,0.000000,3000,3100,3100,3200,3200,3300,3400,3400,4000,4100,4100,1373,0,3000,2978.6047410969277,2363.261077000061,4091.981500998372,1700.9468317552803
1790289914,40,,Aggregated,8.600000,0.000000,3000,3100,3100,3200,3200,3300,3400,3400,4000,4100,4100,1385,0,3000,2979.1778291632336,2363.261077000061,4091.981500998372,1701.2137184115522
1790289915,40,,Aggregated,8.600000,0.000000,3000,3100,3100,3200,3200,3300,3400,3400,4000,4100,4100,1403,0,3000,2979.712122995781,2363.261077000061,4091.981500998372,1701.2929436920883
1790289916,40,,Aggregated,9.100000,0.000000,3000,3100,3100,3200,3200,3300,3400,3400,4000,4100,4100,1409,0,3000,2979.124462330791,2363.261077000061,4091.981500998372,1701.500354861604
1790289917,40,,Aggregated,9.500000,0.000000,3000,3100,3100,3200,3200,3300,3400,3400,4000,4100,4100,1411,0,3000,2978.8934350142367,2363.261077000061,4091.981500998372,1701.5138199858256
1790289918,40,,Aggregated,8.600000,0.000000,3000,3100,3100,3200,3200,3300,3400,3400,4000,4100,4100,1419,0,3000,2978.625135260809,2363.261077000061,4091.981500998372,1701.4524312896406
1790289919,40,,Aggregated,8.100000,0.000000,3000,3100,3100,3200,3200,3300,3400,3400,4000,4100,4100,1435,0,3000,2979.603561540128,2363.261077000061,4091.981500998372,1701.622299651568
1790289920,40,,Aggregated,8.700000,0.000000,3000,3100,3100,3200,3200,3300,3400,3400,4000,4100,4100,1448,0,3000,2979.5810166091737,2363.261077000061,4091.981500998372,1702.028314917127
1790289921,40,,Aggregated,9.600000,0.000000,3000,3100,3100,3200,3200,3300,3400,3400,4000,4100,4100,1450,0,3000,2979.3481196469525,2363.261077000061,4091.981500998372,1702.031724137931
1790289922,40,,Aggregated,9.600000,0.000000,3000,3100,3100,3200,3200,3300,3400,3400,4000,4100,4100,1454,0,3000,2978.9150290585135,2363.261077000061,4091.981500998372,1702.0646492434662
1790289923,40,,Aggregated,8.300000,0.000000,3000,3100,3100,3200,3200,3300,3400,3400,4000,4100,4100,1467,0,3000,2979.1009858296316,2363.261077000061,4091.981500998372,1701.8513974096795
1790289924,40,,Aggregated,8.500000,0.000000,3000,3100,3100,3200,3200,3300,3400,3400,4000,4100,4100,1483,0,3000,2979.9432332299784,2363.261077000061,4091.981500998372,1701.6378961564396
1790289925,40,,Aggregated,8.500000,0.000000,3000,3100,3100,3200,3200,3300,3400,3400,4000,4100,4100,1489,0,3000,2979.449930617901,2363.261077000061,4091.981500998372,1701.6796507723304
1790289926,40,,Aggregated,9.100000,0.000000,3000,3100,3100,3200,3200,3300,3400,3400,4000,4100,4100,1493,0,3000,2978.6292013081415,2363.261077000061,4091.981500998372,1701.680509042197
1790289927,40,,Aggregated,8.600000,0.000000,3000,3100,3100,3200,3200,3300,3400,3400,4000,4100,4100,1501,0,3000,2978.268575299839,2363.261077000061,4091.981500998372,1701.6748834110592
1790289928,40,,Aggregated,8.500000,0.000000,3000,3100,3100,3200,3200,3300,3400,3400,4000,4100,4100,1514,0,3000,2979.0161250495767,2363.261077000061,4091.981500998372,1701.8051519154558
1790289929,40,,Aggregated,8.500000,0.000000,3000,3100,3100,3200,3200,3300,3400,3400,4000,4100,4100,1528,0,3000,2978.814509571377,2363.261077000061,4091.981500998372,1701.7251308900525
1790289930,40,,Aggregated,8.700000,0.000000,3000,3100,3100,3200,3200,3300,3400,3400,4000,4100,4100,1533,0,3000,2977.7583952714026,2363.261077000061,4091.981500998372,1701.8147423352902
1790289931,40,,Aggregated,9.500000,0.000000,3000,3100,3100,3200,3200,3300,3400,3400,4000,4100,4100,1536,0,3000,2977.1369540397504,2363.261077000061,4091.981500998372,1701.7981770833333
1790289932,40,,Aggregated,8.600000,0.000000,3000,3100,3100,3200,3200,3300,3400,3400,4000,4100,4100,1543,0,3000,2977.185197871066,2363.261077000061,4091.981500998372,1701.806221646144
1790289933,40,,Aggregated,8.700000,0.000000,3000,3100,3100,3200,3200,3300,3400,3400,4000,4100,4100,1564,0,3000,2979.276039324202,2363.261077000061,4091.981500998372,1701.477621483376
1790289934,40,,Aggregated,8.800000,0.000000,3000,3100,3100,3200,3200,3300,3400,3400,4000,4100,4100,1573,0,3000,2978.9270660070233,2363.261077000061,4091.981500998372,1701.604577240941
1790289935,40,,Aggregated,8.800000,0.000000,3000,3100,3100,3200,3200,3300,3400,3400,4000,4100,4100,1575,0,3000,2978.6374876057444,2363.261077000061,4091.981500998372,1701.71873015873
1790289936,40,,Aggregated,9.600000,0.000000,3000,3100,3100,3200,3200,3300,3400,3400,4000,4100,4100,1578,0,3000,2978.4747117877364,2363.261077000061,4091.981500998372,1701.865019011407
1790289937,40,,Aggregated,8.600000,0.000000,3000,3100,3100,3200,3200,3300,3400,3400,4000,4100,4100,1590,0,3000,2979.1026384912307,2363.261077000061,4091.981500998372,1701.9025157232704
1790289938,40,,Aggregated,8.500000,0.000000,3000,3100,3100,3200,3200,3300,3400,3400,4000,4100,4100,1611,0,3000,2979.8433085723555,2363.261077000061,4091.981500998372,1701.9497206703911
1790289939,40,,Aggregated,8.500000,0.000000,3000,3100,3100,3200,3200,3300,3400,3400,4000,4100,4100,1615,0,3000,2979.349578517066,2363.261077000061,4091.981500998372,1702.022291021672
1790289940,40,,Aggregated,9.000000,0.000000,3000,3100,3100,3200,3200,3300,3400,3400,4000,4100,4100,1617,0,3000,2978.825632341409,2363.261077000061,4091.981500998372,1702.0222634508348
1790289941,40,,Aggregated,8.700000,0.000000,3000,3100,3100,3200,3200,3300,3400,3400,4000,4100,4100,1623,0,3000,2978.803448237247,2363.261077000061,4091.981500998372,1702.2809611829944
1790289942,40,,Aggregated,8.400000,0.000000,3000,3100,3100,3200,3300,3300,3400,3400,4000,4100,4100,1640,0,3000,2979.7711180183287,2363.261077000061,4091.981500998372,1702.073780487805
1790289943,40,,Aggregated,8.500000,0.000000,3000,3100,3100,3200,3300,3300,3400,3400,4000,4100,4100,1656,0,3000,2980.2140940290224,2363.261077000061,4091.981500998372,1702.25422705314
1790289944,40,,Aggregated,8.500000,0.000000,3000,3100,3100,3200,3300,3300,3400,3400,4000,4100,4100,1657,0,3000,2980.1836313452386,2363.261077000061,4091.981500998372,1702.3150271575137
1790289945,40,,Aggregated,9.700000,0.000000,3000,3100,3100,3200,3300,3300,3400,3400,4000,4100,4100,1661,0,3000,2979.5394404527738,2363.261077000061,4091.981500998372,1702.282360024082
1790289946,40,,Aggregated,8.600000,0.000000,3000,3100,3100,3200,3300,3300,3400,3400,4000,4100,4100,1669,0,3000,2979.6971219425172,2363.261077000061,4091.981500998372,1702.266027561414
1790289947,40,,Aggregated,8.500000,0.000000,3000,3100,3100,3200,3300,3300,3400,3400,4000,4100,4100,1692,0,3000,2981.2321345934247,2363.261077000061,4091.981500998372,1702.323877068558
1790289948,40,,Aggregated,8.500000,0.000000,3000,3100,3100,3200,3300,3300,3400,3400,4000,4100,4100,1697,0,3000,2980.840329949363,2363.261077000061,4091.981500998372,1702.5268120212138
1790289949,40,,Aggregated,8.800000,0.000000,3000,3100,3100,3200,3300,3300,3400,3400,4000,4100,4100,1699,0,3000,2980.514208469727,2363.261077000061,4091.981500998372,1702.537963507946
1790289950,40,,Aggregated,8.900000,0.000000,3000,3100,3100,3200,3300,3300,3400,3400,4000,4100,4100,1705,0,3000,2979.7138861660214,2363.261077000061,4091.981500998372,1702.5260997067448
1790289951,40,,Aggregated,8.400000,0.000000,3000,3100,3100,3200,3300,3300,3400,3400,4000,4100,4100,1720,0,3000,2980.40537476457,2363.261077000061,4091.981500998372,1702.4779069767442
1790289952,40,,Aggregated,8.700000,0.000000,3000,3100,3100,3200,3300,3300,3400,3400,4000,4100,4100,1737,0,3000,2980.5983407893236,2363.261077000061,4091.981500998372,1702.4461715601612
1790289953,40,,Aggregated,8.700000,0.000000,3000,3100,3100,3200,3300,3300,3400,3400,4000,4100,4100,1739,0,3000,2980.105340992556,2363.261077000061,4091.981500998372,1702.3916043703277
1790289954,40,,Aggregated,10.100000,0.000000,3000,3100,3100,3200,3300,3300,3400,3400,4000,4100,4100,1744,0,3000,2979.4838639782447,2363.261077000061,4091.981500998372,1702.25
1790289955,40,,Aggregated,8.400000,0.000000,3000,3100,3100,3200,3300,3300,3400,3400,4000,4100,4100,1749,0,3000,2979.3420281161,2363.261077000061,4091.981500998372,1702.221269296741
1790289956,40,,Aggregated,8.400000,0.000000,3000,3100,3100,3200,3200,3300,3400,3400,4000,4100,4100,1769,0,3000,2979.061270609982,2363.261077000061,4091.981500998372,1701.7456189937818
1790289957,40,,Aggregated,8.800000,0.000000,3000,3100,3100,3200,3200,3300,3400,3400,4000,4100,4100,1779,0,3000,2978.5600139376324,2363.261077000061,4091.981500998372,1701.8516020236088
1790289958,40,,Aggregated,8.800000,0.000000,3000,3100,3100,3200,3200,3300,3400,3400,4000,4100,4100,1780,0,3000,2978.4572445837352,2363.261077000061,4091.981500998372,1701.9073033707866
1790289959,40,,Aggregated,9.800000,0.000000,3000,3100,3100,3200,3200,3300,3400,3400,4000,4100,4100,1784,0,3000,2978.4505580162845,2363.261077000061,4091.981500998372,1702.0515695067265
1790289960,40,,Aggregated,8.300000,0.000000,3000,3100,3100,3200,3300,3300,3400,3400,4000,4100,4100,1798,0,3000,2979.3092255929105,2363.261077000061,4091.981500998372,1702.0750834260289
1790289961,40,,Aggregated,8.500000,0.000000,3000,3100,3100,3200,3300,3300,3400,3400,4000,4100,4100,1816,0,3000,2979.519072541884,2363.261077000061,4091.981500998372,1702.34140969163
1790289962,40,,Aggregated,8.900000,0.000000,3000,3100,3100,3200,3200,3300,3400,3400,4000,4100,4100,1822,0,3000,2978.371978595531,2363.261077000061,4091.981500998372,1702.2590559824368
1790289963,40,,Aggregated,10.200000,0.000000,3000,3100,3100,3200,3200,3300,3400,3400,4000,4100,4100,1824,0,3000,2978.013118387093,2363.261077000061,4091.981500998372,1702.3031798245613
1790289964,40,,Aggregated,8.600000,0.000000,3000,3100,3100,3200,3200,3300,3400,3400,4000,4100,4100,1829,0,3000,2977.755491329171,2363.261077000061,4091.981500998372,1702.2449425915802
1790289965,40,,Aggregated,8.400000,0.000000,3000,3100,3100,3200,3300,3300,3400,3400,4000,4100,4100,1849,0,3000,2978.499204866443,2363.261077000061,4091.981500998372,1702.0124391563006
1790289966,40,,Aggregated,8.500000,0.000000,3000,3100,3100,3200,3200,3300,3400,3400,4000,4100,4100,1859,0,3000,2977.8694734868513,2363.261077000061,4091.981500998372,1701.7348036578805
1790289967,40,,Aggregated,8.900000,0.000000,3000,3100,3100,3200,3200,3300,3400,3400,4000,4100,4100,1863,0,3000,2977.413281334437,2363.261077000061,4091.981500998372,1701.7890499194848
1790289968,40,,Aggregated,9.300000,0.000000,3000,3100,3100,3200,3200,3300,3400,3400,4000,4100,4100,1866,0,3000,2977.2728335311135,2363.261077000061,4091.981500998372,1701.8456591639872
1790289969,40,,Aggregated,8.400000,0.000000,3000,3100,3100,3200,3200,3300,3400,3400,4000,4100,4100,1875,0,3000,2977.1257036069633,2363.261077000061,4091.981500998372,1701.6741333333334
1790289970,40,,Aggregated,8.500000,0.000000,3000,3100,3100,3200,3200,3300,3400,3400,4000,4100,4100,1897,0,3000,2978.2445791370938,2363.261077000061,4091.981500998372,1701.8671586715868
1790289971,40,,Aggregated,8.700000,0.000000,3000,3100,3100,3200,3200,3300,3400,3400,4000,4100,4100,1903,0,3000,2977.5795649826987,2363.261077000061,4091.981500998372,1701.933788754598
1790289972,40,,Aggregated,8.700000,0.000000,3000,3100,3100,3200,3200,3300,3400,3400,4000,4100,4100,1906,0,3000,2976.7271261758015,2335.471461999987,4091.981500998372,1701.8436516264428
1790289973,40,,Aggregated,8.900000,0.000000,3000,3100,3100,3200,3200,3300,3400,3400,4000,4100,4100,1910,0,3000,2976.537555908419,2335.471461999987,4091.981500998372,1701.9643979057591
1790289974,40,,Aggregated,8.900000,0.000000,3000,3100,3100,3200,3200,3300,3400,3400,4000,4100,4100,1912,0,3000,2976.5439514121754,2335.471461999987,4091.981500998372,1701.9367154811716
1790289975,40,,Aggregated,8.500000,0.000000,3000,3100,3100,3200,3300,3300,3400,3400,4000,4100,4100,1942,0,3000,2980.368055525272,2335.471461999987,4091.981500998372,1702.197219361483
1790289976,40,,Aggregated,8.600000,0.000000,3000,3100,3100,3200,3300,3300,3400,3400,4000,4100,4100,1947,0,3000,2979.623488260443,2335.471461999987,4091.981500998372,1702.0939907550078
1790289977,40,,Aggregated,9.700000,0.000000,3000,3100,3100,3200,3300,3300,3400,3400,4000,4100,4100,1950,0,3000,2979.003695918506,2335.471461999987,4091.981500998372,1702.0564102564103
1790289978,40,,Aggregated,8.900000,0.000000,3000,3100,3100,3200,3300,3300,3400,3400,4000,4100,4100,1953,0,3000,2978.793533295998,2335.471461999987,4091.981500998372,1702.0819252432157
1790289979,40,,Aggregated,8.500000,0.000000,3000,3100,3100,3200,3300,3300,3400,3400,4000,4100,4100,1964,0,3000,2979.1924708366046,2335.471461999987,4091.981500998372,1702.0015274949083
1790289980,40,,Aggregated,8.700000,0.000000,3000,3100,3100,3200,3300,3300,3400,3400,4000,4100,4100,1985,0,3000,2980.9490582468993,2335.471461999987,4091.981500998372,1702.3259445843828
1790289981,40,,Aggregated,8.700000,0.000000,3000,3100,3100,3200,3300,3300,3400,3400,4000,4100,4100,1987,0,3000,2980.921529544587,2335.471461999987,4091.981500998372,1702.3850025163563
1790289982,40,,Aggregated,8.700000,0.000000,3000,3100,3100,3200,3300,3300,3400,3400,4000,4100,4100,1991,0,3000,2980.3166283290293,2335.471461999987,4091.981500998372,1702.3465595178302
1790289983,40,,Aggregated,8.500000,0.000000,3000,3100,3100,3200,3300,3300,3400,3400,4000,4100,4100,1997,0,3000,2980.573200770703,2335.471461999987,4091.981500998372,1702.4837255883826
1790289984,40,,Aggregated,8.500000,0.000000,3000,3100,3100,3200,3300,3300,3400,3400,3900,4100,4100,2016,0,3000,2980.8522453775286,2335.471461999987,4091.981500998372,1702.329365079365
1790289985,40,,Aggregated,8.400000,0.000000,3000,3100,3100,3200,3300,3300,3400,3400,3900,4100,4100,2027,0,3000,2981.4394190355656,2335.471461999987,4091.981500998372,1702.4997533300443
1790289986,40,,Aggregated,9.300000,0.000000,3000,3100,3100,3200,3300,3300,3400,3400,3900,4100,4100,2031,0,3000,2980.9772179380057,2335.471461999987,4091.981500998372,1702.6041358936484
1790289987,40,,Aggregated,9.000000,0.000000,3000,3100,3100,3200,3300,3300,3400,3400,3900,4100,4100,2032,0,3000,2980.9428734021117,2335.471461999987,4091.981500998372,1702.5954724409448
1790289988,40,,Aggregated,8.300000,0.000000,3000,3100,3100,3200,3300,3300,3400,3400,3900,4100,4100,2043,0,3000,2981.264728370088,2335.471461999987,4091.981500998372,1702.5907978463044
1790289989,40,,Aggregated,8.400000,0.000000,3000,3100,3100,3200,3300,3300,3400,3400,3900,4100,4100,2064,0,3000,2982.038567532508,2335.471461999987,4091.981500998372,1702.6845930232557
1790289990,40,,Aggregated,8.400000,0.000000,3000,3100,3100,3200,3300,3300,3400,3400,3900,4100,4100,2070,0,3000,2981.3328248324124,2335.471461999987,4091.981500998372,1702.626570048309
1790289991,40,,Aggregated,8.400000,0.000000,3000,3100,3100,3200,3300,3300,3400,3400,3900,4100,4100,2072,0,3000,2980.9979426511077,2335.471461999987,4091.981500998372,1702.646718146718
1790289992,40,,Aggregated,8.900000,0.000000,3000,3100,3100,3200,3300,3300,3400,3400,3900,4100,4100,2077,0,3000,2981.0400464603267,2335.471461999987,4091.981500998372,1702.655272026962
1790289993,40,,Aggregated,8.500000,0.000000,3000,3100,3100,3200,3300,3300,3400,3400,3900,4100,4100,2099,0,3000,2981.8470724293015,2335.471461999987,4091.981500998372,1702.2753692234398
1790289994,40,,Aggregated,8.100000,0.000000,3000,3100,3100,3200,3300,3300,3400,3400,3900,4100,4100,2108,0,3000,2982.153391525665,2335.471461999987,4091.981500998372,1702.4264705882354
1790289995,40,,Aggregated,8.800000,0.000000,3000,3100,3100,3200,3300,3300,3400,3400,3900,4100,4100,2112,0,3000,2981.6431482595194,2335.471461999987,4091.981500998372,1702.5733901515152
1790289996,40,,Aggregated,9.800000,0.000000,3000,3100,3100,3200,3300,3300,3400,3400,3900,4100,4100,2116,0,3000,2981.128553856383,2335.471461999987,4091.981500998372,1702.4191871455575
1790289997,40,,Aggregated,8.600000,0.000000,3000,3100,3100,3200,3300,3300,3400,3400,3900,4100,4100,2121,0,3000,2981.2081366818056,2335.471461999987,4091.981500998372,1702.3658651579444
1790289998,40,,Aggregated,8.300000,0.000000,3000,3100,3100,3200,3300,3300,3400,3400,3900,4100,4100,2143,0,3000,2983.0194035329464,2335.471461999987,4091.981500998372,1702.4008399440038
1790289999,40,,Aggregated,8.700000,0.000000,3000,3100,3100,3200,3300,3300,3400,3400,3900,4100,4100,2150,0,3000,2983.3281160614415,2335.471461999987,4091.981500998372,1702.5311627906976
1790290000,40,,Aggregated,9.000000,0.000000,3000,3100,3100,3200,3300,3300,3400,3400,3900,4100,4100,2155,0,3000,2982.6624272385607,2335.471461999987,4091.981500998372,1702.4645011600928
1790290001,40,,Aggregated,9.500000,0.000000,3000,3100,3100,3200,3300,3300,3400,3400,3900,4100,4100,2159,0,3000,2982.3292545614154,2335.471461999987,4091.981500998372,1702.3941639647985
1790290002,40,,Aggregated,8.400000,0.000000,3000,3100,3100,3200,3300,3300,3400,3400,3900,4100,4100,2168,0,3000,2982.356258243126,2335.471461999987,4091.981500998372,1702.2393911439115
1790290003,40,,Aggregated,8.400000,0.000000,3000,3100,3100,3200,3300,3300,3400,3400,3900,4100,4100,2189,0,3000,2982.6754439671477,2335.471461999987,4091.981500998372,1702.2878026496116
1790290004,40,,Aggregated,8.900000,0.000000,3000,3100,3100,3200,3300,3300,3400,3400,3900,4100,4100,2195,0,3000,2982.135849527603,2335.471461999987,4091.981500998372,1702.33576309795
1790290005,40,,Aggregated,8.900000,0.000000,3000,3100,3100,3200,3300,3300,3400,3400,3900,4100,4100,2196,0,3000,2982.08349840259,2335.471461999987,4091.981500998372,1702.3897996357014
1790290006,40,,Aggregated,8.800000,0.000000,3000,3100,3100,3200,3300,3300,3400,3400,3900,4100,4100,2203,0,3000,2981.5763955860602,2335.471461999987,4091.981500998372,1702.2510213345438
1790290007,40,,Aggregated,8.600000,0.000000,3000,3100,3100,3200,3300,3300,3400,3400,3900,4100,4100,2217,0,3000,2981.5233961096455,2335.471461999987,4091.981500998372,1702.1208840775823
1790290008,40,,Aggregated,8.700000,0.000000,3000,3100,3100,3200,3300,3300,3400,3400,3900,4100,4100,2231,0,3000,2982.1736754957783,2335.471461999987,4091.981500998372,1702.323173464814
1790290009,40,,Aggregated,8.900000,0.000000,3000,3100,3100,3200,3300,3300,3400,3400,3900,4100,4100,2236,0,3000,2982.0133933703387,2335.471461999987,4091.981500998372,1702.375670840787
1790290010,40,,Aggregated,9.900000,0.000000,3000,3100,3100,3200,3300,3300,3400,3400,3900,4100,4100,2241,0,3000,2981.5202432343062,2335.471461999987,4091.981500998372,1702.288710397144
1790290011,40,,Aggregated,8.400000,0.000000,3000,3100,3100,3200,3300,3300,3400,3400,3900,4100,4100,2254,0,3000,2981.237444952119,2335.471461999987,4091.981500998372,1702.1166814551907
1790290012,40,,Aggregated,8.400000,0.000000,3000,3100,3100,3200,3300,3300,3400,3400,3900,4100,4100,2266,0,3000,2981.2344228619045,2335.471461999987,4091.981500998372,1702.2149161518093
1790290013,40,,Aggregated,8.700000,0.000000,3000,3100,3100,3200,3300,3300,3400,3400,3900,4100,4100,2275,0,3000,2980.9767336716836,2335.471461999987,4091.981500998372,1702.2483516483517
1790290014,40,,Aggregated,9.500000,0.000000,3000,3100,3100,3200,3300,3300,3400,3400,3900,4100,4100,2282,0,3000,2980.1959690565623,2335.471461999987,4091.981500998372,1702.089833479404
1790290015,40,,Aggregated,9.200000,0.000000,3000,3100,3100,3200,3300,3300,3400,3400,3900,4100,4100,2287,0,3000,2979.7213982435833,2335.471461999987,4091.981500998372,1702.0738959335374
1790290016,40,,Aggregated,8.700000,0.000000,3000,3100,3100,3200,3300,3300,3400,3400,3900,4100,4100,2298,0,3000,2979.889163260692,2335.471461999987,4091.981500998372,1702.0905134899913
1790290017,40,,Aggregated,8.800000,0.000000,3000,3100,3100,3200,3300,3300,3400,3400,3900,4100,4100,2310,0,3000,2979.845017075785,2335.471461999987,4091.981500998372,1702.0060606060606
1790290018,40,,Aggregated,8.900000,0.000000,3000,3100,3100,3200,3300,3300,3400,3400,3900,4100,4100,2322,0,3000,2979.475415705882,2335.471461999987,4091.981500998372,1701.9168819982774
1790290019,40,,Aggregated,9.300000,0.000000,3000,3100,3100,3200,3300,3300,3400,3400,3900,4100,4100,2326,0,3000,2979.010675373628,2335.471461999987,4091.981500998372,1701.9097162510748
1790290020,40,,Aggregated,8.700000,0.000000,3000,3100,3100,3200,3300,3300,3400,3400,3900,4100,4100,2329,0,3000,2978.947302352538,2335.471461999987,4091.981500998372,1701.844997853156
1790290021,40,,Aggregated,8.900000,0.000000,3000,3100,3100,3200,3300,3300,3400,3400,3900,4100,4100,2344,0,3000,2979.2325120051437,2335.471461999987,4091.981500998372,1701.8080204778157
1790290022,40,,Aggregated,9.000000,0.000000,3000,3100,3100,3200,3300,3300,3400,3400,3900,4100,4100,2358,0,3000,2979.4685041662683,2335.471461999987,4091.981500998372,1701.8638676844785
1790290023,40,,Aggregated,8.800000,0.000000,3000,3100,3100,3200,3300,3300,3400,3400,3900,4100,4100,2365,0,3000,2979.3340002888212,2335.471461999987,4091.981500998372,1702.0325581395348
1790290024,40,,Aggregated,9.000000,0.000000,3000,3100,3100,3200,3300,3300,3400,3400,3900,4100,4100,2370,0,3000,2978.8940060380028,2335.471461999987,4091.981500998372,1702.0232067510549
1790290025,40,,Aggregated,9.000000,0.000000,3000,3100,3100,3200,3300,3300,3400,3400,3900,4100,4100,2377,0,3000,2978.95903718808,2335.471461999987,4091.981500998372,1702.1560790912915
1790290026,40,,Aggregated,8.700000,0.000000,3000,3100,3100,3200,3300,3300,3400,3400,3900,4100,4100,2391,0,3000,2979.4316896892783,2335.471461999987,4091.981500998372,1702.2785445420327
1790290027,40,,Aggregated,8.600000,0.000000,3000,3100,3100,3200,3300,3300,3400,3400,3900,4100,4100,2404,0,3000,2979.1526458985304,2335.471461999987,4091.981500998372,1702.3743760399334
1790290028,40,,Aggregated,9.200000,0.000000,3000,3100,3100,3200,3300,3300,3400,3400,3900,4100,4100,2406,0,3000,2979.088427117235,2335.471461999987,4091.981500998372,1702.3765586034913
1790290029,40,,Aggregated,9.300000,0.000000,3000,3100,3100,3200,3300,3300,3400,3400,3900,4100,4100,2413,0,3000,2978.9514972731326,2335.471461999987,4091.981500998372,1702.4537919602155
1790290030,40,,Aggregated,9.200000,0.000000,3000,3100,3100,3200,3300,3300,3400,3400,3900,4100,4100,2426,0,3000,2979.1715281253405,2335.471461999987,4091.981500998372,1702.5065952184666
1790290031,40,,Aggregated,8.700000,0.000000,3000,3100,3100,3200,3300,3300,3400,3400,3900,4100,4100,2438,0,3000,2979.1074886554866,2335.471461999987,4091.981500998372,1702.5200984413455
1790290032,40,,Aggregated,8.700000,0.000000,3000,3100,3100,3200,3300,3300,3400,3400,3900,4100,4100,2446,0,3000,2978.786799567489,2335.471461999987,4091.981500998372,1702.6426819296812
1790290033,40,,Aggregated,9.600000,0.000000,3000,3100,3100,3200,3300,3300,3400,3400,3900,4100,4100,2450,0,3000,2978.73902671636,2335.471461999987,4091.981500998372,1702.7604081632653
1790290034,40,,Aggregated,9.400000,0.000000,3000,3100,3100,3200,3300,3300,3400,3400,3900,4100,4100,2459,0,3000,2978.848801793042,2335.471461999987,4091.981500998372,1702.8564457096381
1790290035,40,,Aggregated,8.600000,0.000000,3000,3100,3100,3200,3300,3300,3400,3400,3900,4100,4100,2469,0,3000,2979.306525786593,2335.471461999987,4091.981500998372,1702.9744835965978
1790290036,40,,Aggregated,8.500000,0.000000,3000,3100,3100,3200,3300,3300,3400,3400,3900,4100,4100,2483,0,3000,2979.7076165501753,2335.471461999987,4091.981500998372,1703.0004027386226
1790290037,40,,Aggregated,9.000000,0.000000,3000,3100,3100,3200,3300,3300,3400,3400,3900,4100,4100,2489,0,3000,2979.772641875487,2335.471461999987,4091.981500998372,1703.175572519084
1790290038,40,,Aggregated,9.100000,0.000000,3000,3100,3100,3200,3300,3300,3400,3400,3900,4100,4100,2493,0,3000,2979.674080727673,2335.471461999987,4091.981500998372,1703.1704773365423
1790290039,40,,Aggregated,9.000000,0.000000,3000,3100,3100,3200,3300,3300,3400,3400,3900,4100,4100,2503,0,3000,2979.6850860603595,2335.471461999987,4091.981500998372,1703.158609668398
1790290040,40,,Aggregated,8.500000,0.000000,3000,3100,3100,3200,3300,3300,3400,3400,3900,4100,4100,2518,0,3000,2979.9406640155194,2335.471461999987,4091.981500998372,1703.2120730738682
1790290041,40,,Aggregated,8.500000,0.000000,3000,3100,3100,3200,3300,3300,3400,3400,3900,4100,4100,2528,0,3000,2979.4475129747143,2335.471461999987,4091.981500998372,1703.2705696202531
1790290042,40,,Aggregated,9.100000,0.000000,3000,3100,3100,3200,3300,3300,3400,3400,3900,4100,4100,2532,0,3000,2979.42896861259,2335.471461999987,4091.981500998372,1703.3412322274883
1790290043,40,,Aggregated,9.200000,0.000000,3000,3100,3100,3200,3300,3300,3400,3400,3900,4100,4100,2535,0,3000,2979.444306059991,2335.471461999987,4091.981500998372,1703.342406311637
1790290044,40,,Aggregated,8.800000,0.000000,3000,3100,3100,3200,3300,3300,3400,3400,3900,4100,4100,2551,0,3000,2980.2337216248807,2335.471461999987,4091.981500998372,1703.4727557820463
1790290045,40,,Aggregated,8.600000,0.000000,3000,3100,3100,3200,3300,3300,3400,3400,3900,4100,4100,2564,0,3000,2980.4094090604804,2335.471461999987,4091.981500998372,1703.8592043681747
1790290046,40,,Aggregated,8.900000,0.000000,3000,3100,3100,3200,3300,3300,3400,3400,3900,4100,4100,2571,0,3000,2980.242437516559,2335.471461999987,4091.981500998372,1703.903539478802
1790290047,40,,Aggregated,9.100000,0.000000,3000,3100,3100,3200,3300,3300,3400,3400,3900,4100,4100,2572,0,3000,2980.2757643130153,2335.471461999987,4091.981500998372,1703.9793934681181
1790290048,40,,Aggregated,9.400000,0.000000,3000,3100,3100,3200,3300,3300,3400,3400,3900,4100,4100,2582,0,3000,2980.4499927943752,2335.471461999987,4091.981500998372,1703.9031758326878
1790290049,40,,Aggregated,8.800000,0.000000,3000,3100,3100,3200,3300,3300,3400,3400,3900,4100,4100,2596,0,3000,2981.0455249118168,2335.471461999987,4091.981500998372,1703.8162557781202
1790290050,40,,Aggregated,8.300000,0.000000,3000,3100,3100,3200,3300,3300,3400,3400,3900,4100,4100,2609,0,3000,2981.118975986996,2335.471461999987,4091.981500998372,1703.7389804522807
1790290051,40,,Aggregated,8.800000,0.000000,3000,3100,3100,3200,3300,3300,3400,3400,3900,4100,4100,2612,0,3000,2980.8698032282045,2335.471461999987,4091.981500998372,1703.7032924961716
1790290052,40,,Aggregated,9.200000,0.000000,3000,3100,3100,3200,3300,3300,3400,3400,3900,4100,4100,2616,0,3000,2980.5579001846586,2335.471461999987,4091.981500998372,1703.5798929663608
1790290053,40,,Aggregated,9.200000,0.000000,3000,3100,3100,3200,3300,3300,3400,3400,3900,4100,4100,2627,0,3000,2980.9481609710933,2335.471461999987,4091.981500998372,1703.607156452227
1790290054,40,,Aggregated,8.400000,0.000000,3000,3100,3100,3200,3300,3300,3400,3400,3900,4100,4100,2644,0,3000,2981.357443313182,2335.471461999987,4091.981500998372,1703.7594553706506
1790290055,40,,Aggregated,8.400000,0.000000,3000,3100,3100,3200,3300,3300,3400,3400,3900,4100,4100,2652,0,3000,2981.439032634258,2335.471461999987,4091.981500998372,1703.92383107089
1790290056,40,,Aggregated,8.900000,0.000000,3000,3100,3100,3200,3300,3300,3400,3400,3900,4100,4100,2656,0,3000,2981.2632538957278,2335.471461999987,4091.981500998372,1704.0011295180723
1790290057,40,,Aggregated,9.400000,0.000000,3000,3100,3100,3200,3300,3300,3400,3400,3900,4100,4100,2663,0,3000,2980.943528610609,2335.471461999987,4091.981500998372,1703.9504318437853
1790290058,40,,Aggregated,8.700000,0.000000,3000,3100,3100,3200,3300,3300,3400,3400,3900,4100,4100,2676,0,3000,2981.57887214352,2335.471461999987,4091.981500998372,1704.0982810164423
1790290059,40,,Aggregated,8.500000,0.000000,3000,3100,3100,3200,3300,3300,3400,3400,3900,4100,4100,2691,0,3000,2981.5660575028073,2335.471461999987,4091.981500998372,1704.319955406912
1790290060,40,,Aggregated,9.100000,0.000000,3000,3100,3100,3200,3300,3300,3400,3400,3900,4100,4100,2694,0,3000,2981.41209957129,2335.471461999987,4091.981500998372,1704.329992576095
1790290061,40,,Aggregated,9.500000,0.000000,3000,3100,3100,3200,3300,3300,3400,3400,3900,4100,4100,2699,0,3000,2981.3367596895346,2335.471461999987,4091.981500998372,1704.4075583549463
1790290062,40,,Aggregated,9.500000,0.000000,3000,3100,3100,3200,3300,3300,3400,3400,3900,4100,4100,2707,0,3000,2981.328857025139,2335.471461999987,4091.981500998372,1704.4189139268562
1790290064,40,,Aggregated,8.300000,0.000000,3000,3100,3100,3200,3300,3300,3400,3400,3900,4100,4100,2722,0,3000,2981.5895003846617,2335.471461999987,4091.981500998372,1704.3310066127847
1790290065,40,,Aggregated,8.700000,0.000000,3000,3100,3100,3200,3300,3300,3400,3400,3900,4100,4100,2734,0,3000,2981.528922655469,2335.471461999987,4091.981500998372,1704.392831016825
1790290066,40,,Aggregated,9.100000,0.000000,3000,3100,3100,3200,3300,3300,3400,3400,3900,4100,4100,2737,0,3000,2981.401841051171,2335.471461999987,4091.981500998372,1704.3964194373402
1790290067,40,,Aggregated,9.400000,0.000000,3000,3100,3100,3200,3300,3300,3400,3400,3900,4100,4100,2744,0,3000,2981.1511761858806,2335.471461999987,4091.981500998372,1704.390306122449
1790290068,40,,Aggregated,8.900000,0.000000,3000,3100,3100,3200,3300,3300,3400,3400,3900,4100,4100,2755,0,3000,2981.2472978159913,2335.471461999987,4091.981500998372,1704.3154264972777
1790290069,40,,Aggregated,8.500000,0.000000,3000,3100,3100,3200,3300,3300,3400,3400,3900,4100,4100,2772,0,3000,2981.527684018783,2335.471461999987,4091.981500998372,1704.3470418470417
1790290070,40,,Aggregated,9.200000,0.000000,3000,3100,3100,3200,3300,3300,3400,3400,3900,4100,4100,2778,0,3000,2980.712543419749,2335.471461999987,4091.981500998372,1704.230021598272
1790290071,40,,Aggregated,9.200000,0.000000,3000,3100,3100,3200,3300,3300,3400,3400,3900,4100,4100,2783,0,3000,2980.3084060535616,2335.471461999987,4091.981500998372,1704.2314049586778
1790290072,40,,Aggregated,9.500000,0.000000,3000,3100,3100,3200,3300,3300,3400,3400,3900,4100,4100,2788,0,3000,2980.0354725678117,2335.471461999987,4091.981500998372,1704.1226685796269
1790290073,40,,Aggregated,8.600000,0.000000,3000,3100,3100,3200,3300,3300,3400,3400,3900,4100,4100,2808,0,3000,2980.578689378584,2335.471461999987,4091.981500998372,1704.2065527065527
1790290074,40,,Aggregated,8.900000,0.000000,3000,3100,3100,3200,3300,3300,3400,3400,3900,4100,4100,2817,0,3000,2980.2098157007676,2335.471461999987,4091.981500998372,1704.2630457933972
1790290075,40,,Aggregated,8.900000,0.000000,3000,3100,3100,3200,3300,3300,3400,3400,3900,4100,4100,2821,0,3000,2979.732395861419,2335.471461999987,4091.981500998372,1704.2034739454095
1790290076,40,,Aggregated,10.100000,0.000000,3000,3100,3100,3200,3300,3300,3400,3400,3900,4100,4100,2826,0,3000,2979.6929770976867,2335.471461999987,4091.981500998372,1704.2968860580324
1790290077,40,,Aggregated,8.700000,0.000000,3000,3100,3100,3200,3300,3300,3400,3400,3900,4100,4100,2833,0,3000,2979.6843815037273,2335.471461999987,4091.981500998372,1704.3056830215319
1790290078,40,,Aggregated,8.700000,0.000000,3000,3100,3100,3200,3300,3300,3400,3400,3900,4100,4100,2850,0,3000,2980.7034387063354,2335.471461999987,4091.981500998372,1704.37649122807
1790290079,40,,Aggregated,8.900000,0.000000,3000,3100,3100,3200,3300,3300,3400,3400,3900,4100,4100,2861,0,3000,2980.4442747161997,2335.471461999987,4091.981500998372,1704.2666899685426
1790290080,40,,Aggregated,9.500000,0.000000,3000,3100,3100,3200,3300,3300,3400,3400,3900,4100,4100,2865,0,3000,2980.0474563099638,2335.471461999987,4091.981500998372,1704.3120418848168
1790290081,40,,Aggregated,9.500000,0.000000,3000,3100,3100,3200,3300,3300,3400,3400,3900,4100,4100,2868,0,3000,2979.893273955385,2335.471461999987,4091.981500998372,1704.3294979079499
1790290082,40,,Aggregated,8.900000,0.000000,3000,3100,3100,3200,3300,3300,3400,3400,3900,4100,4100,2880,0,3000,2980.216870664947,2335.471461999987,4091.981500998372,1704.2784722222223
1790290083,40,,Aggregated,8.700000,0.000000,3000,3100,3100,3200,3300,3300,3400,3400,3900,4100,4100,2900,0,3000,2980.9338146458786,2335.471461999987,4091.981500998372,1704.4551724137932
1790290084,40,,Aggregated,8.500000,0.000000,3000,3100,3100,3200,3300,3300,3400,3400,3900,4100,4100,2904,0,3000,2980.6590028994656,2335.471461999987,4091.981500998372,1704.4755509641873
1790290085,40,,Aggregated,9.200000,0.000000,3000,3100,3100,3200,3300,3300,3400,3400,3900,4100,4100,2907,0,3000,2980.335756159288,2335.471461999987,4091.981500998372,1704.5380116959063
1790290086,40,,Aggregated,9.200000,0.000000,3000,3100,3100,3200,3300,3300,3400,3400,3900,4100,4100,2910,0,3000,2980.0691621515616,2335.471461999987,4091.981500998372,1704.5429553264605
1790290087,40,,Aggregated,8.600000,0.000000,3000,3100,3100,3200,3300,3300,3400,3400,3900,4100,4100,2924,0,3000,2980.519564387842,2335.471461999987,4091.981500998372,1704.3710670314638
1790290088,40,,Aggregated,8.600000,0.000000,3000,3100,3100,3200,3300,3300,3400,3400,3900,4100,4100,2944,0,3000,2981.773051965372,2335.471461999987,4091.981500998372,1704.546195652174
1790290089,40,,Aggregated,8.400000,0.000000,3000,3100,3100,3200,3300,3300,3400,3400,3900,4100,4100,2948,0,3000,2981.2623770536134,2335.471461999987,4091.981500998372,1704.5871777476254
1790290090,40,,Aggregated,9.400000,0.000000,3000,3100,3100,3200,3300,3300,3400,3400,3900,4100,4100,2950,0,3000,2981.050786795611,2335.471461999987,4091.981500998372,1704.5698305084745
1790290091,40,,Aggregated,9.400000,0.000000,3000,3100,3100,3200,3300,3300,3400,3400,3900,4100,4100,2953,0,3000,2981.1330047575548,2335.471461999987,4091.981500998372,1704.4426007450052
1790290092,40,,Aggregated,8.500000,0.000000,3000,3100,3100,3200,3300,3300,3400,3400,3900,4100,4100,2979,0,3000,2982.0528912010973,2335.471461999987,4091.981500998372,1704.4810339039946
1790290093,40,,Aggregated,8.500000,0.000000,3000,3100,3100,3200,3300,3300,3400,3400,3900,4100,4100,2987,0,3000,2981.945098821917,2335.471461999987,4091.981500998372,1704.4707063943756
1790290094,40,,Aggregated,8.500000,0.000000,3000,3100,3100,3200,3300,3300,3400,3400,3900,4100,4100,2989,0,3000,2981.7508904091883,2335.471461999987,4091.981500998372,1704.4677149548345
1790290095,40,,Aggregated,8.700000,0.000000,3000,3100,3100,3200,3300,3300,3400,3400,3900,4100,4100,2992,0,3000,2981.6168330307687,2335.471461999987,4091.981500998372,1704.48128342246
1790290096,40,,Aggregated,8.500000,0.000000,3000,3100,3100,3200,3300,3300,3400,3400,3900,4100,4100,3003,0,3000,2981.645928219467,2335.471461999987,4091.981500998372,1704.4445554445554
1790290097,40,,Aggregated,8.400000,0.000000,3000,3100,3100,3200,3300,3300,3400,3400,3900,4100,4100,3025,0,3000,2982.2831982380367,2335.471461999987,4091.981500998372,1704.5530578512396
1790290098,40,,Aggregated,9.000000,0.000000,3000,3100,3100,3200,3300,3300,3400,3400,3900,4100,4100,3029,0,3000,2982.167909172684,2335.471461999987,4091.981500998372,1704.6289204357874
1790290099,40,,Aggregated,9.000000,0.000000,3000,3100,3100,3200,3300,3300,3400,3400,3900,4100,4100,3030,0,3000,2982.1583634458943,2335.471461999987,4091.981500998372,1704.6557755775577
1790290100,40,,Aggregated,10.100000,0.000000,3000,3100,3100,3200,3300,3300,3400,3400,3900,4100,4100,3034,0,3000,2982.110073883014,2335.471461999987,4091.981500998372,1704.6502966381015
1790290101,40,,Aggregated,8.200000,0.000000,3000,3100,3100,3200,3300,3300,3400,3400,3900,4100,4100,3056,0,3000,2983.2570470798623,2335.471461999987,4091.981500998372,1704.6917539267015
1790290102,40,,Aggregated,8.200000,0.000000,3000,3100,3100,3200,3300,3300,3400,3400,3900,4100,4100,3068,0,3000,2983.241959245132,2335.471461999987,4091.981500998372,1704.8999348109517
1790290103,40,,Aggregated,9.700000,0.000000,3000,3100,3100,3200,3300,3300,3400,3400,3900,4100,4100,3072,0,3000,2982.550256860373,2228.531100001419,4091.981500998372,1704.83203125
1790290104,40,,Aggregated,9.700000,0.000000,3000,3100,3100,3200,3300,3300,3400,3400,3900,4100,4100,3072,0,3000,2982.550256860373,2228.531100001419,4091.981500998372,1704.83203125
1790290105,40,,Aggregated,8.300000,0.000000,3000,3100,3100,3200,3300,3300,3400,3400,3900,4100,4100,3081,0,3000,2982.7280151395858,2228.531100001419,4091.981500998372,1704.8370658876988
1790290106,40,,Aggregated,8.300000,0.000000,3000,3100,3100,3200,3300,3300,3400,3400,3900,4100,4100,3108,0,3000,2983.8063957178533,2228.531100001419,4091.981500998372,1704.9337194337195
1790290107,40,,Aggregated,8.300000,0.000000,3000,3100,3100,3200,3300,3300,3400,3400,3900,4100,4100,3111,0,3000,2983.4184634526173,2228.531100001419,4091.981500998372,1704.9302475088396
1790290108,40,,Aggregated,8.800000,0.000000,3000,3100,3100,3200,3300,3300,3400,3400,3900,4100,4100,3112,0,3000,2983.2704228766365,2228.531100001419,4091.981500998372,1704.9321979434446
1790290109,40,,Aggregated,10.400000,0.000000,3000,3100,3100,3200,3300,3300,3400,3400,3900,4100,4100,3113,0,3000,2983.286737835238,2228.531100001419,4091.981500998372,1704.9563122389977
1790290110,40,,Aggregated,8.400000,0.000000,3000,3100,3100,3200,3300,3300,3400,3400,3900,4100,4100,3133,0,3000,2983.879251955667,2228.531100001419,4091.981500998372,1704.9655282476858
1790290111,40,,Aggregated,8.400000,0.000000,3000,3100,3100,3200,3300,3300,3400,3400,3900,4100,4100,3151,0,3000,2984.048142010821,2228.531100001419,4091.981500998372,1705.1142494446208
1790290112,40,,Aggregated,8.300000,0.000000,3000,3100,3100,3200,3300,3300,3400,3400,3900,4100,4100,3152,0,3000,2983.9214209219845,2228.531100001419,4091.981500998372,1705.1462563451776
1790290113,40,,Aggregated,10.100000,0.000000,3000,3100,3100,3200,3300,3300,3400,3400,3900,4100,4100,3154,0,3000,2983.7885605513934,2228.531100001419,4091.981500998372,1705.1471147748891
1790290114,40,,Aggregated,8.400000,0.000000,3000,3100,3100,3200,3300,3300,3400,3400,3900,4100,4100,3159,0,3000,2983.786071913927,2228.531100001419,4091.981500998372,1705.1399176954733
1790290115,40,,Aggregated,8.200000,0.000000,3000,3100,3100,3200,3300,3300,3400,3400,3900,4100,4100,3185,0,3000,2984.447017513687,2228.531100001419,4091.981500998372,1705.0854003139718
1790290116,40,,Aggregated,8.200000,0.000000,3000,3100,3100,3200,3300,3300,3400,3400,3900,4100,4100,3192,0,3000,2984.4043065958936,2228.531100001419,4091.981500998372,1705.2211779448621
1790290117,40,,Aggregated,8.600000,0.000000,3000,3100,3100,3200,3300,3300,3400,3400,3900,4100,4100,3193,0,3000,2984.215980035732,2228.531100001419,4091.981500998372,1705.2195427497652
1790290118,40,,Aggregated,10.000000,0.000000,3000,3100,3100,3200,3300,3300,3400,3400,3900,4100,4100,3198,0,3000,2983.6218713205412,2228.531100001419,4091.981500998372,1705.0819262038774
1790290119,40,,Aggregated,8.200000,0.000000,3000,3100,3100,3200,3300,3300,3400,3400,3900,4100,4100,3208,0,3000,2983.706766894045,2228.531100001419,4091.981500998372,1705.0205735660847
1790290120,40,,Aggregated,8.600000,0.000000,3000,3100,3100,3200,3300,3300,3400,3400,3900,4100,4100,3232,0,3000,2984.6155015507743,2228.531100001419,4091.981500998372,1705.0278465346535
1790290121,40,,Aggregated,8.600000,0.000000,3000,3100,3100,3200,3300,3300,3400,3400,3900,4100,4100,3233,0,3000,2984.4493424479133,2228.531100001419,4091.981500998372,1705.0114444788123
1790290122,40,,Aggregated,9.000000,0.000000,3000,3100,3100,3200,3300,3300,3400,3400,3900,4100,4100,3237,0,3000,2983.9131770201125,2228.531100001419,4091.981500998372,1704.8980537534756
1790290123,40,,Aggregated,8.200000,0.000000,3000,3100,3100,3200,3300,3300,3400,3400,3900,4100,4100,3241,0,3000,2983.8860330274924,2228.531100001419,4091.981500998372,1704.9784017278619
1790290124,40,,Aggregated,8.500000,0.000000,3000,3100,3100,3200,3300,3300,3400,3400,3900,4100,4100,3260,0,3000,2985.0124629030965,2228.531100001419,4091.981500998372,1705.0193251533742
1790290125,40,,Aggregated,8.500000,0.000000,3000,3100,3100,3200,3300,3300,3400,3400,3900,4100,4100,3272,0,3000,2985.156794973135,2228.531100001419,4091.981500998372,1705.0727383863082
1790290126,40,,Aggregated,9.500000,0.000000,3000,3100,3100,3200,3300,3300,3400,3400,3900,4100,4100,3277,0,3000,2985.0326523543185,2228.531100001419,4091.981500998372,1705.2487030820873
1790290127,40,,Aggregated,9.300000,0.000000,3000,3100,3100,3200,3300,3300,3400,3400,3900,4100,4100,3278,0,3000,2985.066221952136,2228.531100001419,4091.981500998372,1705.2538133007931
1790290128,40,,Aggregated,8.300000,0.000000,3000,3100,3100,3200,3300,3300,3400,3400,3900,4100,4100,3287,0,3000,2985.2387157958915,2228.531100001419,4091.981500998372,1705.279282020079
1790290129,40,,Aggregated,8.400000,0.000000,3000,3100,3100,3200,3300,3300,3400,3400,3900,4100,4100,3312,0,3000,2985.7877290486413,2228.531100001419,4091.981500998372,1705.145229468599
1790290130,40,,Aggregated,8.400000,0.000000,3000,3100,3100,3200,3300,3300,3400,3400,3900,4100,4100,3316,0,3000,2985.3854732494256,2228.531100001419,4091.981500998372,1705.1396260554886
1790290131,40,,Aggregated,10.200000,0.000000,3000,3100,3100,3200,3300,3300,3400,3400,3900,4100,4100,3319,0,3000,2985.100904854502,2228.531100001419,4091.981500998372,1705.1358843025007
1790290132,40,,Aggregated,10.200000,0.000000,3000,3100,3100,3200,3300,3300,3400,3400,3900,4100,4100,3322,0,3000,2985.0981189768495,2228.531100001419,4091.981500998372,1705.2314870559903
1790290133,40,,Aggregated,8.500000,0.000000,3000,3100,3100,3200,3300,3300,3400,3400,3900,4100,4100,3336,0,3000,2986.0178505168174,2228.531100001419,4091.981500998372,1705.3351318944844
1790290134,40,,Aggregated,8.500000,0.000000,3000,3100,3100,3200,3300,3300,3400,3400,3900,4100,4100,3352,0,3000,2986.6115931539684,2228.531100001419,4091.981500998372,1705.3937947494032
1790290135,40,,Aggregated,8.500000,0.000000,3000,3100,3100,3200,3300,3300,3400,3400,3900,4100,4100,3358,0,3000,2986.2839663844866,2228.531100001419,4091.981500998372,1705.4678379988088
1790290136,40,,Aggregated,8.300000,0.000000,3000,3100,3100,3200,3300,3300,3400,3400,3900,4100,4100,3360,0,3000,2986.0412950794957,2228.531100001419,4091.981500998372,1705.432142857143
1790290137,40,,Aggregated,8.600000,0.000000,3000,3100,3100,3200,3300,3300,3400,3400,3900,4100,4100,3366,0,3000,2985.865551125699,2228.531100001419,4091.981500998372,1705.4019607843138
1790290138,40,,Aggregated,8.500000,0.000000,3000,3100,3100,3200,3300,3300,3400,3400,3900,4100,4100,3389,0,3000,2987.0918770171447,2228.531100001419,4091.981500998372,1705.4122159929182
1790290139,40,,Aggregated,8.800000,0.000000,3000,3100,3100,3200,3300,3300,3400,3400,3900,4100,4100,3397,0,3000,2986.9608135455114,2228.531100001419,4091.981500998372,1705.4156608772446
1790290140,40,,Aggregated,9.600000,0.000000,3000,3100,3100,3200,3300,3300,3400,3400,3900,4100,4100,3401,0,3000,2986.5633550879447,2228.531100001419,4091.981500998372,1705.3734195824757
1790290141,40,,Aggregated,9.000000,0.000000,3000,3100,3100,3200,3300,3300,3400,3400,3900,4100,4100,3404,0,3000,2986.459130116951,2228.531100001419,4091.981500998372,1705.3939482961223
1790290142,40,,Aggregated,9.000000,0.000000,3000,3100,3100,3200,3300,3300,3400,3400,3900,4100,4100,3411,0,3000,2986.178403142217,2228.531100001419,4091.981500998372,1705.330694810906
1790290143,40,,Aggregated,8.400000,0.000000,3000,3100,3100,3200,3300,3300,3400,3400,3900,4100,4100,3434,0,3000,2986.8886313829616,2228.531100001419,4091.981500998372,1705.3523587652883
1790290144,40,,Aggregated,8.900000,0.000000,3000,3100,3100,3200,3300,3300,3400,3400,3900,4100,4100,3442,0,3000,2986.386108362605,2228.531100001419,4091.981500998372,1705.4450900639163
1790290145,40,,Aggregated,10.300000,0.000000,3000,3100,3100,3200,3300,3300,3400,3400,3900,4100,4100,3447,0,3000,2985.8096203008654,2228.531100001419,4091.981500998372,1705.4038294168843
1790290146,40,,Aggregated,8.700000,0.000000,3000,3100,3100,3200,3300,3300,3400,3400,3900,4100,4100,3451,0,3000,2985.419958440765,2228.531100001419,4091.981500998372,1705.3726456099682
1790290147,40,,Aggregated,8.400000,0.000000,3000,3100,3100,3200,3300,3300,3400,3400,3900,4100,4100,3463,0,3000,2985.4858823757113,2228.531100001419,4091.981500998372,1705.428530176148
1790290148,40,,Aggregated,8.800000,0.000000,3000,3100,3100,3200,3300,3300,3400,3400,3900,4100,4100,3480,0,3000,2985.265778333362,2228.531100001419,4091.981500998372,1705.3227011494253
1790290149,40,,Aggregated,8.700000,0.000000,3000,3100,3100,3200,3300,3300,3400,3400,3900,4100,4100,3483,0,3000,2984.9910886371226,2228.531100001419,4091.981500998372,1705.332759115705
1790290150,40,,Aggregated,9.700000,0.000000,3000,3100,3100,3200,3300,3300,3400,3400,3900,4100,4100,3490,0,3000,2984.5924896006004,2228.531100001419,4091.981500998372,1705.2988538681948
1790290151,40,,Aggregated,8.700000,0.000000,3000,3100,3100,3200,3300,3300,3400,3400,3900,4100,4100,3495,0,3000,2984.440979010326,2228.531100001419,4091.981500998372,1705.3499284692418
1790290152,40,,Aggregated,8.700000,0.000000,3000,3100,3100,3200,3300,3300,3400,3400,3900,4100,4100,3515,0,3000,2984.296760730609,2228.531100001419,4091.981500998372,1705.1459459459459
1790290153,40,,Aggregated,8.800000,0.000000,3000,3100,3100,3200,3300,3300,3400,3400,3900,4100,4100,3523,0,3000,2983.93584798782,2228.531100001419,4091.981500998372,1705.2262276468919
1790290154,40,,Aggregated,9.400000,0.000000,3000,3100,3100,3200,3300,3300,3400,3400,3900,4100,4100,3526,0,3000,2983.7699229257205,2228.531100001419,4091.981500998372,1705.2305728871243
1790290155,40,,Aggregated,9.400000,0.000000,3000,3100,3100,3200,3300,3300,3400,3400,3900,4100,4100,3531,0,3000,2983.552026721632,2228.531100001419,4091.981500998372,1705.2005097706033
1790290156,40,,Aggregated,8.500000,0.000000,3000,3100,3100,3200,3300,3300,3400,3400,3900,4100,4100,3544,0,3000,2983.363725591162,2228.531100001419,4091.981500998372,1705.0804176072236
1790290157,40,,Aggregated,8.900000,0.000000,3000,3100,3100,3200,3300,3300,3400,3400,3900,4100,4100,3562,0,3000,2983.150697531748,2228.531100001419,4091.981500998372,1704.9955081414935
1790290158,40,,Aggregated,8.800000,0.000000,3000,3100,3100,3200,3300,3300,3400,3400,3900,4100,4100,3564,0,3000,2983.097964611698,2228.531100001419,4091.981500998372,1705.0095398428732
1790290159,40,,Aggregated,8.800000,0.000000,3000,3100,3100,3200,3300,3300,3400,3400,3900,4100,4100,3567,0,3000,2982.84051642195,2228.531100001419,4091.981500998372,1704.9913092234372
1790290160,40,,Aggregated,8.800000,0.000000,3000,3100,3100,3200,3300,3300,3400,3400,3900,4100,4100,3577,0,3000,2983.292857259463,2228.531100001419,4091.981500998372,1705.1982107911658
1790290161,40,,Aggregated,8.500000,0.000000,3000,3100,3100,3200,3300,3300,3400,3400,3900,4100,4100,3597,0,3000,2983.704589584126,2228.531100001419,4091.981500998372,1705.2674450931331
1790290162,40,,Aggregated,8.300000,0.000000,3000,3100,3100,3200,3300,3300,3400,3400,3900,4100,4100,3605,0,3000,2983.4710156649376,2228.531100001419,4091.981500998372,1705.2707350901526
1790290163,40,,Aggregated,9.100000,0.000000,3000,3100,3100,3200,3300,3300,3400,3400,3900,4100,4100,3607,0,3000,2983.294724135044,2228.531100001419,4091.981500998372,1705.2633767673967
1790290164,40,,Aggregated,9.800000,0.000000,3000,3100,3100,3200,3300,3300,3400,3400,3900,4100,4100,3609,0,3000,2983.3120803211705,2228.531100001419,4091.981500998372,1705.257412025492
1790290165,40,,Aggregated,8.600000,0.000000,3000,3100,3100,3200,3300,3300,3400,3400,3900,4100,4100,3620,0,3000,2983.58877433898,2228.531100001419,4091.981500998372,1705.2624309392265
1790290166,40,,Aggregated,8.300000,0.000000,3000,3100,3100,3200,3300,3300,3400,3400,3900,4100,4100,3643,0,3000,2984.1168861993183,2228.531100001419,4091.981500998372,1705.3428493000274
1790290167,40,,Aggregated,8.500000,0.000000,3000,3100,3100,3200,3300,3300,3400,3400,3900,4100,4100,3646,0,3000,2984.068417046384,2228.531100001419,4091.981500998372,1705.3812397147558
1790290168,40,,Aggregated,8.500000,0.000000,3000,3100,3100,3200,3300,3300,3400,3400,3900,4100,4100,3647,0,3000,2984.0728409627404,2228.531100001419,4091.981500998372,1705.3995064436524
1790290169,40,,Aggregated,8.700000,0.000000,3000,3100,3100,3200,3300,3300,3400,3400,3900,4100,4100,3656,0,3000,2983.670380000851,2228.531100001419,4091.981500998372,1705.2119803063458
1790290170,40,,Aggregated,8.400000,0.000000,3000,3100,3100,3200,3300,3300,3400,3400,3900,4100,4100,3678,0,3000,2984.170705525047,2228.531100001419,4091.981500998372,1705.1922240348015
1790290171,40,,Aggregated,8.600000,0.000000,3000,3100,3100,3200,3300,3300,3400,3400,3900,4100,4100,3686,0,3000,2983.8984023093117,2228.531100001419,4091.981500998372,1705.1828540423223
1790290172,40,,Aggregated,8.900000,0.000000,3000,3100,3100,3200,3300,3300,3400,3400,3900,4100,4100,3688,0,3000,2983.7042791703143,2228.531100001419,4091.981500998372,1705.1811279826463
1790290173,40,,Aggregated,10.300000,0.000000,3000,3100,3100,3200,3300,3300,3400,3400,3900,4100,4100,3696,0,3000,2983.4106112321756,2228.531100001419,4091.981500998372,1705.0982142857142
1790290174,40,,Aggregated,8.300000,0.000000,3000,3100,3100,3200,3300,3300,3400,3400,3900,4100,4100,3700,0,3000,2983.4146150078686,2228.531100001419,4091.981500998372,1705.115945945946
1790290175,40,,Aggregated,8.400000,0.000000,3000,3100,3100,3200,3300,3300,3400,3400,3900,4100,4100,3726,0,3000,2984.0693327807594,2228.531100001419,4091.981500998372,1705.4465915190553
1790290176,40,,Aggregated,8.400000,0.000000,3000,3100,3100,3200,3300,3300,3400,3400,3900,4100,4100,3727,0,3000,2983.947981059327,2228.531100001419,4091.981500998372,1705.4298363294874
1790290177,40,,Aggregated,9.700000,0.000000,3000,3100,3100,3200,3300,3300,3400,3400,3900,4100,4100,3732,0,3000,2983.5764940782715,2228.531100001419,4091.981500998372,1705.4284565916398
1790290178,40,,Aggregated,9.300000,0.000000,3000,3100,3100,3200,3300,3300,3400,3400,3900,4100,4100,3741,0,3000,2983.2492775290316,2228.531100001419,4091.981500998372,1705.4028334669874
1790290179,40,,Aggregated,8.400000,0.000000,3000,3100,3100,3200,3300,3300,3400,3400,3900,4100,4100,3754,0,3000,2983.278968209408,2228.531100001419,4091.981500998372,1705.327916888652
1790290180,40,,Aggregated,8.900000,0.000000,3000,3100,3100,3200,3300,3300,3400,3400,3900,4100,4100,3767,0,3000,2983.213207711472,2228.531100001419,4091.981500998372,1705.3350146004777
1790290181,40,,Aggregated,9.200000,0.000000,3000,3100,3100,3200,3300,3300,3400,3400,3900,4100,4100,3771,0,3000,2982.802718626655,2228.531100001419,4091.981500998372,1705.24184566428
1790290182,40,,Aggregated,10.600000,0.000000,3000,3100,3100,3200,3300,3300,3400,3400,3900,4100,4100,3777,0,3000,2982.6740762968275,2228.531100001419,4091.981500998372,1705.2364310299179
1790290183,40,,Aggregated,8.500000,0.000000,3000,3100,3100,3200,3300,3300,3400,3400,3900,4100,4100,3787,0,3000,2982.8671999712465,2228.531100001419,4091.981500998372,1705.294164246105
1790290184,40,,Aggregated,8.700000,0.000000,3000,3100,3100,3200,3300,3300,3400,3400,3900,4100,4100,3801,0,3000,2982.8234148866404,2228.531100001419,4091.981500998372,1705.266771902131
1790290185,40,,Aggregated,8.700000,0.000000,3000,3100,3100,3200,3300,3300,3400,3400,3900,4100,4100,3810,0,3000,2982.5356615543615,2228.531100001419,4091.981500998372,1705.211286089239
1790290186,40,,Aggregated,9.500000,0.000000,3000,3100,3100,3200,3300,3300,3400,3400,3900,4100,4100,3814,0,3000,2982.3966718731303,2228.531100001419,4091.981500998372,1705.2551127425274
1790290187,40,,Aggregated,9.700000,0.000000,3000,3100,3100,3200,3300,3300,3400,3400,3900,4100,4100,3821,0,3000,2982.2127277411996,2228.531100001419,4091.981500998372,1705.2454854750065
1790290188,40,,Aggregated,8.300000,0.000000,3000,3100,3100,3200,3300,3300,3400,3400,3900,4100,4100,3834,0,3000,2982.4151175798447,2228.531100001419,4091.981500998372,1705.2803860198226
1790290189,40,,Aggregated,8.700000,0.000000,3000,3100,3100,3200,3300,3300,3400,3400,3900,4100,4100,3849,0,3000,2982.4403938306386,2228.531100001419,4091.981500998372,1705.2208365809302
1790290190,40,,Aggregated,8.700000,0.000000,3000,3100,3100,3200,3300,3300,3400,3400,3900,4100,4100,3853,0,3000,2982.1497218858362,2228.531100001419,4091.981500998372,1705.245522969115
1790290191,40,,Aggregated,9.600000,0.000000,3000,3100,3100,3200,3300,3300,3400,3400,3900,4100,4100,3858,0,3000,2981.9644273854656,2228.531100001419,4091.981500998372,1705.270088128564
1790290192,40,,Aggregated,8.700000,0.000000,3000,3100,3100,3200,3300,3300,3400,3400,3900,4100,4100,3868,0,3000,2981.627614840262,2228.531100001419,4091.981500998372,1705.1346949327817
1790290193,40,,Aggregated,8.500000,0.000000,3000,3100,3100,3200,3300,3300,3400,3400,3900,4100,4100,3883,0,3000,2981.5547171061394,2228.531100001419,4091.981500998372,1705.0115889775946
1790290194,40,,Aggregated,8.600000,0.000000,3000,3100,3100,3200,3300,3300,3400,3400,3900,4100,4100,3892,0,3000,2981.5316710162238,2228.531100001419,4091.981500998372,1705.1097122302158
1790290195,40,,Aggregated,8.900000,0.000000,3000,3100,3100,3200,3300,3300,3400,3400,3900,4100,4100,3896,0,3000,2981.223109305477,2228.531100001419,4091.981500998372,1705.0754620123203
1790290196,40,,Aggregated,9.700000,0.000000,3000,3100,3100,3200,3300,3300,3400,3400,3900,4100,4100,3903,0,3000,2981.0182104053642,2228.531100001419,4091.981500998372,1705.106840891622
1790290197,40,,Aggregated,8.300000,0.000000,3000,3100,3100,3200,3300,3300,3400,3400,3900,4100,4100,3910,0,3000,2981.2198670360954,2228.531100001419,4091.981500998372,1705.1838874680307
1790290198,40,,Aggregated,8.800000,0.000000,3000,3100,3100,3200,3300,3300,3400,3400,3900,4100,4100,3927,0,3000,2981.4857927504777,2228.531100001419,4091.981500998372,1705.2067736185384
1790290199,40,,Aggregated,8.800000,0.000000,3000,3100,3100,3200,3300,3300,3400,3400,3900,4100,4100,3933,0,3000,2981.4542675166863,2228.531100001419,4091.981500998372,1705.27256547165
1790290200,40,,Aggregated,9.300000,0.000000,3000,3100,3100,3200,3300,3300,3400,3400,3900,4100,4100,3940,0,3000,2981.095118990895,2228.531100001419,4091.981500998372,1705.246192893401
1790290201,40,,Aggregated,9.000000,0.000000,3000,3100,3100,3200,3300,3300,3400,3400,3900,4100,4100,3945,0,3000,2980.9886231564315,2228.531100001419,4091.981500998372,1705.2653992395437
1790290202,40,,Aggregated,8.400000,0.000000,3000,3100,3100,3200,3300,3300,3400,3400,3900,4100,4100,3960,0,3000,2981.309675375536,2228.531100001419,4091.981500998372,1705.3353535353535
1790290203,40,,Aggregated,8.700000,0.000000,3000,3100,3100,3200,3300,3300,3400,3400,3900,4100,4100,3972,0,3000,2981.3676995836145,2228.531100001419,4091.981500998372,1705.397029204431
1790290204,40,,Aggregated,9.000000,0.000000,3000,3100,3100,3200,3300,3300,3400,3400,3900,4100,4100,3980,0,3000,2981.16492897214,2228.531100001419,4091.981500998372,1705.3630653266332
1790290205,40,,Aggregated,9.600000,0.000000,3000,3100,3100,3200,3300,3300,3400,3400,3900,4100,4100,3983,0,3000,2980.9753038579256,2228.531100001419,4091.981500998372,1705.340949033392
1790290206,40,,Aggregated,8.500000,0.000000,3000,3100,3100,3200,3300,3300,3400,3400,3900,4100,4100,3994,0,3000,2980.8910132844594,2228.531100001419,4091.981500998372,1705.2290936404606
1790290207,40,,Aggregated,8.700000,0.000000,3000,3100,3100,3200,3300,3300,3400,3400,3800,4100,4100,4007,0,3000,2981.085569567042,2228.531100001419,4091.981500998372,1705.3077115048666
1790290208,40,,Aggregated,8.900000,0.000000,3000,3100,3100,3200,3300,3300,3400,3400,3800,4100,4100,4017,0,3000,2981.104422966178,2228.531100001419,4091.981500998372,1705.2952452078666
1790290209,40,,Aggregated,9.400000,0.000000,3000,3100,3100,3200,3300,3300,3400,3400,3800,4100,4100,4023,0,3000,2980.878394755689,2228.531100001419,4091.981500998372,1705.3325876211782
1790290210,40,,Aggregated,9.200000,0.000000,3000,3100,3100,3200,3300,3300,3400,3400,3800,4100,4100,4030,0,3000,2980.8042808739797,2228.531100001419,4091.981500998372,1705.3317617866005
1790290211,40,,Aggregated,8.700000,0.000000,3000,3100,3100,3200,3300,3300,3400,3400,3800,4100,4100,4040,0,3000,2981.020282819094,2228.531100001419,4091.981500998372,1705.3475247524752
1790290212,40,,Aggregated,9.000000,0.000000,3000,3100,3100,3200,3300,3300,3400,3400,3800,4100,4100,4051,0,3000,2981.1812499420234,2228.531100001419,4091.981500998372,1705.3892865959021
1790290213,40,,Aggregated,8.900000,0.000000,3000,3100,3100,3200,3300,3300,3400,3400,3800,4100,4100,4060,0,3000,2981.225182567523,2228.531100001419,4091.981500998372,1705.457881773399
1790290214,40,,Aggregated,9.200000,0.000000,3000,3100,3100,3200,3300,3300,3400,3400,3800,4100,4100,4069,0,3000,2980.98631691869,2228.531100001419,4091.981500998372,1705.407471123126
1790290215,40,,Aggregated,8.900000,0.000000,3000,3100,3100,3200,3300,3300,3400,3400,3800,4100,4100,4075,0,3000,2980.9602053359877,2228.531100001419,4091.981500998372,1705.4277300613496
1790290216,40,,Aggregated,8.600000,0.000000,3000,3100,3100,3200,3300,3300,3400,3400,3800,4100,4100,4084,0,3000,2980.8470529655124,2228.531100001419,4091.981500998372,1705.3702252693438
1790290217,40,,Aggregated,8.900000,0.000000,3000,3100,3100,3200,3300,3300,3400,3400,3800,4100,4100,4094,0,3000,2981.0963683598316,2228.531100001419,4091.981500998372,1705.3957010258916
1790290218,40,,Aggregated,9.200000,0.000000,3000,3100,3100,3200,3300,3300,3400,3400,3800,4100,4100,4105,0,3000,2981.138640013922,2228.531100001419,4091.981500998372,1705.437515225335
1790290219,40,,Aggregated,8.900000,0.000000,3000,3100,3100,3200,3300,3300,3400,3400,3800,4100,4100,4111,0,3000,2981.1744302031498,2228.531100001419,4091.981500998372,1705.4636341522744
1790290220,40,,Aggregated,8.900000,0.000000,3000,3100,3100,3200,3300,3300,3400,3400,3800,4100,4100,4123,0,3000,2981.4425712571297,2228.531100001419,4091.981500998372,1705.5905893766674
1790290221,40,,Aggregated,8.800000,0.000000,3000,3100,3100,3200,3300,3300,3400,3400,3800,4100,4100,4131,0,3000,2981.167005230246,2228.531100001419,4091.981500998372,1705.4943113047689
1790290222,40,,Aggregated,8.500000,0.000000,3000,3100,3100,3200,3300,3300,3400,3400,3800,4100,4100,4140,0,3000,2981.0771560014846,2228.531100001419,4091.981500998372,1705.4823671497584
1790290223,40,,Aggregated,9.300000,0.000000,3000,3100,3100,3200,3300,3300,3400,3400,3800,4100,4100,4148,0,3000,2981.0723053373054,2228.531100001419,4091.981500998372,1705.4840887174541
1790290224,40,,Aggregated,9.100000,0.000000,3000,3100,3100,3200,3300,3300,3400,3400,3800,4100,4100,4157,0,3000,2981.2798661301763,2228.531100001419,4091.981500998372,1705.516959345682
1790290225,40,,Aggregated,8.700000,0.000000,3000,3100,3100,3200,3300,3300,3400,3400,3800,4100,4100,4165,0,3000,2981.4799654811864,2228.531100001419,4091.981500998372,1705.5217286914765
1790290226,40,,Aggregated,8.900000,0.000000,3000,3100,3100,3200,3300,3300,3400,3400,3800,4100,4100,4173,0,3000,2981.786370601039,2228.531100001419,4091.981500998372,1705.529115744069
1790290227,40,,Aggregated,8.800000,0.000000,3000,3100,3100,3200,3300,3300,3400,3400,3800,4100,4100,4183,0,3000,2982.0841892151893,2228.531100001419,4091.981500998372,1705.4802773129334
1790290228,40,,Aggregated,8.900000,0.000000,3000,3100,3100,3200,3300,3300,3400,3400,3800,4100,4100,4190,0,3000,2982.162494948481,2228.531100001419,4091.981500998372,1705.4930787589499
1790290229,40,,Aggregated,8.700000,0.000000,3000,3100,3100,3200,3300,3300,3400,3400,3800,4100,4100,4201,0,3000,2982.042689649879,2228.531100001419,4091.981500998372,1705.4610806950725
1790290230,40,,Aggregated,8.900000,0.000000,3000,3100,3100,3200,3300,3300,3400,3400,3800,4100,4100,4213,0,3000,2982.233047043946,2228.531100001419,4091.981500998372,1705.4144315214812
1790290231,40,,Aggregated,8.600000,0.000000,3000,3100,3100,3200,3300,3300,3400,3400,3800,4100,4100,4221,0,3000,2982.1619597254553,2228.531100001419,4091.981500998372,1705.4018005212035
1790290232,40,,Aggregated,9.000000,0.000000,3000,3100,3100,3200,3300,3300,3400,3400,3800,4100,4100,4231,0,3000,2981.9864201305013,2228.531100001419,4091.981500998372,1705.3561805719687
1790290233,40,,Aggregated,9.200000,0.000000,3000,3100,3100,3200,3300,3300,3400,3400,3800,4100,4100,4237,0,3000,2981.9250891643014,2228.531100001419,4091.981500998372,1705.3445834316733
1790290234,40,,Aggregated,9.000000,0.000000,3000,3100,3100,3200,3300,3300,3400,3400,3800,4100,4100,4246,0,3000,2981.792756593534,2228.531100001419,4091.981500998372,1705.3403203014602
1790290235,40,,Aggregated,9.100000,0.000000,3000,3100,3100,3200,3300,3300,3400,3400,3800,4100,4100,4260,0,3000,2981.689762069046,2228.531100001419,4091.981500998372,1705.300704225352
1790290236,40,,Aggregated,8.800000,0.000000,3000,3100,3100,3200,3300,3300,3400,3400,3800,4100,4100,4266,0,3000,2981.5304716990477,2228.531100001419,4091.981500998372,1705.2693389592123
1790290237,40,,Aggregated,9.100000,0.000000,3000,3100,3100,3200,3300,3300,3400,3400,3800,4100,4100,4275,0,3000,2981.542851897107,2228.531100001419,4091.981500998372,1705.3520467836258
1790290238,40,,Aggregated,9.200000,0.000000,3000,3100,3100,3200,3300,3300,3400,3400,3800,4100,4100,4281,0,3000,2981.4083515898474,2228.531100001419,4091.981500998372,1705.3195515066573
1790290239,40,,Aggregated,9.400000,0.000000,3000,3100,3100,3200,3300,3300,3400,3400,3800,4100,4100,4292,0,3000,2981.385549364198,2228.531100001419,4091.981500998372,1705.3028890959924
1790290240,40,,Aggregated,8.900000,0.000000,3000,3100,3100,3200,3300,3300,3400,3400,3800,4100,4100,4302,0,3000,2981.389012840105,2228.531100001419,4091.981500998372,1705.2747559274756
1790290241,40,,Aggregated,8.900000,0.000000,3000,3100,3100,3200,3300,3300,3400,3400,3800,4100,4100,4312,0,3000,2981.3301996542514,2228.531100001419,4091.981500998372,1705.3163265306123
1790290242,40,,Aggregated,9.100000,0.000000,3000,3100,3100,3200,3300,3300,3400,3400,3800,4100,4100,4318,0,3000,2981.2518159650594,2228.531100001419,4091.981500998372,1705.3031496062993
1790290243,40,,Aggregated,8.700000,0.000000,3000,3100,3100,3200,3300,3300,3400,3400,3800,4100,4100,4326,0,3000,2981.1213771396488,2228.531100001419,4091.981500998372,1705.2746185852982
1790290244,40,,Aggregated,9.100000,0.000000,3000,3100,3100,3200,3300,3300,3400,3400,3800,4100,4100,4336,0,3000,2981.2903514188483,2228.531100001419,4091.981500998372,1705.2905904059041
1790290245,40,,Aggregated,8.600000,0.000000,3000,3100,3100,3200,3300,3300,3400,3400,3800,4100,4100,4338,0,3000,2981.3551207625924,2228.531100001419,4091.981500998372,1705.3031350852928
1790290246,40,,Aggregated,8.600000,0.000000,3000,3100,3100,3200,3300,3300,3400,3400,3800,4100,4100,4338,0,3000,2981.3551207625924,2228.531100001419,4091.981500998372,1705.3031350852928
1790290247,40,,Aggregated,8.900000,0.000000,3000,3100,3100,3200,3300,3300,3400,3400,4900,5300,5300,4365,0,3000,2986.279330794069,2228.531100001419,5294.728405999194,1705.4355097365406
1790290248,40,,Aggregated,7.800000,0.000000,3000,3100,3100,3200,3300,3300,3400,3400,4900,5300,5300,4376,0,3000,2984.9245168839357,2217.852314999618,5294.728405999194,1705.369058500914
1790290249,40,,Aggregated,7.100000,0.000000,3000,3100,3100,3200,3300,3300,3400,3400,4900,5300,5300,4378,0,3000,2984.764183730037,2217.852314999618,5294.728405999194,1705.4164001827319
1790290250,40,,Aggregated,7.100000,0.000000,3000,3100,3100,3200,3300,3300,3400,3400,4900,5300,5300,4378,0,3000,2984.764183730037,2217.852314999618,5294.728405999194,1705.4164001827319
1790290251,40,,Aggregated,9.600000,0.000000,3000,3100,3100,3200,3300,3300,3400,3400,4900,5300,5300,4391,0,3000,2984.7862662161488,2217.852314999618,5294.728405999194,1705.3632429970394
1790290252,40,,Aggregated,8.600000,0.000000,3000,3100,3100,3200,3300,3300,3400,3400,4900,5300,5300,4413,0,3000,2985.1133704493764,2217.852314999618,5294.728405999194,1705.4189893496487
1790290253,40,,Aggregated,7.600000,0.000000,3000,3100,3100,3200,3300,3300,3400,3400,4900,5300,5300,4417,0,3000,2984.938413885239,2217.852314999618,5294.728405999194,1705.4611727416798
1790290254,40,,Aggregated,8.000000,0.000000,3000,3100,3100,3200,3300,3300,3400,3400,4900,5300,5300,4418,0,3000,2984.8916056478274,2217.852314999618,5294.728405999194,1705.48325033952
1790290255,40,,Aggregated,9.500000,0.000000,3000,3100,3100,3200,3300,3300,3400,3400,4900,5300,5300,4422,0,3000,2984.735749514721,2217.852314999618,5294.728405999194,1705.4570330167346
1790290256,40,,Aggregated,9.000000,0.000000,3000,3100,3100,3200,3300,3300,3400,3400,4900,5300,5300,4442,0,3000,2985.4202453383846,2217.852314999618,5294.728405999194,1705.425709140027
1790290258,40,,Aggregated,8.100000,0.000000,3000,3100,3100,3200,3300,3300,3400,3400,4900,5300,5300,4457,0,3000,2985.2477022474977,2217.852314999618,5294.728405999194,1705.430109939421
1790290259,40,,Aggregated,8.100000,0.000000,3000,3100,3100,3200,3300,3300,3400,3400,4900,5300,5300,4457,0,3000,2985.2477022474977,2217.852314999618,5294.728405999194,1705.430109939421
1790290260,40,,Aggregated,10.400000,0.000000,3000,3100,3100,3200,3300,3300,3400,3400,4900,5300,5300,4460,0,3000,2985.1459704910535,2217.852314999618,5294.728405999194,1705.4408071748878
1790290261,40,,Aggregated,9.200000,0.000000,3000,3100,3100,3200,3300,3300,3400,3400,4900,5300,5300,4469,0,3000,2985.114112289573,2217.852314999618,5294.728405999194,1705.3788319534572
1790290262,40,,Aggregated,8.200000,0.000000,3000,3100,3100,3200,3300,3300,3400,3400,4900,5300,5300,4496,0,3000,2985.058613142149,2217.852314999618,5294.728405999194,1705.3465302491104
1790290263,40,,Aggregated,8.200000,0.000000,3000,3100,3100,3200,3300,3300,3400,3400,4900,5300,5300,4498,0,3000,2984.9461224468873,2217.852314999618,5294.728405999194,1705.3557136505112
1790290264,40,,Aggregated,8.200000,0.000000,3000,3100,3100,3200,3300,3300,3400,3400,4900,5300,5300,4498,0,3000,2984.9461224468873,2217.852314999618,5294.728405999194,1705.3557136505112
1790290265,40,,Aggregated,10.200000,0.000000,3000,3100,3100,3200,3300,3300,3400,3400,4900,5300,5300,4502,0,3000,2984.8323660240108,2217.852314999618,5294.728405999194,1705.4229231452687
1790290266,40,,Aggregated,8.100000,0.000000,3000,3100,3100,3200,3300,3300,3400,3400,4900,5300,5300,4520,0,3000,2985.2720562006853,2217.852314999618,5294.728405999194,1705.5714601769912
1790290267,40,,Aggregated,8.100000,0.000000,3000,3100,3100,3200,3300,3300,3400,3400,4900,5300,5300,4538,0,3000,2985.2229765956595,2217.852314999618,5294.728405999194,1705.6090788893787
1790290268,40,,Aggregated,8.400000,0.000000,3000,3100,3100,3200,3300,3300,3400,3400,4900,5300,5300,4539,0,3000,2985.078977757679,2217.852314999618,5294.728405999194,1705.6001321877065
1790290269,40,,Aggregated,9.700000,0.000000,3000,3100,3100,3200,3300,3300,3400,3400,4900,5300,5300,4540,0,3000,2984.9401735138995,2217.852314999618,5294.728405999194,1705.5958149779735
1790290270,40,,Aggregated,8.200000,0.000000,3000,3100,3100,3200,3300,3300,3400,3400,4900,5300,5300,4551,0,3000,2984.7472912887483,2217.852314999618,5294.728405999194,1705.6466710613051
1790290271,40,,Aggregated,8.300000,0.000000,3000,3100,3100,3200,3300,3300,3400,3400,4900,5300,5300,4572,0,3000,2985.4199176445945,2217.852314999618,5294.728405999194,1705.7458442694663
1790290272,40,,Aggregated,8.300000,0.000000,3000,3100,3100,3200,3300,3300,3400,3400,4900,5300,5300,4578,0,3000,2985.3945080321287,2217.852314999618,5294.728405999194,1705.7577544779379
1790290273,40,,Aggregated,9.000000,0.000000,3000,3100,3100,3200,3300,3300,3400,3400,4900,5300,5300,4580,0,3000,2985.2746225113715,2217.852314999618,5294.728405999194,1705.7759825327512
1790290274,40,,Aggregated,8.300000,0.000000,3000,3100,3100,3200,3300,3300,3400,3400,4900,5300,5300,4584,0,3000,2985.1308546350524,2217.852314999618,5294.728405999194,1705.7833769633507
1790290275,40,,Aggregated,8.200000,0.000000,3000,3100,3100,3200,3300,3300,3400,3400,4900,5300,5300,4597,0,3000,2985.4550605860513,2217.852314999618,5294.728405999194,1705.8620839678051
1790290276,40,,Aggregated,8.200000,0.000000,3000,3100,3100,3200,3300,3300,3400,3400,4900,5300,5300,4619,0,3000,2985.4936267885,2217.852314999618,5294.728405999194,1705.7750595366963
1790290277,40,,Aggregated,8.200000,0.000000,3000,3100,3100,3200,3300,3300,3400,3400,4900,5300,5300,4619,0,3000,2985.4936267885,2217.852314999618,5294.728405999194,1705.7750595366963
1790290278,40,,Aggregated,9.400000,0.000000,3000,3100,3100,3200,3300,3300,3400,3400,4900,5300,5300,4621,0,3000,2985.2815780244714,2217.852314999618,5294.728405999194,1705.729928586886
1790290279,40,,Aggregated,8.100000,0.000000,3000,3100,3100,3200,3300,3300,3400,3400,4900,5300,5300,4631,0,3000,2985.1865955605863,2217.852314999618,5294.728405999194,1705.7892463830706
1790290280,40,,Aggregated,8.200000,0.000000,3000,3100,3100,3200,3300,3300,3400,3400,4900,5300,5300,4649,0,3000,2985.152426899995,2217.852314999618,5294.728405999194,1705.8081307808131
1790290281,40,,Aggregated,8.200000,0.000000,3000,3100,3100,3200,3300,3300,3400,3400,4900,5300,5300,4659,0,3000,2985.357042629121,2217.852314999618,5294.728405999194,1705.977892251556
1790290282,40,,Aggregated,9.400000,0.000000,3000,3100,3100,3200,3300,3300,3400,3400,4900,5300,5300,4660,0,3000,2985.300427200016,2217.852314999618,5294.728405999194,1705.9809012875537
1790290283,40,,Aggregated,9.400000,0.000000,3000,3100,3100,3200,3300,3300,3400,3400,4900,5300,5300,4667,0,3000,2985.2203209706604,2217.852314999618,5294.728405999194,1706.0248553674737
1790290284,40,,Aggregated,8.100000,0.000000,3000,3100,3100,3200,3300,3300,3400,3400,4900,5300,5300,4676,0,3000,2985.183083594971,2217.852314999618,5294.728405999194,1706.036142001711
1790290285,40,,Aggregated,8.100000,0.000000,3000,3100,3100,3200,3300,3300,3400,3400,4900,5300,5300,4695,0,3000,2985.5622032151377,2217.852314999618,5294.728405999194,1706.209797657082
1790290286,40,,Aggregated,8.400000,0.000000,3000,3100,3100,3200,3300,3300,3400,3400,4900,5300,5300,4699,0,3000,2985.4936942251697,2217.852314999618,5294.728405999194,1706.2492019578633
1790290287,40,,Aggregated,9.900000,0.000000,3000,3100,3100,3200,3300,3300,3400,3400,4900,5300,5300,4704,0,3000,2985.180913749166,2217.852314999618,5294.728405999194,1706.186011904762
1790290288,40,,Aggregated,8.000000,0.000000,3000,3100,3100,3200,3300,3300,3400,3400,4900,5300,5300,4710,0,3000,2985.2992935240077,2217.852314999618,5294.728405999194,1706.21974522293
1790290289,40,,Aggregated,8.400000,0.000000,3000,3100,3100,3200,3300,3300,3400,3400,4900,5300,5300,4725,0,3000,2985.787525981181,2217.852314999618,5294.728405999194,1706.3022222222223
1790290290,40,,Aggregated,8.400000,0.000000,3000,3100,3100,3200,3300,3300,3400,3400,4900,5300,5300,4739,0,3000,2985.695697616389,2217.852314999618,5294.728405999194,1706.3106140535979
1790290291,40,,Aggregated,9.200000,0.000000,3000,3100,3100,3200,3300,3300,3400,3400,4900,5300,5300,4743,0,3000,2985.3773510097126,2217.852314999618,5294.728405999194,1706.2861058401854
1790290292,40,,Aggregated,9.200000,0.000000,3000,3100,3100,3200,3300,3300,3400,3400,4900,5300,5300,4746,0,3000,2985.24477938792,2217.852314999618,5294.728405999194,1706.2302991993258
1790290293,40,,Aggregated,8.300000,0.000000,3000,3100,3100,3200,3300,3300,3400,3400,4900,5300,5300,4753,0,3000,2985.181188341062,2217.852314999618,5294.728405999194,1706.1792552072375
1790290294,40,,Aggregated,8.700000,0.000000,3000,3100,3100,3200,3300,3300,3400,3400,4900,5300,5300,4773,0,3000,2985.5996880722982,2217.852314999618,5294.728405999194,1706.2708988057825
1790290295,40,,Aggregated,8.700000,0.000000,3000,3100,3100,3200,3300,3300,3400,3400,4900,5300,5300,4781,0,3000,2985.7165280891195,2217.852314999618,5294.728405999194,1706.333821376281
1790290296,40,,Aggregated,9.500000,0.000000,3000,3100,3100,3200,3300,3300,3400,3400,4900,5300,5300,4785,0,3000,2985.5205567007465,2217.852314999618,5294.728405999194,1706.317659352142
1790290297,40,,Aggregated,9.500000,0.000000,3000,3100,3100,3200,3300,3300,3400,3400,4900,5300,5300,4788,0,3000,2985.4857067178514,2217.852314999618,5294.728405999194,1706.3410609857979
1790290298,40,,Aggregated,8.400000,0.000000,3000,3100,3100,3200,3300,3300,3400,3400,4900,5300,5300,4800,0,3000,2986.1637854206397,2217.852314999618,5294.728405999194,1706.3695833333334
1790290299,40,,Aggregated,8.500000,0.000000,3000,3100,3100,3200,3300,3300,3400,3400,4900,5300,5300,4820,0,3000,2987.01601464628,2217.852314999618,5294.728405999194,1706.4159751037344
1790290300,40,,Aggregated,8.500000,0.000000,3000,3100,3100,3200,3300,3300,3400,3400,4900,5300,5300,4824,0,3000,2986.8183700721543,2217.852314999618,5294.728405999194,1706.356550580431
1790290301,40,,Aggregated,9.700000,0.000000,3000,3100,3100,3200,3300,3300,3400,3400,4900,5300,5300,4827,0,3000,2986.7080442345296,2217.852314999618,5294.728405999194,1706.3422415579034
1790290302,40,,Aggregated,9.700000,0.000000,3000,3100,3100,3200,3300,3300,3400,3400,4900,5300,5300,4832,0,3000,2986.752048679859,2217.852314999618,5294.728405999194,1706.3756208609273
1790290303,40,,Aggregated,8.400000,0.000000,3000,3100,3100,3200,3300,3300,3400,3400,4900,5300,5300,4853,0,3000,2987.1708550449366,2217.852314999618,5294.728405999194,1706.2965176179682
1790290304,40,,Aggregated,8.400000,0.000000,3000,3100,3100,3200,3300,3300,3400,3400,4900,5300,5300,4863,0,3000,2987.116996263433,2217.852314999618,5294.728405999194,1706.2461443553361
1790290305,40,,Aggregated,9.500000,0.000000,3000,3100,3100,3200,3300,3300,3400,3400,4900,5300,5300,4866,0,3000,2987.0659905063862,2217.852314999618,5294.728405999194,1706.2774352651047
1790290306,40,,Aggregated,9.300000,0.000000,3000,3100,3100,3200,3300,3300,3400,3400,4900,5300,5300,4871,0,3000,2986.9656678049837,2217.852314999618,5294.728405999194,1706.261958530076
1790290307,40,,Aggregated,8.400000,0.000000,3000,3100,3100,3200,3300,3300,3400,3400,4900,5300,5300,4880,0,3000,2986.9606973166137,2217.852314999618,5294.728405999194,1706.215368852459
1790290308,40,,Aggregated,8.700000,0.000000,3000,3100,3100,3200,3300,3300,3400,3400,4900,5300,5300,4902,0,3000,2987.038245329877,2217.852314999618,5294.728405999194,1706.0263157894738
1790290309,40,,Aggregated,8.700000,0.000000,3000,3100,3100,3200,3300,3300,3400,3400,4900,5300,5300,4905,0,3000,2986.9813307934883,2217.852314999618,5294.728405999194,1706.0654434250764
1790290310,40,,Aggregated,9.000000,0.000000,3000,3100,3100,3200,3300,3300,3400,3400,4900,5300,5300,4909,0,3000,2986.725458418223,2217.852314999618,5294.728405999194,1705.9834996944387
1790290311,40,,Aggregated,8.600000,0.000000,3000,3100,3100,3200,3300,3300,3400,3400,4900,5300,5300,4915,0,3000,2986.5618347271734,2217.852314999618,5294.728405999194,1705.9206510681588
1790290312,40,,Aggregated,8.500000,0.000000,3000,3100,3100,3200,3300,3300,3400,3400,4900,5300,5300,4930,0,3000,2987.136768661066,2217.852314999618,5294.728405999194,1706.060243407708
1790290313,40,,Aggregated,8.700000,0.000000,3000,3100,3100,3200,3300,3300,3400,3400,4900,5300,5300,4945,0,3000,2987.1712338293364,2217.852314999618,5294.728405999194,1706.0669362992921
1790290314,40,,Aggregated,8.700000,0.000000,3000,3100,3100,3200,3300,3300,3400,3400,4900,5300,5300,4947,0,3000,2986.986509949074,2217.852314999618,5294.728405999194,1706.0200121285627
1790290315,40,,Aggregated,9.300000,0.000000,3000,3100,3100,3200,3300,3300,3400,3400,4900,5300,5300,4952,0,3000,2986.7249479729544,2217.852314999618,5294.728405999194,1706.0070678513732
1790290316,40,,Aggregated,8.400000,0.000000,3000,3100,3100,3200,3300,3300,3400,3400,4900,5300,5300,4960,0,3000,2986.6004388953775,2217.852314999618,5294.728405999194,1706.0082661290323
1790290317,40,,Aggregated,8.700000,0.000000,3000,3100,3100,3200,3300,3300,3400,3400,4900,5300,5300,4980,0,3000,2986.484226498408,2217.852314999618,5294.728405999194,1705.8576305220884
1790290318,40,,Aggregated,8.900000,0.000000,3000,3100,3100,3200,3300,3300,3400,3400,4900,5300,5300,4988,0,3000,2986.3856988923576,2217.852314999618,5294.728405999194,1705.8827185244586
1790290319,40,,Aggregated,9.800000,0.000000,3000,3100,3100,3200,3300,3300,3400,3400,4900,5300,5300,4993,0,3000,2986.034749899476,2217.852314999618,5294.728405999194,1705.8499899859803
1790290320,40,,Aggregated,9.000000,0.000000,3000,3100,3100,3200,3300,3300,3400,3400,4900,5300,5300,4998,0,3000,2985.929797459401,2217.852314999618,5294.728405999194,1705.8215286114446
1790290321,40,,Aggregated,8.700000,0.000000,3000,3100,3100,3200,3300,3300,3400,3400,4700,5300,5300,5013,0,3000,2985.8924209068578,2217.852314999618,5294.728405999194,1705.674446439258
1790290322,40,,Aggregated,8.700000,0.000000,3000,3100,3100,3200,3300,3300,3400,3400,4700,5300,5300,5028,0,3000,2985.7589716298885,2217.852314999618,5294.728405999194,1705.675815433572
1790290323,40,,Aggregated,9.100000,0.000000,3000,3100,3100,3200,3300,3300,3400,3400,4700,5300,5300,5031,0,3000,2985.6275402834576,2217.852314999618,5294.728405999194,1705.7086066388392
1790290324,40,,Aggregated,9.100000,0.000000,3000,3100,3100,3200,3300,3300,3400,3400,4700,5300,5300,5036,0,3000,2985.430999614988,2217.852314999618,5294.728405999194,1705.7227958697379
1790290325,40,,Aggregated,8.500000,0.000000,3000,3100,3100,3200,3300,3300,3400,3400,4700,5300,5300,5043,0,3000,2985.4229789155424,2217.852314999618,5294.728405999194,1705.7071187785048
1790290326,40,,Aggregated,8.900000,0.000000,3000,3100,3100,3200,3300,3300,3400,3400,4700,5300,5300,5061,0,3000,2985.532929965833,2217.852314999618,5294.728405999194,1705.587235724165
1790290327,40,,Aggregated,8.700000,0.000000,3000,3100,3100,3200,3300,3300,3400,3400,4700,5300,5300,5070,0,3000,2985.4598027345332,2217.852314999618,5294.728405999194,1705.5617357001972
1790290328,40,,Aggregated,9.700000,0.000000,3000,3100,3100,3200,3300,3300,3400,3400,4700,5300,5300,5076,0,3000,2985.084170836502,2217.852314999618,5294.728405999194,1705.5573286052008
1790290329,40,,Aggregated,9.300000,0.000000,3000,3100,3100,3200,3300,3300,3400,3400,4700,5300,5300,5080,0,3000,2984.9248286958837,2217.852314999618,5294.728405999194,1705.5328740157481
1790290330,40,,Aggregated,8.800000,0.000000,3000,3100,3100,3200,3300,3300,3400,3400,4700,5300,5300,5088,0,3000,2984.8664301598046,2217.852314999618,5294.728405999194,1705.510613207547
1790290331,40,,Aggregated,8.600000,0.000000,3000,3100,3100,3200,3300,3300,3400,3400,4700,5300,5300,5109,0,3000,2985.185925072632,2217.852314999618,5294.728405999194,1705.3949892346839
1790290332,40,,Aggregated,8.800000,0.000000,3000,3100,3100,3200,3300,3300,3400,3400,4700,5300,5300,5115,0,3000,2984.978408532762,2217.852314999618,5294.728405999194,1705.417595307918
1790290333,40,,Aggregated,9.600000,0.000000,3000,3100,3100,3200,3300,3300,3400,3400,4700,5300,5300,5118,0,3000,2984.921327806188,2217.852314999618,5294.728405999194,1705.4523251270027
1790290334,40,,Aggregated,9.000000,0.000000,3000,3100,3100,3200,3300,3300,3400,3400,4700,5300,5300,5122,0,3000,2984.981665634922,2217.852314999618,5294.728405999194,1705.4504099960952
1790290335,40,,Aggregated,8.800000,0.000000,3000,3100,3100,3200,3300,3300,3400,3400,4700,5300,5300,5137,0,3000,2985.0761050827487,2217.852314999618,5294.728405999194,1705.351567062488
1790290336,40,,Aggregated,8.400000,0.000000,3000,3100,3100,3200,3300,3300,3400,3400,4700,5300,5300,5155,0,3000,2985.519295204477,2217.852314999618,5294.728405999194,1705.4110572259942
1790290337,40,,Aggregated,9.100000,0.000000,3000,3100,3100,3200,3300,3300,3400,3400,4700,5300,5300,5158,0,3000,2985.340236338907,2217.852314999618,5294.728405999194,1705.4336952307096
1790290338,40,,Aggregated,9.500000,0.000000,3000,3100,3100,3200,3300,3300,3400,3400,4700,5300,5300,5162,0,3000,2985.090886841356,2217.852314999618,5294.728405999194,1705.3961642774118
1790290339,40,,Aggregated,8.700000,0.000000,3000,3100,3100,3200,3300,3300,3400,3400,4700,5300,5300,5168,0,3000,2985.009784277299,2217.852314999618,5294.728405999194,1705.372678018576
1790290340,40,,Aggregated,8.500000,0.000000,3000,3100,3100,3200,3300,3300,3400,3400,4700,5300,5300,5188,0,3000,2985.01786469836,2217.852314999618,5294.728405999194,1705.271395528142
1790290341,40,,Aggregated,8.800000,0.000000,3000,3100,3100,3200,3300,3300,3400,3400,4700,5300,5300,5197,0,3000,2984.935513430459,2217.852314999618,5294.728405999194,1705.3430825476237
1790290342,40,,Aggregated,9.400000,0.000000,3000,3100,3100,3200,3300,3300,3400,3400,4700,5300,5300,5201,0,3000,2984.7644598917705,2217.852314999618,5294.728405999194,1705.3664679869255
1790290343,40,,Aggregated,9.600000,0.000000,3000,3100,3100,3200,3300,3300,3400,3400,4700,5300,5300,5206,0,3000,2984.5775530121186,2217.852314999618,5294.728405999194,1705.3148290434115
1790290344,40,,Aggregated,8.300000,0.000000,3000,3100,3100,3200,3300,3300,3400,3400,4700,5300,5300,5215,0,3000,2984.535524138272,2217.852314999618,5294.728405999194,1705.3123681687441
1790290345,40,,Aggregated,8.600000,0.000000,3000,3100,3100,3200,3300,3300,3400,3400,4700,5300,5300,5237,0,3000,2984.5314040215962,2217.852314999618,5294.728405999194,1705.2394500668322
1790290346,40,,Aggregated,8.600000,0.000000,3000,3100,3100,3200,3300,3300,3400,3400,4700,5300,5300,5238,0,3000,2984.430726227587,2217.852314999618,5294.728405999194,1705.2197403589157
1790290347,40,,Aggregated,10.000000,0.000000,3000,3100,3100,3200,3300,3300,3400,3400,4700,5300,5300,5244,0,3000,2984.237836850135,2217.852314999618,5294.728405999194,1705.2496186117467
1790290348,40,,Aggregated,8.700000,0.000000,3000,3100,3100,3200,3300,3300,3400,3400,4700,5300,5300,5251,0,3000,2984.222745423748,2217.852314999618,5294.728405999194,1705.257474766711
1790290349,40,,Aggregated,8.600000,0.000000,3000,3100,3100,3200,3300,3300,3400,3400,4700,5300,5300,5268,0,3000,2984.434457133844,2217.852314999618,5294.728405999194,1705.2435459377373
1790290350,40,,Aggregated,8.800000,0.000000,3000,3100,3100,3200,3300,3300,3400,3400,4700,5300,5300,5278,0,3000,2984.5293052899,2217.852314999618,5294.728405999194,1705.3431223948464
1790290351,40,,Aggregated,8.800000,0.000000,3000,3100,3100,3200,3300,3300,3400,3400,4700,5300,5300,5282,0,3000,2984.354794986765,2217.852314999618,5294.728405999194,1705.352707307838
1790290352,40,,Aggregated,9.800000,0.000000,3000,3100,3100,3200,3300,3300,3400,3400,4700,5300,5300,5288,0,3000,2984.175637177399,2217.852314999618,5294.728405999194,1705.3888048411497
1790290353,40,,Aggregated,8.500000,0.000000,3000,3100,3100,3200,3300,3300,3400,3400,4700,5300,5300,5296,0,3000,2984.308280040046,2217.852314999618,5294.728405999194,1705.3901057401813
1790290354,40,,Aggregated,8.800000,0.000000,3000,3100,3100,3200,3300,3300,3400,3400,4700,5300,5300,5317,0,3000,2984.736887817017,2217.852314999618,5294.728405999194,1705.4658642091406
1790290355,40,,Aggregated,8.700000,0.000000,3000,3100,3100,3200,3300,3300,3400,3400,4700,5300,5300,5323,0,3000,2984.373136358458,2217.852314999618,5294.728405999194,1705.436971632538
1790290356,40,,Aggregated,9.300000,0.000000,3000,3100,3100,3200,3300,3300,3400,3400,4700,5300,5300,5326,0,3000,2984.2154259128943,2217.852314999618,5294.728405999194,1705.4177619226436
1790290357,40,,Aggregated,8.800000,0.000000,3000,3100,3100,3200,3300,3300,3400,3400,4700,5300,5300,5332,0,3000,2984.0470114358723,2217.852314999618,5294.728405999194,1705.39759939985
1790290358,40,,Aggregated,8.600000,0.000000,3000,3100,3100,3200,3300,3300,3400,3400,4700,5300,5300,5341,0,3000,2984.1344201144125,2217.852314999618,5294.728405999194,1705.3566747800037
1790290359,40,,Aggregated,8.700000,0.000000,3000,3100,3100,3200,3300,3300,3400,3400,4700,5300,5300,5360,0,3000,2984.0935435050515,2217.852314999618,5294.728405999194,1705.3042910447762
1790290360,40,,Aggregated,8.700000,0.000000,3000,3100,3100,3200,3300,3300,3400,3400,4700,5300,5300,5365,0,3000,2984.011625868234,2217.852314999618,5294.728405999194,1705.3698042870456
1790290361,40,,Aggregated,9.900000,0.000000,3000,3100,3100,3200,3300,3300,3400,3400,4700,5300,5300,5369,0,3000,2983.890924427096,2217.852314999618,5294.728405999194,1705.3363754889178
1790290362,40,,Aggregated,8.900000,0.000000,3000,3100,3100,3200,3300,3300,3400,3400,4700,5300,5300,5378,0,3000,2983.676721082573,2217.852314999618,5294.728405999194,1705.2764968389736
1790290363,40,,Aggregated,8.500000,0.000000,3000,3100,3100,3200,3300,3300,3400,3400,4700,5300,5300,5389,0,3000,2983.4858363945223,2217.852314999618,5294.728405999194,1705.1794395991835
1790290364,40,,Aggregated,8.900000,0.000000,3000,3100,3100,3200,3300,3300,3400,3400,4700,5300,5300,5405,0,3000,2983.5677011807734,2217.852314999618,5294.728405999194,1705.105087881591
1790290365,40,,Aggregated,9.100000,0.000000,3000,3100,3100,3200,3300,3300,3400,3400,4700,5300,5300,5406,0,3000,2983.545705690729,2217.852314999618,5294.728405999194,1705.0934147243804
1790290366,40,,Aggregated,9.900000,0.000000,3000,3100,3100,3200,3300,3300,3400,3400,4700,5300,5300,5413,0,3000,2983.513313109751,2217.852314999618,5294.728405999194,1705.0131165712176
1790290367,40,,Aggregated,8.700000,0.000000,3000,3100,3100,3200,3300,3300,3400,3400,4700,5300,5300,5421,0,3000,2983.621040474282,2217.852314999618,5294.728405999194,1705.0427965320052
1790290368,40,,Aggregated,8.300000,0.000000,3000,3100,3100,3200,3300,3300,3400,3400,4700,5300,5300,5440,0,3000,2984.1982208128848,2217.852314999618,5294.728405999194,1705.0913602941177
1790290369,40,,Aggregated,8.300000,0.000000,3000,3100,3100,3200,3300,3300,3400,3400,4700,5300,5300,5445,0,3000,2984.23187752178,2217.852314999618,5294.728405999194,1705.0835629017447
1790290370,40,,Aggregated,9.000000,0.000000,3000,3100,3100,3200,3300,3300,3400,3400,4700,5300,5300,5448,0,3000,2984.2156936501633,2217.852314999618,5294.728405999194,1705.0802129221734
1790290371,40,,Aggregated,9.200000,0.000000,3000,3100,3100,3200,3300,3300,3400,3400,4700,5300,5300,5459,0,3000,2984.0769875843744,2217.852314999618,5294.728405999194,1705.0787690053123
1790290372,40,,Aggregated,8.000000,0.000000,3000,3100,3100,3200,3300,3300,3400,3400,4700,5300,5300,5469,0,3000,2984.1941042274816,2217.852314999618,5294.728405999194,1705.0235874931432
1790290373,40,,Aggregated,8.700000,0.000000,3000,3100,3100,3200,3300,3300,3400,3400,4700,5300,5300,5485,0,3000,2984.2042061531624,2217.852314999618,5294.728405999194,1704.9824977210574
1790290374,40,,Aggregated,8.700000,0.000000,3000,3100,3100,3200,3300,3300,3400,3400,4700,5300,5300,5485,0,3000,2984.2042061531624,2217.852314999618,5294.728405999194,1704.9824977210574
1790290375,40,,Aggregated,9.600000,0.000000,3000,3100,3100,3200,3300,3300,3400,3400,4700,5300,5300,5493,0,3000,2984.118755955233,2217.852314999618,5294.728405999194,1704.9757873657381
1790290376,40,,Aggregated,8.300000,0.000000,3000,3100,3100,3200,3300,3300,3400,3400,4700,5300,5300,5504,0,3000,2984.0047763114276,2217.852314999618,5294.728405999194,1704.960210755814
1790290377,40,,Aggregated,8.300000,0.000000,3000,3100,3100,3200,3300,3300,3400,3400,4700,5300,5300,5518,0,3000,2984.0940133273107,2217.852314999618,5294.728405999194,1704.985864443639
1790290378,40,,Aggregated,9.300000,0.000000,3000,3100,3100,3200,3300,3300,3400,3400,4700,5300,5300,5525,0,3000,2984.085473274952,2217.852314999618,5294.728405999194,1705.0141176470588
1790290379,40,,Aggregated,8.900000,0.000000,3000,3100,3100,3200,3300,3300,3400,3400,4700,5300,5300,5530,0,3000,2983.90741453908,2217.852314999618,5294.728405999194,1704.9737793851718
1790290380,40,,Aggregated,9.800000,0.000000,3000,3100,3100,3200,3300,3300,3400,3400,4700,5300,5300,5541,0,3000,2983.705195460767,2217.852314999618,5294.728405999194,1704.9648077964266
1790290381,40,,Aggregated,8.300000,0.000000,3000,3100,3100,3200,3300,3300,3400,3400,4700,5300,5300,5548,0,3000,2983.7122319735245,2217.852314999618,5294.728405999194,1704.981074260995
1790290382,40,,Aggregated,9.100000,0.000000,3000,3100,3100,3200,3300,3300,3400,3400,4700,5300,5300,5564,0,3000,2983.822005773383,2217.852314999618,5294.728405999194,1704.9759166067577
1790290383,40,,Aggregated,9.200000,0.000000,3000,3100,3100,3200,3300,3300,3400,3400,4700,5300,5300,5569,0,3000,2983.6839351377453,2217.852314999618,5294.728405999194,1704.9739630095169
1790290384,40,,Aggregated,9.800000,0.000000,3000,3100,3100,3200,3300,3300,3400,3400,4700,5300,5300,5577,0,3000,2983.5235067201183,2217.852314999618,5294.728405999194,1705.013089474628
1790290385,40,,Aggregated,9.000000,0.000000,3000,3100,3100,3200,3300,3300,3400,3400,4700,5300,5300,5584,0,3000,2983.4295523707196,2217.852314999618,5294.728405999194,1705.0114613180515
1790290386,40,,Aggregated,8.900000,0.000000,3000,3100,3100,3200,3300,3300,3400,3400,4700,5300,5300,5594,0,3000,2983.4861810443513,2217.852314999618,5294.728405999194,1705.013049696103
1790290387,40,,Aggregated,9.100000,0.000000,3000,3100,3100,3200,3300,3300,3400,3400,4700,5300,5300,5609,0,3000,2983.5065054184515,2217.852314999618,5294.728405999194,1704.984132643965
1790290388,40,,Aggregated,8.700000,0.000000,3000,3100,3100,3200,3300,3300,3400,3400,4700,5300,5300,5613,0,3000,2983.399348609316,2217.852314999618,5294.728405999194,1704.9814715838233
1790290389,40,,Aggregated,9.700000,0.000000,3000,3100,3100,3200,3300,3300,3400,3400,4700,5300,5300,5622,0,3000,2983.265145916238,2217.852314999618,5294.728405999194,1704.9190679473497
1790290390,40,,Aggregated,8.800000,0.000000,3000,3100,3100,3200,3300,3300,3400,3400,4700,5300,5300,5629,0,3000,2983.193262791276,2217.852314999618,5294.728405999194,1704.9147273050276
1790290391,40,,Aggregated,8.900000,0.000000,3000,3100,3100,3200,3300,3300,3400,3400,4700,5300,5300,5644,0,3000,2983.2781713391355,2217.852314999618,5294.728405999194,1704.946491849752
1790290392,40,,Aggregated,8.800000,0.000000,3000,3100,3100,3200,3300,3300,3400,3400,4700,5300,5300,5654,0,3000,2983.1180220797823,2217.852314999618,5294.728405999194,1704.986911920764
1790290393,40,,Aggregated,9.100000,0.000000,3000,3100,3100,3200,3300,3300,3400,3400,4700,5300,5300,5658,0,3000,2983.0323252967632,2217.852314999618,5294.728405999194,1705.0001767408978
1790290394,40,,Aggregated,9.200000,0.000000,3000,3100,3100,3200,3300,3300,3400,3400,4700,5300,5300,5665,0,3000,2983.0317838390265,2217.852314999618,5294.728405999194,1705.0496028243601
1790290395,40,,Aggregated,8.800000,0.000000,3000,3100,3100,3200,3300,3300,3400,3400,4700,5300,5300,5675,0,3000,2983.212732075258,2217.852314999618,5294.728405999194,1705.095154185022
1790290396,40,,Aggregated,8.700000,0.000000,3000,3100,3100,3200,3300,3300,3400,3400,4700,5300,5300,5690,0,3000,2983.4175817632854,2217.852314999618,5294.728405999194,1705.2054481546572
1790290397,40,,Aggregated,8.600000,0.000000,3000,3100,3100,3200,3300,3300,3400,3400,4700,5300,5300,5695,0,3000,2983.4258931380323,2217.852314999618,5294.728405999194,1705.2361720807726
1790290398,40,,Aggregated,9.300000,0.000000,3000,3100,3100,3200,3300,3300,3400,3400,4700,5300,5300,5702,0,3000,2983.3411029787967,2217.852314999618,5294.728405999194,1705.2186951946685
1790290399,40,,Aggregated,8.800000,0.000000,3000,3100,3100,3200,3300,3300,3400,3400,4700,5300,5300,5709,0,3000,2983.3369840979317,2217.852314999618,5294.728405999194,1705.1840952881416
1790290400,40,,Aggregated,8.300000,0.000000,3000,3100,3100,3200,3300,3300,3400,3400,4700,5300,5300,5725,0,3000,2983.4839247813256,2217.852314999618,5294.728405999194,1705.1778165938865
1790290401,40,,Aggregated,8.700000,0.000000,3000,3100,3100,3200,3300,3300,3400,3400,4700,5300,5300,5732,0,3000,2983.3158773358487,2217.852314999618,5294.728405999194,1705.09717376134
1790290402,40,,Aggregated,8.800000,0.000000,3000,3100,3100,3200,3300,3300,3400,3400,4700,5300,5300,5739,0,3000,2983.2134277494483,2217.852314999618,5294.728405999194,1705.1132601498518
1790290403,40,,Aggregated,9.400000,0.000000,3000,3100,3100,3200,3300,3300,3400,3400,4700,5300,5300,5747,0,3000,2983.183491024722,2217.852314999618,5294.728405999194,1705.1285888289542
1790290404,40,,Aggregated,8.500000,0.000000,3000,3100,3100,3200,3300,3300,3400,3400,4700,5300,5300,5757,0,3000,2983.22291320307,2217.852314999618,5294.728405999194,1705.1677957269412
1790290405,40,,Aggregated,8.500000,0.000000,3000,3100,3100,3200,3300,3300,3400,3400,4700,5300,5300,5770,0,3000,2983.1066869688166,2217.852314999618,5294.728405999194,1705.1597920277297
1790290406,40,,Aggregated,8.800000,0.000000,3000,3100,3100,3200,3300,3300,3400,3400,4700,5300,5300,5776,0,3000,2982.9993462687107,2217.852314999618,5294.728405999194,1705.1535664819944
1790290407,40,,Aggregated,10.000000,0.000000,3000,3100,3100,3200,3300,3300,3400,3400,4700,5300,5300,5781,0,3000,2983.0383624930073,2217.852314999618,5294.728405999194,1705.2093063483826
1790290408,40,,Aggregated,9.200000,0.000000,3000,3100,3100,3200,3300,3300,3400,3400,4700,5300,5300,5793,0,3000,2983.097469802189,2217.852314999618,5294.728405999194,1705.2093906438806
1790290409,40,,Aggregated,8.600000,0.000000,3000,3100,3100,3200,3300,3300,3400,3400,4700,5300,5300,5811,0,3000,2982.8742541146225,2217.852314999618,5294.728405999194,1705.145758045087
1790290410,40,,Aggregated,8.900000,0.000000,3000,3100,3100,3200,3300,3300,3400,3400,4700,5300,5300,5814,0,3000,2982.759584457701,2217.852314999618,5294.728405999194,1705.1510147918816
1790290411,40,,Aggregated,9.400000,0.000000,3000,3100,3100,3200,3300,3300,3400,3400,4700,5300,5300,5820,0,3000,2982.5190794446853,2217.852314999618,5294.728405999194,1705.1319587628866
1790290412,40,,Aggregated,9.900000,0.000000,3000,3100,3100,3200,3300,3300,3400,3400,4700,5300,5300,5827,0,3000,2982.447939512625,2217.852314999618,5294.728405999194,1705.0940449631028
1790290413,40,,Aggregated,8.700000,0.000000,3000,3100,3100,3200,3300,3300,3400,3400,4700,5300,5300,5846,0,3000,2982.7105543195453,2217.852314999618,5294.728405999194,1705.122134793021
1790290414,40,,Aggregated,8.600000,0.000000,3000,3100,3100,3200,3300,3300,3400,3400,4700,5300,5300,5857,0,3000,2982.3455820956215,2217.852314999618,5294.728405999194,1705.1157589209492
1790290415,40,,Aggregated,8.800000,0.000000,3000,3100,3100,3200,3300,3300,3400,3400,4700,5300,5300,5860,0,3000,2982.1474002965956,2217.852314999618,5294.728405999194,1705.084470989761
1790290416,40,,Aggregated,10.000000,0.000000,3000,3100,3100,3200,3300,3300,3400,3400,4700,5300,5300,5863,0,3000,2982.0067142125276,2217.852314999618,5294.728405999194,1705.0426402865428
1790290417,40,,Aggregated,9.400000,0.000000,3000,3100,3100,3200,3300,3300,3400,3400,4700,5300,5300,5870,0,3000,2982.022492682802,2217.852314999618,5294.728405999194,1705.0362862010222
1790290418,40,,Aggregated,8.800000,0.000000,3000,3100,3100,3200,3300,3300,3400,3400,4700,5300,5300,5891,0,3000,2982.340084717035,2217.852314999618,5294.728405999194,1705.0395518587677
1790290419,40,,Aggregated,8.600000,0.000000,3000,3100,3100,3200,3300,3300,3400,3400,4700,5300,5300,5899,0,3000,2982.210400167326,2217.852314999618,5294.728405999194,1705.0362773351414
1790290420,40,,Aggregated,9.000000,0.000000,3000,3100,3100,3200,3300,3300,3400,3400,4700,5300,5300,5902,0,3000,2982.0976278556514,2217.852314999618,5294.728405999194,1705.0604879701796
1790290421,40,,Aggregated,9.700000,0.000000,3000,3100,3100,3200,3300,3300,3400,3400,4700,5300,5300,5908,0,3000,2982.1321793561365,2217.852314999618,5294.728405999194,1705.0390995260664
1790290422,40,,Aggregated,8.800000,0.000000,3000,3100,3100,3200,3300,3300,3400,3400,4700,5300,5300,5923,0,3000,2982.3865529009054,2217.852314999618,5294.728405999194,1705.0067533344588
1790290423,40,,Aggregated,8.500000,0.000000,3000,3100,3100,3200,3300,3300,3400,3400,4700,5300,5300,5938,0,3000,2982.0939088600653,2217.852314999618,5294.728405999194,1704.934994947794
1790290424,40,,Aggregated,8.800000,0.000000,3000,3100,3100,3200,3300,3300,3400,3400,4700,5300,5300,5941,0,3000,2982.01121539035,2217.852314999618,5294.728405999194,1704.9385625315604
1790290425,40,,Aggregated,9.900000,0.000000,3000,3100,3100,3200,3300,3300,3400,3400,4700,5300,5300,5944,0,3000,2981.826171699709,2217.852314999618,5294.728405999194,1704.914535666218
1790290426,40,,Aggregated,9.000000,0.000000,3000,3100,3100,3200,3300,3300,3400,3400,4700,5300,5300,5949,0,3000,2981.745921181386,2217.852314999618,5294.728405999194,1704.8826693561944
1790290427,40,,Aggregated,8.200000,0.000000,3000,3100,3100,3200,3300,3300,3400,3400,4700,5300,5300,5971,0,3000,2982.083968507633,2217.852314999618,5294.728405999194,1704.9360241165634
1790290428,40,,Aggregated,8.400000,0.000000,3000,3100,3100,3200,3300,3300,3400,3400,4700,5300,5300,5981,0,3000,2982.067809896352,2217.852314999618,5294.728405999194,1705.0026751379369
1790290429,40,,Aggregated,8.700000,0.000000,3000,3100,3100,3200,3300,3300,3400,3400,4700,5300,5300,5983,0,3000,2981.9988927466284,2217.852314999618,5294.728405999194,1705.0220625104462
1790290430,40,,Aggregated,9.800000,0.000000,3000,3100,3100,3200,3300,3300,3400,3400,4700,5300,5300,5986,0,3000,2981.863641607931,2217.852314999618,5294.728405999194,1705.0180420982292
1790290431,40,,Aggregated,8.600000,0.000000,3000,3100,3100,3200,3300,3300,3400,3400,4700,5300,5300,5994,0,3000,2982.0106783396864,2217.852314999618,5294.728405999194,1705.0657323990658
1790290432,40,,Aggregated,8.600000,0.000000,3000,3100,3100,3200,3300,3300,3400,3400,4600,5300,5300,6015,0,3000,2982.4770847636046,2217.852314999618,5294.728405999194,1705.1715710723192
1790290433,40,,Aggregated,8.800000,0.000000,3000,3100,3100,3200,3300,3300,3400,3400,4600,5300,5300,6023,0,3000,2982.30132851504,2217.852314999618,5294.728405999194,1705.1663622779347
1790290434,40,,Aggregated,8.700000,0.000000,3000,3100,3100,3200,3300,3300,3400,3400,4600,5300,5300,6027,0,3000,2982.1778054083434,2217.852314999618,5294.728405999194,1705.1186328189813
1790290435,40,,Aggregated,8.900000,0.000000,3000,3100,3100,3200,3300,3300,3400,3400,4600,5300,5300,6031,0,3000,2982.1926254017712,2217.852314999618,5294.728405999194,1705.1346377051898
1790290436,40,,Aggregated,8.500000,0.000000,3000,3100,3100,3200,3300,3300,3400,3400,4600,5300,5300,6043,0,3000,2982.344147959138,2217.852314999618,5294.728405999194,1705.1078934304153
1790290437,40,,Aggregated,8.600000,0.000000,3000,3100,3100,3200,3300,3300,3400,3400,4600,5300,5300,6062,0,3000,2982.281869561214,2217.852314999618,5294.728405999194,1705.0960079181789
1790290438,40,,Aggregated,8.800000,0.000000,3000,3100,3100,3200,3300,3300,3400,3400,4600,5300,5300,6066,0,3000,2982.0842784281367,2217.852314999618,5294.728405999194,1705.1020441806793
1790290439,40,,Aggregated,9.700000,0.000000,3000,3100,3100,3200,3300,3300,3400,3400,4600,5300,5300,6067,0,3000,2981.99074563311,2217.852314999618,5294.728405999194,1705.0715345310698
1790290440,40,,Aggregated,9.000000,0.000000,3000,3100,3100,3200,3300,3300,3400,3400,4600,5300,5300,6074,0,3000,2982.035413584471,2217.852314999618,5294.728405999194,1704.9976950938426
1790290441,40,,Aggregated,8.500000,0.000000,3000,3100,3100,3200,3300,3300,3400,3400,4600,5300,5300,6098,0,3000,2982.564245327494,2217.852314999618,5294.728405999194,1705.060183666776
1790290442,40,,Aggregated,8.200000,0.000000,3000,3100,3100,3200,3300,3300,3400,3400,4600,5300,5300,6106,0,3000,2982.29056604652,2217.852314999618,5294.728405999194,1705.0365214543071
1790290443,40,,Aggregated,8.600000,0.000000,3000,3100,3100,3200,3300,3300,3400,3400,4600,5300,5300,6107,0,3000,2982.265274609145,2217.852314999618,5294.728405999194,1705.0514164074013
1790290445,40,,Aggregated,10.300000,0.000000,3000,3100,3100,3200,3300,3300,3400,3400,4600,5300,5300,6108,0,3000,2982.2552035384815,2217.852314999618,5294.728405999194,1705.039129011133
1790290446,40,,Aggregated,8.300000,0.000000,3000,3100,3100,3200,3300,3300,3400,3400,4600,5300,5300,6125,0,3000,2982.642688616984,2217.852314999618,5294.728405999194,1705.0257959183673
1790290447,40,,Aggregated,8.300000,0.000000,3000,3100,3100,3200,3300,3300,3400,3400,4600,5300,5300,6146,0,3000,2982.8910298734163,2217.852314999618,5294.728405999194,1705.0859095346566
1790290448,40,,Aggregated,8.100000,0.000000,3000,3100,3100,3200,3300,3300,3400,3400,4600,5300,5300,6147,0,3000,2982.865739162521,2217.852314999618,5294.728405999194,1705.104441190825
1790290449,40,,Aggregated,9.200000,0.000000,3000,3100,3100,3200,3300,3300,3400,3400,4600,5300,5300,6151,0,3000,2982.6215530453615,2217.852314999618,5294.728405999194,1705.0895789302554
1790290450,40,,Aggregated,9.800000,0.000000,3000,3100,3100,3200,3300,3300,3400,3400,4600,5300,5300,6153,0,3000,2982.5874371914547,2217.852314999618,5294.728405999194,1705.0689094750528
1790290451,40,,Aggregated,8.500000,0.000000,3000,3100,3100,3200,3300,3300,3400,3400,4600,5300,5300,6174,0,3000,2983.125165108683,2217.852314999618,5294.728405999194,1705.1820537738904
1790290452,40,,Aggregated,8.500000,0.000000,3000,3100,3100,3200,3300,3300,3400,3400,4600,5300,5300,6186,0,3000,2983.149872273038,2217.852314999618,5294.728405999194,1705.1915615906887
1790290453,40,,Aggregated,8.600000,0.000000,3000,3100,3100,3200,3300,3300,3400,3400,4600,5300,5300,6190,0,3000,2982.8804024365136,2217.852314999618,5294.728405999194,1705.1497576736672
1790290454,40,,Aggregated,9.800000,0.000000,3000,3100,3100,3200,3300,3300,3400,3400,4600,5300,5300,6192,0,3000,2982.7896943380197,2217.852314999618,5294.728405999194,1705.1447028423772
1790290455,40,,Aggregated,8.800000,0.000000,3000,3100,3100,3200,3300,3300,3400,3400,4600,5300,5300,6200,0,3000,2982.874319310971,2217.852314999618,5294.728405999194,1705.1798387096774
1790290456,40,,Aggregated,8.400000,0.000000,3000,3100,3100,3200,3300,3300,3400,3400,4600,5300,5300,6220,0,3000,2983.2339786974317,2217.852314999618,5294.728405999194,1705.1371382636655
1790290457,40,,Aggregated,8.500000,0.000000,3000,3100,3100,3200,3300,3300,3400,3400,4600,5300,5300,6229,0,3000,2983.162918000166,2217.852314999618,5294.728405999194,1705.1631080430245
1790290458,40,,Aggregated,9.200000,0.000000,3000,3100,3100,3200,3300,3300,3400,3400,4600,5300,5300,6232,0,3000,2982.951140524074,2217.852314999618,5294.728405999194,1705.1365532734276
1790290459,40,,Aggregated,9.600000,0.000000,3000,3100,3100,3200,3300,3300,3400,3400,4600,5300,5300,6236,0,3000,2982.876336716971,2217.852314999618,5294.728405999194,1705.1589159717769
1790290460,40,,Aggregated,8.500000,0.000000,3000,3100,3100,3200,3300,3300,3400,3400,4600,5300,5300,6250,0,3000,2982.9812851235247,2217.852314999618,5294.728405999194,1705.09648
1790290461,40,,Aggregated,8.500000,0.000000,3000,3100,3100,3200,3300,3300,3400,3400,4600,5300,5300,6267,0,3000,2982.946454850012,2217.852314999618,5294.728405999194,1705.036221477581
1790290462,40,,Aggregated,8.500000,0.000000,3000,3100,3100,3200,3300,3300,3400,3400,4600,5300,5300,6272,0,3000,2982.773165750323,2217.852314999618,5294.728405999194,1704.992506377551
1790290463,40,,Aggregated,9.500000,0.000000,3000,3100,3100,3200,3300,3300,3400,3400,4600,5300,5300,6274,0,3000,2982.676346266501,2217.852314999618,5294.728405999194,1704.9756136436085
1790290464,40,,Aggregated,8.600000,0.000000,3000,3100,3100,3200,3300,3300,3400,3400,4600,5300,5300,6282,0,3000,2982.8179807139495,2217.852314999618,5294.728405999194,1704.9762814390322
1790290465,40,,Aggregated,8.400000,0.000000,3000,3100,3100,3200,3300,3300,3400,3400,4600,5300,5300,6297,0,3000,2983.1874516771554,2217.852314999618,5294.728405999194,1705.0063522312212
1790290466,40,,Aggregated,8.400000,0.000000,3000,3100,3100,3200,3300,3300,3400,3400,4600,5300,5300,6311,0,3000,2983.3119904525497,2217.852314999618,5294.728405999194,1705.0638567580415
1790290467,40,,Aggregated,8.700000,0.000000,3000,3100,3100,3200,3300,3300,3400,3400,4600,5300,5300,6314,0,3000,2983.1345580890147,2217.852314999618,5294.728405999194,1705.0834653151726
1790290468,40,,Aggregated,9.100000,0.000000,3000,3100,3100,3200,3300,3300,3400,3400,4600,5300,5300,6318,0,3000,2982.977870839987,2217.852314999618,5294.728405999194,1705.0477999366888
1790290469,40,,Aggregated,8.500000,0.000000,3000,3100,3100,3200,3300,3300,3400,3400,4600,5300,5300,6326,0,3000,2983.02216536074,2217.852314999618,5294.728405999194,1705.0249762883338
1790290470,40,,Aggregated,8.500000,0.000000,3000,3100,3100,3200,3300,3300,3400,3400,4600,5300,5300,6348,0,3000,2983.206661908326,2217.852314999618,5294.728405999194,1704.9547889098928
1790290471,40,,Aggregated,8.500000,0.000000,3000,3100,3100,3200,3300,3300,3400,3400,4600,5300,5300,6353,0,3000,2983.0747618989544,2217.852314999618,5294.728405999194,1704.9493152841178
1790290472,40,,Aggregated,8.900000,0.000000,3000,3100,3100,3200,3300,3300,3400,3400,4600,5300,5300,6357,0,3000,2982.8908870975392,2217.852314999618,5294.728405999194,1704.9194588642442
1790290473,40,,Aggregated,8.700000,0.000000,3000,3100,3100,3200,3300,3300,3400,3400,4600,5300,5300,6361,0,3000,2982.81350028487,2217.852314999618,5294.728405999194,1704.909762615941
1790290474,40,,Aggregated,8.500000,0.000000,3000,3100,3100,3200,3300,3300,3400,3400,4600,5300,5300,6377,0,3000,2983.141523706297,2217.852314999618,5294.728405999194,1704.886937431394
1790290475,40,,Aggregated,8.500000,0.000000,3000,3100,3100,3200,3300,3300,3400,3400,4600,5300,5300,6391,0,3000,2983.0634830092404,2217.852314999618,5294.728405999194,1704.8108277264903
1790290476,40,,Aggregated,9.500000,0.000000,3000,3100,3100,3200,3300,3300,3400,3400,4600,5300,5300,6397,0,3000,2982.7348206850174,2217.852314999618,5294.728405999194,1704.7991245896515
