Timestamp,User Count,Type,Name,Requests/s,Failures/s,50%,66%,75%,80%,90%,95%,98%,99%,99.9%,99.99%,100%,Total Request Count,Total Failure Count,Total Median Response Time,Total Average Response Time,Total Min Response Time,Total Max Response Time,Total Average Content Size
1790290598,0,,Aggregated,0.000000,0.000000,N/A,N/A,N/A,N/A,N/A,N/A,N/A,N/A,N/A,N/A,N/A,0,0,0,0.0,0,0,0
1790290599,20,,Aggregated,0.000000,0.000000,N/A,N/A,N/A,N/A,N/A,N/A,N/A,N/A,N/A,N/A,N/A,0,0,0,0.0,0,0,0
1790290600,40,,Aggregated,0.000000,0.000000,N/A,N/A,N/A,N/A,N/A,N/A,N/A,N/A,N/A,N/A,N/A,0,0,0,0.0,0,0,0
1790290601,40,,Aggregated,0.000000,0.000000,N/A,N/A,N/A,N/A,N/A,N/A,N/A,N/A,N/A,N/A,N/A,0,0,0,0.0,0,0,0
1790290602,40,,Aggregated,0.000000,0.000000,N/A,N/A,N/A,N/A,N/A,N/A,N/A,N/A,N/A,N/A,N/A,0,0,0,0.0,0,0,0
1790290603,40,,Aggregated,0.000000,0.000000,N/A,N/A,N/A,N/A,N/A,N/A,N/A,N/A,N/A,N/A,N/A,0,0,0,0.0,0,0,0
1790290604,40,,Aggregated,0.000000,0.000000,5400,5600,5800,5800,5800,5800,5800,5800,5800,5800,5800,23,0,5400,5433.652525478702,4889.057001000765,5842.1230019994255,1824.1304347826087
1790290605,40,,Aggregated,0.000000,0.000000,5400,5500,5600,5800,5800,6000,6000,6000,6000,6000,6000,40,0,5400,5410.1330265004435,4889.057001000765,6016.682707002474,1866.4
1790290606,40,,Aggregated,0.000000,0.000000,5400,5500,5600,5800,5800,6000,6000,6000,6000,6000,6000,40,0,5400,5410.1330265004435,4889.057001000765,6016.682707002474,1866.4
1790290607,40,,Aggregated,0.000000,0.000000,5400,5500,5600,5800,5800,6000,6000,6000,6000,6000,6000,40,0,5400,5410.1330265004435,4889.057001000765,6016.682707002474,1866.4
1790290608,40,,Aggregated,0.000000,0.000000,5400,5500,5600,5800,5800,6000,6000,6000,6000,6000,6000,40,0,5400,5410.1330265004435,4889.057001000765,6016.682707002474,1866.4
1790290609,40,,Aggregated,0.000000,0.000000,5400,5500,5600,5800,5800,6000,6000,6000,6000,6000,6000,40,0,5400,5410.1330265004435,4889.057001000765,6016.682707002474,1866.4
1790290610,40,,Aggregated,4.000000,0.000000,5400,5500,5600,5700,5800,5800,6000,6000,6000,6000,6000,43,0,5400,5393.952308977236,4889.057001000765,6016.682707002474,1865.8837209302326
1790290611,40,,Aggregated,4.000000,0.000000,5300,5400,5500,5600,5800,5800,6000,6000,6000,6000,6000,77,0,5300,5265.849673480783,4280.746643999009,6016.682707002474,1882.5064935064936
1790290612,40,,Aggregated,4.000000,0.000000,5300,5400,5500,5600,5800,5800,6000,6000,6000,6000,6000,80,0,5300,5249.3500072002935,4280.746643999009,6016.682707002474,1885.7125
1790290613,40,,Aggregated,4.000000,0.000000,5300,5400,5500,5600,5800,5800,6000,6000,6000,6000,6000,80,0,5300,5249.3500072002935,4280.746643999009,6016.682707002474,1885.7125
1790290614,40,,Aggregated,4.000000,0.000000,5300,5400,5500,5600,5800,5800,6000,6000,6000,6000,6000,80,0,5300,5249.3500072002935,4280.746643999009,6016.682707002474,1885.7125
1790290615,40,,Aggregated,4.000000,0.000000,5300,5400,5500,5600,5800,5800,6000,6000,6000,6000,6000,80,0,5300,5249.3500072002935,4280.746643999009,6016.682707002474,1885.7125
1790290616,40,,Aggregated,8.000000,0.000000,5300,5400,5500,5600,5700,5800,6000,6000,6000,6000,6000,81,0,5300,5244.804898383012,4280.746643999009,6016.682707002474,1884.7407407407406
1790290617,40,,Aggregated,4.900000,0.000000,5200,5400,5500,5600,5700,5800,5800,6000,6000,6000,6000,101,0,5200,5227.284672020169,4280.746643999009,6016.682707002474,1876.5445544554455
1790290618,40,,Aggregated,4.000000,0.000000,5200,5400,5400,5500,5700,5800,5800,6000,6000,6000,6000,120,0,5200,5177.002660183554,4280.746643999009,6016.682707002474,1877.6083333333333
1790290619,40,,Aggregated,4.000000,0.000000,5200,5400,5400,5500,5700,5800,5800,6000,6000,6000,6000,120,0,5200,5177.002660183554,4280.746643999009,6016.682707002474,1877.6083333333333
1790290620,40,,Aggregated,4.000000,0.000000,5200,5400,5400,5500,5700,5800,5800,6000,6000,6000,6000,120,0,5200,5177.002660183554,4280.746643999009,6016.682707002474,1877.6083333333333
1790290621,40,,Aggregated,4.000000,0.000000,5200,5400,5400,5500,5700,5800,5800,6000,6000,6000,6000,120,0,5200,5177.002660183554,4280.746643999009,6016.682707002474,1877.6083333333333
1790290622,40,,Aggregated,4.000000,0.000000,5200,5400,5400,5500,5700,5800,5800,6000,6000,6000,6000,120,0,5200,5177.002660183554,4280.746643999009,6016.682707002474,1877.6083333333333
1790290623,40,,Aggregated,4.000000,0.000000,5200,5400,5400,5500,5700,5800,5800,6000,6000,6000,6000,120,0,5200,5177.002660183554,4280.746643999009,6016.682707002474,1877.6083333333333
1790290624,40,,Aggregated,4.000000,0.000000,5200,5300,5400,5500,5600,5800,5800,6000,6000,6000,6000,160,0,5200,5146.596584643887,4280.746643999009,6016.682707002474,1881.5125
1790290625,40,,Aggregated,4.000000,0.000000,5200,5300,5400,5500,5600,5800,5800,6000,6000,6000,6000,160,0,5200,5146.596584643887,4280.746643999009,6016.682707002474,1881.5125
1790290626,40,,Aggregated,4.000000,0.000000,5200,5300,5400,5500,5600,5800,5800,6000,6000,6000,6000,160,0,5200,5146.596584643887,4280.746643999009,6016.682707002474,1881.5125
1790290627,40,,Aggregated,4.000000,0.000000,5200,5300,5400,5500,5600,5800,5800,6000,6000,6000,6000,160,0,5200,5146.596584643887,4280.746643999009,6016.682707002474,1881.5125
1790290628,40,,Aggregated,4.000000,0.000000,5200,5300,5400,5500,5600,5800,5800,6000,6000,6000,6000,160,0,5200,5146.596584643887,4280.746643999009,6016.682707002474,1881.5125
1790290629,40,,Aggregated,4.000000,0.000000,5200,5300,5400,5500,5600,5800,5800,6000,6000,6000,6000,160,0,5200,5146.596584643887,4280.746643999009,6016.682707002474,1881.5125
1790290630,40,,Aggregated,5.000000,0.000000,5100,5300,5400,5400,5600,5700,5800,6000,6000,6000,6000,171,0,5100,5133.178733169701,4280.746643999009,6016.682707002474,1877.8187134502923
1790290631,40,,Aggregated,4.000000,0.000000,5100,5300,5400,5400,5600,5700,5800,6000,6000,6000,6000,200,0,5100,5138.876859390114,4280.746643999009,6016.682707002474,1883.485
1790290632,40,,Aggregated,4.000000,0.000000,5100,5300,5400,5400,5600,5700,5800,6000,6000,6000,6000,200,0,5100,5138.876859390114,4280.746643999009,6016.682707002474,1883.485
1790290633,40,,Aggregated,4.000000,0.000000,5100,5300,5400,5400,5600,5700,5800,6000,6000,6000,6000,200,0,5100,5138.876859390114,4280.746643999009,6016.682707002474,1883.485
1790290634,40,,Aggregated,4.000000,0.000000,5100,5300,5400,5400,5600,5700,5800,6000,6000,6000,6000,200,0,5100,5138.876859390114,4280.746643999009,6016.682707002474,1883.485
1790290635,40,,Aggregated,4.000000,0.000000,5100,5300,5400,5400,5600,5700,5800,6000,6000,6000,6000,200,0,5100,5138.876859390114,4280.746643999009,6016.682707002474,1883.485
1790290636,40,,Aggregated,4.000000,0.000000,5100,5300,5400,5400,5600,5700,5800,6000,6000,6000,6000,200,0,5100,5138.876859390114,4280.746643999009,6016.682707002474,1883.485
1790290637,40,,Aggregated,4.000000,0.000000,5100,5300,5400,5400,5600,5700,5800,5900,6000,6000,6000,239,0,5100,5124.264608209246,4280.746643999009,6016.682707002474,1880.5648535564853
1790290638,40,,Aggregated,4.000000,0.000000,5100,5300,5400,5400,5600,5700,5800,5900,6000,6000,6000,240,0,5100,5122.716482566708,4280.746643999009,6016.682707002474,1880.9791666666667
1790290639,40,,Aggregated,4.000000,0.000000,5100,5300,5400,5400,5600,5700,5800,5900,6000,6000,6000,240,0,5100,5122.716482566708,4280.746643999009,6016.682707002474,1880.9791666666667
1790290640,40,,Aggregated,4.000000,0.000000,5100,5300,5400,5400,5600,5700,5800,5900,6000,6000,6000,240,0,5100,5122.716482566708,4280.746643999009,6016.682707002474,1880.9791666666667
1790290641,40,,Aggregated,4.000000,0.000000,5100,5300,5400,5400,5600,5700,5800,5900,6000,6000,6000,240,0,5100,5122.716482566708,4280.746643999009,6016.682707002474,1880.9791666666667
1790290642,40,,Aggregated,4.000000,0.000000,5100,5300,5400,5400,5600,5700,5800,5900,6000,6000,6000,240,0,5100,5122.716482566708,4280.746643999009,6016.682707002474,1880.9791666666667
1790290643,40,,Aggregated,6.300000,0.000000,5100,5300,5400,5400,5600,5700,5800,5900,6000,6000,6000,248,0,5100,5120.479060625036,4280.746643999009,6016.682707002474,1879.350806451613
1790290644,40,,Aggregated,4.000000,0.000000,5100,5300,5400,5400,5600,5700,5800,5900,6000,6000,6000,279,0,5100,5126.765471788554,4280.746643999009,6016.682707002474,1883.2508960573477
1790290645,40,,Aggregated,4.000000,0.000000,5100,5300,5400,5400,5600,5700,5800,5900,6000,6000,6000,280,0,5100,5128.576818353587,4280.746643999009,6016.682707002474,1883.682142857143
1790290646,40,,Aggregated,4.000000,0.000000,5100,5300,5400,5400,5600,5700,5800,5900,6000,6000,6000,280,0,5100,5128.576818353587,4280.746643999009,6016.682707002474,1883.682142857143
1790290647,40,,Aggregated,4.000000,0.000000,5100,5300,5400,5400,5600,5700,5800,5900,6000,6000,6000,280,0,5100,5128.576818353587,4280.746643999009,6016.682707002474,1883.682142857143
1790290649,40,,Aggregated,4.000000,0.000000,5100,5300,5400,5400,5600,5700,5800,5900,6000,6000,6000,280,0,5100,5128.576818353587,4280.746643999009,6016.682707002474,1883.682142857143
1790290650,40,,Aggregated,4.000000,0.000000,5100,5300,5400,5400,5600,5700,5800,5900,6000,6000,6000,280,0,5100,5128.576818353587,4280.746643999009,6016.682707002474,1883.682142857143
1790290651,40,,Aggregated,4.000000,0.000000,5100,5300,5400,5400,5600,5700,5800,5900,6000,6000,6000,306,0,5100,5118.566113313776,4280.746643999009,6016.682707002474,1880.2189542483661
1790290652,40,,Aggregated,4.000000,0.000000,5100,5300,5400,5400,5600,5700,5800,5900,6000,6000,6000,320,0,5100,5121.244484934436,4280.746643999009,6016.682707002474,1882.475
1790290653,40,,Aggregated,4.000000,0.000000,5100,5300,5400,5400,5600,5700,5800,5900,6000,6000,6000,320,0,5100,5121.244484934436,4280.746643999009,6016.682707002474,1882.475
1790290654,40,,Aggregated,4.000000,0.000000,5100,5300,5400,5400,5600,5700,5800,5900,6000,6000,6000,320,0,5100,5121.244484934436,4280.746643999009,6016.682707002474,1882.475
1790290655,40,,Aggregated,4.000000,0.000000,5100,5300,5400,5400,5600,5700,5800,5900,6000,6000,6000,320,0,5100,5121.244484934436,4280.746643999009,6016.682707002474,1882.475
1790290656,40,,Aggregated,4.000000,0.000000,5100,5300,5400,5400,5600,5700,5800,5900,6000,6000,6000,320,0,5100,5121.244484934436,4280.746643999009,6016.682707002474,1882.475
1790290657,40,,Aggregated,4.100000,0.000000,5100,5300,5400,5400,5600,5700,5800,5900,6000,6000,6000,327,0,5100,5115.898623538289,4280.746643999009,6016.682707002474,1880.822629969419
1790290658,40,,Aggregated,4.100000,0.000000,5100,5300,5400,5400,5600,5700,5800,5900,6000,6000,6000,359,0,5100,5115.286492300911,4280.746643999009,6016.682707002474,1883.682451253482
1790290659,40,,Aggregated,4.000000,0.000000,5100,5300,5400,5400,5600,5700,5800,5900,6000,6000,6000,360,0,5100,5114.809832772303,4280.746643999009,6016.682707002474,1884.388888888889
1790290660,40,,Aggregated,4.000000,0.000000,5100,5300,5400,5400,5600,5700,5800,5900,6000,6000,6000,360,0,5100,5114.809832772303,4280.746643999009,6016.682707002474,1884.388888888889
1790290661,40,,Aggregated,4.000000,0.000000,5100,5300,5400,5400,5600,5700,5800,5900,6000,6000,6000,360,0,5100,5114.809832772303,4280.746643999009,6016.682707002474,1884.388888888889
1790290662,40,,Aggregated,4.000000,0.000000,5100,5300,5400,5400,5600,5700,5800,5900,6000,6000,6000,360,0,5100,5114.809832772303,4280.746643999009,6016.682707002474,1884.388888888889
1790290663,40,,Aggregated,4.000000,0.000000,5100,5300,5400,5400,5600,5700,5800,5900,6000,6000,6000,360,0,5100,5114.809832772303,4280.746643999009,6016.682707002474,1884.388888888889
1790290664,40,,Aggregated,4.000000,0.000000,5100,5300,5400,5400,5600,5700,5800,5900,6000,6000,6000,373,0,5100,5117.45276826284,4280.746643999009,6016.682707002474,1882.9195710455765
1790290665,40,,Aggregated,4.000000,0.000000,5100,5300,5400,5400,5600,5700,5800,5900,6000,6000,6000,400,0,5100,5129.872739792597,4280.746643999009,6016.682707002474,1886.245
1790290666,40,,Aggregated,4.000000,0.000000,5100,5300,5400,5400,5600,5700,5800,5900,6000,6000,6000,400,0,5100,5129.872739792597,4280.746643999009,6016.682707002474,1886.245
1790290667,40,,Aggregated,4.000000,0.000000,5100,5300,5400,5400,5600,5700,5800,5900,6000,6000,6000,400,0,5100,5129.872739792597,4280.746643999009,6016.682707002474,1886.245
1790290668,40,,Aggregated,4.000000,0.000000,5100,5300,5400,5400,5600,5700,5800,5900,6000,6000,6000,400,0,5100,5129.872739792597,4280.746643999009,6016.682707002474,1886.245
1790290669,40,,Aggregated,4.000000,0.000000,5100,5300,5400,5400,5600,5700,5800,5900,6000,6000,6000,400,0,5100,5129.872739792597,4280.746643999009,6016.682707002474,1886.245
1790290670,40,,Aggregated,4.100000,0.000000,5100,5300,5400,5400,5600,5700,5800,5900,6000,6000,6000,404,0,5100,5128.672415878817,4280.746643999009,6016.682707002474,1884.9480198019803
1790290671,40,,Aggregated,4.100000,0.000000,5100,5300,5400,5400,5600,5700,5800,5900,6000,6000,6000,438,0,5100,5120.345588611963,4280.746643999009,6016.682707002474,1884.513698630137
1790290672,40,,Aggregated,4.000000,0.000000,5100,5300,5400,5400,5600,5700,5800,5900,6000,6000,6000,440,0,5100,5118.859429018274,4280.746643999009,6016.682707002474,1884.9022727272727
1790290673,40,,Aggregated,4.000000,0.000000,5100,5300,5400,5400,5600,5700,5800,5900,6000,6000,6000,440,0,5100,5118.859429018274,4280.746643999009,6016.682707002474,1884.9022727272727
1790290674,40,,Aggregated,4.000000,0.000000,5100,5300,5400,5400,5600,5700,5800,5900,6000,6000,6000,440,0,5100,5118.859429018274,4280.746643999009,6016.682707002474,1884.9022727272727
1790290675,40,,Aggregated,4.000000,0.000000,5100,5300,5400,5400,5600,5700,5800,5900,6000,6000,6000,440,0,5100,5118.859429018274,4280.746643999009,6016.682707002474,1884.9022727272727
1790290676,40,,Aggregated,4.000000,0.000000,5100,5300,5400,5400,5600,5700,5800,5900,6000,6000,6000,440,0,5100,5118.859429018274,4280.746643999009,6016.682707002474,1884.9022727272727
1790290677,40,,Aggregated,4.000000,0.000000,5100,5300,5400,5400,5600,5700,5800,5900,6000,6000,6000,466,0,5100,5105.463759100936,4280.746643999009,6016.682707002474,1883.0901287553647
1790290678,40,,Aggregated,4.000000,0.000000,5100,5300,5400,5400,5600,5700,5800,5900,6000,6000,6000,480,0,5100,5103.253759741741,4280.746643999009,6016.682707002474,1884.6458333333333
1790290679,40,,Aggregated,4.000000,0.000000,5100,5300,5400,5400,5600,5700,5800,5900,6000,6000,6000,480,0,5100,5103.253759741741,4280.746643999009,6016.682707002474,1884.6458333333333
1790290680,40,,Aggregated,4.000000,0.000000,5100,5300,5400,5400,5600,5700,5800,5900,6000,6000,6000,480,0,5100,5103.253759741741,4280.746643999009,6016.682707002474,1884.6458333333333
1790290681,40,,Aggregated,4.000000,0.000000,5100,5300,5400,5400,5600,5700,5800,5900,6000,6000,6000,480,0,5100,5103.253759741741,4280.746643999009,6016.682707002474,1884.6458333333333
1790290682,40,,Aggregated,4.000000,0.000000,5100,5300,5400,5400,5600,5700,5800,5900,6000,6000,6000,480,0,5100,5103.253759741741,4280.746643999009,6016.682707002474,1884.6458333333333
1790290683,40,,Aggregated,4.200000,0.000000,5100,5300,5400,5400,5600,5700,5800,5900,6000,6000,6000,488,0,5100,5100.127995248036,4280.746643999009,6016.682707002474,1882.4262295081967
1790290684,40,,Aggregated,4.200000,0.000000,5100,5300,5400,5400,5600,5700,5800,5800,6000,6000,6000,520,0,5100,5095.140628486609,4250.623446001555,6016.682707002474,1882.7269230769232
1790290685,40,,Aggregated,4.200000,0.000000,5100,5300,5400,5400,5600,5700,5800,5800,6000,6000,6000,520,0,5100,5095.140628486609,4250.623446001555,6016.682707002474,1882.7269230769232
1790290686,40,,Aggregated,4.200000,0.000000,5100,5300,5400,5400,5600,5700,5800,5800,6000,6000,6000,520,0,5100,5095.140628486609,4250.623446001555,6016.682707002474,1882.7269230769232
1790290687,40,,Aggregated,4.200000,0.000000,5100,5300,5400,5400,5600,5700,5800,5800,6000,6000,6000,520,0,5100,5095.140628486609,4250.623446001555,6016.682707002474,1882.7269230769232
1790290688,40,,Aggregated,4.200000,0.000000,5100,5300,5400,5400,5600,5700,5800,5800,6000,6000,6000,520,0,5100,5095.140628486609,4250.623446001555,6016.682707002474,1882.7269230769232
1790290689,40,,Aggregated,4.200000,0.000000,5100,5300,5400,5400,5600,5700,5800,5800,6000,6000,6000,520,0,5100,5095.140628486609,4250.623446001555,6016.682707002474,1882.7269230769232
1790290690,40,,Aggregated,4.000000,0.000000,5100,5200,5300,5400,5600,5700,5800,5800,6000,6000,6000,553,0,5100,5088.624269235127,4250.623446001555,6016.682707002474,1881.106690777577
1790290691,40,,Aggregated,4.000000,0.000000,5100,5200,5300,5400,5600,5700,5800,5800,6000,6000,6000,560,0,5100,5086.412124003617,4250.623446001555,6016.682707002474,1881.1875
1790290692,40,,Aggregated,4.000000,0.000000,5100,5200,5300,5400,5600,5700,5800,5800,6000,6000,6000,560,0,5100,5086.412124003617,4250.623446001555,6016.682707002474,1881.1875
1790290693,40,,Aggregated,4.000000,0.000000,5100,5200,5300,5400,5600,5700,5800,5800,6000,6000,6000,560,0,5100,5086.412124003617,4250.623446001555,6016.682707002474,1881.1875
1790290694,40,,Aggregated,4.000000,0.000000,5100,5200,5300,5400,5600,5700,5800,5800,6000,6000,6000,560,0,5100,5086.412124003617,4250.623446001555,6016.682707002474,1881.1875
1790290695,40,,Aggregated,4.000000,0.000000,5100,5200,5300,5400,5600,5700,5800,5800,6000,6000,6000,560,0,5100,5086.412124003617,4250.623446001555,6016.682707002474,1881.1875
1790290696,40,,Aggregated,4.000000,0.000000,5100,5200,5300,5400,5600,5700,5800,5800,6000,6000,6000,578,0,5100,5081.88300131144,4250.623446001555,6016.682707002474,1880.0778546712802
1790290697,40,,Aggregated,4.000000,0.000000,5100,5200,5300,5400,5600,5700,5800,5800,6000,6000,6000,600,0,5100,5079.762221085026,4250.623446001555,6016.682707002474,1882.2083333333333
1790290698,40,,Aggregated,4.000000,0.000000,5100,5200,5300,5400,5600,5700,5800,5800,6000,6000,6000,600,0,5100,5079.762221085026,4250.623446001555,6016.682707002474,1882.2083333333333
1790290699,40,,Aggregated,4.000000,0.000000,5100,5200,5300,5400,5600,5700,5800,5800,6000,6000,6000,600,0,5100,5079.762221085026,4250.623446001555,6016.682707002474,1882.2083333333333
1790290700,40,,Aggregated,4.000000,0.000000,5100,5200,5300,5400,5600,5700,5800,5800,6000,6000,6000,600,0,5100,5079.762221085026,4250.623446001555,6016.682707002474,1882.2083333333333
1790290701,40,,Aggregated,4.000000,0.000000,5100,5200,5300,5400,5600,5700,5800,5800,6000,6000,6000,600,0,5100,5079.762221085026,4250.623446001555,6016.682707002474,1882.2083333333333
1790290702,40,,Aggregated,4.000000,0.000000,5100,5200,5300,5400,5600,5700,5800,5800,6000,6000,6000,600,0,5100,5079.762221085026,4250.623446001555,6016.682707002474,1882.2083333333333
1790290703,40,,Aggregated,4.000000,0.000000,5100,5200,5300,5400,5600,5700,5800,5800,6000,6000,6000,639,0,5100,5071.465375951504,4250.623446001555,6016.682707002474,1881.035993740219
1790290704,40,,Aggregated,4.000000,0.000000,5100,5200,5300,5400,5600,5700,5800,5800,6000,6000,6000,640,0,5100,5071.27306364533,4250.623446001555,6016.682707002474,1881.4578125
1790290705,40,,Aggregated,4.000000,0.000000,5100,5200,5300,5400,5600,5700,5800,5800,6000,6000,6000,640,0,5100,5071.27306364533,4250.623446001555,6016.682707002474,1881.4578125
1790290706,40,,Aggregated,4.000000,0.000000,5100,5200,5300,5400,5600,5700,5800,5800,6000,6000,6000,640,0,5100,5071.27306364533,4250.623446001555,6016.682707002474,1881.4578125
1790290707,40,,Aggregated,4.000000,0.000000,5100,5200,5300,5400,5600,5700,5800,5800,6000,6000,6000,640,0,5100,5071.27306364533,4250.623446001555,6016.682707002474,1881.4578125
1790290708,40,,Aggregated,4.000000,0.000000,5100,5200,5300,5400,5600,5700,5800,5800,6000,6000,6000,640,0,5100,5071.27306364533,4250.623446001555,6016.682707002474,1881.4578125
1790290709,40,,Aggregated,4.000000,0.000000,5100,5200,5300,5400,5500,5700,5800,5800,6000,6000,6000,663,0,5100,5069.108785737552,4250.623446001555,6016.682707002474,1880.0995475113123
1790290710,40,,Aggregated,4.000000,0.000000,5100,5200,5300,5400,5600,5700,5800,5800,6000,6000,6000,680,0,5100,5074.534040048519,4250.623446001555,6016.682707002474,1881.3661764705882
1790290711,40,,Aggregated,4.000000,0.000000,5100,5200,5300,5400,5600,5700,5800,5800,6000,6000,6000,680,0,5100,5074.534040048519,4250.623446001555,6016.682707002474,1881.3661764705882
1790290712,40,,Aggregated,4.000000,0.000000,5100,5200,5300,5400,5600,5700,5800,5800,6000,6000,6000,680,0,5100,5074.534040048519,4250.623446001555,6016.682707002474,1881.3661764705882
1790290713,40,,Aggregated,4.000000,0.000000,5100,5200,5300,5400,5600,5700,5800,5800,6000,6000,6000,680,0,5100,5074.534040048519,4250.623446001555,6016.682707002474,1881.3661764705882
1790290714,40,,Aggregated,4.000000,0.000000,5100,5200,5300,5400,5600,5700,5800,5800,6000,6000,6000,680,0,5100,5074.534040048519,4250.623446001555,6016.682707002474,1881.3661764705882
1790290715,40,,Aggregated,4.800000,0.000000,5100,5200,5300,5400,5600,5700,5800,5800,6000,6000,6000,681,0,5100,5074.460979646095,4250.623446001555,6016.682707002474,1881.302496328928
1790290716,40,,Aggregated,4.000000,0.000000,5100,5200,5300,5400,5600,5700,5800,5800,6000,6000,6000,712,0,5100,5073.47486640449,4250.623446001555,6016.682707002474,1879.801966292135
1790290717,40,,Aggregated,4.000000,0.000000,5100,5200,5300,5400,5600,5700,5800,5800,6000,6000,6000,720,0,5100,5074.875736940282,4250.623446001555,6016.682707002474,1880.8305555555555
1790290718,40,,Aggregated,4.000000,0.000000,5100,5200,5300,5400,5600,5700,5800,5800,6000,6000,6000,720,0,5100,5074.875736940282,4250.623446001555,6016.682707002474,1880.8305555555555
1790290719,40,,Aggregated,4.000000,0.000000,5100,5200,5300,5400,5600,5700,5800,5800,6000,6000,6000,720,0,5100,5074.875736940282,4250.623446001555,6016.682707002474,1880.8305555555555
1790290720,40,,Aggregated,4.000000,0.000000,5100,5200,5300,5400,5600,5700,5800,5800,6000,6000,6000,720,0,5100,5074.875736940282,4250.623446001555,6016.682707002474,1880.8305555555555
1790290721,40,,Aggregated,4.000000,0.000000,5100,5200,5300,5400,5600,5700,5800,5800,6000,6000,6000,720,0,5100,5074.875736940282,4250.623446001555,6016.682707002474,1880.8305555555555
1790290722,40,,Aggregated,4.000000,0.000000,5100,5200,5300,5400,5500,5700,5800,5800,6000,6000,6000,735,0,5100,5073.271522360556,4250.623446001555,6016.682707002474,1879.7972789115647
1790290723,40,,Aggregated,4.000000,0.000000,5100,5200,5300,5400,5500,5700,5800,5800,6000,6000,6000,760,0,5100,5071.530537031591,4250.623446001555,6016.682707002474,1880.2421052631578
1790290724,40,,Aggregated,4.000000,0.000000,5100,5200,5300,5400,5500,5700,5800,5800,6000,6000,6000,760,0,5100,5071.530537031591,4250.623446001555,6016.682707002474,1880.2421052631578
1790290725,40,,Aggregated,4.000000,0.000000,5100,5200,5300,5400,5500,5700,5800,5800,6000,6000,6000,760,0,5100,5071.530537031591,4250.623446001555,6016.682707002474,1880.2421052631578
1790290726,40,,Aggregated,4.000000,0.000000,5100,5200,5300,5400,5500,5700,5800,5800,6000,6000,6000,760,0,5100,5071.530537031591,4250.623446001555,6016.682707002474,1880.2421052631578
1790290727,40,,Aggregated,4.000000,0.000000,5100,5200,5300,5400,5500,5700,5800,5800,6000,6000,6000,760,0,5100,5071.530537031591,4250.623446001555,6016.682707002474,1880.2421052631578
1790290728,40,,Aggregated,4.000000,0.000000,5100,5200,5300,5400,5500,5700,5800,5800,6000,6000,6000,760,0,5100,5071.530537031591,4250.623446001555,6016.682707002474,1880.2421052631578
1790290729,40,,Aggregated,4.000000,0.000000,5100,5200,5300,5400,5500,5700,5800,5800,6000,6000,6000,799,0,5100,5068.382792488112,4250.623446001555,6016.682707002474,1880.6345431789737
1790290730,40,,Aggregated,4.000000,0.000000,5100,5200,5300,5400,5500,5700,5800,5800,6000,6000,6000,800,0,5100,5068.004396177504,4250.623446001555,6016.682707002474,1880.835
1790290731,40,,Aggregated,4.000000,0.000000,5100,5200,5300,5400,5500,5700,5800,5800,6000,6000,6000,800,0,5100,5068.004396177504,4250.623446001555,6016.682707002474,1880.835
1790290732,40,,Aggregated,4.000000,0.000000,5100,5200,5300,5400,5500,5700,5800,5800,6000,6000,6000,800,0,5100,5068.004396177504,4250.623446001555,6016.682707002474,1880.835
1790290733,40,,Aggregated,4.000000,0.000000,5100,5200,5300,5400,5500,5700,5800,5800,6000,6000,6000,800,0,5100,5068.004396177504,4250.623446001555,6016.682707002474,1880.835
1790290734,40,,Aggregated,4.000000,0.000000,5100,5200,5300,5400,5500,5700,5800,5800,6000,6000,6000,800,0,5100,5068.004396177504,4250.623446001555,6016.682707002474,1880.835
1790290735,40,,Aggregated,4.100000,0.000000,5100,5200,5300,5400,5500,5600,5800,5800,6000,6000,6000,821,0,5100,5064.399423345941,4250.623446001555,6016.682707002474,1880.5761266747868
1790290736,40,,Aggregated,4.100000,0.000000,5100,5200,5300,5400,5500,5600,5800,5800,6000,6000,6000,840,0,5100,5067.933958497637,4250.623446001555,6016.682707002474,1881.277380952381
1790290737,40,,Aggregated,4.100000,0.000000,5100,5200,5300,5400,5500,5600,5800,5800,6000,6000,6000,840,0,5100,5067.933958497637,4250.623446001555,6016.682707002474,1881.277380952381
1790290738,40,,Aggregated,4.100000,0.000000,5100,5200,5300,5400,5500,5600,5800,5800,6000,6000,6000,840,0,5100,5067.933958497637,4250.623446001555,6016.682707002474,1881.277380952381
1790290739,40,,Aggregated,4.100000,0.000000,5100,5200,5300,5400,5500,5600,5800,5800,6000,6000,6000,840,0,5100,5067.933958497637,4250.623446001555,6016.682707002474,1881.277380952381
1790290740,40,,Aggregated,4.100000,0.000000,5100,5200,5300,5400,5500,5600,5800,5800,6000,6000,6000,840,0,5100,5067.933958497637,4250.623446001555,6016.682707002474,1881.277380952381
1790290741,40,,Aggregated,6.000000,0.000000,5100,5200,5300,5400,5500,5600,5800,5800,6000,6000,6000,845,0,5100,5067.487815757412,4250.623446001555,6016.682707002474,1880.5360946745561
1790290742,40,,Aggregated,4.000000,0.000000,5100,5200,5300,5400,5500,5600,5800,5800,6000,6000,6000,880,0,5100,5065.5703923227475,4250.623446001555,6016.682707002474,1880.4011363636364
1790290743,40,,Aggregated,4.000000,0.000000,5100,5200,5300,5400,5500,5600,5800,5800,6000,6000,6000,880,0,5100,5065.5703923227475,4250.623446001555,6016.682707002474,1880.4011363636364
1790290744,40,,Aggregated,4.000000,0.000000,5100,5200,5300,5400,5500,5600,5800,5800,6000,6000,6000,880,0,5100,5065.5703923227475,4250.623446001555,6016.682707002474,1880.4011363636364
1790290745,40,,Aggregated,4.000000,0.000000,5100,5200,5300,5400,5500,5600,5800,5800,6000,6000,6000,880,0,5100,5065.5703923227475,4250.623446001555,6016.682707002474,1880.4011363636364
1790290746,40,,Aggregated,4.000000,0.000000,5100,5200,5300,5400,5500,5600,5800,5800,6000,6000,6000,880,0,5100,5065.5703923227475,4250.623446001555,6016.682707002474,1880.4011363636364
1790290747,40,,Aggregated,8.000000,0.000000,5100,5200,5300,5400,5500,5600,5800,5800,6000,6000,6000,881,0,5100,5065.532268794573,4250.623446001555,6016.682707002474,1880.272417707151
1790290748,40,,Aggregated,4.000000,0.000000,5100,5200,5300,5400,5500,5600,5700,5800,6000,6000,6000,902,0,5100,5065.019724471197,4250.623446001555,6016.682707002474,1879.3625277161862
1790290749,40,,Aggregated,4.000000,0.000000,5100,5200,5300,5400,5500,5600,5800,5800,6000,6000,6000,920,0,5100,5065.423194802191,4250.623446001555,6016.682707002474,1880.1728260869565
1790290750,40,,Aggregated,4.000000,0.000000,5100,5200,5300,5400,5500,5600,5800,5800,6000,6000,6000,920,0,5100,5065.423194802191,4250.623446001555,6016.682707002474,1880.1728260869565
1790290751,40,,Aggregated,4.000000,0.000000,5100,5200,5300,5400,5500,5600,5800,5800,6000,6000,6000,920,0,5100,5065.423194802191,4250.623446001555,6016.682707002474,1880.1728260869565
1790290752,40,,Aggregated,4.000000,0.000000,5100,5200,5300,5400,5500,5600,5800,5800,6000,6000,6000,920,0,5100,5065.423194802191,4250.623446001555,6016.682707002474,1880.1728260869565
1790290753,40,,Aggregated,4.000000,0.000000,5100,5200,5300,5400,5500,5600,5800,5800,6000,6000,6000,920,0,5100,5065.423194802191,4250.623446001555,6016.682707002474,1880.1728260869565
1790290754,40,,Aggregated,6.100000,0.000000,5100,5200,5300,5400,5500,5600,5800,5800,6000,6000,6000,921,0,5100,5065.213791220429,4250.623446001555,6016.682707002474,1879.9761129207384
1790290755,40,,Aggregated,4.000000,0.000000,5100,5200,5300,5400,5500,5600,5700,5800,6000,6000,6000,960,0,5100,5063.929409837505,4250.623446001555,6016.682707002474,1880.2552083333333
1790290756,40,,Aggregated,4.000000,0.000000,5100,5200,5300,5400,5500,5600,5700,5800,6000,6000,6000,960,0,5100,5063.929409837505,4250.623446001555,6016.682707002474,1880.2552083333333
1790290757,40,,Aggregated,4.000000,0.000000,5100,5200,5300,5400,5500,5600,5700,5800,6000,6000,6000,960,0,5100,5063.929409837505,4250.623446001555,6016.682707002474,1880.2552083333333
1790290758,40,,Aggregated,4.000000,0.000000,5100,5200,5300,5400,5500,5600,5700,5800,6000,6000,6000,960,0,5100,5063.929409837505,4250.623446001555,6016.682707002474,1880.2552083333333
1790290759,40,,Aggregated,4.000000,0.000000,5100,5200,5300,5400,5500,5600,5700,5800,6000,6000,6000,960,0,5100,5063.929409837505,4250.623446001555,6016.682707002474,1880.2552083333333
1790290760,40,,Aggregated,4.000000,0.000000,5100,5200,5300,5400,5500,5600,5700,5800,6000,6000,6000,960,0,5100,5063.929409837505,4250.623446001555,6016.682707002474,1880.2552083333333
1790290761,40,,Aggregated,4.400000,0.000000,5100,5200,5300,5400,5500,5600,5700,5800,6000,6000,6000,983,0,5100,5064.66299320856,4250.623446001555,6016.682707002474,1879.972533062055
1790290762,40,,Aggregated,4.000000,0.000000,5100,5200,5300,5400,5500,5600,5800,5800,6000,6000,6000,1000,0,5100,5063.72649177701,4250.623446001555,6016.682707002474,1880.709
1790290763,40,,Aggregated,4.000000,0.000000,5100,5200,5300,5400,5500,5600,5800,5800,6000,6000,6000,1000,0,5100,5063.72649177701,4250.623446001555,6016.682707002474,1880.709
1790290764,40,,Aggregated,4.000000,0.000000,5100,5200,5300,5400,5500,5600,5800,5800,6000,6000,6000,1000,0,5100,5063.72649177701,4250.623446001555,6016.682707002474,1880.709
1790290765,40,,Aggregated,4.000000,0.000000,5100,5200,5300,5400,5500,5600,5800,5800,6000,6000,6000,1000,0,5100,5063.72649177701,4250.623446001555,6016.682707002474,1880.709
1790290766,40,,Aggregated,4.000000,0.000000,5100,5200,5300,5400,5500,5600,5800,5800,6000,6000,6000,1000,0,5100,5063.72649177701,4250.623446001555,6016.682707002474,1880.709
1790290767,40,,Aggregated,6.900000,0.000000,5100,5200,5300,5400,5500,5600,5700,5800,6000,6000,6000,1004,0,5100,5063.097294890446,4250.623446001555,6016.682707002474,1880.3446215139443
1790290768,40,,Aggregated,4.000000,0.000000,5100,5200,5300,5400,5500,5600,5700,5800,6000,6000,6000,1040,0,5100,5062.723399927882,4250.623446001555,6016.682707002474,1880.8067307692309
1790290769,40,,Aggregated,4.000000,0.000000,5100,5200,5300,5400,5500,5600,5700,5800,6000,6000,6000,1040,0,5100,5062.723399927882,4250.623446001555,6016.682707002474,1880.8067307692309
1790290770,40,,Aggregated,4.000000,0.000000,5100,5200,5300,5400,5500,5600,5700,5800,6000,6000,6000,1040,0,5100,5062.723399927882,4250.623446001555,6016.682707002474,1880.8067307692309
1790290771,40,,Aggregated,4.000000,0.000000,5100,5200,5300,5400,5500,5600,5700,5800,6000,6000,6000,1040,0,5100,5062.723399927882,4250.623446001555,6016.682707002474,1880.8067307692309
1790290772,40,,Aggregated,4.000000,0.000000,5100,5200,5300,5400,5500,5600,5700,5800,6000,6000,6000,1040,0,5100,5062.723399927882,4250.623446001555,6016.682707002474,1880.8067307692309
1790290773,40,,Aggregated,4.000000,0.000000,5100,5200,5300,5400,5500,5600,5700,5800,6000,6000,6000,1040,0,5100,5062.723399927882,4250.623446001555,6016.682707002474,1880.8067307692309
1790290774,40,,Aggregated,4.500000,0.000000,5100,5200,5300,5400,5500,5600,5700,5800,6000,6000,6000,1055,0,5100,5064.139352479618,4250.623446001555,6016.682707002474,1879.375355450237
1790290775,40,,Aggregated,4.000000,0.000000,5100,5200,5300,5400,5500,5700,5800,5800,6000,6100,6100,1080,0,5100,5071.547891414809,4250.623446001555,6076.35516099981,1879.9925925925927
1790290776,40,,Aggregated,4.000000,0.000000,5100,5200,5300,5400,5500,5700,5800,5800,6000,6100,6100,1080,0,5100,5071.547891414809,4250.623446001555,6076.35516099981,1879.9925925925927
1790290777,40,,Aggregated,4.000000,0.000000,5100,5200,5300,5400,5500,5700,5800,5800,6000,6100,6100,1080,0,5100,5071.547891414809,4250.623446001555,6076.35516099981,1879.9925925925927
1790290778,40,,Aggregated,4.000000,0.000000,5100,5200,5300,5400,5500,5700,5800,5800,6000,6100,6100,1080,0,5100,5071.547891414809,4250.623446001555,6076.35516099981,1879.9925925925927
1790290779,40,,Aggregated,4.000000,0.000000,5100,5200,5300,5400,5500,5700,5800,5800,6000,6100,6100,1080,0,5100,5071.547891414809,4250.623446001555,6076.35516099981,1879.9925925925927
1790290780,40,,Aggregated,6.500000,0.000000,5100,5200,5300,5400,5500,5600,5800,5800,6000,6100,6100,1082,0,5100,5071.174598921434,4250.623446001555,6076.35516099981,1879.699630314233
1790290781,40,,Aggregated,4.000000,0.000000,5100,5200,5300,5400,5500,5600,5800,5800,6000,6100,6100,1119,0,5100,5068.314146899004,4250.623446001555,6076.35516099981,1880.1519213583556
1790290782,40,,Aggregated,4.000000,0.000000,5100,5200,5300,5400,5500,5600,5800,5800,6000,6100,6100,1120,0,5100,5068.218342564275,4250.623446001555,6076.35516099981,1880.2455357142858
1790290783,40,,Aggregated,4.000000,0.000000,5100,5200,5300,5400,5500,5600,5800,5800,6000,6100,6100,1120,0,5100,5068.218342564275,4250.623446001555,6076.35516099981,1880.2455357142858
1790290784,40,,Aggregated,4.000000,0.000000,5100,5200,5300,5400,5500,5600,5800,5800,6000,6100,6100,1120,0,5100,5068.218342564275,4250.623446001555,6076.35516099981,1880.2455357142858
1790290785,40,,Aggregated,4.000000,0.000000,5100,5200,5300,5400,5500,5600,5800,5800,6000,6100,6100,1120,0,5100,5068.218342564275,4250.623446001555,6076.35516099981,1880.2455357142858
1790290786,40,,Aggregated,4.000000,0.000000,5100,5200,5300,5400,5500,5600,5800,5800,6000,6100,6100,1120,0,5100,5068.218342564275,4250.623446001555,6076.35516099981,1880.2455357142858
1790290787,40,,Aggregated,5.500000,0.000000,5100,5200,5300,5400,5500,5600,5800,5800,6000,6100,6100,1134,0,5100,5066.59296397,4250.623446001555,6076.35516099981,1879.742504409171
1790290788,40,,Aggregated,4.000000,0.000000,5100,5200,5300,5400,5500,5600,5800,5800,6000,6100,6100,1160,0,5100,5067.235795080141,4250.623446001555,6076.35516099981,1880.8956896551724
1790290789,40,,Aggregated,4.000000,0.000000,5100,5200,5300,5400,5500,5600,5800,5800,6000,6100,6100,1160,0,5100,5067.235795080141,4250.623446001555,6076.35516099981,1880.8956896551724
1790290790,40,,Aggregated,4.000000,0.000000,5100,5200,5300,5400,5500,5600,5800,5800,6000,6100,6100,1160,0,5100,5067.235795080141,4250.623446001555,6076.35516099981,1880.8956896551724
1790290791,40,,Aggregated,4.000000,0.000000,5100,5200,5300,5400,5500,5600,5800,5800,6000,6100,6100,1160,0,5100,5067.235795080141,4250.623446001555,6076.35516099981,1880.8956896551724
1790290792,40,,Aggregated,4.000000,0.000000,5100,5200,5300,5400,5500,5600,5800,5800,6000,6100,6100,1160,0,5100,5067.235795080141,4250.623446001555,6076.35516099981,1880.8956896551724
1790290793,40,,Aggregated,7.700000,0.000000,5100,5200,5300,5400,5500,5600,5800,5800,6000,6100,6100,1164,0,5100,5067.525824729349,4250.623446001555,6076.35516099981,1880.680412371134
1790290794,40,,Aggregated,4.000000,0.000000,5100,5200,5300,5400,5500,5600,5800,5800,6000,6100,6100,1200,0,5100,5066.4371187957995,4250.623446001555,6076.35516099981,1881.35
1790290795,40,,Aggregated,4.000000,0.000000,5100,5200,5300,5400,5500,5600,5800,5800,6000,6100,6100,1200,0,5100,5066.4371187957995,4250.623446001555,6076.35516099981,1881.35
1790290797,40,,Aggregated,4.000000,0.000000,5100,5200,5300,5400,5500,5600,5800,5800,6000,6100,6100,1200,0,5100,5066.4371187957995,4250.623446001555,6076.35516099981,1881.35
1790290798,40,,Aggregated,4.000000,0.000000,5100,5200,5300,5400,5500,5600,5800,5800,6000,6100,6100,1200,0,5100,5066.4371187957995,4250.623446001555,6076.35516099981,1881.35
1790290799,40,,Aggregated,4.000000,0.000000,5100,5200,5300,5400,5500,5600,5800,5800,6000,6100,6100,1200,0,5100,5066.4371187957995,4250.623446001555,6076.35516099981,1881.35
1790290800,40,,Aggregated,4.000000,0.000000,5100,5200,5300,5400,5500,5600,5800,5800,6000,6100,6100,1200,0,5100,5066.4371187957995,4250.623446001555,6076.35516099981,1881.35
1790290801,40,,Aggregated,4.000000,0.000000,5100,5200,5300,5400,5500,5600,5800,5800,6000,6100,6100,1215,0,5100,5065.044015777748,4250.623446001555,6076.35516099981,1880.8213991769546
1790290802,40,,Aggregated,4.000000,0.000000,5100,5200,5300,5400,5500,5600,5800,5800,6000,6100,6100,1240,0,5100,5066.67392907095,4250.623446001555,6076.35516099981,1881.4403225806452
1790290803,40,,Aggregated,4.000000,0.000000,5100,5200,5300,5400,5500,5600,5800,5800,6000,6100,6100,1240,0,5100,5066.67392907095,4250.623446001555,6076.35516099981,1881.4403225806452
1790290804,40,,Aggregated,4.000000,0.000000,5100,5200,5300,5400,5500,5600,5800,5800,6000,6100,6100,1240,0,5100,5066.67392907095,4250.623446001555,6076.35516099981,1881.4403225806452
1790290805,40,,Aggregated,4.000000,0.000000,5100,5200,5300,5400,5500,5600,5800,5800,6000,6100,6100,1240,0,5100,5066.67392907095,4250.623446001555,6076.35516099981,1881.4403225806452
1790290806,40,,Aggregated,4.000000,0.000000,5100,5200,5300,5400,5500,5600,5800,5800,6000,6100,6100,1240,0,5100,5066.67392907095,4250.623446001555,6076.35516099981,1881.4403225806452
1790290807,40,,Aggregated,4.000000,0.000000,5100,5200,5300,5400,5500,5600,5800,5800,6000,6100,6100,1240,0,5100,5066.67392907095,4250.623446001555,6076.35516099981,1881.4403225806452
1790290808,40,,Aggregated,4.000000,0.000000,5100,5200,5300,5400,5500,5600,5700,5800,6000,6100,6100,1274,0,5100,5066.421699411291,4250.623446001555,6076.35516099981,1881.5345368916796
1790290809,40,,Aggregated,4.000000,0.000000,5100,5200,5300,5400,5500,5600,5700,5800,6000,6100,6100,1280,0,5100,5066.48671488749,4250.623446001555,6076.35516099981,1881.725
1790290810,40,,Aggregated,4.000000,0.000000,5100,5200,5300,5400,5500,5600,5700,5800,6000,6100,6100,1280,0,5100,5066.48671488749,4250.623446001555,6076.35516099981,1881.725
1790290811,40,,Aggregated,4.000000,0.000000,5100,5200,5300,5400,5500,5600,5700,5800,6000,6100,6100,1280,0,5100,5066.48671488749,4250.623446001555,6076.35516099981,1881.725
1790290812,40,,Aggregated,4.000000,0.000000,5100,5200,5300,5400,5500,5600,5700,5800,6000,6100,6100,1280,0,5100,5066.48671488749,4250.623446001555,6076.35516099981,1881.725
1790290813,40,,Aggregated,4.000000,0.000000,5100,5200,5300,5400,5500,5600,5700,5800,6000,6100,6100,1280,0,5100,5066.48671488749,4250.623446001555,6076.35516099981,1881.725
1790290814,40,,Aggregated,4.000000,0.000000,5100,5200,5300,5400,5500,5600,5700,5800,6000,6100,6100,1288,0,5100,5066.336968335392,4250.623446001555,6076.35516099981,1881.3687888198758
1790290815,40,,Aggregated,4.000000,0.000000,5100,5200,5300,5400,5500,5600,5700,5800,6000,6100,6100,1320,0,5100,5065.883570271963,4250.623446001555,6076.35516099981,1880.990909090909
1790290816,40,,Aggregated,4.000000,0.000000,5100,5200,5300,5400,5500,5600,5700,5800,6000,6100,6100,1320,0,5100,5065.883570271963,4250.623446001555,6076.35516099981,1880.990909090909
1790290817,40,,Aggregated,4.000000,0.000000,5100,5200,5300,5400,5500,5600,5700,5800,6000,6100,6100,1320,0,5100,5065.883570271963,4250.623446001555,6076.35516099981,1880.990909090909
1790290818,40,,Aggregated,4.000000,0.000000,5100,5200,5300,5400,5500,5600,5700,5800,6000,6100,6100,1320,0,5100,5065.883570271963,4250.623446001555,6076.35516099981,1880.990909090909
1790290819,40,,Aggregated,4.000000,0.000000,5100,5200,5300,5400,5500,5600,5700,5800,6000,6100,6100,1320,0,5100,5065.883570271963,4250.623446001555,6076.35516099981,1880.990909090909
1790290820,40,,Aggregated,4.000000,0.000000,5100,5200,5300,5400,5500,5600,5700,5800,6000,6100,6100,1320,0,5100,5065.883570271963,4250.623446001555,6076.35516099981,1880.990909090909
1790290821,40,,Aggregated,4.000000,0.000000,5100,5200,5300,5400,5500,5600,5700,5800,6000,6100,6100,1356,0,5100,5065.059495800875,4250.623446001555,6076.35516099981,1880.7382005899706
1790290822,40,,Aggregated,4.000000,0.000000,5100,5200,5300,5400,5500,5600,5700,5800,6000,6100,6100,1360,0,5100,5065.400506386752,4250.623446001555,6076.35516099981,1881.0522058823528
1790290823,40,,Aggregated,4.000000,0.000000,5100,5200,5300,5400,5500,5600,5700,5800,6000,6100,6100,1360,0,5100,5065.400506386752,4250.623446001555,6076.35516099981,1881.0522058823528
1790290824,40,,Aggregated,4.000000,0.000000,5100,5200,5300,5400,5500,5600,5700,5800,6000,6100,6100,1360,0,5100,5065.400506386752,4250.623446001555,6076.35516099981,1881.0522058823528
1790290825,40,,Aggregated,4.000000,0.000000,5100,5200,5300,5400,5500,5600,5700,5800,6000,6100,6100,1360,0,5100,5065.400506386752,4250.623446001555,6076.35516099981,1881.0522058823528
1790290826,40,,Aggregated,4.000000,0.000000,5100,5200,5300,5400,5500,5600,5700,5800,6000,6100,6100,1360,0,5100,5065.400506386752,4250.623446001555,6076.35516099981,1881.0522058823528
1790290827,40,,Aggregated,4.000000,0.000000,5100,5200,5300,5400,5500,5600,5700,5800,6000,6100,6100,1374,0,5100,5063.997065886455,4250.623446001555,6076.35516099981,1880.4272197962155
1790290828,40,,Aggregated,4.000000,0.000000,5100,5200,5300,5400,5500,5600,5700,5800,6000,6100,6100,1400,0,5100,5065.232892207134,4250.623446001555,6076.35516099981,1881.1114285714286
1790290829,40,,Aggregated,4.000000,0.000000,5100,5200,5300,5400,5500,5600,5700,5800,6000,6100,6100,1400,0,5100,5065.232892207134,4250.623446001555,6076.35516099981,1881.1114285714286
1790290830,40,,Aggregated,4.000000,0.000000,5100,5200,5300,5400,5500,5600,5700,5800,6000,6100,6100,1400,0,5100,5065.232892207134,4250.623446001555,6076.35516099981,1881.1114285714286
1790290831,40,,Aggregated,4.000000,0.000000,5100,5200,5300,5400,5500,5600,5700,5800,6000,6100,6100,1400,0,5100,5065.232892207134,4250.623446001555,6076.35516099981,1881.1114285714286
1790290832,40,,Aggregated,4.000000,0.000000,5100,5200,5300,5400,5500,5600,5700,5800,6000,6100,6100,1400,0,5100,5065.232892207134,4250.623446001555,6076.35516099981,1881.1114285714286
1790290833,40,,Aggregated,4.000000,0.000000,5100,5200,5300,5400,5500,5600,5700,5800,6000,6100,6100,1400,0,5100,5065.232892207134,4250.623446001555,6076.35516099981,1881.1114285714286
1790290834,40,,Aggregated,4.000000,0.000000,5100,5200,5300,5400,5500,5600,5700,5800,6000,6100,6100,1431,0,5100,5065.514810856739,4250.623446001555,6076.35516099981,1880.5101327742836
1790290835,40,,Aggregated,4.000000,0.000000,5100,5200,5300,5400,5500,5600,5700,5800,6000,6100,6100,1440,0,5100,5065.576936045137,4250.623446001555,6076.35516099981,1880.9944444444445
1790290836,40,,Aggregated,4.000000,0.000000,5100,5200,5300,5400,5500,5600,5700,5800,6000,6100,6100,1440,0,5100,5065.576936045137,4250.623446001555,6076.35516099981,1880.9944444444445
1790290837,40,,Aggregated,4.000000,0.000000,5100,5200,5300,5400,5500,5600,5700,5800,6000,6100,6100,1440,0,5100,5065.576936045137,4250.623446001555,6076.35516099981,1880.9944444444445
1790290838,40,,Aggregated,4.000000,0.000000,5100,5200,5300,5400,5500,5600,5700,5800,6000,6100,6100,1440,0,5100,5065.576936045137,4250.623446001555,6076.35516099981,1880.9944444444445
1790290839,40,,Aggregated,4.000000,0.000000,5100,5200,5300,5400,5500,5600,5700,5800,6000,6100,6100,1440,0,5100,5065.576936045137,4250.623446001555,6076.35516099981,1880.9944444444445
1790290840,40,,Aggregated,4.000000,0.000000,5100,5200,5300,5400,5500,5600,5700,5800,6000,6100,6100,1440,0,5100,5065.576936045137,4250.623446001555,6076.35516099981,1880.9944444444445
1790290841,40,,Aggregated,4.000000,0.000000,5100,5200,5300,5400,5500,5600,5700,5800,6000,6100,6100,1480,0,5100,5068.895674765542,4250.623446001555,6076.35516099981,1880.9074324324324
1790290842,40,,Aggregated,4.000000,0.000000,5100,5200,5300,5400,5500,5600,5700,5800,6000,6100,6100,1480,0,5100,5068.895674765542,4250.623446001555,6076.35516099981,1880.9074324324324
1790290843,40,,Aggregated,4.000000,0.000000,5100,5200,5300,5400,5500,5600,5700,5800,6000,6100,6100,1480,0,5100,5068.895674765542,4250.623446001555,6076.35516099981,1880.9074324324324
1790290844,40,,Aggregated,4.000000,0.000000,5100,5200,5300,5400,5500,5600,5700,5800,6000,6100,6100,1480,0,5100,5068.895674765542,4250.623446001555,6076.35516099981,1880.9074324324324
1790290845,40,,Aggregated,4.000000,0.000000,5100,5200,5300,5400,5500,5600,5700,5800,6000,6100,6100,1480,0,5100,5068.895674765542,4250.623446001555,6076.35516099981,1880.9074324324324
1790290846,40,,Aggregated,4.000000,0.000000,5100,5200,5300,5400,5500,5600,5700,5800,6000,6100,6100,1480,0,5100,5068.895674765542,4250.623446001555,6076.35516099981,1880.9074324324324
1790290847,40,,Aggregated,4.000000,0.000000,5100,5200,5300,5400,5500,5600,5700,5800,6000,6100,6100,1497,0,5100,5069.49642897128,4250.623446001555,6076.35516099981,1880.625250501002
1790290848,40,,Aggregated,4.000000,0.000000,5100,5200,5300,5400,5500,5600,5700,5800,6000,6100,6100,1520,0,5100,5070.820487052628,4250.623446001555,6076.35516099981,1881.4828947368421
1790290849,40,,Aggregated,4.000000,0.000000,5100,5200,5300,5400,5500,5600,5700,5800,6000,6100,6100,1520,0,5100,5070.820487052628,4250.623446001555,6076.35516099981,1881.4828947368421
1790290850,40,,Aggregated,4.000000,0.000000,5100,5200,5300,5400,5500,5600,5700,5800,6000,6100,6100,1520,0,5100,5070.820487052628,4250.623446001555,6076.35516099981,1881.4828947368421
1790290851,40,,Aggregated,4.000000,0.000000,5100,5200,5300,5400,5500,5600,5700,5800,6000,6100,6100,1520,0,5100,5070.820487052628,4250.623446001555,6076.35516099981,1881.4828947368421
1790290852,40,,Aggregated,4.000000,0.000000,5100,5200,5300,5400,5500,5600,5700,5800,6000,6100,6100,1520,0,5100,5070.820487052628,4250.623446001555,6076.35516099981,1881.4828947368421
1790290853,40,,Aggregated,4.000000,0.000000,5100,5200,5300,5400,5500,5600,5700,5800,6000,6100,6100,1520,0,5100,5070.820487052628,4250.623446001555,6076.35516099981,1881.4828947368421
1790290854,40,,Aggregated,4.000000,0.000000,5100,5200,5300,5400,5500,5600,5700,5800,6000,6100,6100,1560,0,5100,5072.145638982053,4250.623446001555,6076.35516099981,1881.8057692307693
1790290855,40,,Aggregated,4.000000,0.000000,5100,5200,5300,5400,5500,5600,5700,5800,6000,6100,6100,1560,0,5100,5072.145638982053,4250.623446001555,6076.35516099981,1881.8057692307693
1790290856,40,,Aggregated,4.000000,0.000000,5100,5200,5300,5400,5500,5600,5700,5800,6000,6100,6100,1560,0,5100,5072.145638982053,4250.623446001555,6076.35516099981,1881.8057692307693
1790290857,40,,Aggregated,4.000000,0.000000,5100,5200,5300,5400,5500,5600,5700,5800,6000,6100,6100,1560,0,5100,5072.145638982053,4250.623446001555,6076.35516099981,1881.8057692307693
1790290858,40,,Aggregated,4.000000,0.000000,5100,5200,5300,5400,5500,5600,5700,5800,6000,6100,6100,1560,0,5100,5072.145638982053,4250.623446001555,6076.35516099981,1881.8057692307693
1790290859,40,,Aggregated,4.000000,0.000000,5100,5200,5300,5400,5500,5600,5700,5800,6000,6100,6100,1560,0,5100,5072.145638982053,4250.623446001555,6076.35516099981,1881.8057692307693
1790290860,40,,Aggregated,4.000000,0.000000,5100,5200,5300,5400,5500,5600,5700,5800,6000,6100,6100,1572,0,5100,5070.113796687664,4250.623446001555,6076.35516099981,1881.2690839694656
1790290861,40,,Aggregated,4.000000,0.000000,5100,5200,5300,5400,5500,5600,5700,5800,6000,6100,6100,1600,0,5100,5070.586225692503,4231.973091998952,6076.35516099981,1882.236875
1790290862,40,,Aggregated,4.000000,0.000000,5100,5200,5300,5400,5500,5600,5700,5800,6000,6100,6100,1600,0,5100,5070.586225692503,4231.973091998952,6076.35516099981,1882.236875
1790290863,40,,Aggregated,4.000000,0.000000,5100,5200,5300,5400,5500,5600,5700,5800,6000,6100,6100,1600,0,5100,5070.586225692503,4231.973091998952,6076.35516099981,1882.236875
1790290864,40,,Aggregated,4.000000,0.000000,5100,5200,5300,5400,5500,5600,5700,5800,6000,6100,6100,1600,0,5100,5070.586225692503,4231.973091998952,6076.35516099981,1882.236875
1790290865,40,,Aggregated,4.000000,0.000000,5100,5200,5300,5400,5500,5600,5700,5800,6000,6100,6100,1600,0,5100,5070.586225692503,4231.973091998952,6076.35516099981,1882.236875
1790290866,40,,Aggregated,4.000000,0.000000,5100,5200,5300,5400,5500,5600,5700,5800,6000,6100,6100,1600,0,5100,5070.586225692503,4231.973091998952,6076.35516099981,1882.236875
1790290867,40,,Aggregated,4.000000,0.000000,5100,5200,5300,5400,5500,5600,5700,5800,6000,6100,6100,1639,0,5100,5069.311387966433,4231.973091998952,6076.35516099981,1882.2892007321539
1790290868,40,,Aggregated,4.000000,0.000000,5100,5200,5300,5400,5500,5600,5700,5800,6000,6100,6100,1640,0,5100,5069.152875030478,4231.973091998952,6076.35516099981,1882.323780487805
1790290869,40,,Aggregated,4.000000,0.000000,5100,5200,5300,5400,5500,5600,5700,5800,6000,6100,6100,1640,0,5100,5069.152875030478,4231.973091998952,6076.35516099981,1882.323780487805
1790290870,40,,Aggregated,4.000000,0.000000,5100,5200,5300,5400,5500,5600,5700,5800,6000,6100,6100,1640,0,5100,5069.152875030478,4231.973091998952,6076.35516099981,1882.323780487805
1790290871,40,,Aggregated,4.000000,0.000000,5100,5200,5300,5400,5500,5600,5700,5800,6000,6100,6100,1640,0,5100,5069.152875030478,4231.973091998952,6076.35516099981,1882.323780487805
1790290872,40,,Aggregated,4.000000,0.000000,5100,5200,5300,5400,5500,5600,5700,5800,6000,6100,6100,1640,0,5100,5069.152875030478,4231.973091998952,6076.35516099981,1882.323780487805
1790290873,40,,Aggregated,4.000000,0.000000,5100,5200,5300,5400,5500,5600,5700,5800,6000,6100,6100,1653,0,5100,5069.8222137719185,4231.973091998952,6076.35516099981,1882.2855414398064
1790290874,40,,Aggregated,4.000000,0.000000,5100,5200,5300,5400,5500,5600,5700,5800,6000,6100,6100,1680,0,5100,5070.406620525591,4231.973091998952,6076.35516099981,1882.8107142857143
1790290875,40,,Aggregated,4.000000,0.000000,5100,5200,5300,5400,5500,5600,5700,5800,6000,6100,6100,1680,0,5100,5070.406620525591,4231.973091998952,6076.35516099981,1882.8107142857143
1790290876,40,,Aggregated,4.000000,0.000000,5100,5200,5300,5400,5500,5600,5700,5800,6000,6100,6100,1680,0,5100,5070.406620525591,4231.973091998952,6076.35516099981,1882.8107142857143
1790290877,40,,Aggregated,4.000000,0.000000,5100,5200,5300,5400,5500,5600,5700,5800,6000,6100,6100,1680,0,5100,5070.406620525591,4231.973091998952,6076.35516099981,1882.8107142857143
1790290878,40,,Aggregated,4.000000,0.000000,5100,5200,5300,5400,5500,5600,5700,5800,6000,6100,6100,1680,0,5100,5070.406620525591,4231.973091998952,6076.35516099981,1882.8107142857143
1790290879,40,,Aggregated,4.000000,0.000000,5100,5200,5300,5400,5500,5600,5700,5800,6000,6100,6100,1680,0,5100,5070.406620525591,4231.973091998952,6076.35516099981,1882.8107142857143
1790290880,40,,Aggregated,4.000000,0.000000,5100,5200,5300,5400,5500,5600,5700,5800,6000,6100,6100,1712,0,5100,5067.502371171144,4231.973091998952,6076.35516099981,1882.1571261682243
1790290881,40,,Aggregated,4.000000,0.000000,5100,5200,5300,5400,5500,5600,5700,5800,6000,6100,6100,1720,0,5100,5067.905666649416,4231.973091998952,6076.35516099981,1882.489534883721
1790290882,40,,Aggregated,4.000000,0.000000,5100,5200,5300,5400,5500,5600,5700,5800,6000,6100,6100,1720,0,5100,5067.905666649416,4231.973091998952,6076.35516099981,1882.489534883721
1790290883,40,,Aggregated,4.000000,0.000000,5100,5200,5300,5400,5500,5600,5700,5800,6000,6100,6100,1720,0,5100,5067.905666649416,4231.973091998952,6076.35516099981,1882.489534883721
1790290884,40,,Aggregated,4.000000,0.000000,5100,5200,5300,5400,5500,5600,5700,5800,6000,6100,6100,1720,0,5100,5067.905666649416,4231.973091998952,6076.35516099981,1882.489534883721
1790290885,40,,Aggregated,4.000000,0.000000,5100,5200,5300,5400,5500,5600,5700,5800,6000,6100,6100,1720,0,5100,5067.905666649416,4231.973091998952,6076.35516099981,1882.489534883721
1790290886,40,,Aggregated,4.400000,0.000000,5100,5200,5300,5400,5500,5600,5700,5800,6000,6100,6100,1738,0,5100,5066.4886051984995,4231.973091998952,6076.35516099981,1881.7617951668585
1790290887,40,,Aggregated,4.000000,0.000000,5100,5200,5300,5400,5500,5600,5700,5800,6000,6100,6100,1760,0,5100,5066.091782436362,4231.973091998952,6076.35516099981,1882.372159090909
1790290888,40,,Aggregated,4.000000,0.000000,5100,5200,5300,5400,5500,5600,5700,5800,6000,6100,6100,1760,0,5100,5066.091782436362,4231.973091998952,6076.35516099981,1882.372159090909
1790290889,40,,Aggregated,4.000000,0.000000,5100,5200,5300,5400,5500,5600,5700,5800,6000,6100,6100,1760,0,5100,5066.091782436362,4231.973091998952,6076.35516099981,1882.372159090909
1790290890,40,,Aggregated,4.000000,0.000000,5100,5200,5300,5400,5500,5600,5700,5800,6000,6100,6100,1760,0,5100,5066.091782436362,4231.973091998952,6076.35516099981,1882.372159090909
1790290891,40,,Aggregated,4.000000,0.000000,5100,5200,5300,5400,5500,5600,5700,5800,6000,6100,6100,1760,0,5100,5066.091782436362,4231.973091998952,6076.35516099981,1882.372159090909
1790290892,40,,Aggregated,7.000000,0.000000,5100,5200,5300,5400,5500,5600,5700,5800,6000,6100,6100,1763,0,5100,5066.162834967667,4231.973091998952,6076.35516099981,1882.2586500283608
1790290893,40,,Aggregated,4.000000,0.000000,5100,5200,5300,5400,5500,5600,5700,5800,6000,6100,6100,1797,0,5100,5066.985465667223,4231.973091998952,6076.35516099981,1882.0962715637172
1790290894,40,,Aggregated,4.000000,0.000000,5100,5200,5300,5400,5500,5600,5700,5800,6000,6100,6100,1800,0,5100,5066.794831864999,4231.973091998952,6076.35516099981,1882.1444444444444
1790290895,40,,Aggregated,4.000000,0.000000,5100,5200,5300,5400,5500,5600,5700,5800,6000,6100,6100,1800,0,5100,5066.794831864999,4231.973091998952,6076.35516099981,1882.1444444444444
1790290896,40,,Aggregated,4.000000,0.000000,5100,5200,5300,5400,5500,5600,5700,5800,6000,6100,6100,1800,0,5100,5066.794831864999,4231.973091998952,6076.35516099981,1882.1444444444444
1790290897,40,,Aggregated,4.000000,0.000000,5100,5200,5300,5400,5500,5600,5700,5800,6000,6100,6100,1800,0,5100,5066.794831864999,4231.973091998952,6076.35516099981,1882.1444444444444
1790290898,40,,Aggregated,4.000000,0.000000,5100,5200,5300,5400,5500,5600,5700,5800,6000,6100,6100,1800,0,5100,5066.794831864999,4231.973091998952,6076.35516099981,1882.1444444444444
1790290899,40,,Aggregated,4.500000,0.000000,5100,5200,5300,5400,5500,5600,5700,5800,6000,6100,6100,1812,0,5100,5066.841918097129,4231.973091998952,6076.35516099981,1881.722958057395
1790290900,40,,Aggregated,4.000000,0.000000,5100,5200,5300,5400,5500,5600,5700,5800,6000,6100,6100,1840,0,5100,5066.34377650055,4231.973091998952,6076.35516099981,1882.021195652174
1790290901,40,,Aggregated,4.000000,0.000000,5100,5200,5300,5400,5500,5600,5700,5800,6000,6100,6100,1840,0,5100,5066.34377650055,4231.973091998952,6076.35516099981,1882.021195652174
1790290902,40,,Aggregated,4.000000,0.000000,5100,5200,5300,5400,5500,5600,5700,5800,6000,6100,6100,1840,0,5100,5066.34377650055,4231.973091998952,6076.35516099981,1882.021195652174
1790290903,40,,Aggregated,4.000000,0.000000,5100,5200,5300,5400,5500,5600,5700,5800,6000,6100,6100,1840,0,5100,5066.34377650055,4231.973091998952,6076.35516099981,1882.021195652174
1790290904,40,,Aggregated,4.000000,0.000000,5100,5200,5300,5400,5500,5600,5700,5800,6000,6100,6100,1840,0,5100,5066.34377650055,4231.973091998952,6076.35516099981,1882.021195652174
1790290905,40,,Aggregated,4.000000,0.000000,5100,5200,5300,5400,5500,5600,5700,5800,6000,6100,6100,1840,0,5100,5066.34377650055,4231.973091998952,6076.35516099981,1882.021195652174
1790290906,40,,Aggregated,4.000000,0.000000,5100,5200,5300,5400,5500,5600,5700,5800,6000,6100,6100,1861,0,5100,5066.495677650733,4231.973091998952,6076.35516099981,1881.485222998388
1790290907,40,,Aggregated,4.000000,0.000000,5100,5200,5300,5400,5500,5600,5700,5800,6000,6100,6100,1880,0,5100,5067.087323175542,4231.973091998952,6076.35516099981,1882.412234042553
1790290908,40,,Aggregated,4.000000,0.000000,5100,5200,5300,5400,5500,5600,5700,5800,6000,6100,6100,1880,0,5100,5067.087323175542,4231.973091998952,6076.35516099981,1882.412234042553
1790290909,40,,Aggregated,4.000000,0.000000,5100,5200,5300,5400,5500,5600,5700,5800,6000,6100,6100,1880,0,5100,5067.087323175542,4231.973091998952,6076.35516099981,1882.412234042553
1790290910,40,,Aggregated,4.000000,0.000000,5100,5200,5300,5400,5500,5600,5700,5800,6000,6100,6100,1880,0,5100,5067.087323175542,4231.973091998952,6076.35516099981,1882.412234042553
1790290911,40,,Aggregated,4.000000,0.000000,5100,5200,5300,5400,5500,5600,5700,5800,6000,6100,6100,1880,0,5100,5067.087323175542,4231.973091998952,6076.35516099981,1882.412234042553
1790290912,40,,Aggregated,5.900000,0.000000,5100,5200,5300,5400,5500,5600,5700,5800,6000,6100,6100,1891,0,5100,5066.18453464306,4231.973091998952,6076.35516099981,1882.0010576414595
1790290913,40,,Aggregated,4.000000,0.000000,5100,5200,5300,5400,5500,5600,5700,5800,6000,6100,6100,1920,0,5100,5064.940918987001,4231.973091998952,6076.35516099981,1882.0239583333334
1790290914,40,,Aggregated,4.000000,0.000000,5100,5200,5300,5400,5500,5600,5700,5800,6000,6100,6100,1920,0,5100,5064.940918987001,4231.973091998952,6076.35516099981,1882.0239583333334
1790290915,40,,Aggregated,4.000000,0.000000,5100,5200,5300,5400,5500,5600,5700,5800,6000,6100,6100,1920,0,5100,5064.940918987001,4231.973091998952,6076.35516099981,1882.0239583333334
1790290916,40,,Aggregated,4.000000,0.000000,5100,5200,5300,5400,5500,5600,5700,5800,6000,6100,6100,1920,0,5100,5064.940918987001,4231.973091998952,6076.35516099981,1882.0239583333334
1790290917,40,,Aggregated,4.000000,0.000000,5100,5200,5300,5400,5500,5600,5700,5800,6000,6100,6100,1920,0,5100,5064.940918987001,4231.973091998952,6076.35516099981,1882.0239583333334
1790290918,40,,Aggregated,4.000000,0.000000,5100,5200,5300,5400,5500,5600,5700,5800,6000,6100,6100,1920,0,5100,5064.940918987001,4231.973091998952,6076.35516099981,1882.0239583333334
1790290919,40,,Aggregated,4.300000,0.000000,5100,5200,5300,5400,5500,5600,5700,5800,6000,6100,6100,1944,0,5100,5066.314605418748,4231.973091998952,6076.35516099981,1882.0761316872429
1790290920,40,,Aggregated,4.000000,0.000000,5100,5200,5300,5400,5500,5600,5700,5800,6000,6100,6100,1960,0,5100,5065.64490539798,4222.468709998793,6076.35516099981,1882.0928571428572
1790290921,40,,Aggregated,4.000000,0.000000,5100,5200,5300,5400,5500,5600,5700,5800,6000,6100,6100,1960,0,5100,5065.64490539798,4222.468709998793,6076.35516099981,1882.0928571428572
1790290922,40,,Aggregated,4.000000,0.000000,5100,5200,5300,5400,5500,5600,5700,5800,6000,6100,6100,1960,0,5100,5065.64490539798,4222.468709998793,6076.35516099981,1882.0928571428572
1790290923,40,,Aggregated,4.000000,0.000000,5100,5200,5300,5400,5500,5600,5700,5800,6000,6100,6100,1960,0,5100,5065.64490539798,4222.468709998793,6076.35516099981,1882.0928571428572
1790290924,40,,Aggregated,4.000000,0.000000,5100,5200,5300,5400,5500,5600,5700,5800,6000,6100,6100,1960,0,5100,5065.64490539798,4222.468709998793,6076.35516099981,1882.0928571428572
1790290925,40,,Aggregated,6.500000,0.000000,5100,5200,5300,5400,5500,5600,5700,5800,6000,6100,6100,1965,0,5100,5065.333238626993,4222.468709998793,6076.35516099981,1881.842748091603
1790290926,40,,Aggregated,4.000000,0.000000,5100,5200,5300,5400,5500,5600,5700,5800,6000,6100,6100,2000,0,5100,5066.178760892018,4222.468709998793,6076.35516099981,1882.293
1790290927,40,,Aggregated,4.000000,0.000000,5100,5200,5300,5400,5500,5600,5700,5800,6000,6100,6100,2000,0,5100,5066.178760892018,4222.468709998793,6076.35516099981,1882.293
1790290928,40,,Aggregated,4.000000,0.000000,5100,5200,5300,5400,5500,5600,5700,5800,6000,6100,6100,2000,0,5100,5066.178760892018,4222.468709998793,6076.35516099981,1882.293
1790290929,40,,Aggregated,4.000000,0.000000,5100,5200,5300,5400,5500,5600,5700,5800,6000,6100,6100,2000,0,5100,5066.178760892018,4222.468709998793,6076.35516099981,1882.293
1790290930,40,,Aggregated,4.000000,0.000000,5100,5200,5300,5400,5500,5600,5700,5800,6000,6100,6100,2000,0,5100,5066.178760892018,4222.468709998793,6076.35516099981,1882.293
1790290931,40,,Aggregated,4.000000,0.000000,5100,5200,5300,5400,5500,5600,5700,5800,6000,6100,6100,2000,0,5100,5066.178760892018,4222.468709998793,6076.35516099981,1882.293
1790290932,40,,Aggregated,4.700000,0.000000,5100,5200,5300,5400,5500,5600,5700,5800,6000,6100,6100,2014,0,5100,5065.921928314807,4222.468709998793,6076.35516099981,1881.8083416087388
1790290933,40,,Aggregated,4.000000,0.000000,5100,5200,5300,5400,5500,5600,5800,5800,6000,6100,6100,2040,0,5100,5070.134653019614,4222.468709998793,6076.35516099981,1882.6857843137254
1790290934,40,,Aggregated,4.000000,0.000000,5100,5200,5300,5400,5500,5600,5800,5800,6000,6100,6100,2040,0,5100,5070.134653019614,4222.468709998793,6076.35516099981,1882.6857843137254
1790290935,40,,Aggregated,4.000000,0.000000,5100,5200,5300,5400,5500,5600,5800,5800,6000,6100,6100,2040,0,5100,5070.134653019614,4222.468709998793,6076.35516099981,1882.6857843137254
1790290937,40,,Aggregated,4.000000,0.000000,5100,5200,5300,5400,5500,5600,5800,5800,6000,6100,6100,2040,0,5100,5070.134653019614,4222.468709998793,6076.35516099981,1882.6857843137254
1790290938,40,,Aggregated,4.000000,0.000000,5100,5200,5300,5400,5500,5600,5800,5800,6000,6100,6100,2040,0,5100,5070.134653019614,4222.468709998793,6076.35516099981,1882.6857843137254
1790290939,40,,Aggregated,7.500000,0.000000,5100,5200,5300,5400,5500,5600,5800,5800,6000,6100,6100,2041,0,5100,5070.094547756498,4222.468709998793,6076.35516099981,1882.6148946594806
1790290940,40,,Aggregated,4.000000,0.000000,5100,5200,5300,5400,5500,5600,5800,5800,6000,6100,6100,2073,0,5100,5073.021620308256,4222.468709998793,6076.35516099981,1882.7255185721176
1790290941,40,,Aggregated,4.000000,0.000000,5100,5200,5300,5400,5500,5600,5800,5800,6000,6100,6100,2080,0,5100,5073.116459583661,4222.468709998793,6076.35516099981,1882.7629807692308
1790290942,40,,Aggregated,4.000000,0.000000,5100,5200,5300,5400,5500,5600,5800,5800,6000,6100,6100,2080,0,5100,5073.116459583661,4222.468709998793,6076.35516099981,1882.7629807692308
1790290943,40,,Aggregated,4.000000,0.000000,5100,5200,5300,5400,5500,5600,5800,5800,6000,6100,6100,2080,0,5100,5073.116459583661,4222.468709998793,6076.35516099981,1882.7629807692308
1790290944,40,,Aggregated,4.000000,0.000000,5100,5200,5300,5400,5500,5600,5800,5800,6000,6100,6100,2080,0,5100,5073.116459583661,4222.468709998793,6076.35516099981,1882.7629807692308
1790290945,40,,Aggregated,8.000000,0.000000,5100,5200,5300,5400,5500,5600,5800,5800,6000,6100,6100,2081,0,5100,5073.135252796739,4222.468709998793,6076.35516099981,1882.7376261412783
1790290946,40,,Aggregated,4.000000,0.000000,5100,5200,5300,5400,5500,5600,5800,5800,6000,6100,6100,2091,0,5100,5073.001851701585,4222.468709998793,6076.35516099981,1882.3572453371592
1790290947,40,,Aggregated,4.000000,0.000000,5100,5200,5300,5400,5500,5600,5800,5800,6000,6100,6100,2120,0,5100,5072.3766167443455,4222.468709998793,6076.35516099981,1882.4188679245283
1790290948,40,,Aggregated,4.000000,0.000000,5100,5200,5300,5400,5500,5600,5800,5800,6000,6100,6100,2120,0,5100,5072.3766167443455,4222.468709998793,6076.35516099981,1882.4188679245283
1790290949,40,,Aggregated,4.000000,0.000000,5100,5200,5300,5400,5500,5600,5800,5800,6000,6100,6100,2120,0,5100,5072.3766167443455,4222.468709998793,6076.35516099981,1882.4188679245283
1790290950,40,,Aggregated,4.000000,0.000000,5100,5200,5300,5400,5500,5600,5800,5800,6000,6100,6100,2120,0,5100,5072.3766167443455,4222.468709998793,6076.35516099981,1882.4188679245283
1790290951,40,,Aggregated,4.000000,0.000000,5100,5200,5300,5400,5500,5600,5800,5800,6000,6100,6100,2120,0,5100,5072.3766167443455,4222.468709998793,6076.35516099981,1882.4188679245283
1790290952,40,,Aggregated,4.000000,0.000000,5100,5200,5300,5400,5500,5600,5800,5800,6000,6100,6100,2120,0,5100,5072.3766167443455,4222.468709998793,6076.35516099981,1882.4188679245283
1790290953,40,,Aggregated,4.000000,0.000000,5100,5200,5300,5400,5500,5600,5800,5800,6000,6100,6100,2157,0,5100,5071.716456473348,4222.468709998793,6076.35516099981,1882.1376912378303
1790290954,40,,Aggregated,4.000000,0.000000,5100,5200,5300,5400,5500,5600,5800,5800,6000,6100,6100,2160,0,5100,5071.723025204174,4222.468709998793,6076.35516099981,1882.2486111111111
1790290955,40,,Aggregated,4.000000,0.000000,5100,5200,5300,5400,5500,5600,5800,5800,6000,6100,6100,2160,0,5100,5071.723025204174,4222.468709998793,6076.35516099981,1882.2486111111111
1790290956,40,,Aggregated,4.000000,0.000000,5100,5200,5300,5400,5500,5600,5800,5800,6000,6100,6100,2160,0,5100,5071.723025204174,4222.468709998793,6076.35516099981,1882.2486111111111
1790290957,40,,Aggregated,4.000000,0.000000,5100,5200,5300,5400,5500,5600,5800,5800,6000,6100,6100,2160,0,5100,5071.723025204174,4222.468709998793,6076.35516099981,1882.2486111111111
1790290958,40,,Aggregated,4.000000,0.000000,5100,5200,5300,5400,5500,5600,5800,5800,6000,6100,6100,2160,0,5100,5071.723025204174,4222.468709998793,6076.35516099981,1882.2486111111111
1790290959,40,,Aggregated,4.000000,0.000000,5100,5200,5300,5400,5500,5600,5800,5800,6000,6100,6100,2169,0,5100,5071.086513119419,4222.468709998793,6076.35516099981,1881.9829414476717
1790290960,40,,Aggregated,4.000000,0.000000,5100,5200,5300,5400,5500,5600,5800,5800,6000,6100,6100,2200,0,5100,5073.835145221361,4222.468709998793,6076.35516099981,1882.4840909090908
1790290961,40,,Aggregated,4.000000,0.000000,5100,5200,5300,5400,5500,5600,5800,5800,6000,6100,6100,2200,0,5100,5073.835145221361,4222.468709998793,6076.35516099981,1882.4840909090908
1790290962,40,,Aggregated,4.000000,0.000000,5100,5200,5300,5400,5500,5600,5800,5800,6000,6100,6100,2200,0,5100,5073.835145221361,4222.468709998793,6076.35516099981,1882.4840909090908
1790290963,40,,Aggregated,4.000000,0.000000,5100,5200,5300,5400,5500,5600,5800,5800,6000,6100,6100,2200,0,5100,5073.835145221361,4222.468709998793,6076.35516099981,1882.4840909090908
1790290964,40,,Aggregated,4.000000,0.000000,5100,5200,5300,5400,5500,5600,5800,5800,6000,6100,6100,2200,0,5100,5073.835145221361,4222.468709998793,6076.35516099981,1882.4840909090908
1790290965,40,,Aggregated,4.000000,0.000000,5100,5200,5300,5400,5500,5600,5800,5800,6000,6100,6100,2200,0,5100,5073.835145221361,4222.468709998793,6076.35516099981,1882.4840909090908
1790290966,40,,Aggregated,4.000000,0.000000,5100,5200,5300,5400,5500,5700,5800,5800,6000,6100,6100,2211,0,5100,5077.250939949795,4222.468709998793,6076.35516099981,1882.182722749887
1790290967,40,,Aggregated,4.000000,0.000000,5100,5200,5300,5400,5500,5700,5800,5800,6000,6100,6100,2240,0,5100,5079.771210753123,4222.468709998793,6076.35516099981,1882.09375
1790290968,40,,Aggregated,4.000000,0.000000,5100,5200,5300,5400,5500,5700,5800,5800,6000,6100,6100,2240,0,5100,5079.771210753123,4222.468709998793,6076.35516099981,1882.09375
1790290969,40,,Aggregated,4.000000,0.000000,5100,5200,5300,5400,5500,5700,5800,5800,6000,6100,6100,2240,0,5100,5079.771210753123,4222.468709998793,6076.35516099981,1882.09375
1790290970,40,,Aggregated,4.000000,0.000000,5100,5200,5300,5400,5500,5700,5800,5800,6000,6100,6100,2240,0,5100,5079.771210753123,4222.468709998793,6076.35516099981,1882.09375
1790290971,40,,Aggregated,4.000000,0.000000,5100,5200,5300,5400,5500,5700,5800,5800,6000,6100,6100,2240,0,5100,5079.771210753123,4222.468709998793,6076.35516099981,1882.09375
1790290972,40,,Aggregated,4.000000,0.000000,5100,5200,5300,5400,5500,5700,5800,5800,6000,6100,6100,2240,0,5100,5079.771210753123,4222.468709998793,6076.35516099981,1882.09375
1790290973,40,,Aggregated,4.000000,0.000000,5100,5200,5300,5400,5500,5700,5800,5800,6000,6100,6100,2268,0,5100,5079.922114534392,4222.468709998793,6076.35516099981,1881.7610229276895
1790290974,40,,Aggregated,4.000000,0.000000,5100,5200,5300,5400,5500,5700,5800,5800,6000,6100,6100,2280,0,5100,5081.410333271933,4222.468709998793,6076.35516099981,1882.1412280701754
1790290975,40,,Aggregated,4.000000,0.000000,5100,5200,5300,5400,5500,5700,5800,5800,6000,6100,6100,2280,0,5100,5081.410333271933,4222.468709998793,6076.35516099981,1882.1412280701754
1790290976,40,,Aggregated,4.000000,0.000000,5100,5200,5300,5400,5500,5700,5800,5800,6000,6100,6100,2280,0,5100,5081.410333271933,4222.468709998793,6076.35516099981,1882.1412280701754
1790290977,40,,Aggregated,4.000000,0.000000,5100,5200,5300,5400,5500,5700,5800,5800,6000,6100,6100,2280,0,5100,5081.410333271933,4222.468709998793,6076.35516099981,1882.1412280701754
1790290978,40,,Aggregated,4.000000,0.000000,5100,5200,5300,5400,5500,5700,5800,5800,6000,6100,6100,2280,0,5100,5081.410333271933,4222.468709998793,6076.35516099981,1882.1412280701754
1790290979,40,,Aggregated,4.000000,0.000000,5100,5200,5300,5400,5500,5700,5800,5800,6000,6100,6100,2283,0,5100,5081.281541627247,4222.468709998793,6076.35516099981,1882.095926412615
1790290980,40,,Aggregated,4.000000,0.000000,5100,5200,5300,5400,5500,5700,5800,5800,6000,6100,6100,2319,0,5100,5082.784413935316,4222.468709998793,6076.35516099981,1882.3372143165157
1790290981,40,,Aggregated,4.000000,0.000000,5100,5200,5300,5400,5500,5700,5800,5800,6000,6100,6100,2320,0,5100,5082.702999949137,4222.468709998793,6076.35516099981,1882.2896551724139
1790290982,40,,Aggregated,4.000000,0.000000,5100,5200,5300,5400,5500,5700,5800,5800,6000,6100,6100,2320,0,5100,5082.702999949137,4222.468709998793,6076.35516099981,1882.2896551724139
1790290983,40,,Aggregated,4.000000,0.000000,5100,5200,5300,5400,5500,5700,5800,5800,6000,6100,6100,2320,0,5100,5082.702999949137,4222.468709998793,6076.35516099981,1882.2896551724139
1790290984,40,,Aggregated,4.000000,0.000000,5100,5200,5300,5400,5500,5700,5800,5800,6000,6100,6100,2320,0,5100,5082.702999949137,4222.468709998793,6076.35516099981,1882.2896551724139
1790290985,40,,Aggregated,4.000000,0.000000,5100,5200,5300,5400,5500,5700,5800,5800,6000,6100,6100,2320,0,5100,5082.702999949137,4222.468709998793,6076.35516099981,1882.2896551724139
1790290986,40,,Aggregated,4.000000,0.000000,5100,5200,5300,5400,5500,5700,5800,5800,6000,6100,6100,2332,0,5100,5083.242501984992,4222.468709998793,6076.35516099981,1882.1543739279589
1790290987,40,,Aggregated,4.000000,0.000000,5100,5200,5300,5400,5500,5700,5800,5800,6000,6100,6100,2360,0,5100,5085.216441709319,4222.468709998793,6076.35516099981,1882.7402542372881
1790290988,40,,Aggregated,4.000000,0.000000,5100,5200,5300,5400,5500,5700,5800,5800,6000,6100,6100,2360,0,5100,5085.216441709319,4222.468709998793,6076.35516099981,1882.7402542372881
1790290989,40,,Aggregated,4.000000,0.000000,5100,5200,5300,5400,5500,5700,5800,5800,6000,6100,6100,2360,0,5100,5085.216441709319,4222.468709998793,6076.35516099981,1882.7402542372881
1790290990,40,,Aggregated,4.000000,0.000000,5100,5200,5300,5400,5500,5700,5800,5800,6000,6100,6100,2360,0,5100,5085.216441709319,4222.468709998793,6076.35516099981,1882.7402542372881
1790290991,40,,Aggregated,4.000000,0.000000,5100,5200,5300,5400,5500,5700,5800,5800,6000,6100,6100,2360,0,5100,5085.216441709319,4222.468709998793,6076.35516099981,1882.7402542372881
1790290992,40,,Aggregated,4.000000,0.000000,5100,5200,5300,5400,5500,5700,5800,5800,6000,6100,6100,2360,0,5100,5085.216441709319,4222.468709998793,6076.35516099981,1882.7402542372881
1790290993,40,,Aggregated,4.000000,0.000000,5100,5200,5300,5400,5500,5700,5800,5800,6000,6100,6100,2397,0,5100,5084.128876810598,4222.468709998793,6076.35516099981,1882.290780141844
1790290994,40,,Aggregated,4.000000,0.000000,5100,5200,5300,5400,5500,5700,5800,5800,6000,6100,6100,2400,0,5100,5084.354046431668,4222.468709998793,6076.35516099981,1882.4691666666668
1790290995,40,,Aggregated,4.000000,0.000000,5100,5200,5300,5400,5500,5700,5800,5800,6000,6100,6100,2400,0,5100,5084.354046431668,4222.468709998793,6076.35516099981,1882.4691666666668
1790290996,40,,Aggregated,4.000000,0.000000,5100,5200,5300,5400,5500,5700,5800,5800,6000,6100,6100,2400,0,5100,5084.354046431668,4222.468709998793,6076.35516099981,1882.4691666666668
1790290997,40,,Aggregated,4.000000,0.000000,5100,5200,5300,5400,5500,5700,5800,5800,6000,6100,6100,2400,0,5100,5084.354046431668,4222.468709998793,6076.35516099981,1882.4691666666668
1790290998,40,,Aggregated,4.000000,0.000000,5100,5200,5300,5400,5500,5700,5800,5800,6000,6100,6100,2400,0,5100,5084.354046431668,4222.468709998793,6076.35516099981,1882.4691666666668
1790290999,40,,Aggregated,4.100000,0.000000,5100,5200,5300,5400,5500,5700,5800,5800,6000,6100,6100,2413,0,5100,5083.067403010362,4222.468709998793,6076.35516099981,1882.0891007045173
1790291000,40,,Aggregated,4.100000,0.000000,5100,5200,5300,5400,5500,5700,5800,5800,6000,6100,6100,2440,0,5100,5083.894062232389,4222.468709998793,6076.35516099981,1882.8434426229508
1790291001,40,,Aggregated,4.100000,0.000000,5100,5200,5300,5400,5500,5700,5800,5800,6000,6100,6100,2440,0,5100,5083.894062232389,4222.468709998793,6076.35516099981,1882.8434426229508
1790291002,40,,Aggregated,4.100000,0.000000,5100,5200,5300,5400,5500,5700,5800,5800,6000,6100,6100,2440,0,5100,5083.894062232389,4222.468709998793,6076.35516099981,1882.8434426229508
1790291003,40,,Aggregated,4.100000,0.000000,5100,5200,5300,5400,5500,5700,5800,5800,6000,6100,6100,2440,0,5100,5083.894062232389,4222.468709998793,6076.35516099981,1882.8434426229508
1790291004,40,,Aggregated,4.100000,0.000000,5100,5200,5300,5400,5500,5700,5800,5800,6000,6100,6100,2440,0,5100,5083.894062232389,4222.468709998793,6076.35516099981,1882.8434426229508
1790291005,40,,Aggregated,6.300000,0.000000,5100,5200,5300,5400,5500,5700,5800,5800,6000,6100,6100,2441,0,5100,5083.843547169205,4222.468709998793,6076.35516099981,1882.8176976648915
1790291006,40,,Aggregated,4.000000,0.000000,5100,5200,5300,5400,5500,5700,5800,5800,6000,6100,6100,2471,0,5100,5082.590746505882,4222.468709998793,6076.35516099981,1882.591258599757
1790291007,40,,Aggregated,4.000000,0.000000,5100,5200,5300,5400,5500,5700,5800,5800,6000,6100,6100,2480,0,5100,5083.455332372191,4222.468709998793,6076.35516099981,1882.933064516129
1790291008,40,,Aggregated,4.000000,0.000000,5100,5200,5300,5400,5500,5700,5800,5800,6000,6100,6100,2480,0,5100,5083.455332372191,4222.468709998793,6076.35516099981,1882.933064516129
1790291009,40,,Aggregated,4.000000,0.000000,5100,5200,5300,5400,5500,5700,5800,5800,6000,6100,6100,2480,0,5100,5083.455332372191,4222.468709998793,6076.35516099981,1882.933064516129
1790291010,40,,Aggregated,4.000000,0.000000,5100,5200,5300,5400,5500,5700,5800,5800,6000,6100,6100,2480,0,5100,5083.455332372191,4222.468709998793,6076.35516099981,1882.933064516129
1790291011,40,,Aggregated,4.000000,0.000000,5100,5200,5300,5400,5500,5700,5800,5800,6000,6100,6100,2480,0,5100,5083.455332372191,4222.468709998793,6076.35516099981,1882.933064516129
1790291012,40,,Aggregated,4.000000,0.000000,5100,5200,5300,5400,5500,5700,5800,5800,6000,6100,6100,2480,0,5100,5083.455332372191,4222.468709998793,6076.35516099981,1882.933064516129
1790291013,40,,Aggregated,4.000000,0.000000,5100,5200,5300,5400,5500,5700,5800,5800,6000,6100,6100,2520,0,5100,5084.844781678585,4222.468709998793,6076.35516099981,1883.1805555555557
1790291014,40,,Aggregated,4.000000,0.000000,5100,5200,5300,5400,5500,5700,5800,5800,6000,6100,6100,2520,0,5100,5084.844781678585,4222.468709998793,6076.35516099981,1883.1805555555557
1790291015,40,,Aggregated,4.000000,0.000000,5100,5200,5300,5400,5500,5700,5800,5800,6000,6100,6100,2520,0,5100,5084.844781678585,4222.468709998793,6076.35516099981,1883.1805555555557
1790291016,40,,Aggregated,4.000000,0.000000,5100,5200,5300,5400,5500,5700,5800,5800,6000,6100,6100,2520,0,5100,5084.844781678585,4222.468709998793,6076.35516099981,1883.1805555555557
1790291017,40,,Aggregated,4.000000,0.000000,5100,5200,5300,5400,5500,5700,5800,5800,6000,6100,6100,2520,0,5100,5084.844781678585,4222.468709998793,6076.35516099981,1883.1805555555557
1790291018,40,,Aggregated,4.000000,0.000000,5100,5200,5300,5400,5500,5700,5800,5800,6000,6100,6100,2520,0,5100,5084.844781678585,4222.468709998793,6076.35516099981,1883.1805555555557
1790291019,40,,Aggregated,4.000000,0.000000,5100,5200,5300,5400,5500,5700,5800,5800,6000,6100,6100,2542,0,5100,5083.535966012607,4222.468709998793,6076.35516099981,1882.6711250983478
1790291020,40,,Aggregated,4.000000,0.000000,5100,5200,5300,5400,5500,5700,5800,5800,6000,6100,6100,2560,0,5100,5084.6738435469,4222.468709998793,6076.35516099981,1882.975
1790291021,40,,Aggregated,4.000000,0.000000,5100,5200,5300,5400,5500,5700,5800,5800,6000,6100,6100,2560,0,5100,5084.6738435469,4222.468709998793,6076.35516099981,1882.975
1790291022,40,,Aggregated,4.000000,0.000000,5100,5200,5300,5400,5500,5700,5800,5800,6000,6100,6100,2560,0,5100,5084.6738435469,4222.468709998793,6076.35516099981,1882.975
1790291023,40,,Aggregated,4.000000,0.000000,5100,5200,5300,5400,5500,5700,5800,5800,6000,6100,6100,2560,0,5100,5084.6738435469,4222.468709998793,6076.35516099981,1882.975
1790291024,40,,Aggregated,4.000000,0.000000,5100,5200,5300,5400,5500,5700,5800,5800,6000,6100,6100,2560,0,5100,5084.6738435469,4222.468709998793,6076.35516099981,1882.975
1790291025,40,,Aggregated,5.200000,0.000000,5100,5200,5300,5400,5500,5700,5800,5800,6000,6100,6100,2561,0,5100,5084.727854383077,4222.468709998793,6076.35516099981,1882.975790706755
1790291026,40,,Aggregated,4.000000,0.000000,5100,5200,5300,5400,5500,5700,5800,5800,6000,6100,6100,2600,0,5100,5083.142554649642,4222.468709998793,6076.35516099981,1882.7246153846154
1790291027,40,,Aggregated,4.000000,0.000000,5100,5200,5300,5400,5500,5700,5800,5800,6000,6100,6100,2600,0,5100,5083.142554649642,4222.468709998793,6076.35516099981,1882.7246153846154
1790291028,40,,Aggregated,4.000000,0.000000,5100,5200,5300,5400,5500,5700,5800,5800,6000,6100,6100,2600,0,5100,5083.142554649642,4222.468709998793,6076.35516099981,1882.7246153846154
1790291029,40,,Aggregated,4.000000,0.000000,5100,5200,5300,5400,5500,5700,5800,5800,6000,6100,6100,2600,0,5100,5083.142554649642,4222.468709998793,6076.35516099981,1882.7246153846154
1790291030,40,,Aggregated,4.000000,0.000000,5100,5200,5300,5400,5500,5700,5800,5800,6000,6100,6100,2600,0,5100,5083.142554649642,4222.468709998793,6076.35516099981,1882.7246153846154
1790291031,40,,Aggregated,4.000000,0.000000,5100,5200,5300,5400,5500,5700,5800,5800,6000,6100,6100,2600,0,5100,5083.142554649642,4222.468709998793,6076.35516099981,1882.7246153846154
1790291032,40,,Aggregated,4.000000,0.000000,5100,5200,5300,5400,5500,5700,5800,5800,6000,6100,6100,2616,0,5100,5083.727144339853,4222.468709998793,6076.35516099981,1882.5118501529053
1790291033,40,,Aggregated,4.000000,0.000000,5100,5200,5300,5400,5500,5700,5800,5800,6000,6100,6100,2640,0,5100,5085.121214216309,4222.468709998793,6076.35516099981,1883.128787878788
1790291034,40,,Aggregated,4.000000,0.000000,5100,5200,5300,5400,5500,5700,5800,5800,6000,6100,6100,2640,0,5100,5085.121214216309,4222.468709998793,6076.35516099981,1883.128787878788
1790291035,40,,Aggregated,4.000000,0.000000,5100,5200,5300,5400,5500,5700,5800,5800,6000,6100,6100,2640,0,5100,5085.121214216309,4222.468709998793,6076.35516099981,1883.128787878788
1790291036,40,,Aggregated,4.000000,0.000000,5100,5200,5300,5400,5500,5700,5800,5800,6000,6100,6100,2640,0,5100,5085.121214216309,4222.468709998793,6076.35516099981,1883.128787878788
1790291037,40,,Aggregated,4.000000,0.000000,5100,5200,5300,5400,5500,5700,5800,5800,6000,6100,6100,2640,0,5100,5085.121214216309,4222.468709998793,6076.35516099981,1883.128787878788
1790291038,40,,Aggregated,4.000000,0.000000,5100,5200,5300,5400,5500,5700,5800,5800,6000,6100,6100,2640,0,5100,5085.121214216309,4222.468709998793,6076.35516099981,1883.128787878788
1790291039,40,,Aggregated,4.000000,0.000000,5100,5200,5300,5400,5500,5700,5800,5800,6100,6100,6100,2671,0,5100,5087.6734620378365,4222.468709998793,6135.318489999918,1883.014975664545
1790291040,40,,Aggregated,4.000000,0.000000,5100,5200,5300,5400,5500,5700,5800,5800,6100,6100,6100,2680,0,5100,5087.8952924783825,4222.468709998793,6135.318489999918,1883.4582089552239
1790291041,40,,Aggregated,4.000000,0.000000,5100,5200,5300,5400,5500,5700,5800,5800,6100,6100,6100,2680,0,5100,5087.8952924783825,4222.468709998793,6135.318489999918,1883.4582089552239
1790291042,40,,Aggregated,4.000000,0.000000,5100,5200,5300,5400,5500,5700,5800,5800,6100,6100,6100,2680,0,5100,5087.8952924783825,4222.468709998793,6135.318489999918,1883.4582089552239
1790291043,40,,Aggregated,4.000000,0.000000,5100,5200,5300,5400,5500,5700,5800,5800,6100,6100,6100,2680,0,5100,5087.8952924783825,4222.468709998793,6135.318489999918,1883.4582089552239
1790291044,40,,Aggregated,4.000000,0.000000,5100,5200,5300,5400,5500,5700,5800,5800,6100,6100,6100,2680,0,5100,5087.8952924783825,4222.468709998793,6135.318489999918,1883.4582089552239
1790291045,40,,Aggregated,4.500000,0.000000,5100,5200,5300,5400,5500,5700,5800,5800,6100,6100,6100,2685,0,5100,5087.909906880842,4222.468709998793,6135.318489999918,1883.3772811918063
1790291046,40,,Aggregated,4.000000,0.000000,5100,5200,5300,5400,5500,5700,5800,5800,6100,6200,6200,2720,0,5100,5087.387479131638,4222.468709998793,6216.123834998143,1883.5783088235294
1790291047,40,,Aggregated,4.000000,0.000000,5100,5200,5300,5400,5500,5700,5800,5800,6100,6200,6200,2720,0,5100,5087.387479131638,4222.468709998793,6216.123834998143,1883.5783088235294
1790291048,40,,Aggregated,4.000000,0.000000,5100,5200,5300,5400,5500,5700,5800,5800,6100,6200,6200,2720,0,5100,5087.387479131638,4222.468709998793,6216.123834998143,1883.5783088235294
1790291049,40,,Aggregated,4.000000,0.000000,5100,5200,5300,5400,5500,5700,5800,5800,6100,6200,6200,2720,0,5100,5087.387479131638,4222.468709998793,6216.123834998143,1883.5783088235294
1790291050,40,,Aggregated,4.000000,0.000000,5100,5200,5300,5400,5500,5700,5800,5800,6100,6200,6200,2720,0,5100,5087.387479131638,4222.468709998793,6216.123834998143,1883.5783088235294
1790291051,40,,Aggregated,4.000000,0.000000,5100,5200,5300,5400,5500,5700,5800,5800,6100,6200,6200,2720,0,5100,5087.387479131638,4222.468709998793,6216.123834998143,1883.5783088235294
1790291052,40,,Aggregated,4.000000,0.000000,5100,5200,5300,5400,5500,5700,5800,5800,6100,6200,6200,2746,0,5100,5087.596443592523,4222.468709998793,6216.123834998143,1883.3150036416605
1790291053,40,,Aggregated,4.000000,0.000000,5100,5200,5300,5400,5500,5700,5800,5800,6100,6200,6200,2760,0,5100,5088.140221857995,4222.468709998793,6216.123834998143,1883.6471014492754
1790291054,40,,Aggregated,4.000000,0.000000,5100,5200,5300,5400,5500,5700,5800,5800,6100,6200,6200,2760,0,5100,5088.140221857995,4222.468709998793,6216.123834998143,1883.6471014492754
1790291055,40,,Aggregated,4.000000,0.000000,5100,5200,5300,5400,5500,5700,5800,5800,6100,6200,6200,2760,0,5100,5088.140221857995,4222.468709998793,6216.123834998143,1883.6471014492754
1790291056,40,,Aggregated,4.000000,0.000000,5100,5200,5300,5400,5500,5700,5800,5800,6100,6200,6200,2760,0,5100,5088.140221857995,4222.468709998793,6216.123834998143,1883.6471014492754
1790291057,40,,Aggregated,4.000000,0.000000,5100,5200,5300,5400,5500,5700,5800,5800,6100,6200,6200,2760,0,5100,5088.140221857995,4222.468709998793,6216.123834998143,1883.6471014492754
1790291058,40,,Aggregated,6.000000,0.000000,5100,5200,5300,5400,5500,5700,5800,5800,6100,6200,6200,2767,0,5100,5087.933175485028,4222.468709998793,6216.123834998143,1883.509938561619
1790291059,40,,Aggregated,4.000000,0.000000,5100,5200,5300,5400,5500,5700,5800,5800,6100,6200,6200,2800,0,5100,5087.89691463324,4222.468709998793,6216.123834998143,1883.7367857142858
1790291060,40,,Aggregated,4.000000,0.000000,5100,5200,5300,5400,5500,5700,5800,5800,6100,6200,6200,2800,0,5100,5087.89691463324,4222.468709998793,6216.123834998143,1883.7367857142858
1790291061,40,,Aggregated,4.000000,0.000000,5100,5200,5300,5400,5500,5700,5800,5800,6100,6200,6200,2800,0,5100,5087.89691463324,4222.468709998793,6216.123834998143,1883.7367857142858
1790291062,40,,Aggregated,4.000000,0.000000,5100,5200,5300,5400,5500,5700,5800,5800,6100,6200,6200,2800,0,5100,5087.89691463324,4222.468709998793,6216.123834998143,1883.7367857142858
1790291063,40,,Aggregated,4.000000,0.000000,5100,5200,5300,5400,5500,5700,5800,5800,6100,6200,6200,2800,0,5100,5087.89691463324,4222.468709998793,6216.123834998143,1883.7367857142858
1790291064,40,,Aggregated,4.000000,0.000000,5100,5200,5300,5400,5500,5700,5800,5800,6100,6200,6200,2800,0,5100,5087.89691463324,4222.468709998793,6216.123834998143,1883.7367857142858
1790291065,40,,Aggregated,4.100000,0.000000,5100,5200,5300,5400,5500,5700,5800,5800,6100,6200,6200,2815,0,5100,5087.77227056308,4222.468709998793,6216.123834998143,1883.4039076376555
1790291066,40,,Aggregated,4.000000,0.000000,5100,5200,5300,5400,5600,5700,5800,5800,6100,6200,6200,2840,0,5100,5090.672458811645,4222.468709998793,6216.123834998143,1883.6915492957746
1790291067,40,,Aggregated,4.000000,0.000000,5100,5200,5300,5400,5600,5700,5800,5800,6100,6200,6200,2840,0,5100,5090.672458811645,4222.468709998793,6216.123834998143,1883.6915492957746
1790291068,40,,Aggregated,4.000000,0.000000,5100,5200,5300,5400,5600,5700,5800,5800,6100,6200,6200,2840,0,5100,5090.672458811645,4222.468709998793,6216.123834998143,1883.6915492957746
1790291069,40,,Aggregated,4.000000,0.000000,5100,5200,5300,5400,5600,5700,5800,5800,6100,6200,6200,2840,0,5100,5090.672458811645,4222.468709998793,6216.123834998143,1883.6915492957746
1790291070,40,,Aggregated,4.000000,0.000000,5100,5200,5300,5400,5600,5700,5800,5800,6100,6200,6200,2840,0,5100,5090.672458811645,4222.468709998793,6216.123834998143,1883.6915492957746
1790291071,40,,Aggregated,4.000000,0.000000,5100,5200,5300,5400,5600,5700,5800,5800,6100,6200,6200,2840,0,5100,5090.672458811645,4222.468709998793,6216.123834998143,1883.6915492957746
1790291072,40,,Aggregated,4.000000,0.000000,5100,5200,5300,5400,5600,5700,5800,5800,6100,6200,6200,2871,0,5100,5090.664528368537,4222.468709998793,6216.123834998143,1883.6910484151863
1790291073,40,,Aggregated,4.000000,0.000000,5100,5200,5300,5400,5600,5700,5800,5800,6100,6200,6200,2880,0,5100,5090.831193436134,4222.468709998793,6216.123834998143,1884.0125
1790291074,40,,Aggregated,4.000000,0.000000,5100,5200,5300,5400,5600,5700,5800,5800,6100,6200,6200,2880,0,5100,5090.831193436134,4222.468709998793,6216.123834998143,1884.0125
1790291075,40,,Aggregated,4.000000,0.000000,5100,5200,5300,5400,5600,5700,5800,5800,6100,6200,6200,2880,0,5100,5090.831193436134,4222.468709998793,6216.123834998143,1884.0125
1790291076,40,,Aggregated,4.000000,0.000000,5100,5200,5300,5400,5600,5700,5800,5800,6100,6200,6200,2880,0,5100,5090.831193436134,4222.468709998793,6216.123834998143,1884.0125
1790291077,40,,Aggregated,4.000000,0.000000,5100,5200,5300,5400,5600,5700,5800,5800,6100,6200,6200,2880,0,5100,5090.831193436134,4222.468709998793,6216.123834998143,1884.0125
1790291078,40,,Aggregated,5.400000,0.000000,5100,5200,5300,5400,5600,5700,5800,5800,6100,6200,6200,2889,0,5100,5090.366003582232,4222.468709998793,6216.123834998143,1883.7760470751125
1790291079,40,,Aggregated,4.000000,0.000000,5100,5200,5300,5400,5600,5700,5800,5800,6100,6200,6200,2920,0,5100,5090.351725558588,4222.468709998793,6216.123834998143,1884.0784246575342
1790291080,40,,Aggregated,4.000000,0.000000,5100,5200,5300,5400,5600,5700,5800,5800,6100,6200,6200,2920,0,5100,5090.351725558588,4222.468709998793,6216.123834998143,1884.0784246575342
1790291081,40,,Aggregated,4.000000,0.000000,5100,5200,5300,5400,5600,5700,5800,5800,6100,6200,6200,2920,0,5100,5090.351725558588,4222.468709998793,6216.123834998143,1884.0784246575342
1790291082,40,,Aggregated,4.000000,0.000000,5100,5200,5300,5400,5600,5700,5800,5800,6100,6200,6200,2920,0,5100,5090.351725558588,4222.468709998793,6216.123834998143,1884.0784246575342
1790291083,40,,Aggregated,4.000000,0.000000,5100,5200,5300,5400,5600,5700,5800,5800,6100,6200,6200,2920,0,5100,5090.351725558588,4222.468709998793,6216.123834998143,1884.0784246575342
1790291084,40,,Aggregated,4.000000,0.000000,5100,5200,5300,5400,5600,5700,5800,5800,6100,6200,6200,2920,0,5100,5090.351725558588,4222.468709998793,6216.123834998143,1884.0784246575342
1790291085,40,,Aggregated,4.000000,0.000000,5100,5200,5300,5400,5500,5700,5800,5800,6100,6200,6200,2951,0,5100,5088.787027772308,4222.468709998793,6216.123834998143,1883.4252795662487
1790291086,40,,Aggregated,4.000000,0.000000,5100,5200,5300,5400,5500,5700,5800,5800,6100,6200,6200,2960,0,5100,5088.706950191919,4222.468709998793,6216.123834998143,1883.7655405405405
1790291087,40,,Aggregated,4.000000,0.000000,5100,5200,5300,5400,5500,5700,5800,5800,6100,6200,6200,2960,0,5100,5088.706950191919,4222.468709998793,6216.123834998143,1883.7655405405405
1790291088,40,,Aggregated,4.000000,0.000000,5100,5200,5300,5400,5500,5700,5800,5800,6100,6200,6200,2960,0,5100,5088.706950191919,4222.468709998793,6216.123834998143,1883.7655405405405
1790291089,40,,Aggregated,4.000000,0.000000,5100,5200,5300,5400,5500,5700,5800,5800,6100,6200,6200,2960,0,5100,5088.706950191919,4222.468709998793,6216.123834998143,1883.7655405405405
1790291090,40,,Aggregated,4.000000,0.000000,5100,5200,5300,5400,5500,5700,5800,5800,6100,6200,6200,2960,0,5100,5088.706950191919,4222.468709998793,6216.123834998143,1883.7655405405405
1790291091,40,,Aggregated,6.800000,0.000000,5100,5200,5300,5400,5500,5700,5800,5800,6100,6200,6200,2974,0,5100,5088.018705776087,4222.468709998793,6216.123834998143,1883.4055144586416
1790291092,40,,Aggregated,4.000000,0.000000,5100,5200,5300,5400,5500,5700,5800,5800,6100,6200,6200,3000,0,5100,5087.537282960359,4222.468709998793,6216.123834998143,1883.6356666666666
1790291093,40,,Aggregated,4.000000,0.000000,5100,5200,5300,5400,5500,5700,5800,5800,6100,6200,6200,3000,0,5100,5087.537282960359,4222.468709998793,6216.123834998143,1883.6356666666666
1790291094,40,,Aggregated,4.000000,0.000000,5100,5200,5300,5400,5500,5700,5800,5800,6100,6200,6200,3000,0,5100,5087.537282960359,4222.468709998793,6216.123834998143,1883.6356666666666
1790291095,40,,Aggregated,4.000000,0.000000,5100,5200,5300,5400,5500,5700,5800,5800,6100,6200,6200,3000,0,5100,5087.537282960359,4222.468709998793,6216.123834998143,1883.6356666666666
1790291096,40,,Aggregated,4.000000,0.000000,5100,5200,5300,5400,5500,5700,5800,5800,6100,6200,6200,3000,0,5100,5087.537282960359,4222.468709998793,6216.123834998143,1883.6356666666666
1790291097,40,,Aggregated,7.700000,0.000000,5100,5200,5300,5400,5500,5700,5800,5800,6100,6200,6200,3002,0,5100,5087.445919585968,4222.468709998793,6216.123834998143,1883.5926049300467
1790291098,40,,Aggregated,4.600000,0.000000,5100,5200,5300,5400,5500,5700,5800,5800,6100,6200,6200,3027,0,5100,5088.423696613503,4222.468709998793,6216.123834998143,1883.3756194251735
1790291099,40,,Aggregated,4.000000,0.000000,5100,5200,5300,5400,5500,5700,5800,5800,6100,6200,6200,3040,0,5100,5089.103799052327,4222.468709998793,6216.123834998143,1883.7194078947368
1790291100,40,,Aggregated,4.000000,0.000000,5100,5200,5300,5400,5500,5700,5800,5800,6100,6200,6200,3040,0,5100,5089.103799052327,4222.468709998793,6216.123834998143,1883.7194078947368
1790291101,40,,Aggregated,4.000000,0.000000,5100,5200,5300,5400,5500,5700,5800,5800,6100,6200,6200,3040,0,5100,5089.103799052327,4222.468709998793,6216.123834998143,1883.7194078947368
1790291102,40,,Aggregated,4.000000,0.000000,5100,5200,5300,5400,5500,5700,5800,5800,6100,6200,6200,3040,0,5100,5089.103799052327,4222.468709998793,6216.123834998143,1883.7194078947368
1790291103,40,,Aggregated,4.000000,0.000000,5100,5200,5300,5400,5500,5700,5800,5800,6100,6200,6200,3040,0,5100,5089.103799052327,4222.468709998793,6216.123834998143,1883.7194078947368
1790291104,40,,Aggregated,6.400000,0.000000,5100,5200,5300,5400,5500,5700,5800,5800,6100,6200,6200,3044,0,5100,5089.327019675451,4222.468709998793,6216.123834998143,1883.6718134034165
1790291105,40,,Aggregated,4.000000,0.000000,5100,5200,5300,5400,5500,5700,5800,5800,6100,6200,6200,3076,0,5100,5089.402691932405,4222.468709998793,6216.123834998143,1883.7490247074122
1790291106,40,,Aggregated,4.000000,0.000000,5100,5200,5300,5400,5500,5700,5800,5800,6100,6200,6200,3080,0,5100,5089.636150459117,4222.468709998793,6216.123834998143,1883.8253246753247
1790291107,40,,Aggregated,4.000000,0.000000,5100,5200,5300,5400,5500,5700,5800,5800,6100,6200,6200,3080,0,5100,5089.636150459117,4222.468709998793,6216.123834998143,1883.8253246753247
1790291108,40,,Aggregated,4.000000,0.000000,5100,5200,5300,5400,5500,5700,5800,5800,6100,6200,6200,3080,0,5100,5089.636150459117,4222.468709998793,6216.123834998143,1883.8253246753247
1790291109,40,,Aggregated,4.000000,0.000000,5100,5200,5300,5400,5500,5700,5800,5800,6100,6200,6200,3080,0,5100,5089.636150459117,4222.468709998793,6216.123834998143,1883.8253246753247
1790291110,40,,Aggregated,7.800000,0.000000,5100,5200,5300,5400,5500,5700,5800,5800,6100,6200,6200,3081,0,5100,5089.617665018202,4222.468709998793,6216.123834998143,1883.8055826030509
1790291111,40,,Aggregated,5.300000,0.000000,5100,5200,5300,5400,5500,5700,5800,5800,6100,6200,6200,3100,0,5100,5088.6440571297,4222.468709998793,6216.123834998143,1883.5612903225806
1790291112,40,,Aggregated,4.000000,0.000000,5100,5200,5300,5400,5500,5700,5800,5800,6100,6200,6200,3120,0,5100,5088.768867473421,4222.468709998793,6216.123834998143,1883.7660256410256
1790291113,40,,Aggregated,4.000000,0.000000,5100,5200,5300,5400,5500,5700,5800,5800,6100,6200,6200,3120,0,5100,5088.768867473421,4222.468709998793,6216.123834998143,1883.7660256410256
1790291115,40,,Aggregated,4.000000,0.000000,5100,5200,5300,5400,5500,5700,5800,5800,6100,6200,6200,3120,0,5100,5088.768867473421,4222.468709998793,6216.123834998143,1883.7660256410256
1790291116,40,,Aggregated,4.000000,0.000000,5100,5200,5300,5400,5500,5700,5800,5800,6100,6200,6200,3120,0,5100,5088.768867473421,4222.468709998793,6216.123834998143,1883.7660256410256
1790291117,40,,Aggregated,4.000000,0.000000,5100,5200,5300,5400,5500,5700,5800,5800,6100,6200,6200,3120,0,5100,5088.768867473421,4222.468709998793,6216.123834998143,1883.7660256410256
1790291118,40,,Aggregated,7.600000,0.000000,5100,5200,5300,5400,5500,5700,5800,5800,6100,6200,6200,3122,0,5100,5088.961721626225,4222.468709998793,6216.123834998143,1883.73798846893
1790291119,40,,Aggregated,4.000000,0.000000,5100,5200,5300,5400,5500,5700,5800,5800,6100,6200,6200,3153,0,5100,5089.477580098657,4222.468709998793,6216.123834998143,1883.6695210910243
1790291120,40,,Aggregated,4.000000,0.000000,5100,5200,5300,5400,5500,5700,5800,5800,6100,6200,6200,3160,0,5100,5089.9556273671105,4222.468709998793,6216.123834998143,1883.7822784810126
1790291121,40,,Aggregated,4.000000,0.000000,5100,5200,5300,5400,5500,5700,5800,5800,6100,6200,6200,3160,0,5100,5089.9556273671105,4222.468709998793,6216.123834998143,1883.7822784810126
1790291122,40,,Aggregated,4.000000,0.000000,5100,5200,5300,5400,5500,5700,5800,5800,6100,6200,6200,3160,0,5100,5089.9556273671105,4222.468709998793,6216.123834998143,1883.7822784810126
1790291123,40,,Aggregated,4.000000,0.000000,5100,5200,5300,5400,5500,5700,5800,5800,6100,6200,6200,3160,0,5100,5089.9556273671105,4222.468709998793,6216.123834998143,1883.7822784810126
1790291124,40,,Aggregated,4.000000,0.000000,5100,5200,5300,5400,5500,5700,5800,5800,6100,6200,6200,3160,0,5100,5089.9556273671105,4222.468709998793,6216.123834998143,1883.7822784810126
1790291125,40,,Aggregated,4.000000,0.000000,5100,5200,5300,5400,5500,5700,5800,5800,6100,6200,6200,3173,0,5100,5088.809220054545,4222.468709998793,6216.123834998143,1883.5196974472108
1790291126,40,,Aggregated,4.000000,0.000000,5100,5200,5300,5400,5500,5700,5800,5800,6100,6200,6200,3200,0,5100,5088.1501200394,4222.468709998793,6216.123834998143,1883.52625
1790291127,40,,Aggregated,4.000000,0.000000,5100,5200,5300,5400,5500,5700,5800,5800,6100,6200,6200,3200,0,5100,5088.1501200394,4222.468709998793,6216.123834998143,1883.52625
1790291128,40,,Aggregated,4.000000,0.000000,5100,5200,5300,5400,5500,5700,5800,5800,6100,6200,6200,3200,0,5100,5088.1501200394,4222.468709998793,6216.123834998143,1883.52625
1790291129,40,,Aggregated,4.000000,0.000000,5100,5200,5300,5400,5500,5700,5800,5800,6100,6200,6200,3200,0,5100,5088.1501200394,4222.468709998793,6216.123834998143,1883.52625
1790291130,40,,Aggregated,4.000000,0.000000,5100,5200,5300,5400,5500,5700,5800,5800,6100,6200,6200,3200,0,5100,5088.1501200394,4222.468709998793,6216.123834998143,1883.52625
1790291131,40,,Aggregated,4.000000,0.000000,5100,5200,5300,5400,5500,5700,5800,5800,6100,6200,6200,3200,0,5100,5088.1501200394,4222.468709998793,6216.123834998143,1883.52625
1790291132,40,,Aggregated,4.900000,0.000000,5100,5200,5300,5400,5500,5700,5800,5800,6100,6200,6200,3238,0,5100,5087.275830257593,4222.468709998793,6216.123834998143,1883.3554663372452
1790291133,40,,Aggregated,4.000000,0.000000,5100,5200,5300,5400,5500,5700,5800,5800,6100,6200,6200,3240,0,5100,5087.31442584015,4222.468709998793,6216.123834998143,1883.487037037037
1790291134,40,,Aggregated,4.000000,0.000000,5100,5200,5300,5400,5500,5700,5800,5800,6100,6200,6200,3240,0,5100,5087.31442584015,4222.468709998793,6216.123834998143,1883.487037037037
1790291135,40,,Aggregated,4.000000,0.000000,5100,5200,5300,5400,5500,5700,5800,5800,6100,6200,6200,3240,0,5100,5087.31442584015,4222.468709998793,6216.123834998143,1883.487037037037
1790291136,40,,Aggregated,4.000000,0.000000,5100,5200,5300,5400,5500,5700,5800,5800,6100,6200,6200,3240,0,5100,5087.31442584015,4222.468709998793,6216.123834998143,1883.487037037037
1790291137,40,,Aggregated,4.000000,0.000000,5100,5200,5300,5400,5500,5700,5800,5800,6100,6200,6200,3240,0,5100,5087.31442584015,4222.468709998793,6216.123834998143,1883.487037037037
1790291138,40,,Aggregated,4.000000,0.000000,5100,5200,5300,5400,5500,5700,5800,5800,6100,6200,6200,3251,0,5100,5087.192450634293,4222.468709998793,6216.123834998143,1883.3325130729006
1790291139,40,,Aggregated,4.000000,0.000000,5100,5200,5300,5400,5500,5700,5800,5800,6100,6200,6200,3280,0,5100,5087.382851120758,4222.468709998793,6216.123834998143,1883.6335365853658
1790291140,40,,Aggregated,4.000000,0.000000,5100,5200,5300,5400,5500,5700,5800,5800,6100,6200,6200,3280,0,5100,5087.382851120758,4222.468709998793,6216.123834998143,1883.6335365853658
1790291141,40,,Aggregated,4.000000,0.000000,5100,5200,5300,5400,5500,5700,5800,5800,6100,6200,6200,3280,0,5100,5087.382851120758,4222.468709998793,6216.123834998143,1883.6335365853658
1790291142,40,,Aggregated,4.000000,0.000000,5100,5200,5300,5400,5500,5700,5800,5800,6100,6200,6200,3280,0,5100,5087.382851120758,4222.468709998793,6216.123834998143,1883.6335365853658
1790291143,40,,Aggregated,4.000000,0.000000,5100,5200,5300,5400,5500,5700,5800,5800,6100,6200,6200,3280,0,5100,5087.382851120758,4222.468709998793,6216.123834998143,1883.6335365853658
1790291144,40,,Aggregated,4.000000,0.000000,5100,5200,5300,5400,5500,5700,5800,5800,6100,6200,6200,3280,0,5100,5087.382851120758,4222.468709998793,6216.123834998143,1883.6335365853658
1790291145,40,,Aggregated,4.000000,0.000000,5100,5200,5300,5400,5500,5700,5800,5800,6100,6200,6200,3319,0,5100,5086.439991551097,4222.468709998793,6216.123834998143,1883.462789996987
1790291146,40,,Aggregated,4.000000,0.000000,5100,5200,5300,5400,5500,5700,5800,5800,6100,6200,6200,3320,0,5100,5086.4199302614725,4222.468709998793,6216.123834998143,1883.482530120482
1790291147,40,,Aggregated,4.000000,0.000000,5100,5200,5300,5400,5500,5700,5800,5800,6100,6200,6200,3320,0,5100,5086.4199302614725,4222.468709998793,6216.123834998143,1883.482530120482
1790291148,40,,Aggregated,4.000000,0.000000,5100,5200,5300,5400,5500,5700,5800,5800,6100,6200,6200,3320,0,5100,5086.4199302614725,4222.468709998793,6216.123834998143,1883.482530120482
1790291149,40,,Aggregated,4.000000,0.000000,5100,5200,5300,5400,5500,5700,5800,5800,6100,6200,6200,3320,0,5100,5086.4199302614725,4222.468709998793,6216.123834998143,1883.482530120482
1790291150,40,,Aggregated,4.000000,0.000000,5100,5200,5300,5400,5500,5700,5800,5800,6100,6200,6200,3320,0,5100,5086.4199302614725,4222.468709998793,6216.123834998143,1883.482530120482
1790291151,40,,Aggregated,4.000000,0.000000,5100,5200,5300,5400,5500,5700,5800,5800,6100,6200,6200,3333,0,5100,5086.010031068135,4222.468709998793,6216.123834998143,1883.2463246324633
1790291152,40,,Aggregated,4.000000,0.000000,5100,5200,5300,5400,5500,5700,5800,5800,6100,6200,6200,3360,0,5100,5086.198800471456,4222.468709998793,6216.123834998143,1883.8154761904761
1790291153,40,,Aggregated,4.000000,0.000000,5100,5200,5300,5400,5500,5700,5800,5800,6100,6200,6200,3360,0,5100,5086.198800471456,4222.468709998793,6216.123834998143,1883.8154761904761
1790291154,40,,Aggregated,4.000000,0.000000,5100,5200,5300,5400,5500,5700,5800,5800,6100,6200,6200,3360,0,5100,5086.198800471456,4222.468709998793,6216.123834998143,1883.8154761904761
1790291155,40,,Aggregated,4.000000,0.000000,5100,5200,5300,5400,5500,5700,5800,5800,6100,6200,6200,3360,0,5100,5086.198800471456,4222.468709998793,6216.123834998143,1883.8154761904761
1790291156,40,,Aggregated,4.000000,0.000000,5100,5200,5300,5400,5500,5700,5800,5800,6100,6200,6200,3360,0,5100,5086.198800471456,4222.468709998793,6216.123834998143,1883.8154761904761
1790291157,40,,Aggregated,4.000000,0.000000,5100,5200,5300,5400,5500,5700,5800,5800,6100,6200,6200,3360,0,5100,5086.198800471456,4222.468709998793,6216.123834998143,1883.8154761904761
1790291158,40,,Aggregated,4.000000,0.000000,5100,5200,5300,5400,5500,5700,5800,5800,6100,6200,6200,3390,0,5100,5086.151185602685,4222.468709998793,6216.123834998143,1883.6905604719764
1790291159,40,,Aggregated,4.000000,0.000000,5100,5200,5300,5400,5500,5700,5800,5800,6100,6200,6200,3400,0,5100,5086.3086971073835,4222.468709998793,6216.123834998143,1883.8547058823528
1790291160,40,,Aggregated,4.000000,0.000000,5100,5200,5300,5400,5500,5700,5800,5800,6100,6200,6200,3400,0,5100,5086.3086971073835,4222.468709998793,6216.123834998143,1883.8547058823528
1790291161,40,,Aggregated,4.000000,0.000000,5100,5200,5300,5400,5500,5700,5800,5800,6100,6200,6200,3400,0,5100,5086.3086971073835,4222.468709998793,6216.123834998143,1883.8547058823528
1790291162,40,,Aggregated,4.000000,0.000000,5100,5200,5300,5400,5500,5700,5800,5800,6100,6200,6200,3400,0,5100,5086.3086971073835,4222.468709998793,6216.123834998143,1883.8547058823528
1790291163,40,,Aggregated,4.000000,0.000000,5100,5200,5300,5400,5500,5700,5800,5800,6100,6200,6200,3400,0,5100,5086.3086971073835,4222.468709998793,6216.123834998143,1883.8547058823528
1790291164,40,,Aggregated,4.000000,0.000000,5100,5200,5300,5400,5500,5700,5800,5800,6100,6200,6200,3404,0,5100,5086.581001085519,4222.468709998793,6216.123834998143,1883.8119858989423
1790291165,40,,Aggregated,4.000000,0.000000,5100,5200,5300,5400,5500,5700,5800,5800,6100,6200,6200,3438,0,5100,5088.342435888922,4222.468709998793,6216.123834998143,1884.0081442699243
1790291166,40,,Aggregated,4.000000,0.000000,5100,5200,5300,5400,5500,5700,5800,5800,6100,6200,6200,3440,0,5100,5088.172921857591,4222.468709998793,6216.123834998143,1884.0688953488373
1790291167,40,,Aggregated,4.000000,0.000000,5100,5200,5300,5400,5500,5700,5800,5800,6100,6200,6200,3440,0,5100,5088.172921857591,4222.468709998793,6216.123834998143,1884.0688953488373
1790291168,40,,Aggregated,4.000000,0.000000,5100,5200,5300,5400,5500,5700,5800,5800,6100,6200,6200,3440,0,5100,5088.172921857591,4222.468709998793,6216.123834998143,1884.0688953488373
1790291169,40,,Aggregated,4.000000,0.000000,5100,5200,5300,5400,5500,5700,5800,5800,6100,6200,6200,3440,0,5100,5088.172921857591,4222.468709998793,6216.123834998143,1884.0688953488373
1790291170,40,,Aggregated,4.000000,0.000000,5100,5200,5300,5400,5500,5700,5800,5800,6100,6200,6200,3440,0,5100,5088.172921857591,4222.468709998793,6216.123834998143,1884.0688953488373
1790291171,40,,Aggregated,4.000000,0.000000,5100,5200,5300,5400,5500,5700,5800,5800,6100,6200,6200,3452,0,5100,5088.264727265674,4222.468709998793,6216.123834998143,1884.0553302433373
1790291172,40,,Aggregated,4.000000,0.000000,5100,5200,5300,5400,5500,5700,5800,5800,6100,6200,6200,3480,0,5100,5087.809319666988,4222.468709998793,6216.123834998143,1884.2186781609196
1790291173,40,,Aggregated,4.000000,0.000000,5100,5200,5300,5400,5500,5700,5800,5800,6100,6200,6200,3480,0,5100,5087.809319666988,4222.468709998793,6216.123834998143,1884.2186781609196
1790291174,40,,Aggregated,4.000000,0.000000,5100,5200,5300,5400,5500,5700,5800,5800,6100,6200,6200,3480,0,5100,5087.809319666988,4222.468709998793,6216.123834998143,1884.2186781609196
1790291175,40,,Aggregated,4.000000,0.000000,5100,5200,5300,5400,5500,5700,5800,5800,6100,6200,6200,3480,0,5100,5087.809319666988,4222.468709998793,6216.123834998143,1884.2186781609196
1790291176,40,,Aggregated,4.000000,0.000000,5100,5200,5300,5400,5500,5700,5800,5800,6100,6200,6200,3480,0,5100,5087.809319666988,4222.468709998793,6216.123834998143,1884.2186781609196
1790291177,40,,Aggregated,7.800000,0.000000,5100,5200,5300,5400,5500,5700,5800,5800,6100,6200,6200,3481,0,5100,5087.76079564324,4222.468709998793,6216.123834998143,1884.1594369434072
1790291178,40,,Aggregated,4.000000,0.000000,5100,5200,5300,5400,5500,5700,5800,5800,6100,6200,6200,3516,0,5100,5087.191293031323,4222.468709998793,6216.123834998143,1884.1100682593856
1790291179,40,,Aggregated,4.000000,0.000000,5100,5200,5300,5400,5500,5700,5800,5800,6100,6200,6200,3520,0,5100,5087.175985918502,4222.468709998793,6216.123834998143,1884.1997159090909
1790291180,40,,Aggregated,4.000000,0.000000,5100,5200,5300,5400,5500,5700,5800,5800,6100,6200,6200,3520,0,5100,5087.175985918502,4222.468709998793,6216.123834998143,1884.1997159090909
1790291181,40,,Aggregated,4.000000,0.000000,5100,5200,5300,5400,5500,5700,5800,5800,6100,6200,6200,3520,0,5100,5087.175985918502,4222.468709998793,6216.123834998143,1884.1997159090909
1790291182,40,,Aggregated,4.000000,0.000000,5100,5200,5300,5400,5500,5700,5800,5800,6100,6200,6200,3520,0,5100,5087.175985918502,4222.468709998793,6216.123834998143,1884.1997159090909
1790291183,40,,Aggregated,4.000000,0.000000,5100,5200,5300,5400,5500,5700,5800,5800,6100,6200,6200,3520,0,5100,5087.175985918502,4222.468709998793,6216.123834998143,1884.1997159090909
1790291184,40,,Aggregated,4.000000,0.000000,5100,5200,5300,5400,5500,5700,5800,5800,6100,6200,6200,3539,0,5100,5085.537919494526,4222.468709998793,6216.123834998143,1883.8575868889516
1790291185,40,,Aggregated,4.000000,0.000000,5100,5200,5300,5400,5500,5700,5800,5800,6100,6200,6200,3560,0,5100,5085.602494671384,4129.788427999301,6216.123834998143,1884.0292134831461
1790291186,40,,Aggregated,4.000000,0.000000,5100,5200,5300,5400,5500,5700,5800,5800,6100,6200,6200,3560,0,5100,5085.602494671384,4129.788427999301,6216.123834998143,1884.0292134831461
1790291187,40,,Aggregated,4.000000,0.000000,5100,5200,5300,5400,5500,5700,5800,5800,6100,6200,6200,3560,0,5100,5085.602494671384,4129.788427999301,6216.123834998143,1884.0292134831461
1790291188,40,,Aggregated,4.000000,0.000000,5100,5200,5300,5400,5500,5700,5800,5800,6100,6200,6200,3560,0,5100,5085.602494671384,4129.788427999301,6216.123834998143,1884.0292134831461
1790291189,40,,Aggregated,4.000000,0.000000,5100,5200,5300,5400,5500,5700,5800,5800,6100,6200,6200,3560,0,5100,5085.602494671384,4129.788427999301,6216.123834998143,1884.0292134831461
1790291190,40,,Aggregated,5.100000,0.000000,5100,5200,5300,5400,5500,5700,5800,5800,6100,6200,6200,3562,0,5100,5085.502897825697,4129.788427999301,6216.123834998143,1883.9809096013475
1790291191,40,,Aggregated,4.000000,0.000000,5100,5200,5300,5400,5500,5700,5800,5800,6100,6200,6200,3598,0,5100,5085.673639980582,4129.788427999301,6216.123834998143,1884.3210116731518
1790291192,40,,Aggregated,4.000000,0.000000,5100,5200,5300,5400,5500,5700,5800,5800,6100,6200,6200,3600,0,5100,5085.591486778649,4129.788427999301,6216.123834998143,1884.361111111111
1790291193,40,,Aggregated,4.000000,0.000000,5100,5200,5300,5400,5500,5700,5800,5800,6100,6200,6200,3600,0,5100,5085.591486778649,4129.788427999301,6216.123834998143,1884.361111111111
1790291194,40,,Aggregated,4.000000,0.000000,5100,5200,5300,5400,5500,5700,5800,5800,6100,6200,6200,3600,0,5100,5085.591486778649,4129.788427999301,6216.123834998143,1884.361111111111
1790291195,40,,Aggregated,4.000000,0.000000,5100,5200,5300,5400,5500,5700,5800,5800,6100,6200,6200,3600,0,5100,5085.591486778649,4129.788427999301,6216.123834998143,1884.361111111111
1790291196,40,,Aggregated,4.000000,0.000000,5100,5200,5300,5400,5500,5700,5800,5800,6100,6200,6200,3600,0,5100,5085.591486778649,4129.788427999301,6216.123834998143,1884.361111111111
1790291197,40,,Aggregated,4.000000,0.000000,5100,5200,5300,5400,5500,5700,5800,5800,6100,6200,6200,3621,0,5100,5085.313490531934,4129.788427999301,6216.123834998143,1884.1993924330295
1790291198,40,,Aggregated,4.000000,0.000000,5100,5200,5300,5400,5500,5700,5800,5800,6100,6200,6200,3640,0,5100,5085.541985201136,4129.788427999301,6216.123834998143,1884.468956043956
1790291199,40,,Aggregated,4.000000,0.000000,5100,5200,5300,5400,5500,5700,5800,5800,6100,6200,6200,3640,0,5100,5085.541985201136,4129.788427999301,6216.123834998143,1884.468956043956
1790291200,40,,Aggregated,4.000000,0.000000,5100,5200,5300,5400,5500,5700,5800,5800,6100,6200,6200,3640,0,5100,5085.541985201136,4129.788427999301,6216.123834998143,1884.468956043956
1790291201,40,,Aggregated,4.000000,0.000000,5100,5200,5300,5400,5500,5700,5800,5800,6100,6200,6200,3640,0,5100,5085.541985201136,4129.788427999301,6216.123834998143,1884.468956043956
1790291202,40,,Aggregated,4.000000,0.000000,5100,5200,5300,5400,5500,5700,5800,5800,6100,6200,6200,3640,0,5100,5085.541985201136,4129.788427999301,6216.123834998143,1884.468956043956
1790291203,40,,Aggregated,4.400000,0.000000,5100,5200,5300,5400,5500,5700,5800,5800,6100,6200,6200,3641,0,5100,5085.509434357082,4129.788427999301,6216.123834998143,1884.4328481186487
1790291204,40,,Aggregated,4.000000,0.000000,5100,5200,5300,5400,5500,5700,5800,5800,6100,6200,6200,3680,0,5100,5083.833566750312,4129.788427999301,6216.123834998143,1884.2383152173913
1790291205,40,,Aggregated,4.000000,0.000000,5100,5200,5300,5400,5500,5700,5800,5800,6100,6200,6200,3680,0,5100,5083.833566750312,4129.788427999301,6216.123834998143,1884.2383152173913
1790291206,40,,Aggregated,4.000000,0.000000,5100,5200,5300,5400,5500,5700,5800,5800,6100,6200,6200,3680,0,5100,5083.833566750312,4129.788427999301,6216.123834998143,1884.2383152173913
1790291207,40,,Aggregated,4.000000,0.000000,5100,5200,5300,5400,5500,5700,5800,5800,6100,6200,6200,3680,0,5100,5083.833566750312,4129.788427999301,6216.123834998143,1884.2383152173913
1790291208,40,,Aggregated,4.000000,0.000000,5100,5200,5300,5400,5500,5700,5800,5800,6100,6200,6200,3680,0,5100,5083.833566750312,4129.788427999301,6216.123834998143,1884.2383152173913
1790291209,40,,Aggregated,4.000000,0.000000,5100,5200,5300,5400,5500,5700,5800,5800,6100,6200,6200,3680,0,5100,5083.833566750312,4129.788427999301,6216.123834998143,1884.2383152173913
1790291210,40,,Aggregated,4.000000,0.000000,5100,5200,5300,5400,5500,5600,5800,5800,6100,6200,6200,3695,0,5100,5083.8085111856935,4129.788427999301,6216.123834998143,1884.0292286874155
1790291211,40,,Aggregated,4.000000,0.000000,5100,5200,5300,5400,5500,5600,5800,5800,6100,6200,6200,3720,0,5100,5084.764175377182,4129.788427999301,6216.123834998143,1884.466129032258
1790291212,40,,Aggregated,4.000000,0.000000,5100,5200,5300,5400,5500,5600,5800,5800,6100,6200,6200,3720,0,5100,5084.764175377182,4129.788427999301,6216.123834998143,1884.466129032258
1790291213,40,,Aggregated,4.000000,0.000000,5100,5200,5300,5400,5500,5600,5800,5800,6100,6200,6200,3720,0,5100,5084.764175377182,4129.788427999301,6216.123834998143,1884.466129032258
1790291214,40,,Aggregated,4.000000,0.000000,5100,5200,5300,5400,5500,5600,5800,5800,6100,6200,6200,3720,0,5100,5084.764175377182,4129.788427999301,6216.123834998143,1884.466129032258
1790291215,40,,Aggregated,4.000000,0.000000,5100,5200,5300,5400,5500,5600,5800,5800,6100,6200,6200,3720,0,5100,5084.764175377182,4129.788427999301,6216.123834998143,1884.466129032258
1790291216,40,,Aggregated,4.400000,0.000000,5100,5200,5300,5400,5500,5600,5800,5800,6100,6200,6200,3722,0,5100,5084.830228395519,4129.788427999301,6216.123834998143,1884.4747447608813
1790291217,40,,Aggregated,4.000000,0.000000,5100,5200,5300,5400,5500,5600,5800,5800,6100,6200,6200,3756,0,5100,5084.920690800086,4129.788427999301,6216.123834998143,1884.4238551650692
1790291218,40,,Aggregated,4.000000,0.000000,5100,5200,5300,5400,5500,5600,5800,5800,6100,6200,6200,3760,0,5100,5085.061800299502,4129.788427999301,6216.123834998143,1884.4675531914893
1790291219,40,,Aggregated,4.000000,0.000000,5100,5200,5300,5400,5500,5600,5800,5800,6100,6200,6200,3760,0,5100,5085.061800299502,4129.788427999301,6216.123834998143,1884.4675531914893
1790291220,40,,Aggregated,4.000000,0.000000,5100,5200,5300,5400,5500,5600,5800,5800,6100,6200,6200,3760,0,5100,5085.061800299502,4129.788427999301,6216.123834998143,1884.4675531914893
1790291221,40,,Aggregated,4.000000,0.000000,5100,5200,5300,5400,5500,5600,5800,5800,6100,6200,6200,3760,0,5100,5085.061800299502,4129.788427999301,6216.123834998143,1884.4675531914893
1790291222,40,,Aggregated,4.000000,0.000000,5100,5200,5300,5400,5500,5600,5800,5800,6100,6200,6200,3760,0,5100,5085.061800299502,4129.788427999301,6216.123834998143,1884.4675531914893
1790291223,40,,Aggregated,4.000000,0.000000,5100,5200,5300,5400,5500,5600,5800,5800,6100,6200,6200,3772,0,5100,5084.51508673704,4129.788427999301,6216.123834998143,1884.3295334040297
1790291224,40,,Aggregated,4.000000,0.000000,5100,5200,5300,5400,5500,5600,5800,5800,6100,6200,6200,3800,0,5100,5084.81152772003,4129.788427999301,6216.123834998143,1884.55
1790291225,40,,Aggregated,4.000000,0.000000,5100,5200,5300,5400,5500,5600,5800,5800,6100,6200,6200,3800,0,5100,5084.81152772003,4129.788427999301,6216.123834998143,1884.55
1790291226,40,,Aggregated,4.000000,0.000000,5100,5200,5300,5400,5500,5600,5800,5800,6100,6200,6200,3800,0,5100,5084.81152772003,4129.788427999301,6216.123834998143,1884.55
1790291227,40,,Aggregated,4.000000,0.000000,5100,5200,5300,5400,5500,5600,5800,5800,6100,6200,6200,3800,0,5100,5084.81152772003,4129.788427999301,6216.123834998143,1884.55
1790291228,40,,Aggregated,4.000000,0.000000,5100,5200,5300,5400,5500,5600,5800,5800,6100,6200,6200,3800,0,5100,5084.81152772003,4129.788427999301,6216.123834998143,1884.55
1790291229,40,,Aggregated,5.900000,0.000000,5100,5200,5300,5400,5500,5600,5800,5800,6100,6200,6200,3801,0,5100,5084.887448951884,4129.788427999301,6216.123834998143,1884.5745856353592
1790291230,40,,Aggregated,4.000000,0.000000,5100,5200,5300,5400,5500,5600,5800,5800,6100,6200,6200,3833,0,5100,5084.287342974461,4129.788427999301,6216.123834998143,1884.2880250456562
1790291231,40,,Aggregated,4.000000,0.000000,5100,5200,5300,5400,5500,5600,5800,5800,6100,6200,6200,3840,0,5100,5084.623456629195,4129.788427999301,6216.123834998143,1884.4888020833334
1790291232,40,,Aggregated,4.000000,0.000000,5100,5200,5300,5400,5500,5600,5800,5800,6100,6200,6200,3840,0,5100,5084.623456629195,4129.788427999301,6216.123834998143,1884.4888020833334
1790291233,40,,Aggregated,4.000000,0.000000,5100,5200,5300,5400,5500,5600,5800,5800,6100,6200,6200,3840,0,5100,5084.623456629195,4129.788427999301,6216.123834998143,1884.4888020833334
1790291234,40,,Aggregated,4.000000,0.000000,5100,5200,5300,5400,5500,5600,5800,5800,6100,6200,6200,3840,0,5100,5084.623456629195,4129.788427999301,6216.123834998143,1884.4888020833334
1790291235,40,,Aggregated,4.000000,0.000000,5100,5200,5300,5400,5500,5600,5800,5800,6100,6200,6200,3840,0,5100,5084.623456629195,4129.788427999301,6216.123834998143,1884.4888020833334
1790291236,40,,Aggregated,4.300000,0.000000,5100,5200,5300,5400,5500,5600,5800,5800,6100,6200,6200,3853,0,5100,5083.912996001586,4129.788427999301,6216.123834998143,1884.2439657409811
1790291237,40,,Aggregated,4.000000,0.000000,5100,5200,5300,5400,5500,5600,5800,5800,6100,6200,6200,3880,0,5100,5083.708728247453,4129.788427999301,6216.123834998143,1884.3556701030927
1790291238,40,,Aggregated,4.000000,0.000000,5100,5200,5300,5400,5500,5600,5800,5800,6100,6200,6200,3880,0,5100,5083.708728247453,4129.788427999301,6216.123834998143,1884.3556701030927
1790291239,40,,Aggregated,4.000000,0.000000,5100,5200,5300,5400,5500,5600,5800,5800,6100,6200,6200,3880,0,5100,5083.708728247453,4129.788427999301,6216.123834998143,1884.3556701030927
1790291240,40,,Aggregated,4.000000,0.000000,5100,5200,5300,5400,5500,5600,5800,5800,6100,6200,6200,3880,0,5100,5083.708728247453,4129.788427999301,6216.123834998143,1884.3556701030927
1790291241,40,,Aggregated,4.000000,0.000000,5100,5200,5300,5400,5500,5600,5800,5800,6100,6200,6200,3880,0,5100,5083.708728247453,4129.788427999301,6216.123834998143,1884.3556701030927
1790291242,40,,Aggregated,4.000000,0.000000,5100,5200,5300,5400,5500,5600,5800,5800,6100,6200,6200,3880,0,5100,5083.708728247453,4129.788427999301,6216.123834998143,1884.3556701030927
1790291243,40,,Aggregated,4.000000,0.000000,5100,5200,5300,5400,5500,5600,5800,5800,6100,6200,6200,3917,0,5100,5083.144737511906,4129.788427999301,6216.123834998143,1884.3977533826908
1790291244,40,,Aggregated,4.000000,0.000000,5100,5200,5300,5400,5500,5600,5800,5800,6100,6200,6200,3920,0,5100,5082.940723920698,4129.788427999301,6216.123834998143,1884.443112244898
1790291245,40,,Aggregated,4.000000,0.000000,5100,5200,5300,5400,5500,5600,5800,5800,6100,6200,6200,3920,0,5100,5082.940723920698,4129.788427999301,6216.123834998143,1884.443112244898
1790291246,40,,Aggregated,4.000000,0.000000,5100,5200,5300,5400,5500,5600,5800,5800,6100,6200,6200,3920,0,5100,5082.940723920698,4129.788427999301,6216.123834998143,1884.443112244898
1790291247,40,,Aggregated,4.000000,0.000000,5100,5200,5300,5400,5500,5600,5800,5800,6100,6200,6200,3920,0,5100,5082.940723920698,4129.788427999301,6216.123834998143,1884.443112244898
1790291248,40,,Aggregated,4.000000,0.000000,5100,5200,5300,5400,5500,5600,5800,5800,6100,6200,6200,3920,0,5100,5082.940723920698,4129.788427999301,6216.123834998143,1884.443112244898
1790291249,40,,Aggregated,4.400000,0.000000,5100,5200,5300,5400,5500,5600,5800,5800,6100,6200,6200,3930,0,5100,5083.104480857541,4129.788427999301,6216.123834998143,1884.262340966921
1790291250,40,,Aggregated,4.000000,0.000000,5100,5200,5300,5400,5500,5600,5800,5800,6100,6200,6200,3960,0,5100,5083.414636583876,4129.788427999301,6216.123834998143,1884.3232323232323
1790291251,40,,Aggregated,4.000000,0.000000,5100,5200,5300,5400,5500,5600,5800,5800,6100,6200,6200,3960,0,5100,5083.414636583876,4129.788427999301,6216.123834998143,1884.3232323232323
1790291252,40,,Aggregated,4.000000,0.000000,5100,5200,5300,5400,5500,5600,5800,5800,6100,6200,6200,3960,0,5100,5083.414636583876,4129.788427999301,6216.123834998143,1884.3232323232323
1790291253,40,,Aggregated,4.000000,0.000000,5100,5200,5300,5400,5500,5600,5800,5800,6100,6200,6200,3960,0,5100,5083.414636583876,4129.788427999301,6216.123834998143,1884.3232323232323
1790291254,40,,Aggregated,4.000000,0.000000,5100,5200,5300,5400,5500,5600,5800,5800,6100,6200,6200,3960,0,5100,5083.414636583876,4129.788427999301,6216.123834998143,1884.3232323232323
1790291255,40,,Aggregated,4.000000,0.000000,5100,5200,5300,5400,5500,5600,5800,5800,6100,6200,6200,3960,0,5100,5083.414636583876,4129.788427999301,6216.123834998143,1884.3232323232323
1790291256,40,,Aggregated,4.000000,0.000000,5100,5200,5300,5400,5500,5600,5800,5800,6100,6200,6200,3986,0,5100,5083.751512138273,4129.788427999301,6216.123834998143,1884.0752634219768
1790291257,40,,Aggregated,4.000000,0.000000,5100,5200,5300,5400,5500,5600,5800,5800,6100,6200,6200,4000,0,5100,5084.623290992539,4129.788427999301,6216.123834998143,1884.2985
1790291258,40,,Aggregated,4.000000,0.000000,5100,5200,5300,5400,5500,5600,5800,5800,6100,6200,6200,4000,0,5100,5084.623290992539,4129.788427999301,6216.123834998143,1884.2985
1790291259,40,,Aggregated,4.000000,0.000000,5100,5200,5300,5400,5500,5600,5800,5800,6100,6200,6200,4000,0,5100,5084.623290992539,4129.788427999301,6216.123834998143,1884.2985
1790291260,40,,Aggregated,4.000000,0.000000,5100,5200,5300,5400,5500,5600,5800,5800,6100,6200,6200,4000,0,5100,5084.623290992539,4129.788427999301,6216.123834998143,1884.2985
1790291261,40,,Aggregated,4.000000,0.000000,5100,5200,5300,5400,5500,5600,5800,5800,6100,6200,6200,4000,0,5100,5084.623290992539,4129.788427999301,6216.123834998143,1884.2985
1790291262,40,,Aggregated,4.900000,0.000000,5100,5200,5300,5400,5500,5600,5800,5800,6000,6200,6200,4003,0,5100,5084.422304160667,4129.788427999301,6216.123834998143,1884.2285785660754
1790291263,40,,Aggregated,4.000000,0.000000,5100,5200,5300,5400,5500,5600,5800,5800,6000,6200,6200,4039,0,5100,5082.970468343684,4129.788427999301,6216.123834998143,1884.2275315672196
1790291264,40,,Aggregated,4.000000,0.000000,5100,5200,5300,5400,5500,5600,5800,5800,6000,6200,6200,4040,0,5100,5082.880950253501,4129.788427999301,6216.123834998143,1884.2878712871286
1790291265,40,,Aggregated,4.000000,0.000000,5100,5200,5300,5400,5500,5600,5800,5800,6000,6200,6200,4040,0,5100,5082.880950253501,4129.788427999301,6216.123834998143,1884.2878712871286
1790291266,40,,Aggregated,4.000000,0.000000,5100,5200,5300,5400,5500,5600,5800,5800,6000,6200,6200,4040,0,5100,5082.880950253501,4129.788427999301,6216.123834998143,1884.2878712871286
1790291267,40,,Aggregated,4.000000,0.000000,5100,5200,5300,5400,5500,5600,5800,5800,6000,6200,6200,4040,0,5100,5082.880950253501,4129.788427999301,6216.123834998143,1884.2878712871286
1790291268,40,,Aggregated,4.000000,0.000000,5100,5200,5300,5400,5500,5600,5800,5800,6000,6200,6200,4040,0,5100,5082.880950253501,4129.788427999301,6216.123834998143,1884.2878712871286
1790291269,40,,Aggregated,4.100000,0.000000,5100,5200,5300,5400,5500,5600,5800,5800,6000,6200,6200,4060,0,5100,5082.344004983284,4129.788427999301,6216.123834998143,1883.8871921182265
1790291270,40,,Aggregated,4.000000,0.000000,5100,5200,5300,5400,5500,5600,5800,5800,6000,6200,6200,4080,0,5100,5082.599412277485,4129.788427999301,6216.123834998143,1884.063725490196
1790291271,40,,Aggregated,4.000000,0.000000,5100,5200,5300,5400,5500,5600,5800,5800,6000,6200,6200,4080,0,5100,5082.599412277485,4129.788427999301,6216.123834998143,1884.063725490196
1790291272,40,,Aggregated,4.000000,0.000000,5100,5200,5300,5400,5500,5600,5800,5800,6000,6200,6200,4080,0,5100,5082.599412277485,4129.788427999301,6216.123834998143,1884.063725490196
1790291273,40,,Aggregated,4.000000,0.000000,5100,5200,5300,5400,5500,5600,5800,5800,6000,6200,6200,4080,0,5100,5082.599412277485,4129.788427999301,6216.123834998143,1884.063725490196
1790291274,40,,Aggregated,4.000000,0.000000,5100,5200,5300,5400,5500,5600,5800,5800,6000,6200,6200,4080,0,5100,5082.599412277485,4129.788427999301,6216.123834998143,1884.063725490196
1790291275,40,,Aggregated,5.600000,0.000000,5100,5200,5300,5400,5500,5600,5800,5800,6000,6200,6200,4081,0,5100,5082.616705338185,4129.788427999301,6216.123834998143,1884.0573388875275
1790291276,40,,Aggregated,4.000000,0.000000,5100,5200,5300,5400,5500,5600,5800,5800,6000,6200,6200,4112,0,5100,5083.35481838792,4129.788427999301,6216.123834998143,1884.0355058365758
1790291277,40,,Aggregated,4.000000,0.000000,5100,5200,5300,5400,5500,5600,5800,5800,6000,6200,6200,4120,0,5100,5083.693692515566,4129.788427999301,6216.123834998143,1884.1679611650486
1790291278,40,,Aggregated,4.000000,0.000000,5100,5200,5300,5400,5500,5600,5800,5800,6000,6200,6200,4120,0,5100,5083.693692515566,4129.788427999301,6216.123834998143,1884.1679611650486
1790291279,40,,Aggregated,4.000000,0.000000,5100,5200,5300,5400,5500,5600,5800,5800,6000,6200,6200,4120,0,5100,5083.693692515566,4129.788427999301,6216.123834998143,1884.1679611650486
1790291280,40,,Aggregated,4.000000,0.000000,5100,5200,5300,5400,5500,5600,5800,5800,6000,6200,6200,4120,0,5100,5083.693692515566,4129.788427999301,6216.123834998143,1884.1679611650486
1790291281,40,,Aggregated,4.000000,0.000000,5100,5200,5300,5400,5500,5600,5800,5800,6000,6200,6200,4120,0,5100,5083.693692515566,4129.788427999301,6216.123834998143,1884.1679611650486
1790291282,40,,Aggregated,4.200000,0.000000,5100,5200,5300,5400,5500,5600,5800,5800,6000,6200,6200,4130,0,5100,5083.641614280662,4129.788427999301,6216.123834998143,1883.9869249394674
1790291283,40,,Aggregated,4.000000,0.000000,5100,5200,5300,5400,5500,5600,5800,5800,6000,6200,6200,4160,0,5100,5082.896404835609,4129.788427999301,6216.123834998143,1883.9161057692309
1790291284,40,,Aggregated,4.000000,0.000000,5100,5200,5300,5400,5500,5600,5800,5800,6000,6200,6200,4160,0,5100,5082.896404835609,4129.788427999301,6216.123834998143,1883.9161057692309
1790291285,40,,Aggregated,4.000000,0.000000,5100,5200,5300,5400,5500,5600,5800,5800,6000,6200,6200,4160,0,5100,5082.896404835609,4129.788427999301,6216.123834998143,1883.9161057692309
1790291286,40,,Aggregated,4.000000,0.000000,5100,5200,5300,5400,5500,5600,5800,5800,6000,6200,6200,4160,0,5100,5082.896404835609,4129.788427999301,6216.123834998143,1883.9161057692309
1790291287,40,,Aggregated,4.000000,0.000000,5100,5200,5300,5400,5500,5600,5800,5800,6000,6200,6200,4160,0,5100,5082.896404835609,4129.788427999301,6216.123834998143,1883.9161057692309
1790291288,40,,Aggregated,4.000000,0.000000,5100,5200,5300,5400,5500,5600,5800,5800,6000,6200,6200,4160,0,5100,5082.896404835609,4129.788427999301,6216.123834998143,1883.9161057692309
1790291289,40,,Aggregated,4.000000,0.000000,5100,5200,5300,5400,5500,5600,5800,5800,6000,6200,6200,4187,0,5100,5082.929485620285,4129.788427999301,6216.123834998143,1884.0561261046096
1790291290,40,,Aggregated,4.000000,0.000000,5100,5200,5300,5400,5500,5600,5800,5800,6000,6200,6200,4200,0,5100,5083.218254570982,4129.788427999301,6216.123834998143,1884.2516666666668
1790291291,40,,Aggregated,4.000000,0.000000,5100,5200,5300,5400,5500,5600,5800,5800,6000,6200,6200,4200,0,5100,5083.218254570982,4129.788427999301,6216.123834998143,1884.2516666666668
1790291292,40,,Aggregated,4.000000,0.000000,5100,5200,5300,5400,5500,5600,5800,5800,6000,6200,6200,4200,0,5100,5083.218254570982,4129.788427999301,6216.123834998143,1884.2516666666668
1790291293,40,,Aggregated,4.000000,0.000000,5100,5200,5300,5400,5500,5600,5800,5800,6000,6200,6200,4200,0,5100,5083.218254570982,4129.788427999301,6216.123834998143,1884.2516666666668
1790291294,40,,Aggregated,4.000000,0.000000,5100,5200,5300,5400,5500,5600,5800,5800,6000,6200,6200,4200,0,5100,5083.218254570982,4129.788427999301,6216.123834998143,1884.2516666666668
1790291295,40,,Aggregated,5.400000,0.000000,5100,5200,5300,5400,5500,5600,5800,5800,6000,6200,6200,4201,0,5100,5083.210018824119,4129.788427999301,6216.123834998143,1884.2275648655082
1790291296,40,,Aggregated,4.000000,0.000000,5100,5200,5300,5400,5500,5600,5800,5800,6000,6200,6200,4240,0,5100,5082.496625712289,4129.788427999301,6216.123834998143,1884.0490566037736
1790291297,40,,Aggregated,4.000000,0.000000,5100,5200,5300,5400,5500,5600,5800,5800,6000,6200,6200,4240,0,5100,5082.496625712289,4129.788427999301,6216.123834998143,1884.0490566037736
1790291298,40,,Aggregated,4.000000,0.000000,5100,5200,5300,5400,5500,5600,5800,5800,6000,6200,6200,4240,0,5100,5082.496625712289,4129.788427999301,6216.123834998143,1884.0490566037736
1790291299,40,,Aggregated,4.000000,0.000000,5100,5200,5300,5400,5500,5600,5800,5800,6000,6200,6200,4240,0,5100,5082.496625712289,4129.788427999301,6216.123834998143,1884.0490566037736
1790291300,40,,Aggregated,4.000000,0.000000,5100,5200,5300,5400,5500,5600,5800,5800,6000,6200,6200,4240,0,5100,5082.496625712289,4129.788427999301,6216.123834998143,1884.0490566037736
1790291301,40,,Aggregated,4.000000,0.000000,5100,5200,5300,5400,5500,5600,5800,5800,6000,6200,6200,4240,0,5100,5082.496625712289,4129.788427999301,6216.123834998143,1884.0490566037736
1790291302,40,,Aggregated,4.000000,0.000000,5100,5200,5300,5400,5500,5600,5800,5800,6000,6200,6200,4276,0,5100,5081.172924690624,4129.788427999301,6216.123834998143,1883.8063610851264
1790291303,40,,Aggregated,4.000000,0.000000,5100,5200,5300,5400,5500,5600,5800,5800,6000,6200,6200,4280,0,5100,5081.052752823157,4129.788427999301,6216.123834998143,1883.9418224299066
1790291304,40,,Aggregated,4.000000,0.000000,5100,5200,5300,5400,5500,5600,5800,5800,6000,6200,6200,4280,0,5100,5081.052752823157,4129.788427999301,6216.123834998143,1883.9418224299066
1790291305,40,,Aggregated,4.000000,0.000000,5100,5200,5300,5400,5500,5600,5800,5800,6000,6200,6200,4280,0,5100,5081.052752823157,4129.788427999301,6216.123834998143,1883.9418224299066
1790291306,40,,Aggregated,4.000000,0.000000,5100,5200,5300,5400,5500,5600,5800,5800,6000,6200,6200,4280,0,5100,5081.052752823157,4129.788427999301,6216.123834998143,1883.9418224299066
1790291307,40,,Aggregated,4.000000,0.000000,5100,5200,5300,5400,5500,5600,5800,5800,6000,6200,6200,4280,0,5100,5081.052752823157,4129.788427999301,6216.123834998143,1883.9418224299066
1790291308,40,,Aggregated,6.000000,0.000000,5100,5200,5300,5400,5500,5600,5800,5800,6000,6200,6200,4293,0,5100,5080.70965694086,4129.788427999301,6216.123834998143,1883.8539482879105
1790291309,40,,Aggregated,4.000000,0.000000,5100,5200,5300,5400,5500,5600,5800,5800,6000,6200,6200,4320,0,5100,5080.25608919725,4129.788427999301,6216.123834998143,1884.0113425925927
1790291310,40,,Aggregated,4.000000,0.000000,5100,5200,5300,5400,5500,5600,5800,5800,6000,6200,6200,4320,0,5100,5080.25608919725,4129.788427999301,6216.123834998143,1884.0113425925927
1790291311,40,,Aggregated,4.000000,0.000000,5100,5200,5300,5400,5500,5600,5800,5800,6000,6200,6200,4320,0,5100,5080.25608919725,4129.788427999301,6216.123834998143,1884.0113425925927
1790291312,40,,Aggregated,4.000000,0.000000,5100,5200,5300,5400,5500,5600,5800,5800,6000,6200,6200,4320,0,5100,5080.25608919725,4129.788427999301,6216.123834998143,1884.0113425925927
1790291313,40,,Aggregated,4.000000,0.000000,5100,5200,5300,5400,5500,5600,5800,5800,6000,6200,6200,4320,0,5100,5080.25608919725,4129.788427999301,6216.123834998143,1884.0113425925927
1790291314,40,,Aggregated,7.700000,0.000000,5100,5200,5300,5400,5500,5600,5800,5800,6000,6200,6200,4321,0,5100,5080.266639422153,4129.788427999301,6216.123834998143,1884.0083314047674
1790291315,40,,Aggregated,4.100000,0.000000,5100,5200,5300,5400,5500,5600,5800,5800,6000,6200,6200,4354,0,5100,5079.367284641508,4129.788427999301,6216.123834998143,1883.9131832797427
1790291316,40,,Aggregated,4.000000,0.000000,5100,5200,5300,5400,5500,5600,5800,5800,6000,6200,6200,4360,0,5100,5079.23622068168,4129.788427999301,6216.123834998143,1883.9974770642202
